ticker,ticker_full,name,market,gics,listing_date,listing_year,mcap,size_band,is_materials,mining_name
10X,10X.AX,EXULTANT MINING LIMITED,ASX,Materials,2025-12-11,2025,4675000.0,< $5M,True,True
14D,14D.AX,1414 DEGREES LIMITED,ASX,Capital Goods,2018-09-12,2018,50679076.0,$25–100M,False,False
1AD,1AD.AX,ADALTA LIMITED,ASX,"Pharmaceuticals, Biotechnology & Life Sciences",2016-08-22,2016,11242592.0,$5–25M,False,False
1AE,1AE.AX,AURORA ENERGY METALS LIMITED,ASX,Materials,2022-05-18,2022,9669442.0,$5–25M,True,True
1AI,1AI.AX,ALGORAE PHARMACEUTICALS LIMITED,ASX,"Pharmaceuticals, Biotechnology & Life Sciences",2004-09-01,2004,22303281.0,$5–25M,False,False
1CG,1CG.AX,ONE CLICK GROUP LIMITED,ASX,Capital Goods,2017-04-28,2017,13072861.0,$5–25M,False,False
1MC,1MC.AX,MORELLA CORPORATION LIMITED,ASX,Materials,2001-01-08,2001,13252632.0,$5–25M,True,False
1TT,1TT.AX,THRIVE TRIBE TECHNOLOGIES LIMITED,ASX,Software & Services,2015-07-09,2015,5253285.0,$5–25M,False,False
29M,29M.AX,29METALS LIMITED,ASX,Materials,2021-07-02,2021,595026025.0,$500M–2B,True,True
360,360.AX,LIFE360 INC.,ASX,Software & Services,2019-05-10,2019,5128811163.0,> $2B,False,False
3DA,3DA.AX,AMAERO INC.,ASX,Capital Goods,2019-12-06,2019,257398344.0,$100–500M,False,False
3DP,3DP.AX,POINTERRA LIMITED,ASX,Software & Services,2008-03-27,2008,22922950.0,$5–25M,False,False
3PL,3PL.AX,3P LEARNING LIMITED..,ASX,Consumer Services,2014-07-09,2014,92788217.0,$25–100M,False,False
49M,49M.AX,49 METALS LIMITED,ASX,Materials,2026-03-31,2026,9457215.0,$5–25M,True,True
4DS,4DS.AX,4DS MEMORY LIMITED,ASX,Semiconductors & Semiconductor Equipment,2010-12-09,2010,,,False,False
4DX,4DX.AX,4DMEDICAL LIMITED,ASX,Health Care Equipment & Services,2020-08-07,2020,2327741204.0,> $2B,False,False
5GG,5GG.AX,PENTANET LIMITED,ASX,Telecommunication Services,2021-01-29,2021,10396120.0,$5–25M,False,False
5GN,5GN.AX,5G NETWORKS LIMITED.,ASX,Software & Services,1999-12-14,1999,14525523.0,$5–25M,False,False
6KA,6KA.AX,"6K ADDITIVE, INC.",ASX,Materials,2025-12-04,2025,223168438.0,$100–500M,True,False
88E,88E.AX,88 ENERGY LIMITED,ASX,Energy,2000-01-20,2000,25288107.0,$25–100M,False,False
8CO,8CO.AX,8COMMON LIMITED,ASX,Software & Services,2014-08-27,2014,8291511.0,$5–25M,False,False
8IH,8IH.AX,8I HOLDINGS LTD,ASX,Financial Services,2014-12-17,2014,4177930.0,< $5M,False,False
A11,A11.AX,ATLANTIC LITHIUM LIMITED,ASX,Materials,2022-09-26,2022,236443471.0,$100–500M,True,True
A1M,A1M.AX,AIC MINES LIMITED,ASX,Materials,1993-11-04,1993,646072055.0,$500M–2B,True,True
A1N,A1N.AX,ARN MEDIA LIMITED,ASX,Media & Entertainment,1992-05-07,1992,78262593.0,$25–100M,False,False
A2M,A2M.AX,THE A2 MILK COMPANY LIMITED,ASX,"Food, Beverage & Tobacco",2015-03-31,2015,5161915977.0,> $2B,False,False
A3D,A3D.AX,AURORA LABS LIMITED,ASX,Capital Goods,2016-08-16,2016,26180983.0,$25–100M,False,False
A4N,A4N.AX,ALPHA HPA LIMITED,ASX,Materials,2007-10-22,2007,791283533.0,$500M–2B,True,False
A8G,A8G.AX,AUSTRALASIAN METALS LIMITED,ASX,Materials,2021-05-13,2021,5557414.0,$5–25M,True,True
AA2,AA2.AX,ARIANA RESOURCES PLC,ASX,Materials,2025-09-10,2025,86133743.0,$25–100M,True,True
AAC,AAC.AX,AUSTRALIAN AGRICULTURAL COMPANY LIMITED.,ASX,"Food, Beverage & Tobacco",2001-08-10,2001,816748942.0,$500M–2B,False,False
AAI,AAI.AX,ALCOA CORPORATION,ASX,Materials,2024-07-24,2024,18310037294.0,> $2B,True,False
AAJ,AAJ.AX,ARUMA RESOURCES LIMITED,ASX,Materials,2010-07-23,2010,5025801.0,$5–25M,True,True
AAL,AAL.AX,ALFABS AUSTRALIA LIMITED,ASX,Capital Goods,2024-06-28,2024,63140451.0,$25–100M,False,False
AAM,AAM.AX,AUMEGA METALS LTD,ASX,Materials,2017-03-08,2017,58220292.0,$25–100M,True,True
AAP,AAP.AX,AUSTRALIAN AGRICULTURAL PROJECTS LIMITED,ASX,"Food, Beverage & Tobacco",2004-01-07,2004,26539467.0,$25–100M,False,False
AAR,AAR.AX,ASTRAL RESOURCES NL,ASX,Materials,1986-11-13,1986,351203893.0,$100–500M,True,True
AAU,AAU.AX,ANTILLES GOLD LIMITED,ASX,Materials,1993-11-25,1993,26232746.0,$25–100M,True,True
ABB,ABB.AX,AUSSIE BROADBAND LIMITED,ASX,Telecommunication Services,2020-10-16,2020,1479343442.0,$500M–2B,False,False
ABE,ABE.AX,AUSTRALIAN BOND EXCHANGE HOLDINGS LIMITED,ASX,Financial Services,2021-12-06,2021,4446192.0,< $5M,False,False
ABG,ABG.AX,ABACUS GROUP,ASX,Equity Real Estate Investment Trusts (REITs),2002-11-14,2002,808760158.0,$500M–2B,False,False
ABR,ABR.AX,ALBRIGHT METALS LTD,ASX,Materials,2017-10-17,2017,4661367.0,< $5M,True,True
ABV,ABV.AX,ADVANCED BRAKING TECHNOLOGY LTD,ASX,Automobiles & Components,2002-05-28,2002,49746408.0,$25–100M,False,False
ABX,ABX.AX,ABX GROUP LIMITED,ASX,Materials,2009-12-24,2009,13871964.0,$5–25M,True,False
ABY,ABY.AX,ADORE BEAUTY GROUP LIMITED,ASX,Consumer Discretionary Distribution & Retail,2020-10-23,2020,30536327.0,$25–100M,False,False
ACE,ACE.AX,ACUSENSUS LIMITED.,ASX,Software & Services,2023-01-12,2023,218523230.0,$100–500M,False,False
ACF,ACF.AX,ACROW LIMITED,ASX,Capital Goods,2008-06-27,2008,390583977.0,$100–500M,False,False
ACL,ACL.AX,AUSTRALIAN CLINICAL LABS LIMITED,ASX,Health Care Equipment & Services,2021-05-14,2021,553961385.0,$500M–2B,False,False
ACM,ACM.AX,AUSTRALIAN CRITICAL MINERALS LIMITED,ASX,Materials,2023-07-03,2023,4049498.0,< $5M,True,True
ACP,ACP.AX,AUDALIA RESOURCES LIMITED,ASX,Materials,2011-07-06,2011,19296996.0,$5–25M,True,True
ACQ,ACQ.AX,ACORN CAPITAL INVESTMENT FUND LIMITED,ASX,Not Applic,2014-05-01,2014,81134225.0,$25–100M,False,False
ACR,ACR.AX,ACRUX LIMITED,ASX,"Pharmaceuticals, Biotechnology & Life Sciences",2004-09-29,2004,5898778.0,$5–25M,False,False
ACS,ACS.AX,ACCENT RESOURCES NL,ASX,Materials,2005-08-26,2005,112593575.0,$100–500M,True,True
ACU,ACU.AX,ACUMENTIS GROUP LIMITED,ASX,Real Estate Management & Development,2003-12-05,2003,26754606.0,$25–100M,False,False
ACW,ACW.AX,ACTINOGEN MEDICAL LIMITED,ASX,"Pharmaceuticals, Biotechnology & Life Sciences",2007-10-16,2007,165917313.0,$100–500M,False,False
AD1,AD1.AX,ADNEO LIMITED,ASX,Media & Entertainment,2016-06-23,2016,10383450.0,$5–25M,False,False
AD8,AD8.AX,AUDINATE GROUP LIMITED,ASX,Technology Hardware & Equipment,2017-06-30,2017,224313964.0,$100–500M,False,False
ADC,ADC.AX,ACDC METALS LTD,ASX,Materials,2023-01-17,2023,5286346.0,$5–25M,True,True
ADD,ADD.AX,ADAVALE RESOURCES LIMITED,ASX,Energy,1992-02-06,1992,16154867.0,$5–25M,False,True
ADH,ADH.AX,ADAIRS LIMITED,ASX,Consumer Discretionary Distribution & Retail,2015-06-17,2015,268815014.0,$100–500M,False,False
ADN,ADN.AX,ANDROMEDA METALS LIMITED,ASX,Materials,1996-09-17,1996,32365434.0,$25–100M,True,True
ADO,ADO.AX,ANTEOTECH LTD,ASX,"Pharmaceuticals, Biotechnology & Life Sciences",2000-04-07,2000,58675811.0,$25–100M,False,False
ADR,ADR.AX,ADHERIUM LIMITED,ASX,Health Care Equipment & Services,2015-08-26,2015,5488767.0,$5–25M,False,False
ADS,ADS.AX,ADSLOT LTD.,ASX,Software & Services,1987-12-17,1987,5970090.0,$5–25M,False,False
ADX,ADX.AX,ADX ENERGY LTD,ASX,Energy,1987-01-29,1987,20455655.0,$5–25M,False,False
ADY,ADY.AX,ADMIRALTY RESOURCES NL.,ASX,Materials,1983-12-01,1983,,,True,True
AEE,AEE.AX,AURA ENERGY LIMITED,ASX,Energy,2006-05-30,2006,122332996.0,$100–500M,False,False
AEF,AEF.AX,AUSTRALIAN ETHICAL INVESTMENT LIMITED,ASX,Financial Services,2002-12-17,2002,583948305.0,$500M–2B,False,False
AEG,AEG.AX,ALAND EQUITY GROUP LIMITED,ASX,Financial Services,2022-05-03,2022,64801450.0,$25–100M,False,False
AEI,AEI.AX,AERIS ENVIRONMENTAL LTD,ASX,Commercial & Professional Services,2000-09-12,2000,9617187.0,$5–25M,False,False
AEL,AEL.AX,AMPLITUDE ENERGY LIMITED,ASX,Energy,2002-03-13,2002,503799796.0,$500M–2B,False,False
AEM,AEM.AX,ADVANCED ENGINEERED MATERIALS LTD,ASX,Materials,2025-12-24,2025,218116200.0,$100–500M,True,False
AER,AER.AX,AEERIS LTD,ASX,Media & Entertainment,2015-04-01,2015,4703931.0,< $5M,False,False
AEU,AEU.AX,ATOMIC EAGLE LTD,ASX,Materials,2004-11-22,2004,220403584.0,$100–500M,True,False
AEV,AEV.AX,AVENIRA LIMITED,ASX,Materials,2006-10-10,2006,32580538.0,$25–100M,True,False
AFA,AFA.AX,ASF GROUP LIMITED,ASX,Financial Services,1985-05-29,1985,55428280.0,$25–100M,False,False
AFG,AFG.AX,AUSTRALIAN FINANCE GROUP LTD,ASX,Financial Services,2015-05-22,2015,430330686.0,$100–500M,False,False
AFI,AFI.AX,AUSTRALIAN FOUNDATION INVESTMENT COMPANY LIMITED,ASX,Not Applic,1962-06-30,1962,8381210169.0,> $2B,False,False
AFL,AFL.AX,AF LEGAL GROUP LTD,ASX,Commercial & Professional Services,2003-09-19,2003,12519302.0,$5–25M,False,False
AFP,AFP.AX,AFT PHARMACEUTICALS LIMITED,ASX,"Pharmaceuticals, Biotechnology & Life Sciences",2015-12-22,2015,388036242.0,$100–500M,False,False
AGC,AGC.AX,AUSTRALIAN GOLD AND COPPER LTD,ASX,Materials,2021-01-20,2021,41442297.0,$25–100M,True,True
AGD,AGD.AX,AUSTRAL GOLD LIMITED,ASX,Materials,1997-04-18,1997,100215552.0,$100–500M,True,True
AGE,AGE.AX,ALLIGATOR ENERGY LIMITED,ASX,Energy,2011-02-03,2011,219436904.0,$100–500M,False,False
AGI,AGI.AX,AINSWORTH GAME TECHNOLOGY LIMITED,ASX,Consumer Services,2001-12-17,2001,372157292.0,$100–500M,False,False
AGL,AGL.AX,AGL ENERGY LIMITED.,ASX,Utilities,2006-10-12,2006,,,False,False
AGN,AGN.AX,ARGENICA THERAPEUTICS LIMITED,ASX,"Pharmaceuticals, Biotechnology & Life Sciences",2021-06-11,2021,25049059.0,$25–100M,False,False
AGR,AGR.AX,AGUIA RESOURCES LIMITED,ASX,Materials,2008-02-13,2008,40800353.0,$25–100M,True,True
AGY,AGY.AX,ARGOSY MINERALS LIMITED,ASX,Materials,1997-04-03,1997,69455742.0,$25–100M,True,True
AHC,AHC.AX,AUSTCO HEALTHCARE LIMITED,ASX,Health Care Equipment & Services,2004-09-24,2004,84319038.0,$25–100M,False,False
AHE,AHE.AX,ADHERIS HEALTH LIMITED,ASX,Health Care Equipment & Services,2011-05-26,2011,8931735.0,$5–25M,False,False
AHF,AHF.AX,AUSTRALIAN DAIRY NUTRITIONALS LIMITED,ASX,"Food, Beverage & Tobacco",2006-06-30,2006,12598900.0,$5–25M,False,False
AHK,AHK.AX,ARK MINES LIMITED,ASX,Materials,2011-05-09,2011,24956702.0,$5–25M,True,True
AHL,AHL.AX,ADRAD HOLDINGS LIMITED,ASX,Automobiles & Components,2022-09-30,2022,93926166.0,$25–100M,False,False
AHN,AHN.AX,ATHENA RESOURCES LIMITED,ASX,Materials,2006-11-22,2006,9736977.0,$5–25M,True,True
AI1,AI1.AX,ADISYN LTD,ASX,Software & Services,2020-11-10,2020,188380997.0,$100–500M,False,False
AIA,AIA.AX,AUCKLAND INTERNATIONAL AIRPORT LIMITED,ASX,Transportation,1999-02-22,1999,12256775070.0,> $2B,False,False
AIH,AIH.AX,ADVANCED INNERGY HOLDINGS LIMITED,ASX,Capital Goods,2025-10-31,2025,200613207.0,$100–500M,False,False
AII,AII.AX,ALMONTY INDUSTRIES INC.,ASX,Materials,2021-08-02,2021,7284138710.0,> $2B,True,False
AIM,AIM.AX,AI-MEDIA TECHNOLOGIES LIMITED,ASX,Software & Services,2020-09-15,2020,42566910.0,$25–100M,False,False
AIQ,AIQ.AX,ALTERNATIVE INVESTMENT TRUST,ASX,Not Applic,2005-05-08,2005,81324586.0,$25–100M,False,False
AIS,AIS.AX,AERIS RESOURCES LIMITED,ASX,Materials,2011-02-02,2011,696144450.0,$500M–2B,True,True
AIV,AIV.AX,ACTIVEX LIMITED,ASX,Materials,2006-04-11,2006,7812887.0,$5–25M,True,False
AIX,AIX.AX,AI PRIVATE OPPORTUNITIES TRUST,ASX,Not Applic,2026-07-02,2026,258680519.0,$100–500M,False,False
AIZ,AIZ.AX,AIR NEW ZEALAND LIMITED,ASX,Transportation,1997-10-01,1997,1131746744.0,$500M–2B,False,False
AJL,AJL.AX,AJ LUCAS GROUP LIMITED,ASX,Capital Goods,1999-08-10,1999,8254378.0,$5–25M,False,False
AJX,AJX.AX,ALEXIUM INTERNATIONAL GROUP LIMITED,ASX,Materials,1999-12-22,1999,21894495.0,$5–25M,True,False
AKA,AKA.AX,AUREKA LIMITED,ASX,Materials,2011-03-31,2011,18302136.0,$5–25M,True,False
AKG,AKG.AX,ACADEMIES AUSTRALASIA GROUP LIMITED,ASX,Consumer Services,1977-06-01,1977,6635952.0,$5–25M,False,False
AKM,AKM.AX,ASPIRE MINING LIMITED,ASX,Materials,2007-02-06,2007,104065582.0,$100–500M,True,True
AKN,AKN.AX,AUKING MINING LIMITED,ASX,Materials,2007-10-29,2007,42751206.0,$25–100M,True,True
AKO,AKO.AX,AKORA RESOURCES LIMITED,ASX,Materials,2020-12-15,2020,17174200.0,$5–25M,True,True
AL3,AL3.AX,AML3D LIMITED,ASX,Capital Goods,2020-04-20,2020,76605181.0,$25–100M,False,False
ALA,ALA.AX,AROVELLA THERAPEUTICS LIMITED,ASX,"Pharmaceuticals, Biotechnology & Life Sciences",2002-01-24,2002,74948815.0,$25–100M,False,False
ALB,ALB.AX,ALBION RESOURCES LIMITED,ASX,Materials,2021-04-30,2021,8711000.0,$5–25M,True,True
ALC,ALC.AX,ALCIDION GROUP LIMITED,ASX,Health Care Equipment & Services,2011-06-24,2011,128981641.0,$100–500M,False,False
ALD,ALD.AX,AMPOL LIMITED,ASX,Energy,1980-12-31,1980,10058731599.0,> $2B,False,False
ALI,ALI.AX,ARGO GLOBAL LISTED INFRASTRUCTURE LIMITED,ASX,Not Applic,2015-07-03,2015,489818659.0,$100–500M,False,False
ALK,ALK.AX,ALKANE RESOURCES LIMITED,ASX,Materials,1980-10-07,1980,2575296088.0,> $2B,True,True
ALL,ALL.AX,ARISTOCRAT LEISURE LIMITED,ASX,Consumer Services,1996-07-09,1996,36944561567.0,> $2B,False,False
ALM,ALM.AX,ALMA METALS LIMITED,ASX,Energy,2007-04-18,2007,28983145.0,$25–100M,False,True
ALQ,ALQ.AX,ALS LIMITED,ASX,Commercial & Professional Services,1952-07-18,1952,11384179464.0,> $2B,False,False
ALR,ALR.AX,ALTAIR MINERALS LIMITED,ASX,Materials,2012-02-01,2012,304930916.0,$100–500M,True,True
ALU,ALU.AX,ALURION RESOURCES LIMITED,ASX,Materials,2026-07-31,2026,171827288.0,$100–500M,True,True
ALV,ALV.AX,ALVO MINERALS LIMITED,ASX,Materials,2021-10-20,2021,6600674.0,$5–25M,True,True
ALX,ALX.AX,ATLAS ARTERIA,ASX,Transportation,2010-01-25,2010,6991303586.0,> $2B,False,False
ALY,ALY.AX,ALCHEMY RESOURCES LIMITED,ASX,Materials,2007-11-26,2007,8316534.0,$5–25M,True,True
AM3,AM3.AX,AMARA MINERALS LIMITED,ASX,Materials,2007-03-21,2007,12346618.0,$5–25M,True,True
AM5,AM5.AX,ANTARES METALS LIMITED,ASX,Materials,2021-10-18,2021,5136617.0,$5–25M,True,True
AM7,AM7.AX,ARCADIA MINERALS LIMITED,ASX,Materials,2021-06-25,2021,5162954.0,$5–25M,True,True
AMA,AMA.AX,AMA GROUP LIMITED,ASX,Commercial & Professional Services,2006-08-31,2006,221382843.0,$100–500M,False,False
AMC,AMC.AX,AMCOR PLC,ASX,Materials,1969-08-28,1969,31106618023.0,> $2B,True,False
AMD,AMD.AX,ARROW MINERALS LTD,ASX,Materials,2005-10-28,2005,18494450.0,$5–25M,True,True
AMH,AMH.AX,AMCIL LIMITED,ASX,Not Applic,2000-02-10,2000,284642758.0,$100–500M,False,False
AMI,AMI.AX,AURELIA METALS LIMITED,ASX,Materials,2007-05-08,2007,694294751.0,$500M–2B,True,True
AMN,AMN.AX,AGRIMIN LIMITED,ASX,Materials,2007-10-09,2007,19886402.0,$5–25M,True,False
AMO,AMO.AX,AMBERTECH LIMITED,ASX,Technology Hardware & Equipment,2004-12-10,2004,6201311.0,$5–25M,False,False
AMP,AMP.AX,AMP LIMITED,ASX,Financial Services,1998-06-15,1998,5838701134.0,> $2B,False,False
AMS,AMS.AX,ATOMOS LIMITED,ASX,Consumer Durables & Apparel,2018-12-28,2018,16372564.0,$5–25M,False,False
AMU,AMU.AX,AMERICAN URANIUM LTD,ASX,Materials,2007-08-10,2007,10291195.0,$5–25M,True,True
AMX,AMX.AX,AEROMETREX LIMITED,ASX,Commercial & Professional Services,2019-12-10,2019,29447098.0,$25–100M,False,False
AN1,AN1.AX,ANAGENICS LIMITED,ASX,"Pharmaceuticals, Biotechnology & Life Sciences",2005-12-09,2005,5912705.0,$5–25M,False,False
ANG,ANG.AX,AUSTIN ENGINEERING LIMITED,ASX,Capital Goods,2004-03-09,2004,99697740.0,$25–100M,False,False
ANN,ANN.AX,ANSELL LIMITED,ASX,Health Care Equipment & Services,1985-08-22,1985,5803380050.0,> $2B,False,False
ANO,ANO.AX,ADVANCE ZINCTEK LIMITED,ASX,Materials,2005-02-24,2005,44502698.0,$25–100M,True,False
ANR,ANR.AX,ANATARA LIFESCIENCES LTD,ASX,"Pharmaceuticals, Biotechnology & Life Sciences",2014-10-16,2014,2846794.0,< $5M,False,False
ANX,ANX.AX,ANAX METALS LIMITED,ASX,Materials,2004-06-15,2004,61025486.0,$25–100M,True,True
ANZ,ANZ.AX,ANZ GROUP HOLDINGS LIMITED,ASX,Banks,1969-09-30,1969,111679513786.0,> $2B,False,False
AOA,AOA.AX,AUSMON RESOURCES LIMITED,ASX,Materials,2009-03-31,2009,2139770.0,< $5M,True,True
AOK,AOK.AX,AUSTRALIAN OIL COMPANY LIMITED.,ASX,Energy,2005-10-11,2005,5819027.0,$5–25M,False,False
AON,AON.AX,APOLLO MINERALS LIMITED,ASX,Materials,2007-10-31,2007,79377028.0,$25–100M,True,True
AOV,AOV.AX,AMOTIV LIMITED,ASX,Automobiles & Components,1962-06-30,1962,872701752.0,$500M–2B,False,False
APA,APA.AX,APA GROUP,ASX,Utilities,2000-06-13,2000,14203852661.0,> $2B,False,False
APC,APC.AX,APC MINERALS LIMITED,ASX,Materials,2011-12-20,2011,5873007.0,$5–25M,True,True
APE,APE.AX,EAGERS AUTOMOTIVE LIMITED,ASX,Consumer Discretionary Distribution & Retail,1957-04-17,1957,6372929254.0,> $2B,False,False
APL,APL.AX,ASSOCIATE GLOBAL PARTNERS LIMITED,ASX,Financial Services,2004-09-30,2004,15731573.0,$5–25M,False,False
APW,APW.AX,AIMS PROPERTY SECURITIES FUND,ASX,Equity Real Estate Investment Trusts (REITs),2004-12-17,2004,178076332.0,$100–500M,False,False
APX,APX.AX,APPEN LIMITED,ASX,Software & Services,2015-01-07,2015,409498563.0,$100–500M,False,False
APZ,APZ.AX,ASPEN GROUP,ASX,Equity Real Estate Investment Trusts (REITs),1991-04-11,1991,1208903449.0,$500M–2B,False,False
AQC,AQC.AX,AUSTRALIAN PACIFIC COAL LIMITED,ASX,Materials,1999-12-17,1999,,,True,True
AQD,AQD.AX,AUSQUEST LIMITED,ASX,Materials,2003-11-25,2003,82110200.0,$25–100M,True,False
AQN,AQN.AX,AQUIRIAN LIMITED,ASX,Commercial & Professional Services,2021-07-27,2021,52889937.0,$25–100M,False,False
AQX,AQX.AX,ALICE QUEEN LIMITED,ASX,Materials,2004-09-09,2004,16244097.0,$5–25M,True,False
AQZ,AQZ.AX,ALLIANCE AVIATION SERVICES LIMITED,ASX,Transportation,2011-12-20,2011,144954763.0,$100–500M,False,False
AR1,AR1.AX,AUSTRAL RESOURCES AUSTRALIA LTD,ASX,Materials,2021-11-03,2021,180530247.0,$100–500M,True,True
AR3,AR3.AX,AUSTRALIAN RARE EARTHS LIMITED,ASX,Materials,2021-07-01,2021,33392421.0,$25–100M,True,True
AR9,AR9.AX,ARCHTIS LIMITED,ASX,Software & Services,2018-09-21,2018,21770388.0,$5–25M,False,False
ARA,ARA.AX,ARIADNE AUSTRALIA LIMITED,ASX,Commercial & Professional Services,1982-10-12,1982,87763667.0,$25–100M,False,False
ARB,ARB.AX,ARB CORPORATION LIMITED.,ASX,Automobiles & Components,1987-06-26,1987,1799528256.0,$500M–2B,False,False
ARC,ARC.AX,ARC FUNDS LIMITED,ASX,Financial Services,2000-04-14,2000,4950259.0,< $5M,False,False
ARD,ARD.AX,ARGENT MINERALS LIMITED,ASX,Materials,2008-04-03,2008,40861757.0,$25–100M,True,True
ARF,ARF.AX,ARENA REIT.,ASX,Equity Real Estate Investment Trusts (REITs),2013-06-13,2013,1004409560.0,$500M–2B,False,False
ARG,ARG.AX,ARGO INVESTMENTS LIMITED,ASX,Not Applic,1963-03-31,1963,6907430357.0,> $2B,False,False
ARI,ARI.AX,ARIKA RESOURCES LIMITED,ASX,Materials,2005-12-21,2005,43163255.0,$25–100M,True,True
ARL,ARL.AX,ARDEA RESOURCES LIMITED,ASX,Materials,2017-02-09,2017,106561341.0,$100–500M,True,True
ARN,ARN.AX,ALDORO RESOURCES LIMITED,ASX,Materials,2018-09-13,2018,61546471.0,$25–100M,True,True
ARO,ARO.AX,ALTORO METALS LIMITED,ASX,Materials,1987-08-20,1987,10059226.0,$5–25M,True,True
ARR,ARR.AX,AMERICAN RARE EARTHS LIMITED,ASX,Materials,2011-02-17,2011,235956159.0,$100–500M,True,True
ART,ART.AX,AIRTASKER LIMITED,ASX,Media & Entertainment,2021-03-23,2021,107642938.0,$100–500M,False,False
ARU,ARU.AX,ARAFURA RARE EARTHS LTD,ASX,Materials,2003-11-05,2003,1275223538.0,$500M–2B,True,True
ARV,ARV.AX,ARTEMIS RESOURCES LIMITED,ASX,Materials,2007-03-16,2007,17334195.0,$5–25M,True,True
ARX,ARX.AX,AROA BIOSURGERY LIMITED,ASX,"Pharmaceuticals, Biotechnology & Life Sciences",2020-07-24,2020,195434999.0,$100–500M,False,False
AS1,AS1.AX,ASARA RESOURCES LIMITED,ASX,Materials,1987-08-13,1987,302810964.0,$100–500M,True,True
AS2,AS2.AX,ASKARI METALS LIMITED,ASX,Materials,2021-07-07,2021,4732403.0,< $5M,True,True
ASB,ASB.AX,AUSTAL LIMITED,ASX,Capital Goods,1998-12-08,1998,1793815401.0,$500M–2B,False,False
ASG,ASG.AX,AUTOSPORTS GROUP LIMITED.,ASX,Consumer Discretionary Distribution & Retail,2016-11-16,2016,322749079.0,$100–500M,False,False
ASH,ASH.AX,ASHLEY SERVICES GROUP LIMITED,ASX,Commercial & Professional Services,2014-08-21,2014,40115494.0,$25–100M,False,False
ASL,ASL.AX,ANDEAN SILVER LIMITED,ASX,Materials,2021-09-30,2021,597688116.0,$500M–2B,True,True
ASM,ASM.AX,AUSTRALIAN STRATEGIC MATERIALS LIMITED,ASX,Materials,2020-07-30,2020,,,True,False
ASN,ASN.AX,ANSON RESOURCES LIMITED,ASX,Materials,2010-07-08,2010,74498074.0,$25–100M,True,True
ASP,ASP.AX,ASPERMONT LIMITED.,ASX,Media & Entertainment,2000-04-27,2000,12520871.0,$5–25M,False,False
ASQ,ASQ.AX,AUSTRALIAN SILICA QUARTZ GROUP LTD,ASX,Materials,2007-10-22,2007,8387208.0,$5–25M,True,False
ASV,ASV.AX,ASSET VISION CO LTD,ASX,Commercial & Professional Services,2013-12-02,2013,35302244.0,$25–100M,False,False
ASX,ASX.AX,ASX LIMITED,ASX,Financial Services,1998-10-14,1998,11077784340.0,> $2B,False,False
AT1,AT1.AX,ATOMO DIAGNOSTICS LIMITED,ASX,Health Care Equipment & Services,2020-04-16,2020,15341359.0,$5–25M,False,False
AT4,AT4.AX,AMERICAN TUNGSTEN & ANTIMONY LTD,ASX,Materials,2019-10-03,2019,136774855.0,$100–500M,True,True
ATA,ATA.AX,ATTURRA LIMITED,ASX,Software & Services,2021-12-22,2021,147236153.0,$100–500M,False,False
ATC,ATC.AX,ALTECH BATTERIES LTD,ASX,Materials,2010-01-27,2010,5338113.0,$5–25M,True,False
ATG,ATG.AX,ARTICORE GROUP LIMITED,ASX,Consumer Discretionary Distribution & Retail,2016-05-16,2016,87472504.0,$25–100M,False,False
ATH,ATH.AX,ALTERITY THERAPEUTICS LIMITED,ASX,"Pharmaceuticals, Biotechnology & Life Sciences",2000-03-28,2000,111435214.0,$100–500M,False,False
ATHN,ATHN.AX,ALTERITY THERAPEUTICS LIMITED,ASX,"Pharmaceuticals, Biotechnology & Life Sciences",2000-03-28,2000,,,False,False
ATM,ATM.AX,PT ANTAM (PERSERO) TBK,ASX,Materials,1999-08-09,1999,4494971915.0,> $2B,True,False
ATP,ATP.AX,ATLAS PEARLS LTD,ASX,Consumer Durables & Apparel,1993-12-31,1993,39513832.0,$25–100M,False,False
ATR,ATR.AX,ASTRON LIMITED,ASX,Materials,1983-11-11,1983,238620249.0,$100–500M,True,False
ATS,ATS.AX,AUSTRALIS OIL & GAS LIMITED,ASX,Energy,2016-07-25,2016,43111476.0,$25–100M,False,False
ATT,ATT.AX,ALTITUDE MINERALS LTD,ASX,Materials,2021-09-15,2021,3122820.0,< $5M,True,True
ATV,ATV.AX,ACTIVEPORT GROUP LTD,ASX,Software & Services,2021-10-20,2021,18352341.0,$5–25M,False,False
ATX,ATX.AX,AMPLIA THERAPEUTICS LIMITED,ASX,"Pharmaceuticals, Biotechnology & Life Sciences",2013-12-23,2013,74430242.0,$25–100M,False,False
AU1,AU1.AX,THE AGENCY GROUP AUSTRALIA LTD,ASX,Real Estate Management & Development,2007-12-18,2007,12747721.0,$5–25M,False,False
AUA,AUA.AX,AUDEARA LIMITED,ASX,Consumer Durables & Apparel,2021-05-18,2021,6515156.0,$5–25M,False,False
AUB,AUB.AX,AUB GROUP LIMITED,ASX,Insurance,2005-11-16,2005,3954488450.0,> $2B,False,False
AUC,AUC.AX,AUSGOLD LIMITED,ASX,Materials,2009-12-16,2009,791558027.0,$500M–2B,True,False
AUE,AUE.AX,AURUM RESOURCES LIMITED,ASX,Materials,2021-11-02,2021,243295074.0,$100–500M,True,True
AUG,AUG.AX,AUGUSTUS MINERALS LIMITED,ASX,Materials,2023-05-25,2023,9141222.0,$5–25M,True,True
AUI,AUI.AX,AUSTRALIAN UNITED INVESTMENT COMPANY LIMITED,ASX,Not Applic,1974-01-01,1974,2629510026.0,> $2B,False,False
AUQ,AUQ.AX,ALARA RESOURCES LIMITED,ASX,Materials,2007-05-24,2007,41705136.0,$25–100M,True,True
AUR,AUR.AX,AURIS MINERALS LIMITED,ASX,Materials,2001-03-15,2001,19299389.0,$5–25M,True,True
AUV,AUV.AX,AURAVELLE METALS LIMITED,ASX,Materials,1990-08-23,1990,5389535.0,$5–25M,True,True
AUZ,AUZ.AX,AUSTRALIAN MINES LIMITED,ASX,Materials,2001-09-28,2001,69951291.0,$25–100M,True,True
AV1,AV1.AX,ADVERITAS LIMITED,ASX,Software & Services,2012-12-18,2012,63012788.0,$25–100M,False,False
AVA,AVA.AX,AVA RISK GROUP LIMITED,ASX,Technology Hardware & Equipment,2015-05-11,2015,13099459.0,$5–25M,False,False
AVD,AVD.AX,AVADA GROUP LIMITED,ASX,Commercial & Professional Services,2021-12-17,2021,8238697.0,$5–25M,False,False
AVE,AVE.AX,AVECHO BIOTECHNOLOGY LIMITED,ASX,"Pharmaceuticals, Biotechnology & Life Sciences",1993-08-09,1993,81138243.0,$25–100M,False,False
AVG,AVG.AX,AUSTRALIAN VINTAGE LTD,ASX,"Food, Beverage & Tobacco",1992-03-26,1992,26357034.0,$25–100M,False,False
AVH,AVH.AX,AVITA MEDICAL INC.,ASX,"Pharmaceuticals, Biotechnology & Life Sciences",2020-06-24,2020,423697804.0,$100–500M,False,False
AVL,AVL.AX,AUSTRALIAN VANADIUM LIMITED,ASX,Materials,2007-02-21,2007,69491512.0,$25–100M,True,True
AVM,AVM.AX,ADVANCE METALS LIMITED,ASX,Materials,2007-12-20,2007,33490474.0,$25–100M,True,True
AVR,AVR.AX,ANTERIS TECHNOLOGIES GLOBAL CORP.,ASX,Health Care Equipment & Services,2004-03-24,2004,1176323781.0,$500M–2B,False,False
AVW,AVW.AX,AVIRA RESOURCES LTD,ASX,Materials,2013-01-09,2013,4600000.0,< $5M,True,True
AW1,AW1.AX,AMERICAN WEST METALS LIMITED,ASX,Materials,2021-12-13,2021,47953232.0,$25–100M,True,True
AWJ,AWJ.AX,AURIC MINING LIMITED,ASX,Materials,2021-02-12,2021,41226592.0,$25–100M,True,True
AX1,AX1.AX,ACCENT GROUP LIMITED,ASX,Consumer Discretionary Distribution & Retail,2004-07-07,2004,438865542.0,$100–500M,False,False
AX8,AX8.AX,ACCELERATE RESOURCES LIMITED,ASX,Materials,2018-02-14,2018,8467132.0,$5–25M,True,True
AXE,AXE.AX,ARCHER MATERIALS LIMITED,ASX,Semiconductors & Semiconductor Equipment,2007-08-14,2007,61013829.0,$25–100M,False,False
AXI,AXI.AX,AXTEC LIMITED,ASX,Real Estate Management & Development,1997-01-31,1997,5456137.0,$5–25M,False,False
AXL,AXL.AX,AXEL REE LIMITED,ASX,Materials,2024-07-23,2024,10029406.0,$5–25M,True,False
AXN,AXN.AX,ALLIANCE NICKEL LIMITED,ASX,Materials,1980-08-21,1980,27394752.0,$25–100M,True,True
AXP,AXP.AX,AXP ENERGY LIMITED,ASX,Energy,2006-07-20,2006,1798934.0,< $5M,False,False
AXQ,AXQ.AX,"AURA CONSOLIDATED GROUP, INC.",ASX,Class Pend,2026-07-09,2026,742656573.0,$500M–2B,False,False
AYA,AYA.AX,ARTRYA LIMITED,ASX,Health Care Equipment & Services,2021-11-26,2021,770817899.0,$500M–2B,False,False
AYM,AYM.AX,AUSTRALIA UNITED MINING LIMITED,ASX,Materials,2011-09-19,2011,3685155.0,< $5M,True,True
AYT,AYT.AX,AUSTIN METALS LIMITED,ASX,Materials,2011-07-06,2011,5480478.0,$5–25M,True,True
AZ9,AZ9.AX,AZZURO RESOURCES PLC,ASX,Materials,2017-09-29,2017,12310003.0,$5–25M,True,True
AZI,AZI.AX,ALTAMIN LIMITED,ASX,Materials,2009-12-24,2009,22265789.0,$5–25M,True,False
AZJ,AZJ.AX,AURIZON HOLDINGS LIMITED,ASX,Transportation,2010-11-22,2010,6312402311.0,> $2B,False,False
AZY,AZY.AX,ANTIPA MINERALS LIMITED,ASX,Materials,2011-04-20,2011,434878786.0,$100–500M,True,True
B4P,B4P.AX,BEFOREPAY GROUP LIMITED,ASX,Financial Services,2022-01-17,2022,93369152.0,$25–100M,False,False
BAK,BAK.AX,BARKLY RARE EARTHS LIMITED,ASX,Materials,2026-01-30,2026,15031250.0,$5–25M,True,True
BAP,BAP.AX,BAPCOR LIMITED,ASX,Consumer Discretionary Distribution & Retail,2014-04-24,2014,316193947.0,$100–500M,False,False
BAS,BAS.AX,BASS OIL LIMITED,ASX,Energy,2004-09-30,2004,20185327.0,$5–25M,False,False
BB1,BB1.AX,BLINKLAB LIMITED,ASX,Health Care Equipment & Services,2024-04-04,2024,131035140.0,$100–500M,False,False
BBC,BBC.AX,BNK BANKING CORPORATION LIMITED,ASX,Banks,2012-05-22,2012,30882808.0,$25–100M,False,False
BBL,BBL.AX,BRISBANE BRONCOS LIMITED,ASX,Media & Entertainment,1989-05-12,1989,153923792.0,$100–500M,False,False
BBN,BBN.AX,BABY BUNTING GROUP LIMITED,ASX,Consumer Discretionary Distribution & Retail,2015-10-14,2015,179265508.0,$100–500M,False,False
BBT,BBT.AX,BETR ENTERTAINMENT LIMITED,ASX,Consumer Services,2021-07-02,2021,204029731.0,$100–500M,False,False
BC8,BC8.AX,BLACK CAT SYNDICATE LIMITED,ASX,Materials,2018-01-30,2018,841911810.0,$500M–2B,True,False
BCA,BCA.AX,BLACK CANYON LIMITED,ASX,Materials,2021-05-05,2021,56833682.0,$25–100M,True,False
BCC,BCC.AX,BEAM COMMUNICATIONS HOLDINGS LIMITED,ASX,Technology Hardware & Equipment,1986-11-06,1986,4493940.0,< $5M,False,False
BCI,BCI.AX,BCI MINERALS LIMITED,ASX,Materials,2006-12-15,2006,1351286712.0,$500M–2B,True,True
BCK,BCK.AX,BROCKMAN MINING LIMITED,ASX,Materials,2011-01-11,2011,102082553.0,$100–500M,True,True
BCM,BCM.AX,BRAZILIAN CRITICAL MINERALS LIMITED,ASX,Materials,2005-08-12,2005,141682266.0,$100–500M,True,True
BCN,BCN.AX,BEACON MINERALS LIMITED,ASX,Materials,2006-10-20,2006,422336307.0,$100–500M,True,True
BDM,BDM.AX,BURGUNDY DIAMOND MINES LIMITED,ASX,Materials,2013-01-04,2013,,,True,True
BDX,BDX.AX,BCAL DIAGNOSTICS LIMITED,ASX,"Pharmaceuticals, Biotechnology & Life Sciences",2021-07-21,2021,19171531.0,$5–25M,False,False
BEL,BEL.AX,BENTLEY CAPITAL LIMITED,ASX,Not Applic,1986-11-07,1986,609023.0,< $5M,False,False
BEN,BEN.AX,BENDIGO AND ADELAIDE BANK LIMITED,ASX,Banks,1985-12-19,1985,6293998916.0,> $2B,False,False
BEO,BEO.AX,BEONIC LTD,ASX,Software & Services,1999-12-17,1999,7939841.0,$5–25M,False,False
BET,BET.AX,BETMAKERS TECHNOLOGY GROUP LTD,ASX,Consumer Services,2015-12-11,2015,240860689.0,$100–500M,False,False
BEZ,BEZ.AX,BESRA GOLD INC.,ASX,Materials,2021-10-08,2021,32193770.0,$25–100M,True,True
BFG,BFG.AX,BELL FINANCIAL GROUP LIMITED,ASX,Financial Services,2007-12-12,2007,484323361.0,$100–500M,False,False
BFL,BFL.AX,BSP FINANCIAL GROUP LIMITED,ASX,Banks,2021-05-25,2021,3775137430.0,> $2B,False,False
BGA,BGA.AX,BEGA CHEESE LIMITED,ASX,"Food, Beverage & Tobacco",2011-08-19,2011,1925109346.0,$500M–2B,False,False
BGD,BGD.AX,BARTON GOLD HOLDINGS LIMITED,ASX,Materials,2021-06-28,2021,281841356.0,$100–500M,True,True
BGE,BGE.AX,BRIDGE SAAS LIMITED,ASX,Software & Services,2022-10-06,2022,3797325.0,< $5M,False,False
BGL,BGL.AX,BELLEVUE GOLD LIMITED,ASX,Materials,2005-12-20,2005,2557926589.0,> $2B,True,True
BGP,BGP.AX,BRISCOE GROUP AUSTRALASIA LIMITED,ASX,Consumer Discretionary Distribution & Retail,2017-07-20,2017,806499843.0,$500M–2B,False,False
BGT,BGT.AX,BIO-GENE TECHNOLOGY LTD,ASX,Materials,2017-11-29,2017,8323161.0,$5–25M,True,False
BH6,BH6.AX,BROKEN HILL GOLD LTD,ASX,Materials,2021-07-08,2021,101509247.0,$100–500M,True,True
BHD,BHD.AX,BENJAMIN HORNIGOLD LIMITED,ASX,Not Applic,2017-05-12,2017,6280363.0,$5–25M,False,False
BHL,BHL.AX,BLACK HORSE MINING LIMITED,ASX,Materials,2025-12-02,2025,13253049.0,$5–25M,True,True
BHM,BHM.AX,BROKEN HILL MINES LIMITED,ASX,Materials,2022-07-28,2022,140272952.0,$100–500M,True,True
BHP,BHP.AX,BHP GROUP LIMITED,ASX,Materials,1885-08-13,1885,344046623685.0,> $2B,True,False
BIM,BIM.AX,BINDI METALS LIMITED,ASX,Materials,2022-06-28,2022,10130366.0,$5–25M,True,True
BIO,BIO.AX,BIOME AUSTRALIA LIMITED,ASX,Household & Personal Products,2021-11-30,2021,59279489.0,$25–100M,False,False
BIS,BIS.AX,BISALLOY STEEL GROUP LIMITED,ASX,Materials,2003-06-23,2003,230116452.0,$100–500M,True,False
BIT,BIT.AX,BIOTRON LIMITED,ASX,"Pharmaceuticals, Biotechnology & Life Sciences",2001-01-24,2001,5570410.0,$5–25M,False,False
BKB,BKB.AX,BLACK BEAR MINERALS LIMITED,ASX,Materials,2023-09-12,2023,99844953.0,$25–100M,True,True
BKI,BKI.AX,BKI INVESTMENT COMPANY LIMITED,ASX,Not Applic,2003-12-12,2003,1489162653.0,$500M–2B,False,False
BKT,BKT.AX,BLACK ROCK MINING LIMITED,ASX,Materials,2003-12-10,2003,25778808.0,$25–100M,True,True
BKY,BKY.AX,BERKELEY ENERGIA LIMITED,ASX,Energy,2003-09-16,2003,218683640.0,$100–500M,False,False
BLG,BLG.AX,BLUGLASS LIMITED,ASX,Semiconductors & Semiconductor Equipment,2006-09-22,2006,52256302.0,$25–100M,False,False
BLS,BLS.AX,BLS PHARMACEUTICALS LIMITED,ASX,Household & Personal Products,2000-12-14,2000,211880094.0,$100–500M,False,False
BLU,BLU.AX,BLUE ENERGY LIMITED.,ASX,Energy,1994-10-13,1994,9035921.0,$5–25M,False,False
BLX,BLX.AX,BEACON LIGHTING GROUP LIMITED,ASX,Consumer Discretionary Distribution & Retail,2014-04-15,2014,376121119.0,$100–500M,False,False
BLZ,BLZ.AX,BLAZE MINERALS LIMITED,ASX,Energy,1996-09-12,1996,2925000.0,< $5M,False,True
BM1,BM1.AX,BALLARD MINING LIMITED,ASX,Materials,2025-07-14,2025,334135266.0,$100–500M,True,True
BM8,BM8.AX,BATTERY AGE MINERALS LTD,ASX,Materials,2020-11-04,2020,9523535.0,$5–25M,True,True
BMC,BMC.AX,BMC MINERALS LTD.,ASX,Materials,2025-12-12,2025,832158579.0,$500M–2B,True,True
BMH,BMH.AX,BAUMART HOLDINGS LIMITED,ASX,Capital Goods,2015-06-19,2015,1874214.0,< $5M,False,False
BML,BML.AX,BOAB METALS LIMITED,ASX,Materials,2004-07-15,2004,292197289.0,$100–500M,True,True
BMM,BMM.AX,BAYAN MINING AND MINERALS LIMITED,ASX,Materials,2021-07-14,2021,7199523.0,$5–25M,True,True
BMN,BMN.AX,BANNERMAN ENERGY LTD,ASX,Energy,2005-04-28,2005,906058498.0,$500M–2B,False,False
BMR,BMR.AX,BALLYMORE RESOURCES LIMITED,ASX,Materials,2021-09-03,2021,36207382.0,$25–100M,True,True
BMT,BMT.AX,BEAMTREE HOLDINGS LIMITED,ASX,Health Care Equipment & Services,2019-06-06,2019,36607991.0,$25–100M,False,False
BNL,BNL.AX,BLUE STAR HELIUM LIMITED,ASX,Energy,1994-11-24,1994,36917490.0,$25–100M,False,False
BNR,BNR.AX,BULLETIN RESOURCES LIMITED,ASX,Materials,2010-12-20,2010,9982853.0,$5–25M,True,True
BNZ,BNZ.AX,BENZ MINING CORP.,ASX,Materials,2020-12-23,2020,1406414511.0,$500M–2B,True,True
BOA,BOA.AX,BOA RESOURCES LTD,ASX,Materials,2012-10-11,2012,17146713.0,$5–25M,True,True
BOC,BOC.AX,BOUGAINVILLE COPPER LIMITED,ASX,Materials,1970-12-31,1970,70185938.0,$25–100M,True,True
BOE,BOE.AX,BOSS ENERGY LTD,ASX,Energy,2007-07-25,2007,734860316.0,$500M–2B,False,False
BOL,BOL.AX,BOOM LOGISTICS LIMITED,ASX,Capital Goods,2003-10-14,2003,78742886.0,$25–100M,False,False
BOQ,BOQ.AX,BANK OF QUEENSLAND LIMITED.,ASX,Banks,1971-08-24,1971,4233404512.0,> $2B,False,False
BOT,BOT.AX,BOTANIX PHARMACEUTICALS LTD,ASX,"Pharmaceuticals, Biotechnology & Life Sciences",1985-01-24,1985,57468869.0,$25–100M,False,False
BP8,BP8.AX,BPH GLOBAL LTD,ASX,"Pharmaceuticals, Biotechnology & Life Sciences",2000-06-13,2000,3530227.0,< $5M,False,False
BPG,BPG.AX,BLACK PEARL GROUP LIMITED,ASX,Software & Services,2025-11-25,2025,27488016.0,$25–100M,False,False
BPH,BPH.AX,BPH ENERGY LTD,ASX,Financial Services,2004-08-06,2004,3384622.0,< $5M,False,False
BPM,BPM.AX,BPM MINERALS LIMITED,ASX,Materials,2020-12-30,2020,23258624.0,$5–25M,True,True
BPP,BPP.AX,BABYLON PUMP & POWER LIMITED,ASX,Capital Goods,1996-12-13,1996,,,False,False
BPPN,BPPN.AX,BABYLON PUMP & POWER LIMITED,ASX,Capital Goods,1996-12-13,1996,,,False,False
BPT,BPT.AX,BEACH ENERGY LIMITED,ASX,Energy,1972-06-30,1972,2018980286.0,> $2B,False,False
BRE,BRE.AX,BRAZILIAN RARE EARTHS LIMITED,ASX,Materials,2023-12-21,2023,1132230236.0,$500M–2B,True,True
BRG,BRG.AX,BREVILLE GROUP LIMITED,ASX,Consumer Durables & Apparel,1999-05-25,1999,4757946729.0,> $2B,False,False
BRI,BRI.AX,BIG RIVER INDUSTRIES LIMITED,ASX,Materials,2017-05-01,2017,126686405.0,$100–500M,True,False
BRK,BRK.AX,BROOKSIDE ENERGY LIMITED,ASX,Energy,2005-10-31,2005,35475000.0,$25–100M,False,False
BRL,BRL.AX,BATHURST RESOURCES LIMITED.,ASX,Materials,2013-06-21,2013,104423046.0,$100–500M,True,True
BRN,BRN.AX,BRAINCHIP HOLDINGS LTD,ASX,Software & Services,2011-11-09,2011,318615520.0,$100–500M,False,False
BRU,BRU.AX,BURU ENERGY LIMITED,ASX,Energy,2008-09-01,2008,18341916.0,$5–25M,False,False
BRY,BRY.AX,BARYS RESOURCES LIMITED,ASX,Materials,2011-07-01,2011,3960508.0,< $5M,True,True
BSA,BSA.AX,BSA LIMITED,ASX,Commercial & Professional Services,1999-11-15,1999,21084073.0,$5–25M,False,False
BSL,BSL.AX,BLUESCOPE STEEL LIMITED,ASX,Materials,2002-07-15,2002,13593542684.0,> $2B,True,False
BSN,BSN.AX,BASIN ENERGY LIMITED,ASX,Energy,2022-10-04,2022,7059270.0,$5–25M,False,False
BSR,BSR.AX,BISON RESOURCES LIMITED,ASX,Materials,2026-04-16,2026,27162500.0,$25–100M,True,True
BST,BST.AX,BORESIGHT LTD,ASX,Capital Goods,2026-06-10,2026,83609113.0,$25–100M,False,False
BSX,BSX.AX,BLACKSTONE MINERALS LIMITED,ASX,Materials,2017-01-23,2017,68866394.0,$25–100M,True,True
BTC,BTC.AX,BTC HEALTH LTD,ASX,Not Applic,2000-08-29,2000,21447267.0,$5–25M,False,False
BTE,BTE.AX,BOTALA ENERGY LTD,ASX,Energy,2022-07-14,2022,23411175.0,$5–25M,False,False
BTI,BTI.AX,BAILADOR TECHNOLOGY INVESTMENTS LIMITED,ASX,Financial Services,2014-11-21,2014,151952642.0,$100–500M,False,False
BTL,BTL.AX,BEETALOO ENERGY AUSTRALIA LIMITED,ASX,Energy,1984-08-30,1984,331594854.0,$100–500M,False,False
BTM,BTM.AX,BREAKTHROUGH MINERALS LIMITED,ASX,Energy,2007-07-04,2007,28260231.0,$25–100M,False,True
BTN,BTN.AX,BUTN LIMITED,ASX,Financial Services,2021-07-06,2021,3435452.0,< $5M,False,False
BTR,BTR.AX,BRIGHTSTAR RESOURCES LIMITED,ASX,Materials,2003-12-05,2003,598600803.0,$500M–2B,True,True
BUB,BUB.AX,BUBS AUSTRALIA LIMITED,ASX,"Food, Beverage & Tobacco",1993-10-05,1993,81365833.0,$25–100M,False,False
BUR,BUR.AX,BURLEY MINERALS LTD,ASX,Materials,2021-07-07,2021,5706272.0,$5–25M,True,True
BUS,BUS.AX,BUBALUS RESOURCES LIMITED,ASX,Materials,2022-10-13,2022,5171713.0,$5–25M,True,True
BUX,BUX.AX,BUXTON RESOURCES LIMITED,ASX,Materials,2007-10-23,2007,15861887.0,$5–25M,True,True
BUY,BUY.AX,BOUNTY OIL & GAS NL,ASX,Energy,2002-02-05,2002,16741402.0,$5–25M,False,False
BVR,BVR.AX,BELLAVISTA RESOURCES LTD,ASX,Materials,2022-05-25,2022,83150075.0,$25–100M,True,True
BVS,BVS.AX,BRAVURA SOLUTIONS LIMITED.,ASX,Software & Services,2016-11-16,2016,1403178922.0,$500M–2B,False,False
BWF,BWF.AX,BLACKWALL LIMITED,ASX,Financial Services,2011-10-21,2011,25632839.0,$25–100M,False,False
BWN,BWN.AX,BHAGWAN MARINE LIMITED,ASX,Transportation,2024-07-30,2024,121131195.0,$100–500M,False,False
BWP,BWP.AX,BWP GROUP,ASX,Equity Real Estate Investment Trusts (REITs),1998-09-16,1998,2912859194.0,> $2B,False,False
BXB,BXB.AX,BRAMBLES LIMITED,ASX,Commercial & Professional Services,2006-11-27,2006,25956440973.0,> $2B,False,False
C1X,C1X.AX,COSMOS EXPLORATION LIMITED,ASX,Materials,2021-12-01,2021,24193319.0,$5–25M,True,True
C29,C29.AX,C29 METALS LIMITED,ASX,Materials,2021-11-03,2021,3359779.0,< $5M,True,True
C79,C79.AX,CHRYSOS CORPORATION LIMITED,ASX,Commercial & Professional Services,2022-05-06,2022,862183598.0,$500M–2B,False,False
C7A,C7A.AX,CLARA RESOURCES AUSTRALIA LTD,ASX,Materials,2010-10-21,2010,6697534.0,$5–25M,True,True
CAA,CAA.AX,CAPRAL LIMITED,ASX,Materials,1986-11-20,1986,186783830.0,$100–500M,True,False
CAE,CAE.AX,CANNINDAH RESOURCES LIMITED,ASX,Materials,2005-05-20,2005,50108909.0,$25–100M,True,True
CAF,CAF.AX,CENTREPOINT ALLIANCE LIMITED,ASX,Financial Services,2002-06-25,2002,77747505.0,$25–100M,False,False
CAM,CAM.AX,CLIME CAPITAL LIMITED,ASX,Not Applic,2004-02-03,2004,94663040.0,$25–100M,False,False
CAN,CAN.AX,CANN GROUP LIMITED,ASX,"Pharmaceuticals, Biotechnology & Life Sciences",2017-05-04,2017,4981781.0,< $5M,False,False
CAQ,CAQ.AX,CAQ HOLDINGS LIMITED,ASX,Real Estate Management & Development,2005-07-25,2005,,,False,False
CAR,CAR.AX,CAR GROUP LIMITED,ASX,Media & Entertainment,2009-09-10,2009,11100771456.0,> $2B,False,False
CAT,CAT.AX,CATAPULT SPORTS LTD,ASX,Software & Services,2014-12-19,2014,1146991178.0,$500M–2B,False,False
CAV,CAV.AX,CARNAVALE RESOURCES LIMITED,ASX,Materials,2007-03-15,2007,37542031.0,$25–100M,True,True
CAY,CAY.AX,CANYON RESOURCES LIMITED,ASX,Materials,2010-06-15,2010,101043638.0,$100–500M,True,True
CAZ,CAZ.AX,CAZALY RESOURCES LIMITED,ASX,Materials,2003-10-31,2003,10013523.0,$5–25M,True,True
CBA,CBA.AX,COMMONWEALTH BANK OF AUSTRALIA.,ASX,Banks,1991-09-12,1991,262750324830.0,> $2B,False,False
CBE,CBE.AX,COBRE LIMITED,ASX,Materials,2020-01-31,2020,470160935.0,$100–500M,True,False
CBL,CBL.AX,CONTROL BIONICS LIMITED,ASX,Health Care Equipment & Services,2020-12-07,2020,32042234.0,$25–100M,False,False
CBO,CBO.AX,COBRAM ESTATE OLIVES LIMITED,ASX,"Food, Beverage & Tobacco",2021-08-11,2021,1603950490.0,$500M–2B,False,False
CBY,CBY.AX,CANTERBURY RESOURCES LIMITED,ASX,Materials,2019-03-07,2019,12306719.0,$5–25M,True,True
CC5,CC5.AX,CLEVER CULTURE SYSTEMS LIMITED,ASX,Health Care Equipment & Services,2006-07-31,2006,34916083.0,$25–100M,False,False
CC9,CC9.AX,CHARIOT RESOURCES LTD,ASX,Materials,2023-10-27,2023,20420265.0,$5–25M,True,True
CCA,CCA.AX,CHANGE FINANCIAL LIMITED,ASX,Financial Services,2016-06-30,2016,33141745.0,$25–100M,False,False
CCE,CCE.AX,CARNEGIE CLEAN ENERGY LIMITED,ASX,Utilities,1993-10-26,1993,83324107.0,$25–100M,False,False
CCG,CCG.AX,COMMS GROUP LTD,ASX,Telecommunication Services,2017-12-21,2017,46697471.0,$25–100M,False,False
CCL,CCL.AX,CUSCAL LIMITED,ASX,Financial Services,2024-11-25,2024,1138931928.0,$500M–2B,False,False
CCM,CCM.AX,CADOUX LIMITED,ASX,Materials,1994-01-20,1994,13717528.0,$5–25M,True,False
CCO,CCO.AX,THE CALMER CO INTERNATIONAL LIMITED,ASX,Household & Personal Products,2018-12-20,2018,3521129.0,< $5M,False,False
CCON,CCON.AX,THE CALMER CO INTERNATIONAL LIMITED,ASX,Household & Personal Products,2018-12-20,2018,,,False,False
CCP,CCP.AX,CREDIT CORP GROUP LIMITED,ASX,Financial Services,2000-09-04,2000,964507350.0,$500M–2B,False,False
CCR,CCR.AX,CREDIT CLEAR LIMITED,ASX,Software & Services,2020-10-27,2020,67108363.0,$25–100M,False,False
CCV,CCV.AX,CASH CONVERTERS INTERNATIONAL,ASX,Financial Services,1997-02-07,1997,213456880.0,$100–500M,False,False
CCX,CCX.AX,CITY CHIC COLLECTIVE LIMITED,ASX,Consumer Discretionary Distribution & Retail,1998-05-28,1998,17332101.0,$5–25M,False,False
CD1,CD1.AX,CD PRIVATE EQUITY FUND I,ASX,Not Applic,2012-08-14,2012,9686063.0,$5–25M,False,False
CD2,CD2.AX,CD PRIVATE EQUITY FUND II,ASX,Not Applic,2013-04-09,2013,14694144.0,$5–25M,False,False
CD3,CD3.AX,CD PRIVATE EQUITY FUND III,ASX,Not Applic,2016-07-27,2016,59063304.0,$25–100M,False,False
CDA,CDA.AX,CODAN LIMITED,ASX,Technology Hardware & Equipment,2003-11-27,2003,9079215974.0,> $2B,False,False
CDE,CDE.AX,CODEIFAI LIMITED,ASX,Commercial & Professional Services,2005-03-07,2005,5997793.0,$5–25M,False,False
CDM,CDM.AX,CADENCE CAPITAL LIMITED,ASX,Not Applic,2006-12-05,2006,236159948.0,$100–500M,False,False
CDO,CDO.AX,CADENCE OPPORTUNITIES FUND LIMITED.,ASX,Not Applic,2021-11-19,2021,36088630.0,$25–100M,False,False
CDP,CDP.AX,CARINDALE PROPERTY TRUST,ASX,Equity Real Estate Investment Trusts (REITs),1996-11-28,1996,463328393.0,$100–500M,False,False
CDR,CDR.AX,CODRUS MINERALS LIMITED,ASX,Materials,2021-06-23,2021,9819883.0,$5–25M,True,True
CDT,CDT.AX,CASTLE MINERALS LIMITED,ASX,Materials,2006-05-02,2006,13640206.0,$5–25M,True,True
CEH,CEH.AX,COAST ENTERTAINMENT HOLDINGS LIMITED,ASX,Consumer Services,2018-11-30,2018,205937793.0,$100–500M,False,False
CEL,CEL.AX,CHALLENGER GOLD LIMITED,ASX,Materials,2007-11-07,2007,413702494.0,$100–500M,True,True
CEN,CEN.AX,CONTACT ENERGY LIMITED,ASX,Utilities,2015-09-24,2015,7976172290.0,> $2B,False,False
CF1,CF1.AX,COMPLII FINTECH SOLUTIONS LTD,ASX,Software & Services,2001-12-18,2001,12202563.0,$5–25M,False,False
CG1,CG1.AX,CARBONXT GROUP LIMITED,ASX,Materials,2018-01-23,2018,30766457.0,$25–100M,True,False
CGF,CGF.AX,CHALLENGER LIMITED,ASX,Financial Services,2003-12-23,2003,6584110153.0,> $2B,False,False
CGO,CGO.AX,CPT GLOBAL LIMITED,ASX,Software & Services,2000-09-08,2000,,,False,False
CGR,CGR.AX,CGN RESOURCES LIMITED,ASX,Materials,2023-10-18,2023,8753163.0,$5–25M,True,True
CGS,CGS.AX,COGSTATE LTD,ASX,Health Care Equipment & Services,2004-02-13,2004,514855637.0,$500M–2B,False,False
CHC,CHC.AX,CHARTER HALL GROUP,ASX,Equity Real Estate Investment Trusts (REITs),2005-06-10,2005,9710632495.0,> $2B,False,False
CHI,CHI.AX,CHANNEL INFRASTRUCTURE NZ LIMITED,ASX,Energy,2025-12-19,2025,1089843499.0,$500M–2B,False,False
CHL,CHL.AX,CAMPLIFY HOLDINGS LIMITED,ASX,Transportation,2021-06-28,2021,23023112.0,$5–25M,False,False
CHM,CHM.AX,CHIMERIC THERAPEUTICS LIMITED,ASX,"Pharmaceuticals, Biotechnology & Life Sciences",2021-01-18,2021,920858.0,< $5M,False,False
CHN,CHN.AX,CHALICE MINING LIMITED,ASX,Materials,2006-03-24,2006,563784869.0,$500M–2B,True,True
CHR,CHR.AX,CHARGER METALS NL,ASX,Materials,2021-07-09,2021,7551246.0,$5–25M,True,True
CHRCB,CHRCB.AX,CHARGER METALS NL,ASX,Materials,2021-07-09,2021,7551246.0,$5–25M,True,True
CHW,CHW.AX,CHILWA MINERALS LTD,ASX,Materials,2023-07-05,2023,69094295.0,$25–100M,True,True
CIA,CIA.AX,CHAMPION IRON LIMITED,ASX,Materials,2007-06-08,2007,1999367512.0,$500M–2B,True,False
CIN,CIN.AX,CARLTON INVESTMENTS LIMITED,ASX,Not Applic,1970-06-30,1970,987553070.0,$500M–2B,False,False
CIP,CIP.AX,CENTURIA INDUSTRIAL REIT,ASX,Equity Real Estate Investment Trusts (REITs),2012-12-13,2012,1854432571.0,$500M–2B,False,False
CIW,CIW.AX,CLIME INVESTMENT MANAGEMENT LTD,ASX,Financial Services,2000-12-15,2000,25114759.0,$25–100M,False,False
CKA,CKA.AX,COKAL LIMITED,ASX,Materials,2000-04-17,2000,58263245.0,$25–100M,True,False
CKF,CKF.AX,COLLINS FOODS LIMITED,ASX,Consumer Services,2011-08-04,2011,974766870.0,$500M–2B,False,False
CL8,CL8.AX,CL8 HOLDINGS LIMITED,ASX,Transportation,1996-09-09,1996,,,False,False
CLA,CLA.AX,CELSIUS RESOURCES LIMITED.,ASX,Materials,1988-03-24,1988,18611034.0,$5–25M,True,True
CLG,CLG.AX,CLOSE THE LOOP LTD.,ASX,Commercial & Professional Services,2021-12-02,2021,23169933.0,$5–25M,False,False
CLU,CLU.AX,CLUEY LTD,ASX,Consumer Services,2020-12-09,2020,4169735.0,< $5M,False,False
CLV,CLV.AX,CLOVER CORPORATION LIMITED,ASX,Materials,1999-11-30,1999,151551902.0,$100–500M,True,False
CLW,CLW.AX,CHARTER HALL LONG WALE REIT,ASX,Equity Real Estate Investment Trusts (REITs),2016-11-08,2016,2564364801.0,> $2B,False,False
CLX,CLX.AX,CTI LOGISTICS LIMITED,ASX,Transportation,1987-12-02,1987,214381690.0,$100–500M,False,False
CLZ,CLZ.AX,CLASSIC MINERALS LTD,ASX,Materials,2013-05-24,2013,,,True,True
CMA,CMA.AX,CARMA LIMITED,ASX,Consumer Discretionary Distribution & Retail,2025-11-05,2025,96192079.0,$25–100M,False,False
CMB,CMB.AX,CAMBIUM BIO LIMITED,ASX,"Pharmaceuticals, Biotechnology & Life Sciences",2013-09-19,2013,12361406.0,$5–25M,False,False
CMD,CMD.AX,CASSIUS MINING LIMITED,ASX,Materials,2006-08-10,2006,14565043.0,$5–25M,True,True
CMG,CMG.AX,CRITICAL MINERALS GROUP LIMITED,ASX,Materials,2022-09-27,2022,8250630.0,$5–25M,True,True
CML,CML.AX,CONNECTED MINERALS LIMITED,ASX,Technology Hardware & Equipment,1984-08-16,1984,52502980.0,$25–100M,False,True
CMM,CMM.AX,CAPRICORN METALS LTD,ASX,Materials,2008-07-07,2008,8109796808.0,> $2B,True,True
CMO,CMO.AX,COSMO METALS LIMITED,ASX,Materials,2022-01-31,2022,3470635.0,< $5M,True,True
CMP,CMP.AX,COMPUMEDICS LIMITED,ASX,Health Care Equipment & Services,2000-12-21,2000,52936865.0,$25–100M,False,False
CMW,CMW.AX,CROMWELL PROPERTY GROUP,ASX,Equity Real Estate Investment Trusts (REITs),1973-02-22,1973,1060641013.0,$500M–2B,False,False
CMX,CMX.AX,CHEMX MATERIALS LIMITED,ASX,Materials,2022-01-18,2022,,,True,False
CNB,CNB.AX,CARNABY RESOURCES LIMITED,ASX,Materials,2016-08-30,2016,285784059.0,$100–500M,True,True
CND,CND.AX,CONDOR ENERGY LIMITED,ASX,Energy,2005-05-25,2005,13821219.0,$5–25M,False,False
CNI,CNI.AX,CENTURIA CAPITAL GROUP,ASX,Equity Real Estate Investment Trusts (REITs),2002-03-26,2002,1361895696.0,$500M–2B,False,False
CNJ,CNJ.AX,CONICO LTD,ASX,Materials,2007-06-18,2007,5867883.0,$5–25M,True,False
CNQ,CNQ.AX,CLEAN TEQ WATER LIMITED,ASX,Commercial & Professional Services,2021-07-02,2021,68407019.0,$25–100M,False,False
CNU,CNU.AX,CHORUS LIMITED,ASX,Telecommunication Services,2011-11-21,2011,3210765976.0,> $2B,False,False
COB,COB.AX,COBALT BLUE HOLDINGS LIMITED,ASX,Materials,2017-02-02,2017,39360143.0,$25–100M,True,True
COD,COD.AX,CODA MINERALS LTD,ASX,Materials,2020-10-28,2020,48959529.0,$25–100M,True,True
COF,COF.AX,CENTURIA OFFICE REIT,ASX,Equity Real Estate Investment Trusts (REITs),2014-12-10,2014,525656499.0,$500M–2B,False,False
COG,COG.AX,COG FINANCIAL SERVICES LIMITED,ASX,Financial Services,2003-01-28,2003,311378656.0,$100–500M,False,False
COH,COH.AX,COCHLEAR LIMITED,ASX,Health Care Equipment & Services,1995-12-04,1995,9014586719.0,> $2B,False,False
COI,COI.AX,COMET RIDGE LIMITED,ASX,Energy,2004-04-16,2004,157826849.0,$100–500M,False,False
COL,COL.AX,COLES GROUP LIMITED.,ASX,Consumer Staples Distribution & Retail,2018-11-21,2018,31899657199.0,> $2B,False,False
COS,COS.AX,COSOL LIMITED,ASX,Software & Services,2020-01-24,2020,36397759.0,$25–100M,False,False
COV,COV.AX,CLEO DIAGNOSTICS LTD,ASX,"Pharmaceuticals, Biotechnology & Life Sciences",2023-08-22,2023,50546230.0,$25–100M,False,False
COY,COY.AX,COPPERMOLY LIMITED,ASX,Materials,2008-01-31,2008,4413287.0,< $5M,True,False
CP8,CP8.AX,CANADIAN PHOSPHATE LIMITED,ASX,Materials,2013-09-02,2013,45370756.0,$25–100M,True,True
CPM,CPM.AX,COOPER METALS LIMITED,ASX,Materials,2021-11-19,2021,8509598.0,$5–25M,True,True
CPN,CPN.AX,CASPIN RESOURCES LIMITED,ASX,Materials,2020-11-25,2020,38330476.0,$25–100M,True,True
CPO,CPO.AX,CULPEO MINERALS LIMITED,ASX,Materials,2021-09-10,2021,9541430.0,$5–25M,True,True
CPU,CPU.AX,COMPUTERSHARE LIMITED.,ASX,Commercial & Professional Services,1994-05-27,1994,22759531205.0,> $2B,False,False
CPV,CPV.AX,CLEARVUE TECHNOLOGIES LIMITED,ASX,Capital Goods,2018-05-25,2018,28392437.0,$25–100M,False,False
CQE,CQE.AX,CHARTER HALL SOCIAL INFRASTRUCTURE REIT,ASX,Equity Real Estate Investment Trusts (REITs),2003-05-22,2003,901794280.0,$500M–2B,False,False
CQR,CQR.AX,CHARTER HALL RETAIL REIT,ASX,Equity Real Estate Investment Trusts (REITs),1995-11-15,1995,2313293844.0,> $2B,False,False
CQT,CQT.AX,CONNEQT HEALTH LIMITED,ASX,Health Care Equipment & Services,2005-11-09,2005,13839822.0,$5–25M,False,False
CR1,CR1.AX,CONSTELLATION RESOURCES LIMITED,ASX,Materials,2018-07-30,2018,13589347.0,$5–25M,True,True
CR3,CR3.AX,CORE ENERGY MINERALS LTD,ASX,Materials,1998-12-17,1998,4986469.0,< $5M,True,True
CRB,CRB.AX,CARBINE RESOURCES LIMITED,ASX,Materials,2007-03-16,2007,9534926.0,$5–25M,True,True
CRD,CRD.AX,CONRAD ASIA ENERGY LTD.,ASX,Energy,2022-10-27,2022,114787297.0,$100–500M,False,False
CRI,CRI.AX,CRITICA LIMITED,ASX,Materials,2006-09-22,2006,,,True,False
CRN,CRN.AX,CORONADO GLOBAL RESOURCES INC.,ASX,Materials,2018-10-23,2018,318526209.0,$100–500M,True,True
CRR,CRR.AX,CRITICAL RESOURCES LIMITED,ASX,Materials,2010-12-03,2010,19164513.0,$5–25M,True,True
CRS,CRS.AX,CAPRICE RESOURCES LTD,ASX,Materials,2018-12-05,2018,73201280.0,$25–100M,True,True
CSC,CSC.AX,CAPSTONE COPPER CORP.,ASX,Materials,2024-02-02,2024,16046417299.0,> $2B,True,True
CSL,CSL.AX,CSL LIMITED,ASX,"Pharmaceuticals, Biotechnology & Life Sciences",1994-06-08,1994,83158276034.0,> $2B,False,False
CST,CST.AX,CASTILE RESOURCES LTD,ASX,Materials,2020-02-14,2020,28745689.0,$25–100M,True,True
CSX,CSX.AX,CLEANSPACE HOLDINGS LIMITED,ASX,Health Care Equipment & Services,2020-10-23,2020,31745944.0,$25–100M,False,False
CT1,CT1.AX,CONSTELLATION TECHNOLOGIES LIMITED,ASX,Technology Hardware & Equipment,1987-10-08,1987,4461701.0,< $5M,False,False
CTD,CTD.AX,CORPORATE TRAVEL MANAGEMENT LIMITED,ASX,Consumer Services,2010-12-15,2010,,,False,False
CTE,CTE.AX,CRYOSITE LIMITED,ASX,"Pharmaceuticals, Biotechnology & Life Sciences",2002-05-09,2002,61011954.0,$25–100M,False,False
CTM,CTM.AX,CENTAURUS METALS LIMITED,ASX,Materials,1989-01-12,1989,306261887.0,$100–500M,True,True
CTN,CTN.AX,CATALINA RESOURCES LTD,ASX,Materials,2010-02-18,2010,12063093.0,$5–25M,True,True
CTO,CTO.AX,CITIGOLD CORPORATION LIMITED,ASX,Materials,1993-12-23,1993,44850000.0,$25–100M,True,False
CTP,CTP.AX,CENTRAL PETROLEUM LIMITED,ASX,Energy,2006-03-07,2006,45165837.0,$25–100M,False,False
CTQ,CTQ.AX,CARETEQ LIMITED,ASX,Health Care Equipment & Services,2022-01-10,2022,8797425.0,$5–25M,False,False
CTS,CTS.AX,CERETAS LIMITED,ASX,Health Care Equipment & Services,2026-07-23,2026,57100000.0,$25–100M,False,False
CTT,CTT.AX,CETTIRE LIMITED,ASX,Consumer Discretionary Distribution & Retail,2020-12-18,2020,91497173.0,$25–100M,False,False
CU6,CU6.AX,CLARITY PHARMACEUTICALS LTD,ASX,"Pharmaceuticals, Biotechnology & Life Sciences",2021-08-25,2021,925241450.0,$500M–2B,False,False
CUE,CUE.AX,CUE ENERGY RESOURCES LIMITED,ASX,Energy,1995-12-11,1995,77348782.0,$25–100M,False,True
CUF,CUF.AX,CUFE LTD,ASX,Materials,2005-10-13,2005,107827671.0,$100–500M,True,False
CUL,CUL.AX,CULLEN RESOURCES LIMITED,ASX,Materials,1988-11-23,1988,4160411.0,< $5M,True,True
CUP,CUP.AX,COUNT LIMITED,ASX,Commercial & Professional Services,2010-12-22,2010,291889665.0,$100–500M,False,False
CUV,CUV.AX,CLINUVEL PHARMACEUTICALS LIMITED,ASX,"Pharmaceuticals, Biotechnology & Life Sciences",2001-02-13,2001,534535719.0,$500M–2B,False,False
CVB,CVB.AX,CURVEBEAM AI LIMITED,ASX,Health Care Equipment & Services,2023-08-23,2023,9676924.0,$5–25M,False,False
CVC,CVC.AX,CVC LIMITED,ASX,Financial Services,1985-06-27,1985,176120822.0,$100–500M,False,False
CVL,CVL.AX,CIVMEC LIMITED,ASX,Capital Goods,2018-06-22,2018,973383750.0,$500M–2B,False,False
CVN,CVN.AX,CARNARVON ENERGY LIMITED,ASX,Energy,1984-08-16,1984,187854123.0,$100–500M,False,False
CVR,CVR.AX,CAVALIER RESOURCES LIMITED,ASX,Materials,2022-06-17,2022,23848189.0,$5–25M,True,True
CVV,CVV.AX,CARAVEL MINERALS LIMITED,ASX,Materials,2006-11-03,2006,164834955.0,$100–500M,True,True
CWP,CWP.AX,CEDAR WOODS PROPERTIES LIMITED,ASX,Real Estate Management & Development,1994-08-31,1994,657635563.0,$500M–2B,False,False
CWY,CWY.AX,CLEANAWAY WASTE MANAGEMENT LIMITED,ASX,Commercial & Professional Services,2005-05-03,2005,5804733291.0,> $2B,False,False
CXL,CXL.AX,CALIX LIMITED,ASX,Materials,2018-07-20,2018,64777068.0,$25–100M,True,False
CXO,CXO.AX,CORE LITHIUM LTD,ASX,Materials,2011-02-11,2011,1229984632.0,$500M–2B,True,True
CXU,CXU.AX,CAULDRON ENERGY LIMITED,ASX,Energy,2005-01-28,2005,213882588.0,$100–500M,False,False
CXZ,CXZ.AX,CONNEXION MOBILITY LTD,ASX,Software & Services,1974-01-01,1974,15337903.0,$5–25M,False,False
CY5,CY5.AX,CYGNUS METALS LIMITED,ASX,Materials,2018-01-15,2018,184138808.0,$100–500M,True,True
CYB,CYB.AX,AUCYBER LIMITED,ASX,Software & Services,2020-12-14,2020,8558653.0,$5–25M,False,False
CYC,CYC.AX,CYCLOPHARM LIMITED,ASX,Health Care Equipment & Services,2007-01-18,2007,64124414.0,$25–100M,False,False
CYG,CYG.AX,COVENTRY GROUP LIMITED,ASX,Capital Goods,1966-01-27,1966,48673051.0,$25–100M,False,False
CYL,CYL.AX,CATALYST METALS LIMITED,ASX,Materials,2006-07-26,2006,1814042837.0,$500M–2B,True,True
CYM,CYM.AX,CYPRIUM METALS LIMITED,ASX,Materials,1985-04-26,1985,326615049.0,$100–500M,True,True
CYP,CYP.AX,CYNATA THERAPEUTICS LIMITED,ASX,"Pharmaceuticals, Biotechnology & Life Sciences",2007-12-20,2007,2677998.0,< $5M,False,False
CYQ,CYQ.AX,CYCLIQ GROUP LTD,ASX,Consumer Durables & Apparel,2007-11-21,2007,1842067.0,< $5M,False,False
CYV,CYV.AX,CERYVYN THERAPEUTICS LIMITED,ASX,"Pharmaceuticals, Biotechnology & Life Sciences",1991-04-18,1991,15047760.0,$5–25M,False,False
CZN,CZN.AX,CORAZON MINING LIMITED,ASX,Materials,2005-06-30,2005,23902017.0,$5–25M,True,True
CZR,CZR.AX,CZR RESOURCES LTD,ASX,Materials,2006-08-29,2006,52126296.0,$25–100M,True,True
D3E,D3E.AX,D3 ENERGY LIMITED,ASX,Energy,2024-05-13,2024,50871829.0,$25–100M,False,False
DAF,DAF.AX,DISCOVERY ALASKA LIMITED,ASX,Materials,2011-09-22,2011,5167194.0,$5–25M,True,False
DAI,DAI.AX,DECIDR AI INDUSTRIES LTD,ASX,"Food, Beverage & Tobacco",2020-12-14,2020,128656838.0,$100–500M,False,False
DAL,DAL.AX,DALAROO METALS LTD,ASX,Materials,2021-09-28,2021,27239325.0,$25–100M,True,True
DBF,DBF.AX,DUXTON FARMS LTD,ASX,"Food, Beverage & Tobacco",2018-02-08,2018,43923131.0,$25–100M,False,False
DBI,DBI.AX,DALRYMPLE BAY INFRASTRUCTURE LIMITED,ASX,Transportation,2020-12-08,2020,2652324918.0,> $2B,False,False
DBO,DBO.AX,DIABLO RESOURCES LIMITED,ASX,Materials,2021-10-12,2021,9198241.0,$5–25M,True,True
DCC,DCC.AX,DIGITALX LIMITED,ASX,Software & Services,1989-02-06,1989,44680260.0,$25–100M,False,False
DDR,DDR.AX,DICKER DATA LIMITED,ASX,Technology Hardware & Equipment,2011-01-24,2011,2321677914.0,> $2B,False,False
DDT,DDT.AX,DATADOT TECHNOLOGY LIMITED,ASX,Automobiles & Components,2005-01-12,2005,3658362.0,< $5M,False,False
DEL,DEL.AX,DELOREAN CORPORATION LIMITED,ASX,Utilities,2021-04-12,2021,24289110.0,$5–25M,False,False
DEM,DEM.AX,DE.MEM LIMITED,ASX,Utilities,2017-04-07,2017,30109296.0,$25–100M,False,False
DES,DES.AX,DESOTO RESOURCES LIMITED,ASX,Materials,2022-12-16,2022,37366053.0,$25–100M,True,True
DEV,DEV.AX,DEVEX RESOURCES LIMITED,ASX,Energy,2000-10-03,2000,159824345.0,$100–500M,False,True
DGH,DGH.AX,DESANE GROUP HOLDINGS LIMITED,ASX,Real Estate Management & Development,1987-09-04,1987,31909792.0,$25–100M,False,False
DGL,DGL.AX,DGL GROUP LIMITED,ASX,Materials,2021-05-24,2021,81289199.0,$25–100M,True,False
DGR,DGR.AX,DGR GLOBAL LIMITED,ASX,Materials,2003-08-21,2003,36529359.0,$25–100M,True,False
DGT,DGT.AX,DIGICO INFRASTRUCTURE REIT,ASX,Class Pend,2024-12-13,2024,1412539118.0,$500M–2B,False,False
DJW,DJW.AX,DJERRIWARRH INVESTMENTS LIMITED,ASX,Not Applic,1995-06-28,1995,789877098.0,$500M–2B,False,False
DKM,DKM.AX,DUKETON MINING LIMITED,ASX,Materials,2014-08-04,2014,14970019.0,$5–25M,True,True
DLI,DLI.AX,DELTA LITHIUM LIMITED,ASX,Materials,2017-11-03,2017,129454115.0,$100–500M,True,True
DLY,DLY.AX,DALY RESOURCES LIMITED,ASX,Materials,2026-06-23,2026,14105000.0,$5–25M,True,True
DM1,DM1.AX,DESERT METALS LIMITED,ASX,Materials,2020-12-18,2020,4682152.0,< $5M,True,True
DME,DME.AX,DOME GOLD MINES LIMITED,ASX,Materials,2013-10-22,2013,20994388.0,$5–25M,True,True
DMP,DMP.AX,DOMINO'S PIZZA ENTERPRISES LIMITED,ASX,Consumer Services,2005-05-16,2005,1902517069.0,$500M–2B,False,False
DN1,DN1.AX,DOMINION INCOME TRUST 1,ASX,Not Applic,2025-03-04,2025,344517000.0,$100–500M,False,False
DNL,DNL.AX,DYNO NOBEL LIMITED.,ASX,Materials,2003-07-28,2003,6638433112.0,> $2B,True,False
DOC,DOC.AX,DOCTOR CARE ANYWHERE GROUP PLC,ASX,Health Care Equipment & Services,2020-12-04,2020,44059791.0,$25–100M,False,False
DOW,DOW.AX,DOWNER EDI LIMITED,ASX,Commercial & Professional Services,1990-12-20,1990,4428551817.0,> $2B,False,False
DPM,DPM.AX,DPM METALS INC.,ASX,Materials,2025-09-18,2025,16275633780.0,> $2B,True,True
DRE,DRE.AX,DREADNOUGHT RESOURCES LTD,ASX,Materials,2006-10-31,2006,80152800.0,$25–100M,True,True
DRO,DRO.AX,DRONESHIELD LIMITED,ASX,Capital Goods,2016-06-22,2016,1801977017.0,$500M–2B,False,False
DRR,DRR.AX,DETERRA ROYALTIES LIMITED,ASX,Materials,2020-10-23,2020,2260990940.0,> $2B,True,False
DRX,DRX.AX,DIATREME RESOURCES LIMITED,ASX,Materials,2005-06-22,2005,60099382.0,$25–100M,True,True
DSK,DSK.AX,DUSK GROUP LIMITED,ASX,Consumer Discretionary Distribution & Retail,2020-11-02,2020,49814292.0,$25–100M,False,False
DSM,DSM.AX,DESERT MINERALS LTD,ASX,Materials,2025-10-21,2025,20584814.0,$5–25M,True,True
DTL,DTL.AX,DATA#3 LIMITED,ASX,Software & Services,1997-12-23,1997,1819063075.0,$500M–2B,False,False
DTM,DTM.AX,DART MINING NL,ASX,Materials,2007-05-10,2007,2673785.0,< $5M,True,True
DTR,DTR.AX,DATELINE RESOURCES LIMITED,ASX,Materials,2011-06-23,2011,401433538.0,$100–500M,True,True
DTZ,DTZ.AX,DOTZ NANO LIMITED,ASX,Technology Hardware & Equipment,2007-12-13,2007,16473119.0,$5–25M,False,False
DUB,DUB.AX,DUBBER CORPORATION LIMITED,ASX,Software & Services,2000-06-30,2000,21694220.0,$5–25M,False,False
DUG,DUG.AX,DUG TECHNOLOGY LTD,ASX,Software & Services,2020-08-12,2020,262306487.0,$100–500M,False,False
DUN,DUN.AX,DUNDAS MINERALS LIMITED,ASX,Materials,2021-11-10,2021,10576133.0,$5–25M,True,True
DUR,DUR.AX,DURATEC LIMITED,ASX,Capital Goods,2020-11-04,2020,552462961.0,$500M–2B,False,False
DVL,DVL.AX,DORSAVI LTD,ASX,"Pharmaceuticals, Biotechnology & Life Sciences",2013-12-11,2013,29640683.0,$25–100M,False,False
DVP,DVP.AX,DEVELOP GLOBAL LIMITED,ASX,Materials,2007-04-27,2007,1732423744.0,$500M–2B,True,False
DWG,DWG.AX,DATAWORKS GROUP LIMITED,ASX,Software & Services,2017-11-15,2017,15458149.0,$5–25M,False,False
DXB,DXB.AX,DIMERIX LIMITED,ASX,"Pharmaceuticals, Biotechnology & Life Sciences",1993-02-04,1993,189124984.0,$100–500M,False,False
DXC,DXC.AX,DEXUS CONVENIENCE RETAIL REIT,ASX,Equity Real Estate Investment Trusts (REITs),2017-07-27,2017,375818085.0,$100–500M,False,False
DXI,DXI.AX,DEXUS INDUSTRIA REIT.,ASX,Equity Real Estate Investment Trusts (REITs),2013-12-03,2013,753090903.0,$500M–2B,False,False
DXN,DXN.AX,DXN LIMITED,ASX,Software & Services,2018-04-11,2018,135080733.0,$100–500M,False,False
DXS,DXS.AX,DEXUS,ASX,Equity Real Estate Investment Trusts (REITs),2004-10-06,2004,6306828988.0,> $2B,False,False
DYL,DYL.AX,DEEP YELLOW LIMITED,ASX,Energy,1985-12-19,1985,1738951089.0,$500M–2B,False,False
DYM,DYM.AX,DYNAMIC METALS LIMITED,ASX,Materials,2023-01-16,2023,25451314.0,$25–100M,True,True
E25,E25.AX,ELEMENT 25 LIMITED,ASX,Materials,2006-11-09,2006,92896653.0,$25–100M,True,False
E79,E79.AX,E79 GOLD MINES LIMITED,ASX,Materials,2021-10-07,2021,8838892.0,$5–25M,True,True
EAX,EAX.AX,ENERGY ACTION LIMITED,ASX,Commercial & Professional Services,2011-10-13,2011,15501943.0,$5–25M,False,False
EBO,EBO.AX,EBOS GROUP LIMITED,ASX,Health Care Equipment & Services,2013-12-06,2013,3878802202.0,> $2B,False,False
EBR,EBR.AX,EBR SYSTEMS INC.,ASX,Health Care Equipment & Services,2021-11-24,2021,257850312.0,$100–500M,False,False
ECH,ECH.AX,ECHELON RESOURCES LIMITED,ASX,Energy,2020-09-25,2020,77263039.0,$25–100M,False,True
ECL,ECL.AX,EXCELSIOR CAPITAL LTD,ASX,Capital Goods,1993-04-22,1993,,,False,False
ECP,ECP.AX,ECP EMERGING GROWTH LIMITED,ASX,Not Applic,2014-08-14,2014,14616901.0,$5–25M,False,False
ECS,ECS.AX,ECS BOTANICS HOLDINGS LTD,ASX,"Pharmaceuticals, Biotechnology & Life Sciences",1986-03-13,1986,9606297.0,$5–25M,False,False
ECT,ECT.AX,ENVIRONMENTAL CLEAN TECHNOLOGIES LIMITED.,ASX,Commercial & Professional Services,1986-02-05,1986,53825885.0,$25–100M,False,False
EDE,EDE.AX,EDEN INNOVATIONS LTD,ASX,Energy,2006-06-06,2006,51814135.0,$25–100M,False,False
EDU,EDU.AX,EDU HOLDINGS LIMITED,ASX,Consumer Services,2004-06-25,2004,129384535.0,$100–500M,False,False
EDV,EDV.AX,ENDEAVOUR GROUP LIMITED,ASX,Consumer Staples Distribution & Retail,2021-06-24,2021,5638578613.0,> $2B,False,False
EE1,EE1.AX,EARTHS ENERGY LIMITED,ASX,Materials,2011-09-16,2011,,,True,False
EF2,EF2.AX,ENERGY FUELS INC.,ASX,Class Pend,2026-08-20,2026,,,False,False
EFE,EFE.AX,EASTERN RESOURCES LIMITED,ASX,Materials,2008-05-16,2008,4019464.0,< $5M,True,True
EFR,EFR.AX,EVERFLOW RESOURCES LTD,ASX,Materials,2007-07-31,2007,2368030.0,< $5M,True,True
EG1,EG1.AX,EVERGOLD MINERALS LIMITED,ASX,Materials,2023-04-11,2023,13105361.0,$5–25M,True,True
EGA,EGA.AX,EASTERN GAS CORPORATION LIMITED,ASX,Energy,2026-02-26,2026,13950000.0,$5–25M,False,False
EGG,EGG.AX,ENERO GROUP LIMITED,ASX,Media & Entertainment,2004-04-30,2004,24498483.0,$5–25M,False,False
EGH,EGH.AX,EUREKA GROUP HOLDINGS LIMITED,ASX,Real Estate Management & Development,2004-07-01,2004,276644351.0,$100–500M,False,False
EGL,EGL.AX,ENVIRONMENTAL GROUP LIMITED (THE),ASX,Capital Goods,1981-02-12,1981,33103308.0,$25–100M,False,False
EGR,EGR.AX,ECOGRAF LIMITED,ASX,Materials,2010-10-29,2010,122311072.0,$100–500M,True,False
EGY,EGY.AX,ENERGY TECHNOLOGIES LIMITED,ASX,Capital Goods,1992-10-22,1992,12493981.0,$5–25M,False,False
EHL,EHL.AX,EMECO HOLDINGS LIMITED,ASX,Capital Goods,2006-07-28,2006,562436611.0,$500M–2B,False,False
EIQ,EIQ.AX,ECHOIQ LIMITED,ASX,Software & Services,2010-12-17,2010,1155530655.0,$500M–2B,False,False
EL8,EL8.AX,ELEVATE URANIUM LTD,ASX,Energy,1985-10-23,1985,138847585.0,$100–500M,False,True
ELD,ELD.AX,ELDERS LIMITED,ASX,"Food, Beverage & Tobacco",1981-06-30,1981,1285930955.0,$500M–2B,False,False
ELK,ELK.AX,ELK RANGE MINING LIMITED,ASX,Materials,2026-08-10,2026,23959852.0,$5–25M,True,True
ELS,ELS.AX,ELSIGHT LIMITED,ASX,Technology Hardware & Equipment,2017-06-08,2017,1314303990.0,$500M–2B,False,False
ELT,ELT.AX,ELEMENTOS LIMITED,ASX,Materials,2009-12-23,2009,162173359.0,$100–500M,True,False
ELV,ELV.AX,ELEVRA LITHIUM LIMITED,ASX,Materials,2004-03-30,2004,1759725383.0,$500M–2B,True,True
EM2,EM2.AX,EAGLE MOUNTAIN MINING LIMITED,ASX,Materials,2018-03-16,2018,9232558.0,$5–25M,True,True
EM3,EM3.AX,EMC GOLD CORPORATION,ASX,Materials,2018-08-29,2018,57167144.0,$25–100M,True,True
EMA,EMA.AX,EMINENCE MINERALS LIMITED,ASX,Materials,2021-10-13,2021,8251796.0,$5–25M,True,True
EMB,EMB.AX,EMBELTON LIMITED,ASX,Capital Goods,1974-01-01,1974,18341785.0,$5–25M,False,False
EMC,EMC.AX,EVEREST METALS CORPORATION LTD,ASX,Materials,2006-10-18,2006,28319237.0,$25–100M,True,True
EMD,EMD.AX,EMYRIA LIMITED,ASX,Health Care Equipment & Services,2020-02-12,2020,36295246.0,$25–100M,False,False
EME,EME.AX,ENERGY METALS LTD,ASX,Energy,2005-09-09,2005,17613398.0,$5–25M,False,True
EMH,EMH.AX,EUROPEAN METALS HOLDINGS LIMITED,ASX,Materials,2012-07-19,2012,65400144.0,$25–100M,True,True
EML,EML.AX,EML PAYMENTS LIMITED,ASX,Financial Services,2006-01-18,2006,95421203.0,$25–100M,False,False
EMN,EMN.AX,EURO MANGANESE INC,ASX,Materials,2018-10-02,2018,15010223.0,$5–25M,True,True
EMP,EMP.AX,EMPEROR ENERGY LIMITED,ASX,Energy,1987-06-05,1987,75845144.0,$25–100M,False,False
EMR,EMR.AX,EMERALD RESOURCES NL,ASX,Materials,1994-07-22,1994,4790726853.0,> $2B,True,True
EMT,EMT.AX,EMETALS LIMITED,ASX,Not Applic,2010-10-26,2010,4485005.0,< $5M,False,False
EMU,EMU.AX,EMU NL,ASX,Materials,2008-02-27,2008,8515451.0,$5–25M,True,False
EMUCA,EMUCA.AX,EMU NL,ASX,Materials,2008-02-27,2008,,,True,False
EMV,EMV.AX,EMVISION MEDICAL DEVICES LTD,ASX,Health Care Equipment & Services,2018-12-13,2018,167320010.0,$100–500M,False,False
ENL,ENL.AX,ENLITIC INC.,ASX,Health Care Equipment & Services,2023-12-19,2023,35415893.0,$25–100M,False,False
ENP,ENP.AX,ENTROPY NEURODYNAMICS LIMITED,ASX,"Pharmaceuticals, Biotechnology & Life Sciences",2018-12-18,2018,63710156.0,$25–100M,False,False
ENR,ENR.AX,ENCOUNTER RESOURCES LIMITED,ASX,Materials,2006-03-24,2006,151226921.0,$100–500M,True,True
ENT,ENT.AX,ENTERPRISE METALS LIMITED,ASX,Materials,2007-06-20,2007,6669713.0,$5–25M,True,True
ENV,ENV.AX,ENOVA MINING LIMITED,ASX,Materials,2007-04-13,2007,5941827.0,$5–25M,True,True
EOL,EOL.AX,ENERGY ONE LIMITED,ASX,Software & Services,2007-01-15,2007,543510951.0,$500M–2B,False,False
EOS,EOS.AX,ELECTRO OPTIC SYSTEMS HOLDINGS LIMITED,ASX,Capital Goods,2000-10-23,2000,2345608874.0,> $2B,False,False
EPI,EPI.AX,EPIMINDER LIMITED,ASX,Health Care Equipment & Services,2025-12-01,2025,87752019.0,$25–100M,False,False
EPM,EPM.AX,ECLIPSE METALS LIMITED.,ASX,Energy,2011-02-17,2011,39501628.0,$25–100M,False,True
EPN,EPN.AX,EPSILON HEALTHCARE LIMITED,ASX,"Pharmaceuticals, Biotechnology & Life Sciences",2017-05-04,2017,8560288.0,$5–25M,False,False
EPX,EPX.AX,EPX LIMITED,ASX,Software & Services,2021-05-12,2021,15565739.0,$5–25M,False,False
EPY,EPY.AX,EARLYPAY LTD,ASX,Financial Services,2010-02-23,2010,29410165.0,$25–100M,False,False
EQR,EQR.AX,EQ RESOURCES LIMITED,ASX,Materials,2006-06-06,2006,1934670089.0,$500M–2B,True,True
EQT,EQT.AX,EQT HOLDINGS LIMITED,ASX,Financial Services,1985-08-06,1985,570693243.0,$500M–2B,False,False
EQU,EQU.AX,EQUUS ENERGY LIMITED,ASX,Energy,2025-12-18,2025,74694961.0,$25–100M,False,False
EQX,EQX.AX,EQUATORIAL RESOURCES LIMITED,ASX,Materials,1987-05-14,1987,19716803.0,$5–25M,True,True
ERA,ERA.AX,ENERGY RESOURCES OF AUSTRALIA LIMITED,ASX,Energy,1980-11-19,1980,,,False,True
ERD,ERD.AX,EROAD LIMITED,ASX,Technology Hardware & Equipment,2020-09-18,2020,148404760.0,$100–500M,False,False
ERE,ERE.AX,EUROPEAN RESOURCES LIMITED,ASX,Materials,2020-12-04,2020,8398978.0,$5–25M,True,True
ERG,ERG.AX,ENECO REFRESH LTD,ASX,"Food, Beverage & Tobacco",2006-03-29,2006,3813017.0,< $5M,False,False
ERL,ERL.AX,EMPIRE RESOURCES LIMITED,ASX,Materials,2007-02-01,2007,14609991.0,$5–25M,True,True
ESK,ESK.AX,ETHERSTACK PLC,ASX,Software & Services,2012-09-07,2012,75774562.0,$25–100M,False,False
ESR,ESR.AX,ESTRELLA RESOURCES LIMITED,ASX,Materials,2012-05-09,2012,80371331.0,$25–100M,True,True
ETM,ETM.AX,ENERGY TRANSITION MINERALS LTD,ASX,Materials,2006-06-20,2006,106200027.0,$100–500M,True,True
EUR,EUR.AX,EUROPEAN LITHIUM LIMITED,ASX,Materials,2010-12-02,2010,578352253.0,$500M–2B,True,True
EV1,EV1.AX,EVOLUTION ENERGY MINERALS LIMITED,ASX,Materials,2021-11-16,2021,7350553.0,$5–25M,True,True
EV8,EV8.AX,EVERLAST MINERALS LTD.,ASX,Materials,2025-09-23,2025,52526002.0,$25–100M,True,True
EVE,EVE.AX,EVE HEALTH GROUP LIMITED.,ASX,Financial Services,2004-04-08,2004,5284899.0,$5–25M,False,False
EVG,EVG.AX,EVION GROUP NL,ASX,Materials,2018-01-19,2018,19275063.0,$5–25M,True,False
EVN,EVN.AX,EVOLUTION MINING LIMITED,ASX,Materials,2002-08-20,2002,32424156227.0,> $2B,True,True
EVO,EVO.AX,EMBARK EARLY EDUCATION LIMITED,ASX,Consumer Services,2014-12-05,2014,83501126.0,$25–100M,False,False
EVR,EVR.AX,EV RESOURCES LTD,ASX,Materials,1994-12-07,1994,15200016.0,$5–25M,True,True
EVT,EVT.AX,EVT LIMITED,ASX,Media & Entertainment,1962-06-30,1962,2507720971.0,> $2B,False,False
EVZ,EVZ.AX,EVZ LIMITED,ASX,Capital Goods,1985-04-26,1985,79584489.0,$25–100M,False,False
EWC,EWC.AX,ENERGY WORLD CORPORATION LTD,ASX,Utilities,1988-12-08,1988,258177110.0,$100–500M,False,False
EXL,EXL.AX,ELIXINOL WELLNESS LIMITED,ASX,Household & Personal Products,2018-01-08,2018,2897914.0,< $5M,False,False
EXP,EXP.AX,EXPERIENCE CO LIMITED,ASX,Consumer Services,2015-03-27,2015,70184067.0,$25–100M,False,False
EXR,EXR.AX,ELIXIR ENERGY LIMITED,ASX,Energy,2004-07-19,2004,93873116.0,$25–100M,False,False
EXT,EXT.AX,EXCITE TECHNOLOGY SERVICES LTD,ASX,Software & Services,2007-01-03,2007,13509598.0,$5–25M,False,False
EYE,EYE.AX,NOVA EYE MEDICAL LIMITED,ASX,Health Care Equipment & Services,1987-10-12,1987,39882540.0,$25–100M,False,False
EZL,EZL.AX,EUROZ HARTLEYS GROUP LIMITED,ASX,Financial Services,1971-08-02,1971,224982849.0,$100–500M,False,False
EZZ,EZZ.AX,EZZ LIFE SCIENCE HOLDINGS LIMITED,ASX,Consumer Discretionary Distribution & Retail,2021-03-03,2021,24462464.0,$5–25M,False,False
FAL,FAL.AX,FALCON METALS LTD,ASX,Materials,2021-12-22,2021,145377225.0,$100–500M,True,True
FAR,FAR.AX,FAR LIMITED,ASX,Energy,1986-01-23,1986,27722894.0,$25–100M,False,False
FAU,FAU.AX,FIRST AU LIMITED,ASX,Materials,1970-01-01,1970,37634802.0,$25–100M,True,False
FBR,FBR.AX,FBR LTD,ASX,Capital Goods,2001-02-08,2001,17929316.0,$5–25M,False,False
FBU,FBU.AX,FLETCHER BUILDING LIMITED,ASX,Capital Goods,2001-03-26,2001,3527842596.0,> $2B,False,False
FCG,FCG.AX,FREEDOM CARE GROUP HOLDINGS LIMITED,ASX,Health Care Equipment & Services,2023-11-30,2023,,,False,False
FCL,FCL.AX,FINEOS CORPORATION HOLDINGS PLC,ASX,Software & Services,2019-08-16,2019,800496431.0,$500M–2B,False,False
FCT,FCT.AX,FIRSTWAVE CLOUD TECHNOLOGY LIMITED,ASX,Software & Services,2011-05-11,2011,17015047.0,$5–25M,False,False
FDC,FDC.AX,FDC CONSOLIDATED HOLDINGS LIMITED,ASX,Capital Goods,2026-07-09,2026,1169144283.0,$500M–2B,False,False
FDR,FDR.AX,FINDER ENERGY HOLDINGS LIMITED,ASX,Energy,2022-04-08,2022,188445169.0,$100–500M,False,False
FDV,FDV.AX,FRONTIER DIGITAL VENTURES LIMITED,ASX,Media & Entertainment,2016-08-26,2016,139471117.0,$100–500M,False,False
FEG,FEG.AX,FAR EAST GOLD LTD,ASX,Materials,2022-03-28,2022,56298706.0,$25–100M,True,True
FEL,FEL.AX,FORTE ENERGY LIMITED,ASX,Energy,2013-04-30,2013,6062027.0,$5–25M,False,False
FEX,FEX.AX,FENIX RESOURCES LTD,ASX,Materials,2008-08-04,2008,204231480.0,$100–500M,True,True
FFG,FFG.AX,FATFISH GROUP LIMITED,ASX,Financial Services,1995-11-23,1995,,,False,False
FFI,FFI.AX,FFI HOLDINGS LIMITED,ASX,"Food, Beverage & Tobacco",1987-01-15,1987,67252690.0,$25–100M,False,False
FFM,FFM.AX,FIREFLY METALS LTD,ASX,Materials,2005-09-21,2005,1460693396.0,$500M–2B,True,True
FG1,FG1.AX,FLYNN GOLD LIMITED,ASX,Materials,2021-06-17,2021,12173106.0,$5–25M,True,True
FGG,FGG.AX,FUTURE GENERATION GLOBAL LIMITED,ASX,Not Applic,2015-09-10,2015,663490313.0,$500M–2B,False,False
FGH,FGH.AX,FORESTA GROUP HOLDINGS LIMITED,ASX,Materials,1999-01-05,1999,22864629.0,$5–25M,True,False
FGR,FGR.AX,FIRST GRAPHENE LIMITED,ASX,Materials,1994-08-08,1994,51316086.0,$25–100M,True,False
FGX,FGX.AX,FUTURE GENERATION AUSTRALIA LIMITED,ASX,Not Applic,1997-03-06,1997,560139960.0,$500M–2B,False,False
FHE,FHE.AX,FRONTIER ENERGY LIMITED,ASX,Materials,2009-12-18,2009,233640165.0,$100–500M,True,False
FHS,FHS.AX,FREEHILL MINING LIMITED.,ASX,Materials,2017-01-16,2017,4066520.0,< $5M,True,True
FID,FID.AX,FIDUCIAN GROUP LIMITED,ASX,Financial Services,2015-02-09,2015,310941087.0,$100–500M,False,False
FIN,FIN.AX,FIN RESOURCES LIMITED,ASX,Materials,1989-11-02,1989,6776518.0,$5–25M,True,True
FL1,FL1.AX,FIRST LITHIUM LIMITED,ASX,Materials,2000-02-21,2000,,,True,True
FLC,FLC.AX,FLUENCE CORPORATION LIMITED,ASX,Utilities,2007-12-18,2007,71031615.0,$25–100M,False,False
FLG,FLG.AX,FLAGSHIP MINERALS LIMITED,ASX,Materials,2020-10-08,2020,72432086.0,$25–100M,True,True
FLN,FLN.AX,FREELANCER LIMITED,ASX,Commercial & Professional Services,2013-11-15,2013,67637232.0,$25–100M,False,False
FLT,FLT.AX,FLIGHT CENTRE TRAVEL GROUP LIMITED,ASX,Consumer Services,1995-12-01,1995,2654030824.0,> $2B,False,False
FLX,FLX.AX,FELIX GROUP HOLDINGS LTD,ASX,Software & Services,2021-01-12,2021,14328036.0,$5–25M,False,False
FME,FME.AX,FUTURE METALS NL,ASX,Energy,2007-08-16,2007,14376012.0,$5–25M,False,True
FMG,FMG.AX,FORTESCUE LTD,ASX,Materials,1987-03-19,1987,54528468698.0,> $2B,True,False
FML,FML.AX,FOCUS MINERALS LTD,ASX,Materials,2000-09-13,2000,604638741.0,$500M–2B,True,True
FMN,FMN.AX,FAMIEN RESOURCES LIMITED,ASX,Materials,2013-10-08,2013,54092519.0,$25–100M,True,True
FMR,FMR.AX,FMR RESOURCES LIMITED,ASX,Materials,2010-11-30,2010,28167573.0,$25–100M,True,True
FND,FND.AX,FINDI LIMITED,ASX,Software & Services,2001-08-08,2001,,,False,False
FNR,FNR.AX,FAR NORTHERN RESOURCES LIMITED,ASX,Materials,2024-04-12,2024,10004559.0,$5–25M,True,True
FNX,FNX.AX,FINEXIA FINANCIAL GROUP LIMITED,ASX,Financial Services,2006-12-21,2006,,,False,False
FOS,FOS.AX,FOS CAPITAL LTD,ASX,Capital Goods,2021-06-07,2021,8248137.0,$5–25M,False,False
FPC,FPC.AX,FAT PROPHETS GLOBAL CONTRARIAN FUND LTD,ASX,Not Applic,2017-03-22,2017,44422934.0,$25–100M,False,False
FPH,FPH.AX,FISHER & PAYKEL HEALTHCARE CORPORATION LIMITED,ASX,Health Care Equipment & Services,2001-11-21,2001,21871155900.0,> $2B,False,False
FPR,FPR.AX,FLEETPARTNERS GROUP LIMITED,ASX,Financial Services,2015-04-22,2015,905799464.0,$500M–2B,False,False
FRB,FRB.AX,FIREBIRD METALS LIMITED,ASX,Materials,2021-03-18,2021,31001438.0,$25–100M,True,True
FRE,FRE.AX,FIREBRICK PHARMA LIMITED,ASX,"Pharmaceuticals, Biotechnology & Life Sciences",2022-01-28,2022,8328771.0,$5–25M,False,False
FRI,FRI.AX,FINBAR GROUP LIMITED,ASX,Real Estate Management & Development,1994-08-05,1994,213616666.0,$100–500M,False,False
FRM,FRM.AX,FARM PRIDE FOODS LIMITED,ASX,"Food, Beverage & Tobacco",1997-12-19,1997,54179296.0,$25–100M,False,False
FRS,FRS.AX,FORRESTANIA RESOURCES LIMITED,ASX,Materials,2021-09-30,2021,676335552.0,$500M–2B,True,True
FRW,FRW.AX,FREIGHTWAYS GROUP LIMITED,ASX,Transportation,2023-09-14,2023,1967730214.0,$500M–2B,False,False
FRX,FRX.AX,FLEXIROAM LIMITED,ASX,Telecommunication Services,2015-06-16,2015,37917950.0,$25–100M,False,False
FSA,FSA.AX,FSA GROUP LIMITED,ASX,Financial Services,2001-01-11,2001,154062013.0,$100–500M,False,False
FSI,FSI.AX,FLAGSHIP INVESTMENTS LIMITED,ASX,Not Applic,2000-12-20,2000,31028716.0,$25–100M,False,False
FTI,FTI.AX,FORTIFAI LTD,ASX,Media & Entertainment,2021-04-21,2021,220482272.0,$100–500M,False,False
FUL,FUL.AX,FULCRUM LITHIUM LTD,ASX,Materials,2024-11-22,2024,11130300.0,$5–25M,True,True
FUN,FUN.AX,FORTUNA METALS LTD,ASX,Materials,2003-04-09,2003,41327803.0,$25–100M,True,True
FWD,FWD.AX,FLEETWOOD LIMITED,ASX,Consumer Durables & Apparel,1987-04-15,1987,222500315.0,$100–500M,False,False
FXG,FXG.AX,FELIX GOLD LIMITED,ASX,Materials,2022-01-31,2022,121341593.0,$100–500M,True,True
FZR,FZR.AX,FITZROY RIVER CORPORATION LTD,ASX,Energy,1998-03-04,1998,27528334.0,$25–100M,False,False
G11,G11.AX,G11 RESOURCES LIMITED,ASX,Materials,2010-08-05,2010,28996471.0,$25–100M,True,True
G1C,G1C.AX,GROUP ONE CAPITAL LIMITED,ASX,Real Estate Management & Development,1986-07-17,1986,19397667.0,$5–25M,False,False
G50,G50.AX,G50 CORP LIMITED,ASX,Materials,2021-08-06,2021,140806910.0,$100–500M,True,False
G6M,G6M.AX,GROUP 6 METALS LIMITED,ASX,Materials,1967-09-21,1967,792487302.0,$500M–2B,True,True
G88,G88.AX,GOLDEN MILE RESOURCES LTD,ASX,Materials,2017-06-19,2017,5968414.0,$5–25M,True,True
GA8,GA8.AX,GOLDARC RESOURCES LIMITED,ASX,Materials,1986-06-30,1986,44903036.0,$25–100M,True,True
GAL,GAL.AX,GALILEO MINING LTD,ASX,Materials,2018-05-29,2018,25691241.0,$25–100M,True,True
GAP,GAP.AX,GALE PACIFIC LIMITED,ASX,Consumer Durables & Apparel,2000-12-14,2000,29886952.0,$25–100M,False,False
GAS,GAS.AX,STATE GAS LIMITED,ASX,Energy,2017-10-10,2017,6319059.0,$5–25M,False,False
GBE,GBE.AX,GLOBE METALS & MINING LIMITED,ASX,Materials,2005-12-09,2005,61504845.0,$25–100M,True,True
GBL,GBL.AX,GREAT BEAR EXPLORATION LTD,ASX,Energy,2006-04-21,2006,7968721.0,$5–25M,False,True
GBM,GBM.AX,GBM RESOURCES LIMITED.,ASX,Materials,2007-10-24,2007,112893193.0,$100–500M,True,True
GBR,GBR.AX,GREAT BOULDER RESOURCES LIMITED,ASX,Materials,2016-11-18,2016,197113186.0,$100–500M,True,True
GC1,GC1.AX,GLENNON SMALL COMPANIES LIMITED,ASX,Not Applic,2015-08-21,2015,20695489.0,$5–25M,False,False
GCI,GCI.AX,GRYPHON CAPITAL INCOME TRUST,ASX,Not Applic,2018-05-25,2018,1322777202.0,$500M–2B,False,False
GCM,GCM.AX,GCM CORPORATION LIMITED,ASX,Materials,2007-11-15,2007,22215138.0,$5–25M,True,False
GCR,GCR.AX,GOLDEN CROSS RESOURCES LTD,ASX,Materials,1996-03-27,1996,,,True,True
GDF,GDF.AX,GARDA PROPERTY GROUP,ASX,Equity Real Estate Investment Trusts (REITs),2015-07-02,2015,229539538.0,$100–500M,False,False
GDG,GDG.AX,GENERATION DEVELOPMENT GROUP LIMITED,ASX,Insurance,2007-12-11,2007,1555679126.0,$500M–2B,False,False
GDI,GDI.AX,GDI PROPERTY GROUP,ASX,Equity Real Estate Investment Trusts (REITs),2013-12-17,2013,358981953.0,$100–500M,False,False
GDM,GDM.AX,GREAT DIVIDE MINING LTD,ASX,Materials,2023-08-25,2023,22766260.0,$5–25M,True,True
GDR,GDR.AX,GOLDEN DRAGON MINING LTD,ASX,Materials,2025-10-29,2025,10505667.0,$5–25M,True,True
GED,GED.AX,GOLDEN DEEPS LIMITED.,ASX,Materials,1986-12-04,1986,11628363.0,$5–25M,True,False
GEM,GEM.AX,G8 EDUCATION LIMITED,ASX,Consumer Services,2007-12-05,2007,115733813.0,$100–500M,False,False
GEN,GEN.AX,GENMIN LIMITED,ASX,Materials,2021-03-10,2021,27676289.0,$25–100M,True,False
GES,GES.AX,GENESIS RESOURCES LIMITED,ASX,Materials,2009-10-27,2009,10959778.0,$5–25M,True,True
GFL,GFL.AX,GLOBAL MASTERS FUND LIMITED,ASX,Not Applic,2006-05-16,2006,33176277.0,$25–100M,False,False
GG1,GG1.AX,GREEN & GOLD MINERALS LIMITED,ASX,Materials,2025-10-08,2025,9257144.0,$5–25M,True,True
GG8,GG8.AX,GORILLA GOLD MINES LTD,ASX,Materials,1971-07-28,1971,256428573.0,$100–500M,True,True
GGE,GGE.AX,GRAND GULF ENERGY LIMITED,ASX,Energy,1998-03-20,1998,3120425.0,< $5M,False,False
GGP,GGP.AX,GREATLAND RESOURCES LIMITED,ASX,Materials,2025-06-24,2025,9182222783.0,> $2B,True,True
GGR,GGR.AX,GOLDEN GLOBE RESOURCES LTD.,ASX,Materials,2025-10-31,2025,21003632.0,$5–25M,True,True
GHM,GHM.AX,GOLDEN HORSE MINERALS LIMITED,ASX,Materials,2024-12-16,2024,150245715.0,$100–500M,True,True
GHY,GHY.AX,GOLD HYDROGEN LIMITED,ASX,Energy,2023-01-13,2023,98347585.0,$25–100M,False,True
GIB,GIB.AX,GIBB RIVER DIAMONDS LIMITED,ASX,Materials,2008-07-01,2008,7507831.0,$5–25M,True,True
GL1,GL1.AX,GLOBAL LITHIUM RESOURCES LIMITED,ASX,Materials,2021-05-06,2021,198408810.0,$100–500M,True,True
GLB,GLB.AX,GLOBE INTERNATIONAL LIMITED,ASX,Consumer Durables & Apparel,2001-05-24,2001,97439972.0,$25–100M,False,False
GLE,GLE.AX,GLG CORP LTD,ASX,Consumer Durables & Apparel,2005-12-14,2005,,,False,False
GLF,GLF.AX,GEMLIFE COMMUNITIES GROUP,ASX,Real Estate Management & Development,2025-07-03,2025,1878625002.0,$500M–2B,False,False
GLH,GLH.AX,GLOBAL HEALTH LIMITED,ASX,Health Care Equipment & Services,2000-04-04,2000,3586467.0,< $5M,False,False
GLL,GLL.AX,GALILEE ENERGY LIMITED,ASX,Energy,1996-02-15,1996,7245152.0,$5–25M,False,False
GLN,GLN.AX,GALAN LITHIUM LIMITED,ASX,Materials,2011-06-08,2011,481663920.0,$100–500M,True,True
GLS,GLS.AX,L1 GLOBAL LONG SHORT FUND LIMITED,ASX,Not Applic,1994-06-29,1994,1155559230.0,$500M–2B,False,False
GMD,GMD.AX,GENESIS MINERALS LIMITED,ASX,Materials,2007-08-02,2007,10174597644.0,> $2B,True,True
GMG,GMG.AX,GOODMAN GROUP,ASX,Equity Real Estate Investment Trusts (REITs),2005-02-02,2005,56845246401.0,> $2B,False,False
GML,GML.AX,GATEWAY MINING LIMITED,ASX,Materials,1971-08-02,1971,190470818.0,$100–500M,True,True
GMN,GMN.AX,GOLD MOUNTAIN LIMITED,ASX,Materials,2011-09-02,2011,21319853.0,$5–25M,True,True
GNC,GNC.AX,GRAINCORP LIMITED,ASX,Consumer Staples Distribution & Retail,1998-03-30,1998,1318379221.0,$500M–2B,False,False
GNE,GNE.AX,GENESIS ENERGY LIMITED,ASX,Utilities,2014-04-17,2014,2918775694.0,> $2B,False,False
GNG,GNG.AX,GR ENGINEERING SERVICES LIMITED,ASX,Materials,2011-04-19,2011,1074519589.0,$500M–2B,True,False
GNM,GNM.AX,GREAT NORTHERN MINERALS LIMITED,ASX,Materials,2008-03-05,2008,18272022.0,$5–25M,True,True
GNP,GNP.AX,GENUSPLUS GROUP LTD,ASX,Capital Goods,2020-12-14,2020,1768863224.0,$500M–2B,False,False
GOW,GOW.AX,GOWING BROS LIMITED,ASX,Financial Services,1962-07-31,1962,113190245.0,$100–500M,False,False
GOZ,GOZ.AX,GROWTHPOINT PROPERTIES AUSTRALIA,ASX,Equity Real Estate Investment Trusts (REITs),2007-07-04,2007,1584678367.0,$500M–2B,False,False
GPR,GPR.AX,GEOPACIFIC RESOURCES LTD,ASX,Materials,2006-05-09,2006,114567801.0,$100–500M,True,True
GPT,GPT.AX,GPT GROUP,ASX,Equity Real Estate Investment Trusts (REITs),1971-04-01,1971,8984058147.0,> $2B,False,False
GQG,GQG.AX,GQG PARTNERS INC.,ASX,Financial Services,2021-10-26,2021,4407440774.0,> $2B,False,False
GR8,GR8.AX,GREAT DIRT RESOURCES LTD,ASX,Materials,2023-11-10,2023,32073199.0,$25–100M,True,True
GRE,GRE.AX,GREENTECH METALS LIMITED,ASX,Materials,2022-01-04,2022,22470177.0,$5–25M,True,True
GRR,GRR.AX,GRANGE RESOURCES LIMITED.,ASX,Materials,1986-03-27,1986,150454031.0,$100–500M,True,True
GRS,GRS.AX,GWARDAR RESOURCES LIMITED,ASX,Materials,2026-07-31,2026,16170049.0,$5–25M,True,True
GRV,GRV.AX,GREENVALE ENERGY LTD,ASX,Energy,1971-07-28,1971,18581134.0,$5–25M,False,False
GRX,GRX.AX,GREENX METALS LIMITED,ASX,Materials,1993-09-06,1993,324746765.0,$100–500M,True,True
GSM,GSM.AX,GOLDEN STATE MINING LIMITED,ASX,Materials,2018-11-08,2018,5789583.0,$5–25M,True,True
GSN,GSN.AX,GREAT SOUTHERN MINING LIMITED,ASX,Materials,2011-04-14,2011,33913014.0,$25–100M,True,True
GSS,GSS.AX,GENETIC SIGNATURES LIMITED,ASX,"Pharmaceuticals, Biotechnology & Life Sciences",2015-03-31,2015,18171106.0,$5–25M,False,False
GT1,GT1.AX,GREEN TECHNOLOGY METALS LIMITED,ASX,Materials,2021-11-10,2021,22819520.0,$5–25M,True,True
GT3,GT3.AX,GREEN360 TECHNOLOGIES LIMITED,ASX,Materials,2011-05-17,2011,39715008.0,$25–100M,True,False
GTE,GTE.AX,GREAT WESTERN EXPLORATION LIMITED.,ASX,Materials,2007-06-05,2007,9331095.0,$5–25M,True,True
GTG,GTG.AX,GENETIC TECHNOLOGIES LIMITED,ASX,"Pharmaceuticals, Biotechnology & Life Sciences",1987-07-30,1987,,,False,False
GTI,GTI.AX,GRATIFII LIMITED,ASX,Software & Services,2008-07-17,2008,22079730.0,$5–25M,False,False
GTK,GTK.AX,GENTRACK GROUP LIMITED,ASX,Software & Services,2014-06-25,2014,401478541.0,$100–500M,False,False
GTN,GTN.AX,GTN LIMITED,ASX,Media & Entertainment,2016-06-01,2016,45759791.0,$25–100M,False,False
GUL,GUL.AX,GULLEWA LIMITED,ASX,Materials,1980-06-19,1980,15706596.0,$5–25M,True,False
GUM,GUM.AX,GUMTREE AUSTRALIA MARKETS LIMITED,ASX,Media & Entertainment,2016-09-15,2016,25378633.0,$25–100M,False,False
GVF,GVF.AX,STAUDE CAPITAL GLOBAL VALUE FUND LIMITED,ASX,Not Applic,2014-07-21,2014,277714907.0,$100–500M,False,False
GW1,GW1.AX,GREENWING RESOURCES LTD,ASX,Materials,2005-10-20,2005,51187448.0,$25–100M,True,True
GWA,GWA.AX,GWA GROUP LIMITED.,ASX,Capital Goods,1993-05-20,1993,524030070.0,$500M–2B,False,False
GWR,GWR.AX,GWR GROUP LIMITED,ASX,Materials,2004-12-24,2004,48822623.0,$25–100M,True,False
GYG,GYG.AX,GUZMAN Y GOMEZ LIMITED,ASX,Consumer Services,2024-06-20,2024,2993701041.0,> $2B,False,False
H2G,H2G.AX,H2G LIMITED,ASX,Commercial & Professional Services,1980-12-04,1980,9592081.0,$5–25M,False,False
H3E,H3E.AX,H3 ENERGY LIMITED,ASX,Energy,2004-03-10,2004,6703813.0,$5–25M,False,False
HAL,HAL.AX,HALO TECHNOLOGIES HOLDINGS LTD,ASX,Financial Services,2022-04-26,2022,4671033.0,< $5M,False,False
HAR,HAR.AX,HARANGA RESOURCES LIMITED.,ASX,Materials,2022-01-27,2022,37149032.0,$25–100M,True,True
HAS,HAS.AX,HASTINGS TECHNOLOGY METALS LTD,ASX,Materials,2008-02-20,2008,70288234.0,$25–100M,True,True
HAV,HAV.AX,HAVILAH RESOURCES LIMITED,ASX,Materials,2002-03-21,2002,265479305.0,$100–500M,True,True
HAW,HAW.AX,HAWTHORN RESOURCES LIMITED,ASX,Materials,1986-07-03,1986,25796202.0,$25–100M,True,True
HCF,HCF.AX,H&G HIGH CONVICTION LIMITED,ASX,Not Applic,2022-10-25,2022,,,False,False
HCH,HCH.AX,HOT CHILI LIMITED,ASX,Materials,2010-05-03,2010,347976340.0,$100–500M,True,False
HCL,HCL.AX,HIGHCOM LIMITED,ASX,Capital Goods,2005-09-15,2005,15582069.0,$5–25M,False,False
HCT,HCT.AX,HOLISTA COLLTECH LIMITED,ASX,Household & Personal Products,2004-02-26,2004,17656049.0,$5–25M,False,False
HCW,HCW.AX,HEALTHCO HEALTHCARE AND WELLNESS REIT,ASX,Equity Real Estate Investment Trusts (REITs),2021-09-06,2021,393375782.0,$100–500M,False,False
HDN,HDN.AX,HOMECO DAILY NEEDS REIT,ASX,Equity Real Estate Investment Trusts (REITs),2020-11-23,2020,2385136166.0,> $2B,False,False
HE8,HE8.AX,HELIOS ENERGY LTD,ASX,Energy,2010-10-20,2010,7768610.0,$5–25M,False,False
HFR,HFR.AX,HIGHFIELD RESOURCES LIMITED,ASX,Materials,2012-02-07,2012,9007464.0,$5–25M,True,True
HFY,HFY.AX,HUBIFY LIMITED,ASX,Telecommunication Services,2017-01-12,2017,6722153.0,$5–25M,False,False
HGH,HGH.AX,HEARTLAND GROUP HOLDINGS LIMITED,ASX,Banks,2018-11-01,2018,1020823533.0,$500M–2B,False,False
HGODB,HGODB.AX,HILLGROVE RESOURCES LIMITED,ASX,Materials,1994-07-22,1994,240670865.0,$100–500M,True,True
HIO,HIO.AX,HAWSONS IRON LTD,ASX,Materials,2007-11-14,2007,15159488.0,$5–25M,True,False
HIQ,HIQ.AX,HITIQ LIMITED,ASX,Health Care Equipment & Services,2021-06-16,2021,5617539.0,$5–25M,False,False
HIT,HIT.AX,HITECH GROUP AUSTRALIA LIMITED,ASX,Commercial & Professional Services,2000-04-17,2000,57105000.0,$25–100M,False,False
HLI,HLI.AX,HELIA GROUP LIMITED,ASX,Financial Services,2014-05-20,2014,1420335948.0,$500M–2B,False,False
HLO,HLO.AX,HELLOWORLD TRAVEL LIMITED,ASX,Consumer Services,2000-09-13,2000,257796261.0,$100–500M,False,False
HLS,HLS.AX,HEALIUS LIMITED,ASX,Health Care Equipment & Services,1998-07-03,1998,308616224.0,$100–500M,False,False
HLX,HLX.AX,HELIX RESOURCES LIMITED,ASX,Materials,1986-05-22,1986,5773343.0,$5–25M,True,True
HM1,HM1.AX,HEARTS AND MINDS INVESTMENTS LIMITED,ASX,Not Applic,2018-11-14,2018,682366858.0,$500M–2B,False,False
HMC,HMC.AX,HMC CAPITAL LIMITED,ASX,Financial Services,2019-10-14,2019,1208964092.0,$500M–2B,False,False
HMD,HMD.AX,HERAMED LIMITED,ASX,Health Care Equipment & Services,2018-12-12,2018,44028191.0,$25–100M,False,False
HMG,HMG.AX,HAMELIN GOLD LIMITED,ASX,Materials,2021-11-05,2021,60730468.0,$25–100M,True,True
HMI,HMI.AX,HIREMII LIMITED,ASX,Commercial & Professional Services,2021-05-11,2021,8223587.0,$5–25M,False,False
HMX,HMX.AX,HAMMER METALS LIMITED,ASX,Materials,2003-02-25,2003,71420696.0,$25–100M,True,True
HMY,HMY.AX,HARMONEY CORP LIMITED,ASX,Financial Services,2020-11-19,2020,82404894.0,$25–100M,False,False
HOR,HOR.AX,HORSESHOE METALS LIMITED,ASX,Materials,2010-07-29,2010,26250318.0,$25–100M,True,True
HPC,HPC.AX,THE HYDRATION PHARMACEUTICALS COMPANY LIMITED,ASX,Household & Personal Products,2021-12-14,2021,2151954.0,< $5M,False,False
HPG,HPG.AX,HIPAGES GROUP HOLDINGS LTD,ASX,Media & Entertainment,2020-11-12,2020,126323445.0,$100–500M,False,False
HPR,HPR.AX,HIGH PEAK ROYALTIES LIMITED,ASX,Energy,2007-03-30,2007,19813173.0,$5–25M,False,False
HRE,HRE.AX,HEAVY RARE EARTHS LIMITED,ASX,Materials,2022-08-24,2022,9569559.0,$5–25M,True,True
HRN,HRN.AX,HORIZON GOLD LIMITED,ASX,Materials,2016-12-21,2016,218167610.0,$100–500M,True,True
HSN,HSN.AX,HANSEN TECHNOLOGIES LIMITED,ASX,Software & Services,2000-06-01,2000,703569099.0,$500M–2B,False,False
HT8,HT8.AX,HARRIS TECHNOLOGY GROUP LIMITED,ASX,Transportation,1999-06-24,1999,7850545.0,$5–25M,False,False
HTM,HTM.AX,HIGH-TECH METALS LTD,ASX,Materials,2023-01-23,2023,26319956.0,$25–100M,True,True
HUB,HUB.AX,HUB24 LIMITED,ASX,Financial Services,2007-07-05,2007,6392256148.0,> $2B,False,False
HUM,HUM.AX,HUMM GROUP LIMITED,ASX,Financial Services,2006-12-12,2006,217113215.0,$100–500M,False,False
HVN,HVN.AX,HARVEY NORMAN HOLDINGS LIMITED,ASX,Consumer Discretionary Distribution & Retail,1987-09-03,1987,5769010808.0,> $2B,False,False
HVY,HVY.AX,HEAVY MINERALS LIMITED,ASX,Materials,2021-09-14,2021,28623501.0,$25–100M,True,True
HWK,HWK.AX,HAWK RESOURCES LIMITED.,ASX,Materials,2017-06-09,2017,22769443.0,$5–25M,True,True
HXL,HXL.AX,HEXIMA LIMITED.,ASX,"Pharmaceuticals, Biotechnology & Life Sciences",2020-12-01,2020,,,False,False
HYD,HYD.AX,HYDRIX LIMITED,ASX,Technology Hardware & Equipment,2001-05-11,2001,5798997.0,$5–25M,False,False
HYT,HYT.AX,HYTERRA LTD,ASX,Energy,2005-12-14,2005,13805207.0,$5–25M,False,False
HZN,HZN.AX,HORIZON OIL LIMITED,ASX,Energy,1981-06-30,1981,425874862.0,$100–500M,False,False
HZR,HZR.AX,HAZER GROUP LIMITED,ASX,Materials,2015-12-02,2015,91068265.0,$25–100M,True,False
I88,I88.AX,INFINI RESOURCES LIMITED,ASX,Materials,2024-01-15,2024,12984868.0,$5–25M,True,True
IAG,IAG.AX,INSURANCE AUSTRALIA GROUP LIMITED,ASX,Insurance,2000-08-08,2000,18376309770.0,> $2B,False,False
IAM,IAM.AX,INCOME ASSET MANAGEMENT GROUP LIMITED.,ASX,Financial Services,1987-01-14,1987,16755675.0,$5–25M,False,False
IBC,IBC.AX,IRONBARK BALANCED INCOME LIMITED,ASX,Not Applic,1987-04-02,1987,43660561.0,$25–100M,False,False
IBR,IBR.AX,IRON BEAR RESOURCES LTD,ASX,Materials,2001-06-07,2001,56418916.0,$25–100M,True,True
IBX,IBX.AX,IMAGION BIOSYSTEMS LIMITED,ASX,Health Care Equipment & Services,2017-06-22,2017,8010069.0,$5–25M,False,False
ICE,ICE.AX,ICETANA LIMITED,ASX,Software & Services,2019-12-23,2019,21258429.0,$5–25M,False,False
ICL,ICL.AX,ICENI GOLD LIMITED,ASX,Materials,2021-04-14,2021,8718145.0,$5–25M,True,True
ICR,ICR.AX,INTELICARE HOLDINGS LIMITED,ASX,Health Care Equipment & Services,2020-05-25,2020,20743897.0,$5–25M,False,False
ICU,ICU.AX,INVESTOR CENTRE LIMITED,ASX,Financial Services,2006-07-31,2006,,,False,False
ID8,ID8.AX,IDENTITII LIMITED,ASX,Software & Services,2018-10-17,2018,,,False,False
IDA,IDA.AX,INDIANA RESOURCES LIMITED,ASX,Materials,1986-07-17,1986,14173114.0,$5–25M,True,True
IDT,IDT.AX,IDT AUSTRALIA LIMITED,ASX,"Pharmaceuticals, Biotechnology & Life Sciences",1991-02-18,1991,17944986.0,$5–25M,False,False
IDX,IDX.AX,INTEGRAL DIAGNOSTICS LIMITED,ASX,Health Care Equipment & Services,2015-10-21,2015,895359689.0,$500M–2B,False,False
IEL,IEL.AX,IDP EDUCATION LIMITED,ASX,Consumer Services,2015-11-26,2015,502396861.0,$500M–2B,False,False
IEQ,IEQ.AX,INTERNATIONAL EQUITIES CORPORATION LIMITED.,ASX,Real Estate Management & Development,1993-03-11,1993,,,False,False
IFG,IFG.AX,INFOCUS GROUP HOLDINGS LIMITED,ASX,Software & Services,2004-08-10,2004,,,False,False
IFN,IFN.AX,INFRAGREEN GROUP LIMITED,ASX,Commercial & Professional Services,2025-06-25,2025,114343449.0,$100–500M,False,False
IFT,IFT.AX,INFRATIL LIMITED.,ASX,Capital Goods,2010-08-30,2010,12345917399.0,> $2B,False,False
IG6,IG6.AX,INTERNATIONAL GRAPHITE LIMITED,ASX,Capital Goods,2022-04-07,2022,13880889.0,$5–25M,False,True
IGL,IGL.AX,IVE GROUP LIMITED,ASX,Media & Entertainment,2015-12-16,2015,446635265.0,$100–500M,False,False
IGN,IGN.AX,IGNITE LIMITED,ASX,Commercial & Professional Services,1997-01-16,1997,12735959.0,$5–25M,False,False
IGO,IGO.AX,IGO LIMITED,ASX,Materials,2002-01-17,2002,6315613560.0,> $2B,True,False
IIQ,IIQ.AX,INOVIQ LTD,ASX,Health Care Equipment & Services,1991-04-18,1991,24635705.0,$5–25M,False,False
IKE,IKE.AX,IKEGPS GROUP LIMITED,ASX,Technology Hardware & Equipment,2016-11-21,2016,180365486.0,$100–500M,False,False
ILA,ILA.AX,ISLAND PHARMACEUTICALS LIMITED,ASX,"Pharmaceuticals, Biotechnology & Life Sciences",2021-04-13,2021,137684957.0,$100–500M,False,False
ILT,ILT.AX,ILTANI RESOURCES LIMITED.,ASX,Materials,2023-06-30,2023,43848409.0,$25–100M,True,True
ILU,ILU.AX,ILUKA RESOURCES LIMITED,ASX,Materials,1962-06-30,1962,3100292043.0,> $2B,True,True
IMA,IMA.AX,IMAGE RESOURCES NL,ASX,Materials,2002-07-04,2002,21187082.0,$5–25M,True,True
IMB,IMB.AX,INTELLIGENT MONITORING GROUP LIMITED,ASX,Commercial & Professional Services,1994-03-03,1994,275917806.0,$100–500M,False,False
IMC,IMC.AX,IMMURON LIMITED,ASX,"Pharmaceuticals, Biotechnology & Life Sciences",1999-04-30,1999,11945379.0,$5–25M,False,False
IMD,IMD.AX,IMDEX LIMITED,ASX,Materials,1987-09-24,1987,1878221125.0,$500M–2B,True,False
IME,IME.AX,IMEXHS LIMITED,ASX,Health Care Equipment & Services,2005-12-14,2005,16862671.0,$5–25M,False,False
IMI,IMI.AX,INFINITY MINING LIMITED,ASX,Materials,2021-12-22,2021,3919287.0,< $5M,True,True
IMM,IMM.AX,IMMUTEP LIMITED,ASX,"Pharmaceuticals, Biotechnology & Life Sciences",1988-06-23,1988,79580951.0,$25–100M,False,False
IMR,IMR.AX,IMRICOR MEDICAL SYSTEMS INC.,ASX,Health Care Equipment & Services,2019-08-30,2019,699157869.0,$500M–2B,False,False
IMU,IMU.AX,IMUGENE LIMITED,ASX,"Pharmaceuticals, Biotechnology & Life Sciences",1993-11-24,1993,35749548.0,$25–100M,False,False
INA,INA.AX,INGENIA COMMUNITIES GROUP,ASX,Equity Real Estate Investment Trusts (REITs),2004-07-01,2004,1736304705.0,$500M–2B,False,False
IND,IND.AX,INDUSTRIAL MINERALS LTD,ASX,Materials,2021-07-13,2021,12038700.0,$5–25M,True,True
INF,INF.AX,INFINITY METALS LIMITED,ASX,Materials,2011-04-15,2011,4952248.0,< $5M,True,True
ING,ING.AX,INGHAMS GROUP LIMITED,ASX,"Food, Beverage & Tobacco",2016-11-07,2016,754509590.0,$500M–2B,False,False
INR,INR.AX,IONEER LTD,ASX,Materials,2007-12-19,2007,339640878.0,$100–500M,True,False
INV,INV.AX,INVESTSMART GROUP LIMITED,ASX,Financial Services,2005-04-21,2005,16346001.0,$5–25M,False,False
IOD,IOD.AX,IODM LIMITED,ASX,Software & Services,2003-11-18,2003,63465938.0,$25–100M,False,False
ION,ION.AX,IONDRIVE LIMITED,ASX,Materials,2005-04-21,2005,77782058.0,$25–100M,True,False
IOV,IOV.AX,ION VIDEO LTD,ASX,Software & Services,2011-07-26,2011,56784292.0,$25–100M,False,False
IPC,IPC.AX,IMPERIAL PACIFIC LIMITED,ASX,Financial Services,1971-07-28,1971,,,False,False
IPD,IPD.AX,IMPEDIMED LIMITED,ASX,Health Care Equipment & Services,2007-10-24,2007,18312468.0,$5–25M,False,False
IPG,IPG.AX,IPD GROUP LTD,ASX,Capital Goods,2021-12-17,2021,583328479.0,$500M–2B,False,False
IPH,IPH.AX,IPH LIMITED,ASX,Commercial & Professional Services,2014-11-19,2014,941307551.0,$500M–2B,False,False
IPT,IPT.AX,IMPACT MINERALS LIMITED,ASX,Materials,2006-11-29,2006,15503514.0,$5–25M,True,True
IPX,IPX.AX,IPERIONX LIMITED,ASX,Materials,2018-04-16,2018,1104832497.0,$500M–2B,True,False
IRD,IRD.AX,IRON ROAD LIMITED,ASX,Materials,2008-06-12,2008,8822024.0,$5–25M,True,False
IRE,IRE.AX,IRESS LIMITED,ASX,Software & Services,2000-11-03,2000,1165566318.0,$500M–2B,False,False
IRI,IRI.AX,INTEGRATED RESEARCH LIMITED,ASX,Software & Services,2000-12-13,2000,52371623.0,$25–100M,False,False
IS3,IS3.AX,I SYNERGY GROUP LIMITED,ASX,Software & Services,2017-03-30,2017,10800689.0,$5–25M,False,False
ITM,ITM.AX,ITECH MINERALS LTD,ASX,Materials,2021-10-21,2021,13616467.0,$5–25M,True,True
ITS,ITS.AX,INFOTRUST LTD,ASX,Software & Services,1999-10-22,1999,42555082.0,$25–100M,False,False
IVG,IVG.AX,INVERT GRAPHITE LIMITED,ASX,"Pharmaceuticals, Biotechnology & Life Sciences",2004-03-19,2004,15762679.0,$5–25M,False,True
IVR,IVR.AX,INVESTIGATOR SILVER LIMITED,ASX,Materials,2007-04-03,2007,139011461.0,$100–500M,True,True
IVX,IVX.AX,INVION LIMITED,ASX,"Pharmaceuticals, Biotechnology & Life Sciences",2010-02-15,2010,4258825.0,< $5M,False,False
IVZ,IVZ.AX,INVICTUS ENERGY LTD,ASX,Energy,2012-01-19,2012,112539255.0,$100–500M,False,False
IXC,IXC.AX,INVEX THERAPEUTICS LTD,ASX,"Pharmaceuticals, Biotechnology & Life Sciences",2019-07-05,2019,9018462.0,$5–25M,False,False
IXR,IXR.AX,IONIC RARE EARTHS LIMITED,ASX,Materials,1999-12-10,1999,74174236.0,$25–100M,True,True
JAL,JAL.AX,JAMESON RESOURCES LIMITED,ASX,Materials,2007-12-18,2007,32519051.0,$25–100M,True,True
JAN,JAN.AX,JANISON EDUCATION GROUP LIMITED,ASX,Software & Services,2000-09-12,2000,31186590.0,$25–100M,False,False
JAT,JAT.AX,JATCORP LIMITED,ASX,Consumer Discretionary Distribution & Retail,2008-01-30,2008,12359209.0,$5–25M,False,False
JAV,JAV.AX,JAVELIN MINERALS LIMITED,ASX,Materials,2012-10-09,2012,20227440.0,$5–25M,True,True
JAY,JAY.AX,JAYRIDE GROUP LIMITED,ASX,Transportation,2018-01-29,2018,,,False,False
JBH,JBH.AX,JB HI-FI LIMITED,ASX,Consumer Discretionary Distribution & Retail,2003-10-23,2003,7620578476.0,> $2B,False,False
JCS,JCS.AX,JCURVE SOLUTIONS LTD,ASX,Software & Services,2000-12-08,2000,12756364.0,$5–25M,False,False
JDO,JDO.AX,JUDO CAPITAL HOLDINGS LIMITED,ASX,Banks,2021-11-01,2021,1156024234.0,$500M–2B,False,False
JGH,JGH.AX,JADE GAS HOLDINGS LIMITED,ASX,Materials,1995-02-13,1995,172965808.0,$100–500M,True,False
JHX,JHX.AX,JAMES HARDIE INDUSTRIES PLC,ASX,Materials,2001-10-15,2001,24738549005.0,> $2B,True,False
JIN,JIN.AX,JUMBO INTERACTIVE LIMITED,ASX,Consumer Services,1972-06-14,1972,485272781.0,$100–500M,False,False
JLL,JLL.AX,JINDALEE LITHIUM LIMITED,ASX,Materials,2002-07-11,2002,47970620.0,$25–100M,True,True
JMS,JMS.AX,JUPITER MINES LIMITED.,ASX,Materials,2018-04-18,2018,520950396.0,$500M–2B,True,True
JNO,JNO.AX,JUNO MINERALS LIMITED,ASX,Materials,2021-05-14,2021,5858637.0,$5–25M,True,True
JNS,JNS.AX,JANUS ELECTRIC HOLDINGS LIMITED,ASX,Utilities,2002-09-12,2002,72415194.0,$25–100M,False,False
JPR,JPR.AX,JUPITER ENERGY LIMITED,ASX,Energy,2003-11-12,2003,32038805.0,$25–100M,False,False
JYC,JYC.AX,JOYCE CORPORATION LTD,ASX,Consumer Discretionary Distribution & Retail,1986-12-17,1986,184807931.0,$100–500M,False,False
KAL,KAL.AX,KALGOORLIE GOLD MINING LIMITED,ASX,Materials,2021-11-17,2021,13220235.0,$5–25M,True,True
KAM,KAM.AX,K2 ASSET MANAGEMENT HOLDINGS LTD,ASX,Financial Services,2007-11-29,2007,12536430.0,$5–25M,False,False
KAO,KAO.AX,KAOKO METALS LIMITED,ASX,Materials,2026-05-07,2026,46673550.0,$25–100M,True,True
KAR,KAR.AX,KAROON ENERGY LTD,ASX,Energy,2004-06-08,2004,1232274517.0,$500M–2B,False,False
KAT,KAT.AX,KATANA CAPITAL LIMITED,ASX,Not Applic,2005-12-23,2005,43419981.0,$25–100M,False,False
KAU,KAU.AX,KAISER REEF LIMITED,ASX,Materials,2020-02-28,2020,142250764.0,$100–500M,True,False
KCC,KCC.AX,KINCORA COPPER LIMITED,ASX,Materials,2021-03-30,2021,41054865.0,$25–100M,True,True
KCN,KCN.AX,KINGSGATE CONSOLIDATED LIMITED.,ASX,Materials,1988-04-21,1988,1412715735.0,$500M–2B,True,False
KEY,KEY.AX,KEY PETROLEUM LIMITED,ASX,Energy,2007-04-26,2007,3502737.0,< $5M,False,False
KFM,KFM.AX,KINGFISHER MINING LTD,ASX,Materials,2020-12-11,2020,9678743.0,$5–25M,True,True
KGL,KGL.AX,KGL RESOURCES LIMITED,ASX,Materials,2005-03-17,2005,386136430.0,$100–500M,True,True
KGN,KGN.AX,KOGAN.COM LTD,ASX,Consumer Discretionary Distribution & Retail,2016-07-07,2016,363063490.0,$100–500M,False,False
KIT,KIT.AX,KAPSTREAM INVESTMENT TRUST,ASX,Class Pend,2026-03-30,2026,181606848.0,$100–500M,False,False
KKC,KKC.AX,KKR CREDIT INCOME FUND,ASX,Not Applic,2019-11-21,2019,696673183.0,$500M–2B,False,False
KKO,KKO.AX,KINETIKO ENERGY LTD,ASX,Energy,2011-07-21,2011,72963698.0,$25–100M,False,False
KLI,KLI.AX,KILLI RESOURCES LIMITED,ASX,Materials,2022-02-10,2022,100998716.0,$100–500M,True,True
KLR,KLR.AX,KAILI RESOURCES LIMITED,ASX,Energy,1997-03-06,1997,13855634.0,$5–25M,False,True
KLS,KLS.AX,KELSIAN GROUP LIMITED,ASX,Transportation,2013-10-16,2013,1298518988.0,$500M–2B,False,False
KLVDA,KLVDA.AX,KLEVO REWARDS LIMITED,ASX,Commercial & Professional Services,2022-02-11,2022,,,False,False
KM1,KM1.AX,KALI METALS LIMITED,ASX,Materials,2024-01-08,2024,20944025.0,$5–25M,True,True
KMD,KMD.AX,KMD BRANDS LIMITED,ASX,Consumer Discretionary Distribution & Retail,2009-11-13,2009,102926863.0,$100–500M,False,False
KME,KME.AX,KIP MCGRATH EDUCATION CENTRES LIMITED,ASX,Consumer Services,2003-08-15,2003,38318291.0,$25–100M,False,False
KNB,KNB.AX,KOONENBERRY GOLD LIMITED,ASX,Materials,2021-09-28,2021,30819062.0,$25–100M,True,True
KNG,KNG.AX,KINGSLAND MINERALS LTD,ASX,Materials,2022-06-14,2022,5618430.0,$5–25M,True,True
KNI,KNI.AX,KUNIKO LIMITED,ASX,Materials,2021-08-24,2021,6138415.0,$5–25M,True,False
KNO,KNO.AX,KNOSYS LIMITED,ASX,Software & Services,2015-09-09,2015,5403467.0,$5–25M,False,False
KOA,KOA.AX,THE KOALA COMPANY LIMITED,ASX,Consumer Discretionary Distribution & Retail,2026-03-31,2026,315996607.0,$100–500M,False,False
KOB,KOB.AX,KOBA RESOURCES LIMITED,ASX,Materials,2022-05-04,2022,11998207.0,$5–25M,True,True
KOV,KOV.AX,KORVEST LTD,ASX,Capital Goods,1970-09-17,1970,204926392.0,$100–500M,False,False
KP2,KP2.AX,KORE POTASH PLC,ASX,Materials,2017-11-07,2017,310556299.0,$100–500M,True,True
KPG,KPG.AX,KELLY PARTNERS GROUP HOLDINGS LIMITED,ASX,Commercial & Professional Services,2017-06-21,2017,212792298.0,$100–500M,False,False
KPO,KPO.AX,KALINA POWER LIMITED,ASX,Utilities,1971-08-02,1971,67459476.0,$25–100M,False,False
KRM,KRM.AX,KINGSROSE MINING LIMITED,ASX,Materials,2007-12-07,2007,19591689.0,$5–25M,True,True
KRR,KRR.AX,KING RIVER RESOURCES LIMITED,ASX,Materials,2007-09-21,2007,121569789.0,$100–500M,True,True
KSC,KSC.AX,K & S CORPORATION LIMITED,ASX,Transportation,1971-08-25,1971,421489721.0,$100–500M,False,False
KSL,KSL.AX,KINA SECURITIES LIMITED,ASX,Banks,2015-07-30,2015,353198755.0,$100–500M,False,False
KSN,KSN.AX,KINGSTON RESOURCES LIMITED,ASX,Materials,1987-03-05,1987,44909439.0,$25–100M,True,True
KTA,KTA.AX,KRAKATOA RESOURCES LIMITED,ASX,Materials,2012-12-28,2012,14085827.0,$5–25M,True,True
KTK,KTK.AX,KTEK AEROSYSTEMS LTD,ASX,Capital Goods,2026-05-18,2026,29505000.0,$25–100M,False,False
KYN,KYN.AX,KYRON CAPITAL GROUP,ASX,Consumer Services,2014-07-11,2014,6859917.0,$5–25M,False,False
KYP,KYP.AX,KINATICO LTD,ASX,Software & Services,2015-09-08,2015,63311275.0,$25–100M,False,False
KZR,KZR.AX,KALAMAZOO RESOURCES LIMITED,ASX,Materials,2017-01-16,2017,60763079.0,$25–100M,True,True
L1G,L1G.AX,L1 GROUP LIMITED,ASX,Financial Services,2007-05-23,2007,3413513474.0,> $2B,False,False
L1M,L1M.AX,LIGHTNING MINERALS LTD,ASX,Materials,2022-11-22,2022,4941379.0,< $5M,True,True
LAC,LAC.AX,LAC GOLD LIMITED,ASX,Materials,2005-10-25,2005,77366302.0,$25–100M,True,True
LAM,LAM.AX,LARAMIDE RESOURCES LTD,ASX,Energy,2013-04-30,2013,190107824.0,$100–500M,False,True
LAT,LAT.AX,LATITUDE 66 LIMITED,ASX,Materials,2007-12-13,2007,23665976.0,$5–25M,True,False
LAU,LAU.AX,LINDSAY AUSTRALIA LIMITED,ASX,Transportation,1994-07-05,1994,282013700.0,$100–500M,False,False
LBL,LBL.AX,LASERBOND LIMITED,ASX,Capital Goods,2007-12-17,2007,63439052.0,$25–100M,False,False
LCE,LCE.AX,LONDON CITY EQUITIES LIMITED,ASX,Financial Services,1987-03-06,1987,,,False,False
LCL,LCL.AX,LCL RESOURCES LIMITED,ASX,Materials,2007-10-02,2007,8438550.0,$5–25M,True,True
LCY,LCY.AX,LEGACY IRON ORE LIMITED,ASX,Materials,2008-07-08,2008,39048170.0,$25–100M,True,True
LDR,LDR.AX,LODE RESOURCES LTD,ASX,Materials,2021-07-02,2021,22325704.0,$5–25M,True,True
LDX,LDX.AX,LUMOS DIAGNOSTICS HOLDINGS LIMITED,ASX,Health Care Equipment & Services,2021-07-05,2021,94482036.0,$25–100M,False,False
LED,LED.AX,LDR CAPITAL PROPERTY FUND,ASX,Equity Real Estate Investment Trusts (REITs),2019-12-06,2019,211641209.0,$100–500M,False,False
LEG,LEG.AX,LEGEND MINING LIMITED,ASX,Materials,1995-08-25,1995,23315817.0,$5–25M,True,True
LEL,LEL.AX,LE MINERALS LIMITED,ASX,Materials,2021-05-19,2021,35840502.0,$25–100M,True,True
LEX,LEX.AX,LEFROY EXPLORATION LIMITED,ASX,Materials,1991-09-05,1991,42575335.0,$25–100M,True,True
LF1,LF1.AX,LA TROBE PRIVATE CREDIT FUND,ASX,Not Applic,2025-06-27,2025,259896423.0,$100–500M,False,False
LFG,LFG.AX,LIBERTY FINANCIAL GROUP,ASX,Financial Services,2020-12-15,2020,1059564000.0,$500M–2B,False,False
LFS,LFS.AX,LATITUDE GROUP HOLDINGS LIMITED,ASX,Financial Services,2021-04-20,2021,972150262.0,$500M–2B,False,False
LFT,LFT.AX,LI-FT POWER LTD.,ASX,Materials,2026-05-26,2026,251817862.0,$100–500M,True,False
LGF,LGF.AX,L1 GOLD FUND LIMITED,ASX,Not Applic,2026-04-24,2026,1144750002.0,$500M–2B,False,True
LGI,LGI.AX,LGI LIMITED,ASX,Utilities,2022-10-04,2022,250325463.0,$100–500M,False,False
LGM,LGM.AX,LEGACY MINERALS HOLDINGS LIMITED,ASX,Materials,2021-09-13,2021,25014404.0,$25–100M,True,True
LGP,LGP.AX,LITTLE GREEN PHARMA LTD,ASX,"Pharmaceuticals, Biotechnology & Life Sciences",2020-02-20,2020,57958508.0,$25–100M,False,False
LIB,LIB.AX,LIBERTY METALS LTD,ASX,Materials,2003-11-20,2003,40564875.0,$25–100M,True,True
LIC,LIC.AX,LIFESTYLE COMMUNITIES LIMITED,ASX,Real Estate Management & Development,1998-12-15,1998,696353109.0,$500M–2B,False,False
LIN,LIN.AX,LINDIAN RESOURCES LIMITED,ASX,Materials,2000-03-02,2000,1461023160.0,$500M–2B,True,True
LIO,LIO.AX,LION ENERGY LIMITED,ASX,Energy,1972-02-15,1972,4521677.0,< $5M,False,False
LIS,LIS.AX,LI-S ENERGY LIMITED,ASX,Capital Goods,2021-09-28,2021,96030035.0,$25–100M,False,False
LIT,LIT.AX,LIVIUM LTD,ASX,Materials,2007-10-30,2007,15150570.0,$5–25M,True,False
LKE,LKE.AX,LAKE RESOURCES N.L.,ASX,Materials,2001-08-29,2001,118343335.0,$100–500M,True,True
LKO,LKO.AX,LAKES BLUE ENERGY NL,ASX,Energy,1985-12-05,1985,24920899.0,$5–25M,False,False
LKY,LKY.AX,LOCKSLEY RESOURCES LIMITED,ASX,Materials,2021-07-08,2021,21416371.0,$5–25M,True,True
LLC,LLC.AX,LENDLEASE GROUP,ASX,Real Estate Management & Development,1962-06-30,1962,2024311172.0,> $2B,False,False
LLM,LLM.AX,LOYAL METALS LTD,ASX,Materials,2021-07-06,2021,,,True,True
LM1,LM1.AX,LEEUWIN METALS LTD,ASX,Materials,2023-03-29,2023,27917440.0,$25–100M,True,True
LM8,LM8.AX,LUNNON METALS LIMITED,ASX,Materials,2021-06-16,2021,70498993.0,$25–100M,True,True
LMG,LMG.AX,LATROBE MAGNESIUM LIMITED,ASX,Materials,1986-12-18,1986,27318809.0,$25–100M,True,False
LML,LML.AX,LINCOLN MINERALS LIMITED,ASX,Materials,2007-03-09,2007,20324103.0,$5–25M,True,True
LMS,LMS.AX,LITCHFIELD MINERALS LIMITED,ASX,Materials,2024-03-15,2024,13108212.0,$5–25M,True,True
LNQ,LNQ.AX,LINQ MINERALS LIMITED,ASX,Materials,2025-06-27,2025,76906263.0,$25–100M,True,True
LNW,LNW.AX,LIGHT & WONDER INC.,ASX,Consumer Services,2023-05-22,2023,10017934514.0,> $2B,False,False
LOT,LOT.AX,LOTUS RESOURCES LIMITED,ASX,Materials,2009-02-18,2009,150365730.0,$100–500M,True,True
LOV,LOV.AX,LOVISA HOLDINGS LIMITED,ASX,Consumer Discretionary Distribution & Retail,2014-12-18,2014,2713093103.0,> $2B,False,False
LPE,LPE.AX,LOCALITY PLANNING ENERGY HOLDINGS LIMITED,ASX,Utilities,2011-10-11,2011,18262444.0,$5–25M,False,False
LPM,LPM.AX,LITHIUM PLUS MINERALS LTD.,ASX,Materials,2022-04-26,2022,20064200.0,$5–25M,True,True
LRD,LRD.AX,LORD RESOURCES LIMITED,ASX,Materials,2022-04-07,2022,2480828.0,< $5M,True,True
LRK,LRK.AX,LARK DISTILLING CO. LTD,ASX,"Food, Beverage & Tobacco",2003-11-12,2003,95574728.0,$25–100M,False,False
LRM,LRM.AX,LION ROCK MINERALS LTD,ASX,Materials,2003-07-17,2003,65950509.0,$25–100M,True,True
LRT,LRT.AX,LOWELL RESOURCES FUND,ASX,Not Applic,2018-03-22,2018,103322475.0,$100–500M,False,True
LRV,LRV.AX,LARVOTTO RESOURCES LIMITED,ASX,Materials,2021-12-06,2021,664801121.0,$500M–2B,True,True
LSA,LSA.AX,LACHLAN STAR LIMITED,ASX,Materials,1971-07-28,1971,52017914.0,$25–100M,True,False
LSF,LSF.AX,L1 LONG SHORT FUND LIMITED,ASX,Not Applic,2018-04-24,2018,3014679745.0,> $2B,False,False
LSR,LSR.AX,LODESTAR MINERALS LIMITED,ASX,Materials,2007-12-21,2007,13110121.0,$5–25M,True,True
LSX,LSX.AX,LION SELECTION GROUP LIMITED.,ASX,Not Applic,2013-03-13,2013,138278300.0,$100–500M,False,False
LTP,LTP.AX,LTR PHARMA LIMITED,ASX,"Pharmaceuticals, Biotechnology & Life Sciences",2023-12-11,2023,89071017.0,$25–100M,False,False
LTR,LTR.AX,LIONTOWN LIMITED,ASX,Materials,2006-12-27,2006,3846724245.0,> $2B,True,False
LU7,LU7.AX,LITHIUM UNIVERSE LIMITED,ASX,Materials,2011-10-19,2011,11151151.0,$5–25M,True,True
LUX,LUX.AX,LUX COPPER CORP. LTD,ASX,Materials,2026-07-17,2026,39296552.0,$25–100M,True,True
LVE,LVE.AX,LOVE GROUP GLOBAL LTD,ASX,Software & Services,2014-12-05,2014,3850746.0,< $5M,False,False
LYC,LYC.AX,LYNAS RARE EARTHS LIMITED,ASX,Materials,1986-09-11,1986,16697877769.0,> $2B,True,True
LYL,LYL.AX,LYCOPODIUM LIMITED,ASX,Capital Goods,2004-12-17,2004,847659021.0,$500M–2B,False,False
M24,M24.AX,MAMBA EXPLORATION LIMITED,ASX,Materials,2021-02-05,2021,8288045.0,$5–25M,True,True
M2M,M2M.AX,MT MALCOLM MINES NL,ASX,Materials,2021-09-10,2021,6971672.0,$5–25M,True,True
M2R,M2R.AX,MIRAMAR RESOURCES LIMITED,ASX,Materials,2020-10-22,2020,5273975.0,$5–25M,True,True
M3M,M3M.AX,M3 MINING LIMITED,ASX,Materials,2021-07-29,2021,4802524.0,< $5M,True,True
M4M,M4M.AX,MACRO METALS LIMITED,ASX,Materials,1987-01-16,1987,32029415.0,$25–100M,True,True
M79,M79.AX,MAMMOTH MINERALS LIMITED,ASX,Materials,2022-04-13,2022,23474345.0,$5–25M,True,True
M7T,M7T.AX,MACH7 TECHNOLOGIES LIMITED,ASX,Health Care Equipment & Services,2005-11-30,2005,66977768.0,$25–100M,False,False
M96,M96.AX,MAVERICK MINERALS AUSTRALIA LTD,ASX,Materials,2008-01-15,2008,16623958.0,$5–25M,True,True
MA1,MA1.AX,MA CREDIT INCOME TRUST,ASX,Not Applic,2025-03-05,2025,558066709.0,$500M–2B,False,False
MAD,MAD.AX,MADER GROUP LIMITED,ASX,Commercial & Professional Services,2019-10-01,2019,1348951257.0,$500M–2B,False,False
MAF,MAF.AX,MA FINANCIAL GROUP LIMITED,ASX,Financial Services,2017-04-10,2017,1296077165.0,$500M–2B,False,False
MAG,MAG.AX,MAGMATIC RESOURCES LIMITED,ASX,Materials,2017-05-19,2017,14062469.0,$5–25M,True,True
MAH,MAH.AX,MACMAHON HOLDINGS LIMITED,ASX,Materials,1983-12-01,1983,2241185251.0,> $2B,True,False
MAM,MAM.AX,MICROEQUITIES ASSET MANAGEMENT GROUP LIMITED,ASX,Financial Services,2018-04-30,2018,51906623.0,$25–100M,False,False
MAN,MAN.AX,MANDRAKE RESOURCES LIMITED,ASX,Materials,1987-05-29,1987,11917938.0,$5–25M,True,True
MAP,MAP.AX,MICROBA LIFE SCIENCES LIMITED,ASX,Health Care Equipment & Services,2022-04-05,2022,39441450.0,$25–100M,False,False
MAQ,MAQ.AX,MACQUARIE TECHNOLOGY GROUP LIMITED,ASX,Software & Services,1999-09-27,1999,1533537054.0,$500M–2B,False,False
MAT,MAT.AX,MATSA RESOURCES LIMITED,ASX,Materials,2005-04-20,2005,45646032.0,$25–100M,True,True
MAY,MAY.AX,MELBANA ENERGY LIMITED,ASX,Energy,1998-03-27,1998,17018860.0,$5–25M,False,False
MBG,MBG.AX,MB GOLD LIMITED,ASX,Materials,2026-02-06,2026,8738559.0,$5–25M,True,True
MBH,MBH.AX,MAGGIE BEER HOLDINGS LTD,ASX,"Food, Beverage & Tobacco",2004-08-27,2004,28223304.0,$25–100M,False,False
MBK,MBK.AX,METAL BANK LIMITED,ASX,Materials,2011-03-02,2011,10030436.0,$5–25M,True,False
MC2,MC2.AX,MARIMACA COPPER CORP.,ASX,Materials,2025-04-02,2025,1102880524.0,$500M–2B,True,True
MCA,MCA.AX,MURRAY COD AUSTRALIA LIMITED,ASX,"Food, Beverage & Tobacco",2011-03-30,2011,37180589.0,$25–100M,False,False
MCM,MCM.AX,MC MINING LIMITED,ASX,Energy,1980-04-24,1980,232354431.0,$100–500M,False,True
MCO,MCO.AX,MYECO GROUP LTD,ASX,Materials,1996-11-21,1996,13279421.0,$5–25M,True,False
MCP,MCP.AX,MCPHERSON'S LIMITED,ASX,Household & Personal Products,1962-06-30,1962,19793007.0,$5–25M,False,False
MCY,MCY.AX,MERCURY NZ LIMITED,ASX,Utilities,2013-05-10,2013,8136983819.0,> $2B,False,False
MDI,MDI.AX,MIDDLE ISLAND RESOURCES LIMITED,ASX,Materials,2010-12-16,2010,15893148.0,$5–25M,True,True
MDX,MDX.AX,MINDAX LIMITED,ASX,Materials,2004-12-08,2004,106344834.0,$100–500M,True,False
MEC,MEC.AX,MORPHIC ETHICAL EQUITIES FUND LIMITED,ASX,Financial Services,2017-05-03,2017,38062542.0,$25–100M,False,False
MEG,MEG.AX,MEGADO MINERALS LTD,ASX,Materials,2020-10-27,2020,12251615.0,$5–25M,True,True
MEI,MEI.AX,METEORIC RESOURCES LIMITED,ASX,Materials,2004-07-16,2004,668522324.0,$500M–2B,True,True
MEK,MEK.AX,MEEKA METALS LIMITED,ASX,Materials,1999-12-21,1999,387742884.0,$100–500M,True,True
MEL,MEL.AX,METGASCO LTD,ASX,Energy,2004-12-23,2004,367423.0,< $5M,False,False
MEM,MEM.AX,MEMPHASYS LIMITED.,ASX,"Pharmaceuticals, Biotechnology & Life Sciences",2007-05-14,2007,18523402.0,$5–25M,False,False
MEU,MEU.AX,MARMOTA LIMITED,ASX,Energy,2007-11-21,2007,129541690.0,$100–500M,False,False
MEX,MEX.AX,MINERALS EXPLORATION LIMITED,ASX,Materials,2022-06-07,2022,10941635.0,$5–25M,True,True
MEZ,MEZ.AX,MERIDIAN ENERGY LIMITED,ASX,Utilities,2013-10-29,2013,12421921806.0,> $2B,False,False
MFD,MFD.AX,MAYFIELD CHILDCARE LIMITED,ASX,Consumer Services,2016-11-30,2016,7919584.0,$5–25M,False,False
MFDN,MFDN.AX,MAYFIELD CHILDCARE LIMITED,ASX,Consumer Services,2016-11-30,2016,,,False,False
MFF,MFF.AX,MFF CAPITAL INVESTMENTS LIMITED,ASX,Not Applic,2006-12-19,2006,3161114588.0,> $2B,False,False
MFG,MFG.AX,MAGELLAN FINANCIAL GROUP LIMITED,ASX,Financial Services,2004-07-01,2004,3154313130.0,> $2B,False,False
MGA,MGA.AX,METALSGROVE MINING LTD,ASX,Materials,2022-07-06,2022,15523966.0,$5–25M,True,True
MGH,MGH.AX,MAAS GROUP HOLDINGS LIMITED,ASX,Capital Goods,2020-12-04,2020,2092119645.0,> $2B,False,False
MGL,MGL.AX,MAGONTEC LIMITED,ASX,Materials,1983-07-07,1983,11007613.0,$5–25M,True,False
MGR,MGR.AX,MIRVAC GROUP,ASX,Equity Real Estate Investment Trusts (REITs),1999-06-16,1999,7398487907.0,> $2B,False,False
MGT,MGT.AX,MAGNETITE MINES LIMITED.,ASX,Materials,2006-04-06,2006,4122256.0,< $5M,True,True
MGU,MGU.AX,MAGNUM MINING AND EXPLORATION LIMITED,ASX,Materials,1987-04-23,1987,25704297.0,$25–100M,True,True
MGX,MGX.AX,MGX RESOURCES LIMITED,ASX,Materials,1976-02-12,1976,436758632.0,$100–500M,True,True
MHC,MHC.AX,MANHATTAN GOLD CORPORATION LIMITED,ASX,Energy,2008-01-29,2008,18642165.0,$5–25M,False,True
MHJ,MHJ.AX,MICHAEL HILL INTERNATIONAL LIMITED,ASX,Consumer Discretionary Distribution & Retail,2016-07-07,2016,132770698.0,$100–500M,False,False
MHK,MHK.AX,METAL HAWK LIMITED.,ASX,Materials,2020-11-19,2020,17891922.0,$5–25M,True,False
MHM,MHM.AX,MOUNT HOPE MINING LIMITED,ASX,Materials,2024-12-20,2024,12738750.0,$5–25M,True,True
MI6,MI6.AX,MINERALS 260 LIMITED,ASX,Materials,2021-10-12,2021,2088955300.0,> $2B,True,True
MIN,MIN.AX,MINERAL RESOURCES LIMITED,ASX,Materials,2006-07-28,2006,13238464030.0,> $2B,True,True
MIO,MIO.AX,MACARTHUR MINERALS LIMITED,ASX,Materials,2019-12-06,2019,9663771.0,$5–25M,True,True
MIR,MIR.AX,MIRRABOOKA INVESTMENTS LIMITED,ASX,Not Applic,2001-06-28,2001,580465214.0,$500M–2B,False,False
MKR,MKR.AX,MANUKA RESOURCES LTD.,ASX,Materials,2020-07-14,2020,144400410.0,$100–500M,True,True
ML8,ML8.AX,MOONLIGHT RESOURCES LTD,ASX,Materials,2025-12-11,2025,15994083.0,$5–25M,True,True
MLG,MLG.AX,MLG OZ LIMITED,ASX,Materials,2021-05-04,2021,134683207.0,$100–500M,True,False
MLS,MLS.AX,METALS AUSTRALIA LTD,ASX,Materials,1986-01-23,1986,14684390.0,$5–25M,True,True
MLX,MLX.AX,METALS X LIMITED,ASX,Materials,2004-08-26,2004,1684143922.0,$500M–2B,True,True
MM1,MM1.AX,MIDAS MINERALS LTD,ASX,Materials,2021-09-07,2021,321163667.0,$100–500M,True,True
MM8,MM8.AX,MEDALLION METALS LIMITED.,ASX,Materials,2021-03-22,2021,449826918.0,$100–500M,True,True
MMA,MMA.AX,MARONAN METALS LIMITED,ASX,Materials,2022-04-29,2022,157134771.0,$100–500M,True,True
MME,MME.AX,MONEYME LIMITED,ASX,Financial Services,2019-12-12,2019,58530978.0,$25–100M,False,False
MMI,MMI.AX,METRO MINING LIMITED,ASX,Materials,2009-12-04,2009,453007602.0,$100–500M,True,True
MML,MML.AX,MCLAREN MINERALS LIMITED,ASX,Materials,2022-05-02,2022,7581917.0,$5–25M,True,True
MMR,MMR.AX,MEC RESOURCES LIMITED,ASX,Energy,2006-05-29,2006,3743980.0,< $5M,False,True
MMS,MMS.AX,MCMILLAN SHAKESPEARE LIMITED,ASX,Commercial & Professional Services,2004-03-15,2004,1416539108.0,$500M–2B,False,False
MNB,MNB.AX,MINBOS RESOURCES LIMITED,ASX,Materials,2010-10-18,2010,24050038.0,$5–25M,True,True
MNC,MNC.AX,MERINO & CO. LIMITED,ASX,Consumer Durables & Apparel,2024-10-30,2024,6283758.0,$5–25M,False,False
MND,MND.AX,MONADELPHOUS GROUP LIMITED,ASX,Capital Goods,1991-03-28,1991,2864894556.0,> $2B,False,False
MNE,MNE.AX,MACALLUM NEW ENERGY LIMITED,ASX,Energy,2026-02-25,2026,22782231.0,$5–25M,False,False
MNV,MNV.AX,MONVIA LIMITED,ASX,Software & Services,2026-07-24,2026,103546991.0,$100–500M,False,False
MOH,MOH.AX,MOHO RESOURCES LIMITED,ASX,Materials,2018-11-07,2018,5265460.0,$5–25M,True,True
MOM,MOM.AX,MOAB MINERALS LIMITED,ASX,Materials,1987-01-15,1987,4031405.0,< $5M,True,True
MOT,MOT.AX,METRICS INCOME OPPORTUNITIES TRUST,ASX,Not Applic,2019-04-29,2019,541000134.0,$500M–2B,False,False
MOV,MOV.AX,MOVE LOGISTICS GROUP LIMITED,ASX,Transportation,2022-07-01,2022,19142103.0,$5–25M,False,False
MP1,MP1.AX,MEGAPORT LIMITED,ASX,Software & Services,2015-12-17,2015,4135855839.0,> $2B,False,False
MPK,MPK.AX,MANY PEAKS MINERALS LTD,ASX,Materials,2022-03-16,2022,154192572.0,$100–500M,True,True
MPL,MPL.AX,MEDIBANK PRIVATE LIMITED,ASX,Insurance,2014-11-25,2014,13301835649.0,> $2B,False,False
MPP,MPP.AX,METRO PERFORMANCE GLASS LIMITED,ASX,Capital Goods,2014-07-30,2014,24591464.0,$5–25M,False,False
MPR,MPR.AX,MPR AUSTRALIA LIMITED,ASX,Financial Services,1974-01-01,1974,,,False,False
MPW,MPW.AX,METAL POWDER WORKS LIMITED,ASX,Capital Goods,2012-11-01,2012,224506288.0,$100–500M,False,False
MPX,MPX.AX,MUSTERA PROPERTY GROUP LIMITED,ASX,Real Estate Management & Development,2014-11-28,2014,15417689.0,$5–25M,False,False
MQG,MQG.AX,MACQUARIE GROUP LIMITED,ASX,Financial Services,2007-11-05,2007,96675018300.0,> $2B,False,False
MQR,MQR.AX,MARQUEE RESOURCES LIMITED,ASX,Materials,2017-03-15,2017,5678983.0,$5–25M,True,True
MRD,MRD.AX,MOUNT RIDLEY MINES LIMITED,ASX,Materials,2004-09-15,2004,42507475.0,$25–100M,True,True
MRE,MRE.AX,METRICS REAL ESTATE MULTI-STRATEGY FUND,ASX,Not Applic,2024-10-16,2024,280120072.0,$100–500M,False,False
MRQ,MRQ.AX,MRG METALS LIMITED,ASX,Materials,2011-06-08,2011,8370378.0,$5–25M,True,True
MRR,MRR.AX,MINREX RESOURCES LIMITED,ASX,Materials,2011-11-11,2011,34290453.0,$25–100M,True,True
MRT,MRT.AX,MARITANA MINERALS LIMITED,ASX,Materials,1992-02-06,1992,296115451.0,$100–500M,True,True
MRZ,MRZ.AX,MONT ROYAL RESOURCES LIMITED,ASX,Materials,2019-05-07,2019,17131884.0,$5–25M,True,True
MSB,MSB.AX,MESOBLAST LIMITED,ASX,"Pharmaceuticals, Biotechnology & Life Sciences",2004-12-16,2004,3052058059.0,> $2B,False,False
MSG,MSG.AX,MCS SERVICES LIMITED,ASX,Commercial & Professional Services,2012-01-17,2012,,,False,False
MSI,MSI.AX,MULTISTACK INTERNATIONAL LIMITED,ASX,Capital Goods,1993-02-11,1993,,,False,False
MSV,MSV.AX,MITCHELL SERVICES LIMITED,ASX,Materials,2011-08-02,2011,110474276.0,$100–500M,True,False
MTH,MTH.AX,MITHRIL SILVER AND GOLD LIMITED,ASX,Materials,2002-11-18,2002,54371450.0,$25–100M,True,True
MTL,MTL.AX,MANTLE MINERALS LIMITED,ASX,Materials,2000-07-11,2000,7233115.0,$5–25M,True,True
MTM,MTM.AX,METALLIUM LIMITED,ASX,Materials,2021-07-15,2021,323440526.0,$100–500M,True,False
MTO,MTO.AX,MOTORCYCLE HOLDINGS LIMITED,ASX,Consumer Discretionary Distribution & Retail,2016-04-29,2016,206816394.0,$100–500M,False,False
MTS,MTS.AX,METCASH LIMITED,ASX,Consumer Staples Distribution & Retail,2005-04-08,2005,3277183948.0,> $2B,False,False
MVF,MVF.AX,MONASH IVF GROUP LIMITED,ASX,Health Care Equipment & Services,2014-06-26,2014,268848040.0,$100–500M,False,False
MVL,MVL.AX,MARVEL GOLD LIMITED,ASX,Materials,2016-06-14,2016,17066328.0,$5–25M,True,True
MVP,MVP.AX,MEDICAL DEVELOPMENTS INTERNATIONAL LIMITED,ASX,"Pharmaceuticals, Biotechnology & Life Sciences",2003-12-15,2003,60272203.0,$25–100M,False,False
MX1,MX1.AX,MICRO-X LIMITED,ASX,Health Care Equipment & Services,2015-12-22,2015,19560471.0,$5–25M,False,False
MXI,MXI.AX,MAXIPARTS LIMITED,ASX,Capital Goods,1994-12-07,1994,98907403.0,$25–100M,False,False
MXO,MXO.AX,MOTIO LTD,ASX,Media & Entertainment,2011-05-09,2011,17414217.0,$5–25M,False,False
MXT,MXT.AX,METRICS MASTER INCOME TRUST,ASX,Not Applic,2017-10-09,2017,2366543890.0,> $2B,False,False
MYE,MYE.AX,MASTERMYNE GROUP LIMITED,ASX,Materials,2010-05-07,2010,185265587.0,$100–500M,True,False
MYG,MYG.AX,MAYFIELD GROUP HOLDINGS LIMITED,ASX,Capital Goods,1986-10-30,1986,249841424.0,$100–500M,False,False
MYR,MYR.AX,MYER HOLDINGS LIMITED,ASX,Consumer Discretionary Distribution & Retail,2009-11-02,2009,372110433.0,$100–500M,False,False
MYS,MYS.AX,MYSTATE LIMITED,ASX,Banks,2009-09-10,2009,867432669.0,$500M–2B,False,False
MYX,MYX.AX,MAYNE PHARMA GROUP LIMITED,ASX,"Pharmaceuticals, Biotechnology & Life Sciences",2007-06-29,2007,259986646.0,$100–500M,False,False
N1H,N1H.AX,N1 HOLDINGS LIMITED,ASX,Financial Services,2016-03-18,2016,13208336.0,$5–25M,False,False
NAB,NAB.AX,NATIONAL AUSTRALIA BANK LIMITED,ASX,Banks,1962-01-31,1962,119239595204.0,> $2B,False,False
NAC,NAC.AX,NAOS EX-50 OPPORTUNITIES COMPANY LIMITED,ASX,Not Applic,2014-11-12,2014,25187104.0,$25–100M,False,False
NAE,NAE.AX,NEW AGE EXPLORATION LIMITED,ASX,Energy,1994-02-18,1994,8684525.0,$5–25M,False,True
NAG,NAG.AX,NAGAMBIE RESOURCES LIMITED,ASX,Materials,2006-06-23,2006,11378651.0,$5–25M,True,True
NAN,NAN.AX,NANOSONICS LIMITED,ASX,Health Care Equipment & Services,2007-05-17,2007,911678166.0,$500M–2B,False,False
NC1,NC1.AX,NICO RESOURCES LIMITED,ASX,Materials,2022-01-19,2022,15731346.0,$5–25M,True,True
NC6,NC6.AX,NANOLLOSE LIMITED,ASX,"Pharmaceuticals, Biotechnology & Life Sciences",2017-10-18,2017,29858964.0,$25–100M,False,False
NCC,NCC.AX,NAOS EMERGING OPPORTUNITIES COMPANY LIMITED,ASX,Not Applic,2013-02-26,2013,34316814.0,$25–100M,False,False
NCK,NCK.AX,NICK SCALI LIMITED,ASX,Consumer Discretionary Distribution & Retail,2004-05-26,2004,1304343160.0,$500M–2B,False,False
NDO,NDO.AX,NIDO EDUCATION LIMITED,ASX,Consumer Services,2023-10-16,2023,79425110.0,$25–100M,False,False
NEC,NEC.AX,NINE ENTERTAINMENT CO. HOLDINGS LIMITED,ASX,Media & Entertainment,2013-12-06,2013,1546118070.0,$500M–2B,False,False
NEM,NEM.AX,NEWMONT CORPORATION,ASX,Materials,2023-10-27,2023,193764193622.0,> $2B,True,False
NES,NES.AX,NELSON RESOURCES LIMITED.,ASX,Materials,2017-12-07,2017,8354069.0,$5–25M,True,True
NEU,NEU.AX,NEUREN PHARMACEUTICALS LIMITED,ASX,"Pharmaceuticals, Biotechnology & Life Sciences",2005-02-03,2005,2856217679.0,> $2B,False,False
NFL,NFL.AX,NORFOLK METALS LIMITED,ASX,Materials,2022-03-22,2022,,,True,True
NFM,NFM.AX,NEW FRONTIER MINERALS LIMITED,ASX,Materials,2010-12-14,2010,10429778.0,$5–25M,True,True
NGE,NGE.AX,NGE CAPITAL LIMITED,ASX,Not Applic,2007-12-28,2007,44225042.0,$25–100M,False,False
NGI,NGI.AX,NAVIGATOR GLOBAL INVESTMENTS LIMITED,ASX,Financial Services,2006-04-28,2006,1592617318.0,$500M–2B,False,False
NGS,NGS.AX,NUTRITIONAL GROWTH SOLUTIONS LTD,ASX,Household & Personal Products,2020-10-30,2020,8327330.0,$5–25M,False,False
NGX,NGX.AX,NGX LIMITED,ASX,Materials,2023-06-16,2023,7611395.0,$5–25M,True,False
NGY,NGY.AX,NUENERGY GAS LIMITED,ASX,Energy,1987-01-15,1987,84435953.0,$25–100M,False,False
NH3,NH3.AX,NH3 CLEAN ENERGY LIMITED,ASX,Materials,2008-10-30,2008,70880436.0,$25–100M,True,False
NHC,NHC.AX,NEW HOPE CORPORATION LIMITED,ASX,Energy,2003-09-16,2003,4961385558.0,> $2B,False,False
NHE,NHE.AX,NOBLE HELIUM LIMITED,ASX,Energy,2022-04-08,2022,36163787.0,$25–100M,False,False
NHF,NHF.AX,NIB HOLDINGS LIMITED,ASX,Insurance,2007-11-05,2007,3334385235.0,> $2B,False,False
NHU,NHU.AX,NEU HORIZON URANIUM LIMITED,ASX,Energy,2026-07-07,2026,12957300.0,$5–25M,False,True
NIC,NIC.AX,NICKEL INDUSTRIES LIMITED,ASX,Materials,2018-08-20,2018,3799193891.0,> $2B,True,True
NIM,NIM.AX,NIMY RESOURCES LIMITED,ASX,Materials,2021-11-22,2021,14992325.0,$5–25M,True,True
NME,NME.AX,NEX METALS EXPLORATION LIMITED,ASX,Materials,2007-12-06,2007,5126755.0,$5–25M,True,True
NMG,NMG.AX,NEW MURCHISON GOLD LIMITED,ASX,Materials,2001-03-22,2001,772139544.0,$500M–2B,True,True
NMR,NMR.AX,NATIVE MINERAL RESOURCES HOLDINGS LIMITED,ASX,Materials,2020-11-16,2020,84878461.0,$25–100M,True,True
NMT,NMT.AX,NEOMETALS LTD,ASX,Materials,2002-07-10,2002,25401025.0,$25–100M,True,False
NNL,NNL.AX,NORDIC RESOURCES LTD,ASX,Materials,2022-06-01,2022,82950553.0,$25–100M,True,True
NOL,NOL.AX,NOBLEOAK LIFE LIMITED,ASX,Insurance,2021-07-22,2021,110238967.0,$100–500M,False,False
NOR,NOR.AX,NORWOOD SYSTEMS LIMITED,ASX,Software & Services,1995-06-27,1995,9278526.0,$5–25M,False,False
NOU,NOU.AX,NOUMI LIMITED,ASX,"Food, Beverage & Tobacco",1985-11-07,1985,33253118.0,$25–100M,False,False
NOV,NOV.AX,NOVATTI GROUP LIMITED,ASX,Software & Services,2016-01-18,2016,10597293.0,$5–25M,False,False
NOX,NOX.AX,NOXOPHARM LIMITED,ASX,"Pharmaceuticals, Biotechnology & Life Sciences",2016-08-09,2016,29187605.0,$25–100M,False,False
NPM,NPM.AX,NEWPEAK METALS LIMITED,ASX,Materials,2011-04-11,2011,5299208.0,$5–25M,True,True
NRX,NRX.AX,NORONEX LIMITED,ASX,Materials,2017-11-15,2017,8419331.0,$5–25M,True,False
NRZ,NRZ.AX,NEURIZER LTD,ASX,Materials,2005-03-17,2005,,,True,False
NS1,NS1.AX,NODESTREAM LTD,ASX,Technology Hardware & Equipment,2016-05-12,2016,15887964.0,$5–25M,False,False
NSB,NSB.AX,NEUROSCIENTIFIC BIOPHARMACEUTICALS LTD,ASX,"Pharmaceuticals, Biotechnology & Life Sciences",2018-07-27,2018,25331706.0,$25–100M,False,False
NSC,NSC.AX,NAOS SMALL CAP OPPORTUNITIES COMPANY LIMITED,ASX,Not Applic,2004-03-25,2004,42240414.0,$25–100M,False,False
NSM,NSM.AX,NORTH STAWELL MINERALS LTD,ASX,Materials,2020-09-24,2020,8972910.0,$5–25M,True,True
NST,NST.AX,NORTHERN STAR RESOURCES LTD,ASX,Materials,2003-12-17,2003,34964716221.0,> $2B,True,True
NTD,NTD.AX,NTAW HOLDINGS LIMITED,ASX,Consumer Discretionary Distribution & Retail,2017-12-15,2017,31864446.0,$25–100M,False,False
NTI,NTI.AX,NEUROTECH INTERNATIONAL LIMITED,ASX,Health Care Equipment & Services,2016-11-04,2016,19392840.0,$5–25M,False,False
NTM,NTM.AX,NT MINERALS LIMITED,ASX,Materials,1993-12-22,1993,,,True,True
NTU,NTU.AX,NORTHERN MINERALS LIMITED,ASX,Materials,2006-11-15,2006,267358210.0,$100–500M,True,True
NUC,NUC.AX,NUCHEV LIMITED,ASX,"Food, Beverage & Tobacco",2019-12-09,2019,13329595.0,$5–25M,False,False
NUF,NUF.AX,NUFARM LIMITED,ASX,Materials,1988-11-10,1988,1183513316.0,$500M–2B,True,False
NUZ,NUZ.AX,NEURIZON THERAPEUTICS LIMITED,ASX,"Pharmaceuticals, Biotechnology & Life Sciences",2001-10-05,2001,,,False,False
NVA,NVA.AX,NOVA MINERALS CORP,ASX,Materials,1987-06-11,1987,293332746.0,$100–500M,True,True
NVO,NVO.AX,NOVO RESOURCES CORP.,ASX,Materials,2023-09-11,2023,31579984.0,$25–100M,True,True
NVQ,NVQ.AX,NOVIQTECH LIMITED,ASX,Software & Services,2018-12-13,2018,,,False,False
NVU,NVU.AX,NANOVEU LIMITED,ASX,Technology Hardware & Equipment,2018-11-30,2018,67413519.0,$25–100M,False,False
NVX,NVX.AX,NOVONIX LIMITED,ASX,Technology Hardware & Equipment,2015-12-02,2015,134700919.0,$100–500M,False,False
NWH,NWH.AX,NRW HOLDINGS LIMITED,ASX,Capital Goods,2007-09-05,2007,3570058186.0,> $2B,False,False
NWL,NWL.AX,NETWEALTH GROUP LIMITED,ASX,Financial Services,2017-11-20,2017,5452714741.0,> $2B,False,False
NWM,NWM.AX,NORWEST MINERALS LIMITED,ASX,Materials,2018-11-29,2018,13518862.0,$5–25M,True,True
NWS,NWS.AX,NEWS CORPORATION..,ASX,Media & Entertainment,2013-06-19,2013,26501087639.0,> $2B,False,False
NWSLV,NWSLV.AX,NEWS CORPORATION..,ASX,Media & Entertainment,2013-06-19,2013,26501087639.0,> $2B,False,False
NX1,NX1.AX,NEXALIS THERAPEUTICS LTD,ASX,"Pharmaceuticals, Biotechnology & Life Sciences",2017-01-11,2017,2783411.0,< $5M,False,False
NXD,NXD.AX,NEXTED GROUP LIMITED,ASX,Consumer Services,2009-08-24,2009,20795704.0,$5–25M,False,False
NXG,NXG.AX,NEXGEN ENERGY (CANADA) LTD,ASX,Energy,2021-07-02,2021,10345909138.0,> $2B,False,False
NXL,NXL.AX,NUIX LIMITED,ASX,Software & Services,2020-12-04,2020,738613722.0,$500M–2B,False,False
NXM,NXM.AX,NEXUS MINERALS LIMITED,ASX,Materials,2007-02-23,2007,34414298.0,$25–100M,True,True
NXN,NXN.AX,NEXSEN LIMITED,ASX,"Pharmaceuticals, Biotechnology & Life Sciences",2025-10-14,2025,44043164.0,$25–100M,False,False
NXT,NXT.AX,NEXTDC LIMITED,ASX,Software & Services,2010-12-13,2010,10334057653.0,> $2B,False,False
NYM,NYM.AX,NARRYER METALS LIMITED,ASX,Materials,2022-04-14,2022,12252779.0,$5–25M,True,True
NYR,NYR.AX,NYRADA INC.,ASX,"Pharmaceuticals, Biotechnology & Life Sciences",2020-01-16,2020,193122407.0,$100–500M,False,False
NZK,NZK.AX,NEW ZEALAND KING SALMON INVESTMENTS LIMITED,ASX,"Food, Beverage & Tobacco",2016-10-19,2016,110327366.0,$100–500M,False,False
NZM,NZM.AX,NZME LIMITED,ASX,Media & Entertainment,2016-06-27,2016,175008906.0,$100–500M,False,False
OAK,OAK.AX,OAKRIDGE INTERNATIONAL LIMITED,ASX,Software & Services,2007-06-22,2007,2399839.0,< $5M,False,False
OB1,OB1.AX,ORBMINCO LIMITED,ASX,Materials,2005-09-15,2005,8274048.0,$5–25M,True,False
OBL,OBL.AX,OMNI BRIDGEWAY LIMITED,ASX,Financial Services,2000-01-28,2000,411291950.0,$100–500M,False,False
OBM,OBM.AX,ORA BANDA MINING LTD,ASX,Materials,2002-10-29,2002,3065391972.0,> $2B,True,True
OBT,OBT.AX,ORBIT RESOURCES LIMITED,ASX,Materials,2019-12-18,2019,15274479.0,$5–25M,True,True
OCA,OCA.AX,OCEANIA HEALTHCARE LIMITED,ASX,Health Care Equipment & Services,2017-05-05,2017,488855945.0,$100–500M,False,False
OCC,OCC.AX,ORTHOCELL LIMITED,ASX,"Pharmaceuticals, Biotechnology & Life Sciences",2014-08-12,2014,211057270.0,$100–500M,False,False
OCL,OCL.AX,OBJECTIVE CORPORATION LIMITED,ASX,Software & Services,2000-08-17,2000,742915364.0,$500M–2B,False,False
OCN,OCN.AX,OCEANA METALS LIMITED,ASX,Materials,2022-07-01,2022,101220929.0,$100–500M,True,True
OCT,OCT.AX,OCTAVA MINERALS LIMITED,ASX,Materials,2022-09-16,2022,2509830.0,< $5M,True,True
OD6,OD6.AX,OD6 METALS LIMITED,ASX,Materials,2022-06-22,2022,39806418.0,$25–100M,True,True
ODA,ODA.AX,ORCODA LIMITED,ASX,Software & Services,1986-09-15,1986,13125995.0,$5–25M,False,False
ODE,ODE.AX,ODESSA MINERALS LIMITED,ASX,Materials,1986-07-03,1986,37472365.0,$25–100M,True,True
ODY,ODY.AX,ODYSSEY GOLD LTD,ASX,Materials,2005-11-30,2005,46623090.0,$25–100M,True,True
OEC,OEC.AX,ORBITAL CORPORATION LIMITED,ASX,Capital Goods,1989-01-24,1989,27800776.0,$25–100M,False,False
OEL,OEL.AX,OTTO ENERGY LIMITED,ASX,Energy,2004-12-22,2004,35962573.0,$25–100M,False,False
OEQ,OEQ.AX,ORION EQUITIES LIMITED,ASX,Financial Services,1970-11-19,1970,2738615.0,< $5M,False,False
OFX,OFX.AX,OFX GROUP LIMITED,ASX,Financial Services,2013-10-11,2013,190857558.0,$100–500M,False,False
OIL,OIL.AX,OPTISCAN IMAGING LIMITED,ASX,Health Care Equipment & Services,1997-08-08,1997,172289144.0,$100–500M,False,False
OKJ,OKJ.AX,OAKAJEE CORPORATION LIMITED,ASX,Materials,2008-06-11,2008,3932179.0,< $5M,True,False
OLH,OLH.AX,OLDFIELDS HOLDINGS LIMITED,ASX,Capital Goods,1960-06-15,1960,,,False,False
OLI,OLI.AX,OLIVER'S REAL FOOD LIMITED,ASX,Consumer Services,2017-06-21,2017,3244392.0,< $5M,False,False
OLL,OLL.AX,OPENLEARNING LIMITED,ASX,Software & Services,2019-12-12,2019,10949957.0,$5–25M,False,False
OLY,OLY.AX,OLYMPIO METALS LIMITED,ASX,Materials,2017-09-12,2017,7583954.0,$5–25M,True,True
OM1,OM1.AX,OMNIA METALS GROUP LTD,ASX,Materials,2022-03-02,2022,5289646.0,$5–25M,True,True
OMA,OMA.AX,OMEGA OIL & GAS LIMITED,ASX,Energy,2022-10-25,2022,340667622.0,$100–500M,False,False
OMG,OMG.AX,OMG GROUP LIMITED,ASX,"Food, Beverage & Tobacco",2020-08-31,2020,6150917.0,$5–25M,False,False
OMH,OMH.AX,OM HOLDINGS LIMITED,ASX,Materials,1998-03-12,1998,168576496.0,$100–500M,True,False
OML,OML.AX,OOH!MEDIA LIMITED,ASX,Media & Entertainment,2014-12-17,2014,876831525.0,$500M–2B,False,False
OMX,OMX.AX,ORANGE MINERALS NL,ASX,Materials,2021-12-08,2021,12092598.0,$5–25M,True,True
ONE,ONE.AX,ONEVIEW HEALTHCARE PLC,ASX,Health Care Equipment & Services,2016-03-17,2016,134270890.0,$100–500M,False,False
OPH,OPH.AX,OPHIR HIGH CONVICTION FUND,ASX,Not Applic,2018-12-19,2018,560846853.0,$500M–2B,False,False
OR3,OR3.AX,ORE RESOURCES LIMITED,ASX,Materials,2011-09-01,2011,74470589.0,$25–100M,True,True
ORA,ORA.AX,ORORA LIMITED,ASX,Materials,2013-12-18,2013,1856394340.0,$500M–2B,True,False
ORD,ORD.AX,ORDELL MINERALS LIMITED,ASX,Materials,2024-07-19,2024,40842567.0,$25–100M,True,True
ORE,ORE.AX,OREZONE GOLD CORPORATION,ASX,Materials,2025-08-08,2025,1917455581.0,$500M–2B,True,True
ORG,ORG.AX,ORIGIN ENERGY LIMITED,ASX,Utilities,1961-07-13,1961,20431787378.0,> $2B,False,False
ORI,ORI.AX,ORICA LIMITED,ASX,Materials,1961-11-28,1961,10341633755.0,> $2B,True,False
ORN,ORN.AX,ORION MINERALS LTD,ASX,Materials,2003-10-31,2003,205950748.0,$100–500M,True,True
ORP,ORP.AX,ORPHEUS URANIUM LIMITED,ASX,Materials,1986-01-23,1986,55908108.0,$25–100M,True,True
OSL,OSL.AX,ONCOSIL MEDICAL LTD,ASX,"Pharmaceuticals, Biotechnology & Life Sciences",2005-08-15,2005,35987989.0,$25–100M,False,False
OSM,OSM.AX,OSMOND RESOURCES LIMITED,ASX,Materials,2022-04-22,2022,92017145.0,$25–100M,True,True
OSX,OSX.AX,OSTEOPORE LIMITED,ASX,Health Care Equipment & Services,2019-09-23,2019,2774372.0,< $5M,False,False
OVT,OVT.AX,OVANTI LIMITED,ASX,Media & Entertainment,2000-10-12,2000,2293795.0,< $5M,False,False
OZM,OZM.AX,OZAURUM RESOURCES LIMITED,ASX,Materials,2021-02-08,2021,25247563.0,$25–100M,True,True
OZZ,OZZ.AX,OZZ RESOURCES LIMITED,ASX,Materials,2021-07-05,2021,9603565.0,$5–25M,True,True
P1E,P1E.AX,PURE ONE CORPORATION LIMITED,ASX,Energy,2013-03-12,2013,17839679.0,$5–25M,False,False
PAB,PAB.AX,PATRYS LIMITED,ASX,"Pharmaceuticals, Biotechnology & Life Sciences",2007-07-13,2007,20920205.0,$5–25M,False,False
PAC,PAC.AX,PACIFIC CURRENT GROUP LIMITED,ASX,Financial Services,1987-09-25,1987,321585348.0,$100–500M,False,False
PAF,PAF.AX,PAN AFRICAN RESOURCES PLC,ASX,Class Pend,2026-06-23,2026,6163871764.0,> $2B,False,True
PAR,PAR.AX,PARADIGM BIOPHARMACEUTICALS LIMITED..,ASX,"Pharmaceuticals, Biotechnology & Life Sciences",2015-08-19,2015,134817728.0,$100–500M,False,False
PAT,PAT.AX,PATRIOT RESOURCES LIMITED,ASX,Materials,2022-12-09,2022,16711040.0,$5–25M,True,True
PBH,PBH.AX,POINTSBET HOLDINGS LIMITED,ASX,Consumer Services,2019-06-12,2019,321517588.0,$100–500M,False,False
PBL,PBL.AX,PARABELLUM RESOURCES LIMITED,ASX,Materials,2021-11-29,2021,3738000.0,< $5M,True,True
PC2,PC2.AX,PC GOLD LTD,ASX,Materials,2025-10-21,2025,351176246.0,$100–500M,True,True
PCG,PCG.AX,PENGANA CAPITAL GROUP LIMITED,ASX,Financial Services,2001-02-28,2001,70930817.0,$25–100M,False,False
PCI,PCI.AX,PERPETUAL CREDIT INCOME TRUST,ASX,Not Applic,2019-05-14,2019,804670994.0,$500M–2B,False,False
PCK,PCK.AX,PAINCHEK LTD,ASX,Health Care Equipment & Services,2012-05-01,2012,19437680.0,$5–25M,False,False
PCL,PCL.AX,PANCONTINENTAL ENERGY NL,ASX,Energy,1986-09-11,1986,74574722.0,$25–100M,False,False
PCX,PCX.AX,PENGANA GLOBAL PRIVATE CREDIT TRUST,ASX,Not Applic,2024-06-21,2024,259673190.0,$100–500M,False,False
PDIDB,PDIDB.AX,PREDICTIVE DISCOVERY LIMITED,ASX,Materials,2010-12-01,2010,,,True,False
PDN,PDN.AX,PALADIN ENERGY LTD,ASX,Energy,1994-03-29,1994,5374326715.0,> $2B,False,False
PE1,PE1.AX,PENGANA PRIVATE EQUITY TRUST,ASX,Not Applic,2019-04-30,2019,383764044.0,$100–500M,False,False
PEB,PEB.AX,PACIFIC EDGE LIMITED,ASX,"Pharmaceuticals, Biotechnology & Life Sciences",2021-09-27,2021,254579801.0,$100–500M,False,False
PEC,PEC.AX,PERPETUAL RESOURCES LIMITED,ASX,Materials,2013-02-28,2013,16259012.0,$5–25M,True,True
PEN,PEN.AX,PENINSULA ENERGY LIMITED,ASX,Energy,1994-05-26,1994,180031134.0,$100–500M,False,False
PER,PER.AX,PERCHERON THERAPEUTICS LIMITED,ASX,"Pharmaceuticals, Biotechnology & Life Sciences",2001-12-20,2001,7612078.0,$5–25M,False,False
PET,PET.AX,PHOSLOCK ENVIRONMENTAL TECHNOLOGIES LIMITED,ASX,Commercial & Professional Services,2002-08-16,2002,4370734.0,< $5M,False,False
PFE,PFE.AX,PANTERA MINERALS LIMITED,ASX,Materials,2021-08-05,2021,7638060.0,$5–25M,True,True
PFG,PFG.AX,PRIME FINANCIAL GROUP LIMITED,ASX,Financial Services,2004-12-07,2004,57641991.0,$25–100M,False,False
PFM,PFM.AX,PLATFORMO LTD,ASX,Software & Services,2017-11-30,2017,1613441.0,< $5M,False,False
PFP,PFP.AX,PROPEL FUNERAL PARTNERS LIMITED,ASX,Consumer Services,2017-11-23,2017,440135765.0,$100–500M,False,False
PFT,PFT.AX,PURE FOODS TASMANIA LIMITED,ASX,"Food, Beverage & Tobacco",2005-12-19,2005,8516160.0,$5–25M,False,False
PGC,PGC.AX,PARAGON CARE LIMITED,ASX,Health Care Equipment & Services,1999-10-15,1999,231742754.0,$100–500M,False,False
PGD,PGD.AX,PEREGRINE GOLD LTD,ASX,Materials,2021-03-31,2021,16303421.0,$5–25M,True,True
PGF,PGF.AX,PM CAPITAL GLOBAL OPPORTUNITIES FUND LIMITED,ASX,Not Applic,2013-12-12,2013,1795755039.0,$500M–2B,False,False
PGL,PGL.AX,PILBARA GOLD LIMITED,ASX,Materials,1973-05-30,1973,131048976.0,$100–500M,True,True
PGM,PGM.AX,PLATINA RESOURCES LIMITED,ASX,Materials,2006-05-29,2006,18645002.0,$5–25M,True,True
PGY,PGY.AX,PILOT ENERGY LIMITED,ASX,Energy,2006-04-20,2006,,,False,False
PHO,PHO.AX,PHOSCO LTD,ASX,Materials,2009-12-17,2009,81119501.0,$25–100M,True,False
PHX,PHX.AX,PHARMX TECHNOLOGIES LIMITED,ASX,Software & Services,1971-07-28,1971,69942459.0,$25–100M,False,False
PIA,PIA.AX,PENGANA INTERNATIONAL EQUITIES LIMITED,ASX,Not Applic,2004-03-19,2004,285063309.0,$100–500M,False,False
PIC,PIC.AX,PERPETUAL EQUITY INVESTMENT COMPANY LIMITED,ASX,Not Applic,2014-12-18,2014,470022577.0,$100–500M,False,False
PIL,PIL.AX,PEPPERMINT INNOVATION LIMITED,ASX,Software & Services,2008-05-29,2008,,,False,False
PIM,PIM.AX,PINNACLE MINERALS LIMITED,ASX,Materials,2022-03-23,2022,4272146.0,< $5M,True,True
PIQ,PIQ.AX,PROTEOMICS INTERNATIONAL LABORATORIES LTD,ASX,"Pharmaceuticals, Biotechnology & Life Sciences",2015-04-16,2015,27286564.0,$25–100M,False,False
PKD,PKD.AX,PARKD LTD,ASX,Commercial & Professional Services,2017-12-06,2017,4928573.0,< $5M,False,False
PKO,PKO.AX,PEAKO LIMITED,ASX,Materials,2009-12-02,2009,17064920.0,$5–25M,True,False
PKP,PKP.AX,PEAK PROCESSING LIMITED,ASX,"Pharmaceuticals, Biotechnology & Life Sciences",2018-09-21,2018,20015834.0,$5–25M,False,False
PKY,PKY.AX,PATHKEY.AI LTD,ASX,Software & Services,1996-03-07,1996,55367341.0,$25–100M,False,False
PL3,PL3.AX,PATAGONIA LITHIUM LTD,ASX,Materials,2023-03-31,2023,28927865.0,$25–100M,True,True
PL8,PL8.AX,PLATO INCOME MAXIMISER LIMITED.,ASX,Not Applic,2017-05-05,2017,1051833898.0,$500M–2B,False,False
PL9,PL9.AX,PRAIRIE LITHIUM LIMITED,ASX,Materials,1971-07-08,1971,34681887.0,$25–100M,True,True
PLA,PLA.AX,PACIFIC LIME AND CEMENT LIMITED,ASX,Materials,2017-09-21,2017,,,True,False
PLC,PLC.AX,PLC RESOURCES LIMITED,ASX,Materials,2022-02-11,2022,9387933.0,$5–25M,True,True
PLG,PLG.AX,PEARL GULL IRON LIMITED,ASX,Materials,2021-09-20,2021,,,True,False
PLS,PLS.AX,PLS GROUP LIMITED,ASX,Materials,2007-09-19,2007,16575417578.0,> $2B,True,False
PLT,PLT.AX,PLENTI GROUP LIMITED,ASX,Financial Services,2020-09-23,2020,153049671.0,$100–500M,False,False
PLY,PLY.AX,PLAYSIDE STUDIOS LIMITED,ASX,Media & Entertainment,2020-12-17,2020,56729327.0,$25–100M,False,False
PM1,PM1.AX,PALISADE METALS LTD,ASX,Materials,2021-09-23,2021,15863994.0,$5–25M,True,True
PME,PME.AX,PRO MEDICUS LIMITED,ASX,Health Care Equipment & Services,2000-10-10,2000,19911974948.0,> $2B,False,False
PMM,PMM.AX,PIONEER MINERALS LIMITED,ASX,Materials,2023-09-28,2023,11234404.0,$5–25M,True,True
PMT,PMT.AX,PMET RESOURCES INC.,ASX,Materials,2022-12-07,2022,976199705.0,$500M–2B,True,True
PMV,PMV.AX,PREMIER INVESTMENTS LIMITED,ASX,Consumer Discretionary Distribution & Retail,1987-12-15,1987,1889302300.0,$500M–2B,False,False
PNC,PNC.AX,PIONEER CREDIT LIMITED,ASX,Financial Services,2014-05-01,2014,132338275.0,$100–500M,False,False
PNI,PNI.AX,PINNACLE INVESTMENT MANAGEMENT GROUP LIMITED,ASX,Financial Services,2007-06-19,2007,4375833763.0,> $2B,False,False
PNN,PNN.AX,POWER MINERALS LIMITED,ASX,Materials,2005-04-15,2005,70034247.0,$25–100M,True,True
PNR,PNR.AX,PANTORO GOLD LIMITED,ASX,Materials,1987-05-21,1987,978214898.0,$500M–2B,True,True
PNT,PNT.AX,PANTHER METALS LTD,ASX,Materials,2021-12-10,2021,2450236.0,< $5M,True,True
PNV,PNV.AX,POLYNOVO LIMITED,ASX,Health Care Equipment & Services,1998-11-26,1998,732293570.0,$500M–2B,False,False
POD,POD.AX,PODIUM MINERALS LIMITED,ASX,Materials,2018-02-28,2018,34026111.0,$25–100M,True,True
POL,POL.AX,POLYMETALS RESOURCES LTD,ASX,Materials,2021-06-29,2021,320438224.0,$100–500M,True,True
POW,POW.AX,POWERHAUS URANIUM LIMITED,ASX,Energy,2026-08-25,2026,,,False,True
PPC,PPC.AX,PEET LIMITED,ASX,Real Estate Management & Development,2004-08-05,2004,847367710.0,$500M–2B,False,False
PPE,PPE.AX,PEOPLEIN LIMITED,ASX,Commercial & Professional Services,2017-11-22,2017,77709253.0,$25–100M,False,False
PPG,PPG.AX,PRO-PAC PACKAGING LIMITED,ASX,Materials,2005-04-27,2005,,,True,False
PPK,PPK.AX,PPK GROUP LIMITED,ASX,Materials,1994-12-21,1994,35870937.0,$25–100M,True,False
PPL,PPL.AX,PUREPROFILE LTD,ASX,Media & Entertainment,2015-07-29,2015,36133007.0,$25–100M,False,False
PPM,PPM.AX,PEPPER MONEY LIMITED,ASX,Financial Services,2021-05-25,2021,855830874.0,$500M–2B,False,False
PPS,PPS.AX,PRAEMIUM LIMITED,ASX,Software & Services,2006-05-11,2006,353417518.0,$100–500M,False,False
PPT,PPT.AX,PERPETUAL LIMITED,ASX,Financial Services,1964-06-24,1964,2276803229.0,> $2B,False,False
PPY,PPY.AX,PAPYRUS AUSTRALIA LIMITED,ASX,Materials,2005-04-15,2005,5839936.0,$5–25M,True,False
PR1,PR1.AX,PURE RESOURCES LIMITED,ASX,Materials,2022-04-21,2022,18606413.0,$5–25M,True,True
PR2,PR2.AX,PICHE RESOURCES LIMITED,ASX,Not Applic,2024-07-15,2024,3370286.0,< $5M,False,True
PR2N,PR2N.AX,PICHE RESOURCES LIMITED,ASX,Not Applic,2024-07-15,2024,,,False,True
PRG,PRG.AX,PRL GLOBAL LTD,ASX,Materials,1987-07-24,1987,,,True,False
PRM,PRM.AX,PROMINENCE ENERGY LIMITED,ASX,Energy,1992-01-23,1992,2675467.0,< $5M,False,False
PRN,PRN.AX,PERENTI LIMITED,ASX,Materials,1994-01-06,1994,2224824895.0,> $2B,True,False
PRO,PRO.AX,PROPHECY INTERNATIONAL HOLDINGS LIMITED,ASX,Software & Services,1998-04-22,1998,4269836.0,< $5M,False,False
PRU,PRU.AX,PERSEUS MINING LIMITED,ASX,Materials,2004-09-22,2004,8135316052.0,> $2B,True,True
PRX,PRX.AX,PRODIGY GOLD NL,ASX,Materials,1986-08-21,1986,21236882.0,$5–25M,True,True
PSC,PSC.AX,PROSPECT RESOURCES LIMITED,ASX,Materials,2009-12-04,2009,166547525.0,$100–500M,True,True
PSL,PSL.AX,PATERSON RESOURCES LTD,ASX,Materials,2006-10-18,2006,22089651.0,$5–25M,True,True
PTL,PTL.AX,PRESTAL HOLDINGS LIMITED,ASX,Household & Personal Products,2000-08-29,2000,,,False,False
PTN,PTN.AX,PATRONUS RESOURCES LIMITED,ASX,Materials,2013-10-02,2013,79880678.0,$25–100M,True,True
PTR,PTR.AX,PTR MINERALS LTD,ASX,Materials,2004-07-27,2004,43479125.0,$25–100M,True,True
PTX,PTX.AX,PRESCIENT THERAPEUTICS LIMITED,ASX,"Pharmaceuticals, Biotechnology & Life Sciences",1986-12-19,1986,70451474.0,$25–100M,False,False
PUR,PUR.AX,PURSUIT MINERALS LTD,ASX,Materials,2008-09-10,2008,24367041.0,$5–25M,True,True
PV1,PV1.AX,PROVARIS ENERGY LTD,ASX,Energy,2005-03-21,2005,8172264.0,$5–25M,False,False
PVE,PVE.AX,PO VALLEY ENERGY LIMITED,ASX,Energy,2004-12-14,2004,71855621.0,$25–100M,False,False
PVL,PVL.AX,POWERHOUSE VENTURES LIMITED,ASX,Financial Services,2016-10-12,2016,20883175.0,$5–25M,False,False
PVT,PVT.AX,PIVOTAL METALS LIMITED,ASX,Materials,2018-07-26,2018,19726432.0,$5–25M,True,True
PWH,PWH.AX,PWR HOLDINGS LIMITED,ASX,Automobiles & Components,2015-11-18,2015,1193814828.0,$500M–2B,False,False
PWN,PWN.AX,PARKWAY CORPORATE LIMITED,ASX,Materials,2011-05-13,2011,33316927.0,$25–100M,True,False
PWR,PWR.AX,PETER WARREN AUTOMOTIVE HOLDINGS LIMITED,ASX,Consumer Discretionary Distribution & Retail,2021-04-27,2021,146417658.0,$100–500M,False,False
PXA,PXA.AX,PEXA GROUP LIMITED,ASX,Real Estate Management & Development,2021-07-01,2021,1416286426.0,$500M–2B,False,False
PXR,PXR.AX,PACIFIC RESOURCES LIMITED,ASX,Energy,2003-03-17,2003,3600384.0,< $5M,False,True
PXX,PXX.AX,POLARX LIMITED,ASX,Materials,2012-12-21,2012,46325327.0,$25–100M,True,False
PYC,PYC.AX,PYC THERAPEUTICS LIMITED,ASX,"Pharmaceuticals, Biotechnology & Life Sciences",2005-03-30,2005,2045701730.0,> $2B,False,False
QAL,QAL.AX,QUALITAS LIMITED,ASX,Real Estate Management & Development,2021-12-16,2021,982643925.0,$500M–2B,False,False
QAN,QAN.AX,QANTAS AIRWAYS LIMITED,ASX,Transportation,1995-07-31,1995,13997093331.0,> $2B,False,False
QBE,QBE.AX,QBE INSURANCE GROUP LIMITED,ASX,Insurance,1973-06-28,1973,32943239519.0,> $2B,False,False
QEM,QEM.AX,QEM LIMITED,ASX,Materials,2018-10-19,2018,7247007.0,$5–25M,True,False
QFE,QFE.AX,QUICKFEE LIMITED,ASX,Financial Services,2019-07-11,2019,31059827.0,$25–100M,False,False
QGL,QGL.AX,QUANTUM GRAPHITE LIMITED,ASX,Materials,2014-01-06,2014,112187004.0,$100–500M,True,True
QML,QML.AX,QMINES LIMITED,ASX,Materials,2021-05-06,2021,50179446.0,$25–100M,True,False
QPM,QPM.AX,QPM ENERGY LIMITED,ASX,Materials,2008-03-14,2008,,,True,False
QRI,QRI.AX,QUALITAS REAL ESTATE INCOME FUND,ASX,Financial Services,2018-11-27,2018,965621790.0,$500M–2B,False,False
QUE,QUE.AX,QUESTE COMMUNICATIONS LIMITED,ASX,Financial Services,1998-11-11,1998,1353617.0,< $5M,False,False
QXR,QXR.AX,QX RESOURCES LIMITED,ASX,Materials,2011-02-17,2011,9713985.0,$5–25M,True,True
R8R,R8R.AX,REGENER8 RESOURCES NL,ASX,Materials,2022-07-08,2022,12248114.0,$5–25M,True,True
RAC,RAC.AX,RACURA ONCOLOGY LTD,ASX,"Pharmaceuticals, Biotechnology & Life Sciences",2016-07-13,2016,415666153.0,$100–500M,False,False
RAD,RAD.AX,RADIOPHARM THERANOSTICS LIMITED,ASX,"Pharmaceuticals, Biotechnology & Life Sciences",2021-11-25,2021,45544270.0,$25–100M,False,False
RAG,RAG.AX,RAGNAR METALS LIMITED,ASX,Materials,2005-03-31,2005,12212234.0,$5–25M,True,True
RAN,RAN.AX,RANGE INTERNATIONAL LIMITED,ASX,Materials,2016-07-22,2016,2810615.0,< $5M,True,False
RAP,RAP.AX,RAPTOR METALS LTD,ASX,Materials,2021-10-25,2021,16678428.0,$5–25M,True,True
RAS,RAS.AX,RAGUSA MINERALS LTD,ASX,Materials,2010-07-13,2010,3369379.0,< $5M,True,True
RAU,RAU.AX,RESOURO STRATEGIC METALS INC.,ASX,Materials,2024-06-14,2024,30270814.0,$25–100M,True,True
RB6,RB6.AX,RUBIX RESOURCES LIMITED,ASX,Materials,2021-12-23,2021,8603000.0,$5–25M,True,True
RBR,RBR.AX,RBR GROUP LIMITED,ASX,Materials,2007-02-02,2007,2380447.0,< $5M,True,False
RBX,RBX.AX,RESOURCE BASE LIMITED.,ASX,Materials,2021-07-12,2021,3757981.0,< $5M,True,False
RC1,RC1.AX,REDCASTLE RESOURCES LIMITED,ASX,Materials,2003-03-21,2003,12809351.0,$5–25M,True,True
RCE,RCE.AX,RECCE PHARMACEUTICALS LTD,ASX,"Pharmaceuticals, Biotechnology & Life Sciences",2016-01-15,2016,114663777.0,$100–500M,False,False
RCL,RCL.AX,READCLOUD LIMITED,ASX,Software & Services,2018-02-07,2018,8909946.0,$5–25M,False,False
RCM,RCM.AX,RAPID CRITICAL METALS LIMITED,ASX,Materials,2021-12-15,2021,37076834.0,$25–100M,True,True
RCR,RCR.AX,RINCON RESOURCES LIMITED,ASX,Materials,2020-12-21,2020,8877895.0,$5–25M,True,True
RCT,RCT.AX,REEF CASINO TRUST,ASX,Consumer Services,1994-02-11,1994,175299647.0,$100–500M,False,False
RDM,RDM.AX,RED METAL LIMITED,ASX,Materials,2003-10-27,2003,50432802.0,$25–100M,True,False
RDN,RDN.AX,RAIDEN RESOURCES LIMITED,ASX,Materials,1987-03-12,1987,10352674.0,$5–25M,True,True
RDS,RDS.AX,REDSTONE RESOURCES LIMITED,ASX,Materials,2006-08-03,2006,3914945.0,< $5M,True,True
RDX,RDX.AX,REDOX LIMITED,ASX,Capital Goods,2023-07-03,2023,1811530927.0,$500M–2B,False,False
RDY,RDY.AX,READYTECH HOLDINGS LIMITED,ASX,Software & Services,2019-04-17,2019,194613469.0,$100–500M,False,False
REA,REA.AX,REA GROUP LTD,ASX,Media & Entertainment,1999-12-01,1999,23382031208.0,> $2B,False,False
REC,REC.AX,RECHARGE METALS LIMITED,ASX,Materials,2021-10-11,2021,25754985.0,$25–100M,True,True
REE,REE.AX,RAREX LIMITED,ASX,Materials,2007-07-11,2007,14598605.0,$5–25M,True,False
REG,REG.AX,REGIS HEALTHCARE LIMITED,ASX,Health Care Equipment & Services,2014-10-07,2014,1835334335.0,$500M–2B,False,False
REH,REH.AX,REECE LIMITED,ASX,Capital Goods,1974-01-01,1974,10228979245.0,> $2B,False,False
REM,REM.AX,REMSENSE TECHNOLOGIES LIMITED,ASX,Capital Goods,2021-11-02,2021,6062428.0,$5–25M,False,False
REP,REP.AX,RAM ESSENTIAL SERVICES PROPERTY FUND,ASX,Equity Real Estate Investment Trusts (REITs),2021-10-20,2021,212952703.0,$100–500M,False,False
REV,REV.AX,REVOLUTION PRIVATE CREDIT INCOME TRUST,ASX,Not Applic,2025-09-22,2025,437305906.0,$100–500M,False,False
REZ,REZ.AX,RESOURCES & ENERGY GROUP LIMITED,ASX,Materials,2005-03-11,2005,11151328.0,$5–25M,True,True
RF1,RF1.AX,REGAL INVESTMENT FUND,ASX,Not Applic,2019-06-17,2019,740493902.0,$500M–2B,False,False
RFF,RFF.AX,RURAL FUNDS GROUP,ASX,Equity Real Estate Investment Trusts (REITs),2014-02-14,2014,759959848.0,$500M–2B,False,False
RFG,RFG.AX,RETAIL FOOD GROUP LIMITED,ASX,Consumer Services,2006-06-22,2006,67371266.0,$25–100M,False,False
RFT,RFT.AX,RECTIFIER TECHNOLOGIES LTD,ASX,Capital Goods,1994-09-22,1994,9679464.0,$5–25M,False,False
RG1,RG1.AX,REGAL PARTNERS GLOBAL INVESTMENTS LIMITED,ASX,Not Applic,2017-09-28,2017,615505939.0,$500M–2B,False,False
RG8,RG8.AX,REGAL ASIAN INVESTMENTS LIMITED,ASX,Not Applic,2019-11-13,2019,360119073.0,$100–500M,False,False
RGL,RGL.AX,RIVERSGOLD LIMITED,ASX,Materials,2017-10-10,2017,27622051.0,$25–100M,True,False
RGN,RGN.AX,REGION GROUP,ASX,Equity Real Estate Investment Trusts (REITs),2012-11-26,2012,2584670225.0,> $2B,False,False
RGT,RGT.AX,ARGENT BIOPHARMA LIMITED,ASX,"Pharmaceuticals, Biotechnology & Life Sciences",2006-12-21,2006,4547774.0,< $5M,False,False
RHC,RHC.AX,RAMSAY HEALTH CARE LIMITED,ASX,Health Care Equipment & Services,1997-09-24,1997,10239610416.0,> $2B,False,False
RHI,RHI.AX,RED HILL MINERALS LIMITED,ASX,Materials,2006-02-14,2006,294811197.0,$100–500M,True,True
RHT,RHT.AX,RESONANCE HEALTH LIMITED,ASX,Health Care Equipment & Services,1987-10-23,1987,31967056.0,$25–100M,False,False
RHY,RHY.AX,RHYTHM BIOSCIENCES LIMITED,ASX,Health Care Equipment & Services,2017-12-07,2017,37156020.0,$25–100M,False,False
RIC,RIC.AX,RIDLEY CORPORATION LIMITED,ASX,"Food, Beverage & Tobacco",1987-08-13,1987,993360646.0,$500M–2B,False,False
RIE,RIE.AX,RIEDEL RESOURCES LIMITED,ASX,Materials,2011-01-31,2011,9454298.0,$5–25M,True,True
RIL,RIL.AX,REDIVIUM LIMITED,ASX,Materials,2003-12-05,2003,,,True,False
RIM,RIM.AX,RIMFIRE PACIFIC MINING LIMITED,ASX,Materials,1997-03-04,1997,35989666.0,$25–100M,True,True
RIO,RIO.AX,RIO TINTO LIMITED,ASX,Materials,1962-09-19,1962,66663825817.0,> $2B,True,False
RIV,RIV.AX,RIVCO AUSTRALIA LTD,ASX,Utilities,2016-09-16,2016,219768815.0,$100–500M,False,False
RKB,RKB.AX,ROKEBY RESOURCES LIMITED,ASX,Materials,2008-06-19,2008,8930190.0,$5–25M,True,True
RKN,RKN.AX,RECKON LIMITED,ASX,Software & Services,1999-07-19,1999,49849726.0,$25–100M,False,False
RKT,RKT.AX,ROCKETDNA LTD.,ASX,Technology Hardware & Equipment,2018-06-18,2018,25936585.0,$25–100M,False,False
RLC,RLC.AX,REEDY LAGOON CORPORATION LIMITED,ASX,Materials,2007-06-22,2007,1553413.0,< $5M,True,False
RLF,RLF.AX,RLF AGTECH LTD,ASX,Materials,2022-04-21,2022,18280340.0,$5–25M,True,False
RLG,RLG.AX,ROOLIFE GROUP LTD,ASX,Media & Entertainment,2016-11-16,2016,9249982.0,$5–25M,False,False
RMC,RMC.AX,RESIMAC GROUP LTD,ASX,Financial Services,2001-03-19,2001,334222015.0,$100–500M,False,False
RMD,RMD.AX,RESMED INC,ASX,Health Care Equipment & Services,1999-11-25,1999,46894261140.0,> $2B,False,False
RMI,RMI.AX,RESOURCE MINERALS INTERNATIONAL LTD,ASX,Materials,1985-02-14,1985,164431726.0,$100–500M,True,True
RML,RML.AX,RESOLUTION MINERALS LTD,ASX,Materials,2017-09-22,2017,95876575.0,$25–100M,True,True
RMS,RMS.AX,RAMELIUS RESOURCES LIMITED,ASX,Materials,2003-03-31,2003,7499775926.0,> $2B,True,True
RMX,RMX.AX,RED MOUNTAIN MINING LIMITED,ASX,Materials,2011-09-01,2011,11485449.0,$5–25M,True,True
RMY,RMY.AX,RMA GLOBAL LIMITED,ASX,Media & Entertainment,2018-07-05,2018,13950964.0,$5–25M,False,False
RND,RND.AX,RAND MINING LIMITED,ASX,Materials,1985-08-15,1985,130814710.0,$100–500M,True,True
RNT,RNT.AX,RENT.COM.AU LIMITED,ASX,Media & Entertainment,1994-05-26,1994,73497264.0,$25–100M,False,False
RNU,RNU.AX,RENASCOR RESOURCES LIMITED,ASX,Materials,2010-12-15,2010,145135545.0,$100–500M,True,True
RNV,RNV.AX,RENERVE LIMITED,ASX,Health Care Equipment & Services,2024-11-26,2024,13267110.0,$5–25M,False,False
RNX,RNX.AX,RENEGADE EXPLORATION LIMITED,ASX,Materials,2006-11-14,2006,4139594.0,< $5M,True,True
ROC,ROC.AX,ROCKETBOOTS LIMITED,ASX,Software & Services,2021-12-07,2021,44541937.0,$25–100M,False,False
ROG,ROG.AX,RED SKY ENERGY LIMITED.,ASX,Energy,2007-05-23,2007,15855571.0,$5–25M,False,False
RON,RON.AX,RONIN RESOURCES LTD,ASX,Materials,2021-12-16,2021,6863752.0,$5–25M,True,True
RPL,RPL.AX,REGAL PARTNERS LIMITED,ASX,Financial Services,2019-06-21,2019,1113962387.0,$500M–2B,False,False
RPM,RPM.AX,RPM AUTOMOTIVE GROUP LIMITED,ASX,Automobiles & Components,1983-11-10,1983,4086342.0,< $5M,False,False
RR1,RR1.AX,REACH RESOURCES LIMITED,ASX,Materials,2002-11-06,2002,19201923.0,$5–25M,True,True
RRE,RRE.AX,RIGHT RESOURCES LIMITED,ASX,Materials,2025-10-29,2025,11816725.0,$5–25M,True,True
RRL,RRL.AX,REGIS RESOURCES LIMITED,ASX,Materials,1987-02-19,1987,6445372995.0,> $2B,True,True
RRR,RRR.AX,REVOLVER RESOURCES HOLDINGS LTD,ASX,Materials,2021-09-23,2021,16888514.0,$5–25M,True,True
RSG,RSG.AX,RESOLUTE MINING LIMITED,ASX,Materials,1979-01-11,1979,2949636306.0,> $2B,True,True
RTG,RTG.AX,RTG MINING INC.,ASX,Materials,2014-06-05,2014,76788216.0,$25–100M,True,True
RTH,RTH.AX,RAS TECHNOLOGY HOLDINGS LIMITED,ASX,Commercial & Professional Services,2021-11-23,2021,28970969.0,$25–100M,False,False
RTR,RTR.AX,RUMBLE RESOURCES LIMITED,ASX,Materials,2011-07-01,2011,70327732.0,$25–100M,True,True
RVT,RVT.AX,RICHMOND VANADIUM TECHNOLOGY LIMITED,ASX,Materials,2022-12-13,2022,24234661.0,$5–25M,True,True
RWC,RWC.AX,RELIANCE WORLDWIDE CORPORATION LIMITED,ASX,Capital Goods,2016-04-29,2016,3119321792.0,> $2B,False,False
RWD,RWD.AX,REWARD MINERALS LTD,ASX,Materials,1991-12-12,1991,8424587.0,$5–25M,True,True
RWL,RWL.AX,RUBICON WATER LIMITED,ASX,Technology Hardware & Equipment,2021-09-02,2021,34915289.0,$25–100M,False,False
RXL,RXL.AX,ROX RESOURCES LIMITED,ASX,Materials,2004-04-27,2004,822205380.0,$500M–2B,True,True
RYD,RYD.AX,RYDER CAPITAL LIMITED,ASX,Not Applic,2015-09-28,2015,169154570.0,$100–500M,False,False
RYM,RYM.AX,RYMAN HEALTHCARE LIMITED,ASX,Health Care Equipment & Services,2025-10-01,2025,1736896729.0,$500M–2B,False,False
RZI,RZI.AX,RAIZ INVEST LIMITED,ASX,Financial Services,2018-06-21,2018,65341806.0,$25–100M,False,False
S2R,S2R.AX,S2 RESOURCES LTD,ASX,Materials,2015-10-19,2015,35616287.0,$25–100M,True,True
S32,S32.AX,SOUTH32 LIMITED,ASX,Materials,2015-05-18,2015,23015671836.0,> $2B,True,False
S66,S66.AX,STAR COMBO PHARMA LIMITED,ASX,Household & Personal Products,2018-05-16,2018,18911617.0,$5–25M,False,False
SAN,SAN.AX,SAGALIO ENERGY LIMITED,ASX,Energy,2011-12-15,2011,1841941.0,< $5M,False,False
SB2,SB2.AX,SALTER BROTHERS EMERGING COMPANIES LIMITED,ASX,Not Applic,2021-06-16,2021,50447788.0,$25–100M,False,False
SBM,SBM.AX,ST BARBARA LIMITED,ASX,Materials,1969-05-15,1969,828710165.0,$500M–2B,True,False
SBR,SBR.AX,SABRE RESOURCES LIMITED,ASX,Materials,1987-12-17,1987,5486772.0,$5–25M,True,True
SBZ,SBZ.AX,SCHOOLBLAZER LIMITED,ASX,Capital Goods,1971-08-24,1971,86696273.0,$25–100M,False,False
SCG,SCG.AX,SCENTRE GROUP,ASX,Equity Real Estate Investment Trusts (REITs),2014-06-25,2014,18698257986.0,> $2B,False,False
SCN,SCN.AX,SCORPION MINERALS LIMITED,ASX,Materials,2007-03-07,2007,13558280.0,$5–25M,True,True
SCP,SCP.AX,SCALARE PARTNERS HOLDINGS LIMITED,ASX,Financial Services,2019-02-19,2019,4783165.0,< $5M,False,False
SCX,SCX.AX,SCX.AI HOLDINGS LIMITED,ASX,Software & Services,2026-08-21,2026,56277993.0,$25–100M,False,False
SDF,SDF.AX,STEADFAST GROUP LIMITED,ASX,Insurance,2013-08-02,2013,6482911191.0,> $2B,False,False
SDR,SDR.AX,SITEMINDER LIMITED,ASX,Software & Services,2021-11-08,2021,962488548.0,$500M–2B,False,False
SDV,SDV.AX,SCIDEV LTD,ASX,Materials,2002-05-02,2002,28513287.0,$25–100M,True,False
SEA,SEA.AX,SEA FOREST LIMITED,ASX,"Food, Beverage & Tobacco",2025-11-26,2025,106513563.0,$100–500M,False,False
SEC,SEC.AX,SPHERIA EMERGING COMPANIES LIMITED,ASX,Not Applic,2017-12-05,2017,142653670.0,$100–500M,False,False
SEG,SEG.AX,SPORTS ENTERTAINMENT GROUP LIMITED,ASX,Media & Entertainment,2000-11-28,2000,88334261.0,$25–100M,False,False
SEK,SEK.AX,SEEK LIMITED,ASX,Media & Entertainment,2005-04-19,2005,5179828649.0,> $2B,False,False
SEN,SEN.AX,SENETAS CORPORATION LIMITED,ASX,Technology Hardware & Equipment,1984-06-21,1984,50229489.0,$25–100M,False,False
SEQ,SEQ.AX,SEQUOIA FINANCIAL GROUP LTD,ASX,Financial Services,2000-09-19,2000,12012376.0,$5–25M,False,False
SER,SER.AX,STRATEGIC ENERGY RESOURCES LIMITED,ASX,Materials,1991-08-15,1991,9547558.0,$5–25M,True,True
SET,SET.AX,SOLARIS AUSTRALIAN EQUITY INCOME PLUS LIMITED,ASX,Not Applic,2026-04-17,2026,203464701.0,$100–500M,False,False
SFC,SFC.AX,SCHAFFER CORPORATION LIMITED,ASX,Automobiles & Components,1974-01-01,1974,270308398.0,$100–500M,False,False
SFG,SFG.AX,SEAFARMS GROUP LIMITED,ASX,"Food, Beverage & Tobacco",1990-06-14,1990,,,False,False
SFM,SFM.AX,SANTA FE MINERALS LTD,ASX,Materials,2011-10-07,2011,35820134.0,$25–100M,True,True
SFR,SFR.AX,SANDFIRE RESOURCES LIMITED,ASX,Materials,2004-03-04,2004,10637424065.0,> $2B,True,True
SFX,SFX.AX,SHEFFIELD RESOURCES LIMITED,ASX,Materials,2010-12-15,2010,17821812.0,$5–25M,True,True
SGA,SGA.AX,SARYTOGAN GRAPHITE LIMITED,ASX,Materials,2022-07-18,2022,18536062.0,$5–25M,True,True
SGC,SGC.AX,SINCLAIR GOLD LTD,ASX,Materials,2012-09-19,2012,264581484.0,$100–500M,True,True
SGH,SGH.AX,SGH LIMITED,ASX,Capital Goods,2010-04-30,2010,16454935892.0,> $2B,False,False
SGI,SGI.AX,STEALTH GROUP HOLDINGS LTD,ASX,Capital Goods,2018-10-02,2018,211623281.0,$100–500M,False,False
SGLLV,SGLLV.AX,RICEGROWERS LIMITED,ASX,"Food, Beverage & Tobacco",2019-04-08,2019,937621156.0,$500M–2B,False,False
SGM,SGM.AX,SIMS LIMITED,ASX,Materials,2005-10-21,2005,4689764692.0,> $2B,True,False
SGP,SGP.AX,STOCKLAND,ASX,Equity Real Estate Investment Trusts (REITs),1987-02-19,1987,11355778050.0,> $2B,False,False
SGQ,SGQ.AX,ST GEORGE MINING LIMITED,ASX,Materials,2010-11-16,2010,438748894.0,$100–500M,True,True
SGR,SGR.AX,THE STAR ENTERTAINMENT GROUP LIMITED,ASX,Consumer Services,2011-06-06,2011,829525347.0,$500M–2B,False,False
SHA,SHA.AX,SHAPE AUSTRALIA CORPORATION LIMITED,ASX,Capital Goods,2021-12-17,2021,608461583.0,$500M–2B,False,False
SHE,SHE.AX,STONEHORSE ENERGY LIMITED,ASX,Energy,2000-07-24,2000,7529061.0,$5–25M,False,False
SHG,SHG.AX,SINGULAR HEALTH GROUP LTD,ASX,Health Care Equipment & Services,2021-02-12,2021,58696434.0,$25–100M,False,False
SHJ,SHJ.AX,SHINE JUSTICE LTD,ASX,Consumer Services,2013-05-15,2013,103751618.0,$100–500M,False,False
SHL,SHL.AX,SONIC HEALTHCARE LIMITED,ASX,Health Care Equipment & Services,1987-04-30,1987,10102223759.0,> $2B,False,False
SHM,SHM.AX,SHRIRO HOLDINGS LIMITED,ASX,Consumer Durables & Apparel,2015-06-23,2015,50516488.0,$25–100M,False,False
SHN,SHN.AX,SUNSHINE METALS LIMITED,ASX,Materials,2002-01-25,2002,140325683.0,$100–500M,True,True
SHO,SHO.AX,SPORTSHERO LIMITED,ASX,Media & Entertainment,2008-06-12,2008,50071963.0,$25–100M,False,False
SHV,SHV.AX,SELECT HARVESTS LIMITED,ASX,"Food, Beverage & Tobacco",1978-06-15,1978,648909235.0,$500M–2B,False,False
SIG,SIG.AX,SIGMA HEALTHCARE LIMITED,ASX,Health Care Equipment & Services,2002-10-30,2002,33014990111.0,> $2B,False,False
SIO,SIO.AX,SIMONDS GROUP LIMITED,ASX,Consumer Durables & Apparel,2014-11-17,2014,52186435.0,$25–100M,False,False
SIQ,SIQ.AX,SMARTGROUP CORPORATION LTD,ASX,Commercial & Professional Services,2014-07-02,2014,1746236755.0,$500M–2B,False,False
SIS,SIS.AX,SIMBLE SOLUTIONS LIMITED,ASX,Software & Services,2018-02-22,2018,8873321.0,$5–25M,False,False
SIV,SIV.AX,SIV CAPITAL LIMITED,ASX,Capital Goods,2005-05-31,2005,,,False,False
SIX,SIX.AX,SPRINTEX LIMITED,ASX,Automobiles & Components,2008-05-29,2008,46404538.0,$25–100M,False,False
SK1,SK1.AX,SKINKANDY LIMITED,ASX,Consumer Discretionary Distribution & Retail,2026-05-21,2026,274701774.0,$100–500M,False,False
SKC,SKC.AX,SKYCITY ENTERTAINMENT GROUP LIMITED,ASX,Consumer Services,1999-03-29,1999,617710826.0,$500M–2B,False,False
SKG,SKG.AX,STORAGE KING GROUP,ASX,Equity Real Estate Investment Trusts (REITs),2023-08-01,2023,1511218406.0,$500M–2B,False,False
SKK,SKK.AX,STAKK LIMITED,ASX,Telecommunication Services,2004-06-15,2004,82612019.0,$25–100M,False,False
SKM,SKM.AX,SKYLARK MINERALS LIMITED,ASX,Materials,2006-08-16,2006,35960894.0,$25–100M,True,True
SKN,SKN.AX,SKIN ELEMENTS LIMITED,ASX,Household & Personal Products,2017-01-06,2017,13965336.0,$5–25M,False,False
SKO,SKO.AX,SERKO LIMITED,ASX,Software & Services,2018-06-25,2018,157043401.0,$100–500M,False,False
SKS,SKS.AX,SKS TECHNOLOGIES GROUP LIMITED,ASX,Capital Goods,1974-01-01,1974,958731423.0,$500M–2B,False,False
SKT,SKT.AX,SKY NETWORK TELEVISION LIMITED.,ASX,Media & Entertainment,2005-07-04,2005,390997028.0,$100–500M,False,False
SKY,SKY.AX,SKY METALS LIMITED,ASX,Materials,2004-03-11,2004,213351525.0,$100–500M,True,True
SLA,SLA.AX,SOLARA MINERALS LTD,ASX,Materials,2021-11-17,2021,6812005.0,$5–25M,True,True
SLB,SLB.AX,STELAR METALS LIMITED,ASX,Materials,2022-03-18,2022,16948493.0,$5–25M,True,True
SLC,SLC.AX,SUPERLOOP LIMITED,ASX,Telecommunication Services,2015-06-04,2015,1575024513.0,$500M–2B,False,False
SLD,SLD.AX,"SALUDA MEDICAL, INC.",ASX,Health Care Equipment & Services,2025-12-05,2025,154994643.0,$100–500M,False,False
SLM,SLM.AX,SOLIS MINERALS LIMITED,ASX,Materials,2021-12-24,2021,24553327.0,$5–25M,True,True
SLS,SLS.AX,SOLSTICE MINERALS LIMITED,ASX,Materials,2022-05-02,2022,326243931.0,$100–500M,True,True
SLX,SLX.AX,SILEX SYSTEMS LIMITED,ASX,Capital Goods,1998-05-07,1998,1573176344.0,$500M–2B,False,False
SLZ,SLZ.AX,SULTAN RESOURCES LTD,ASX,Materials,2018-08-16,2018,4681296.0,< $5M,True,True
SM1,SM1.AX,SYNLAIT MILK LIMITED,ASX,"Food, Beverage & Tobacco",2016-11-25,2016,193023391.0,$100–500M,False,False
SMI,SMI.AX,SANTANA MINERALS LIMITED,ASX,Materials,2013-05-31,2013,552025915.0,$500M–2B,True,True
SMM,SMM.AX,SOMERSET MINERALS LIMITED,ASX,Materials,2018-08-15,2018,19255501.0,$5–25M,True,True
SMN,SMN.AX,STRUCTURAL MONITORING SYSTEMS PLC,ASX,Technology Hardware & Equipment,2004-08-16,2004,56796474.0,$25–100M,False,False
SMR,SMR.AX,STANMORE RESOURCES LIMITED,ASX,Materials,2009-12-09,2009,2334604332.0,> $2B,True,True
SMS,SMS.AX,STAR MINERALS LIMITED,ASX,Materials,2021-10-27,2021,12708375.0,$5–25M,True,True
SMX,SMX.AX,STRATA MINERALS LIMITED.,ASX,Materials,2021-05-07,2021,7199156.0,$5–25M,True,True
SNC,SNC.AX,SANDON CAPITAL INVESTMENTS LIMITED,ASX,Not Applic,2013-12-23,2013,109365098.0,$100–500M,False,False
SND,SND.AX,SAUNDERS INTERNATIONAL LIMITED,ASX,Capital Goods,2007-12-05,2007,127440318.0,$100–500M,False,False
SNG,SNG.AX,SIREN GOLD LIMITED,ASX,Materials,2020-10-07,2020,13200520.0,$5–25M,True,True
SNL,SNL.AX,SUPPLY NETWORK LIMITED,ASX,Consumer Discretionary Distribution & Retail,1987-09-10,1987,1549412285.0,$500M–2B,False,False
SNM,SNM.AX,SENTINEL METALS LIMITED,ASX,Materials,2025-10-30,2025,62487169.0,$25–100M,True,True
SNS,SNS.AX,SENSEN NETWORKS LIMITED,ASX,Software & Services,2007-05-31,2007,28217699.0,$25–100M,False,False
SNT,SNT.AX,SYNTARA LIMITED,ASX,"Pharmaceuticals, Biotechnology & Life Sciences",2003-11-10,2003,47112463.0,$25–100M,False,False
SNX,SNX.AX,SIERRA NEVADA GOLD INC.,ASX,Materials,2022-05-03,2022,57283035.0,$25–100M,True,True
SNZ,SNZ.AX,SUMMERSET GROUP HOLDINGS LIMITED,ASX,Health Care Equipment & Services,2013-07-18,2013,1576197652.0,$500M–2B,False,False
SOC,SOC.AX,SOCO CORPORATION LTD,ASX,Software & Services,2022-12-23,2022,5713559.0,$5–25M,False,False
SOL,SOL.AX,WASHINGTON H. SOUL PATTINSON AND COMPANY LIMITED,ASX,Financial Services,1903-01-21,1903,17058393722.0,> $2B,False,False
SOM,SOM.AX,SOMNOMED LIMITED,ASX,Health Care Equipment & Services,2004-08-27,2004,74721206.0,$25–100M,False,False
SOP,SOP.AX,SYNERTEC CORPORATION LIMITED,ASX,Commercial & Professional Services,2013-05-28,2013,32007879.0,$25–100M,False,False
SOR,SOR.AX,STRATEGIC ELEMENTS LIMITED,ASX,Financial Services,2011-08-11,2011,21824492.0,$5–25M,False,False
SP3,SP3.AX,SPECTUR LIMITED,ASX,Technology Hardware & Equipment,2017-08-01,2017,3743304.0,< $5M,False,False
SP8,SP8.AX,STREAMPLAY STUDIO LIMITED,ASX,Media & Entertainment,1971-06-09,1971,11981289.0,$5–25M,False,False
SPA,SPA.AX,SPACETALK LTD,ASX,Software & Services,2001-07-17,2001,27357333.0,$25–100M,False,False
SPD,SPD.AX,SOUTHERN PALLADIUM LIMITED,ASX,Materials,2022-06-08,2022,267304400.0,$100–500M,True,True
SPG,SPG.AX,SPC GLOBAL HOLDINGS LTD,ASX,"Food, Beverage & Tobacco",2012-06-29,2012,90691758.0,$25–100M,False,False
SPK,SPK.AX,SPARK NEW ZEALAND LIMITED,ASX,Telecommunication Services,1991-08-22,1991,3411684845.0,> $2B,False,False
SPL,SPL.AX,STARPHARMA HOLDINGS LIMITED,ASX,"Pharmaceuticals, Biotechnology & Life Sciences",2000-09-28,2000,348250113.0,$100–500M,False,False
SPN,SPN.AX,SPARC TECHNOLOGIES LIMITED,ASX,Materials,1986-07-03,1986,22073418.0,$5–25M,True,False
SPQ,SPQ.AX,SUPERIOR RESOURCES LIMITED,ASX,Materials,2007-11-12,2007,10562683.0,$5–25M,True,True
SPX,SPX.AX,SPENDA LIMITED,ASX,Software & Services,2002-05-29,2002,3624453.0,< $5M,False,False
SPZ,SPZ.AX,SMART PARKING LIMITED,ASX,Commercial & Professional Services,2007-01-09,2007,347021210.0,$100–500M,False,False
SQX,SQX.AX,SQX RESOURCES LIMITED,ASX,Materials,2023-02-20,2023,3979650.0,< $5M,True,True
SRG,SRG.AX,SRG GLOBAL LIMITED,ASX,Capital Goods,2007-08-17,2007,2393582288.0,> $2B,False,False
SRH,SRH.AX,SAFEROADS HOLDINGS LIMITED,ASX,Transportation,2005-12-15,2005,4161260.0,< $5M,False,False
SRJ,SRJ.AX,SRJ TECHNOLOGIES GROUP PLC,ASX,Energy,2020-09-18,2020,12187000.0,$5–25M,False,False
SRK,SRK.AX,STRIKE RESOURCES LIMITED,ASX,Materials,2000-03-07,2000,6526250.0,$5–25M,True,True
SRL,SRL.AX,SUNRISE ENERGY METALS LIMITED,ASX,Materials,2007-11-09,2007,2782581343.0,> $2B,True,True
SRN,SRN.AX,SUREFIRE RESOURCES NL,ASX,Materials,1999-06-11,1999,4348301.0,< $5M,True,True
SRR,SRR.AX,SARAMA RESOURCES LTD,ASX,Materials,2022-05-02,2022,15611350.0,$5–25M,True,True
SRT,SRT.AX,STRATA INVESTMENT HOLDINGS PLC,ASX,Materials,2021-05-27,2021,,,True,False
SRV,SRV.AX,SERVCORP LIMITED,ASX,Real Estate Management & Development,1999-12-06,1999,604938821.0,$500M–2B,False,False
SRZ,SRZ.AX,STELLAR RESOURCES LIMITED,ASX,Materials,2005-04-28,2005,132609200.0,$100–500M,True,True
SS1,SS1.AX,SUN SILVER LIMITED,ASX,Materials,2024-05-15,2024,218974187.0,$100–500M,True,True
SSG,SSG.AX,SHAVER SHOP GROUP LIMITED,ASX,Consumer Discretionary Distribution & Retail,2016-07-01,2016,196518741.0,$100–500M,False,False
SSH,SSH.AX,SSH GROUP LTD,ASX,Energy,2021-09-17,2021,15431966.0,$5–25M,False,False
SSL,SSL.AX,SIETEL LIMITED,ASX,Real Estate Management & Development,1974-01-01,1974,68864319.0,$25–100M,False,False
SSM,SSM.AX,SERVICE STREAM LIMITED,ASX,Capital Goods,2004-12-09,2004,1564565687.0,$500M–2B,False,False
SST,SST.AX,STEAMSHIPS TRADING COMPANY LIMITED,ASX,Capital Goods,1962-06-30,1962,296128663.0,$100–500M,False,False
STG,STG.AX,STRAKER LIMITED,ASX,Media & Entertainment,2018-10-22,2018,,,False,False
STH,STH.AX,STEPCHANGE HOLDINGS LIMITED,ASX,Software & Services,2025-07-10,2025,23834280.0,$5–25M,False,False
STK,STK.AX,STRICKLAND METALS LIMITED,ASX,Materials,2006-04-06,2006,219096658.0,$100–500M,True,True
STM,STM.AX,SUNSTONE METALS LTD,ASX,Materials,2007-03-22,2007,55383944.0,$25–100M,True,True
STN,STN.AX,SATURN METALS LIMITED,ASX,Materials,2018-03-09,2018,296364337.0,$100–500M,True,True
STO,STO.AX,SANTOS LIMITED,ASX,Energy,1954-10-01,1954,26469349632.0,> $2B,False,False
STP,STP.AX,STEP ONE CLOTHING LIMITED,ASX,Consumer Discretionary Distribution & Retail,2021-11-01,2021,25947641.0,$25–100M,False,False
STV,STV.AX,SWIFT TV LTD,ASX,Media & Entertainment,1994-06-30,1994,8620614.0,$5–25M,False,False
STX,STX.AX,STRIKE ENERGY LIMITED,ASX,Energy,2004-08-05,2004,395933670.0,$100–500M,False,False
SUH,SUH.AX,SOUTHERN HEMISPHERE MINING LIMITED,ASX,Materials,2010-01-05,2010,23559681.0,$5–25M,True,True
SUL,SUL.AX,SUPER RETAIL GROUP LIMITED,ASX,Consumer Discretionary Distribution & Retail,2004-07-06,2004,2998975920.0,> $2B,False,False
SUN,SUN.AX,SUNCORP GROUP LIMITED,ASX,Insurance,1988-07-07,1988,20533195734.0,> $2B,False,False
SVG,SVG.AX,SAVANNAH GOLDFIELDS LIMITED,ASX,Materials,1987-04-02,1987,20174193.0,$5–25M,True,False
SVL,SVL.AX,SILVER MINES LIMITED,ASX,Materials,2007-01-19,2007,377293611.0,$100–500M,True,True
SVM,SVM.AX,SOVEREIGN METALS LIMITED,ASX,Materials,2007-01-22,2007,364058468.0,$100–500M,True,True
SVR,SVR.AX,SOLVAR LIMITED,ASX,Financial Services,2006-10-19,2006,324773638.0,$100–500M,False,False
SVY,SVY.AX,STAVELY MINERALS LIMITED,ASX,Materials,2014-05-07,2014,17554412.0,$5–25M,True,True
SWP,SWP.AX,SWOOP HOLDINGS LIMITED,ASX,Telecommunication Services,1988-10-06,1988,28617632.0,$25–100M,False,False
SX2,SX2.AX,SOUTHERN CROSS GOLD CONSOLIDATED LTD.,ASX,Materials,2025-01-16,2025,3346400704.0,> $2B,True,True
SXE,SXE.AX,SOUTHERN CROSS ELECTRICAL ENGINEERING LTD,ASX,Capital Goods,2007-11-28,2007,1333699026.0,$500M–2B,False,False
SXL,SXL.AX,SOUTHERN CROSS MEDIA GROUP LIMITED,ASX,Media & Entertainment,2005-11-17,2005,287267483.0,$100–500M,False,False
SYL,SYL.AX,SYMAL GROUP LIMITED,ASX,Capital Goods,2024-11-21,2024,681561241.0,$500M–2B,False,False
SYR,SYR.AX,SYRAH RESOURCES LIMITED,ASX,Materials,2007-09-11,2007,243802387.0,$100–500M,True,True
T3D,T3D.AX,333D LIMITED,ASX,Commercial & Professional Services,2006-12-27,2006,5919073.0,$5–25M,False,False
T88,T88.AX,TAITON RESOURCES LIMITED,ASX,Materials,2022-12-19,2022,5449345.0,$5–25M,True,True
T92,T92.AX,TERRA CRITICAL MINERALS LIMITED,ASX,Energy,2022-09-08,2022,7418277.0,$5–25M,False,True
TAH,TAH.AX,TABCORP HOLDINGS LIMITED,ASX,Consumer Services,1994-08-15,1994,2074843028.0,> $2B,False,False
TAL,TAL.AX,TALIUS GROUP LIMITED,ASX,Software & Services,2006-06-02,2006,21689155.0,$5–25M,False,False
TAM,TAM.AX,TANAMI GOLD NL,ASX,Materials,1986-12-11,1986,155112810.0,$100–500M,True,True
TAR,TAR.AX,TARUGA MINERALS LIMITED,ASX,Materials,2012-02-07,2012,25636816.0,$25–100M,True,True
TAS,TAS.AX,TASMAN RESOURCES LTD,ASX,Materials,2001-12-18,2001,17727710.0,$5–25M,True,True
TAT,TAT.AX,TARTANA MINERALS LIMITED,ASX,Materials,2004-12-17,2004,8257529.0,$5–25M,True,True
TBN,TBN.AX,TAMBORAN RESOURCES CORPORATION,ASX,Energy,2021-07-02,2021,1817920312.0,$500M–2B,False,True
TBR,TBR.AX,TRIBUNE RESOURCES LIMITED,ASX,Materials,1989-05-04,1989,298543358.0,$100–500M,True,True
TCF,TCF.AX,360 CAPITAL MORTGAGE REIT,ASX,Not Applic,2006-10-17,2006,49045231.0,$25–100M,False,False
TCG,TCG.AX,TURACO GOLD LIMITED,ASX,Materials,2008-07-22,2008,862487096.0,$500M–2B,True,True
TCL,TCL.AX,TRANSURBAN GROUP,ASX,Transportation,1996-03-14,1996,43682572766.0,> $2B,False,False
TCO,TCO.AX,TRANSMETRO CORPORATION LIMITED,ASX,Consumer Services,1987-09-17,1987,,,False,False
TD1,TD1.AX,TALI DIGITAL LIMITED,ASX,Health Care Equipment & Services,2004-09-23,2004,4205473.0,< $5M,False,False
TDO,TDO.AX,3D ENERGI LIMITED,ASX,Energy,2007-05-22,2007,,,False,False
TEA,TEA.AX,TASMEA LIMITED,ASX,Capital Goods,2024-04-29,2024,2535210716.0,> $2B,False,False
TEE,TEE.AX,TOP END ENERGY LIMITED,ASX,Energy,2022-04-04,2022,,,False,False
TEG,TEG.AX,TRIANGLE ENERGY (GLOBAL) LIMITED,ASX,Energy,2006-01-06,2006,,,False,False
TEK,TEK.AX,THORNEY TECHNOLOGIES LTD,ASX,Not Applic,2005-05-10,2005,35926019.0,$25–100M,False,False
TEM,TEM.AX,TEMPEST MINERALS LIMITED,ASX,Materials,2017-03-28,2017,4958443.0,< $5M,True,True
TER,TER.AX,TERRACOM LIMITED,ASX,Energy,2010-07-22,2010,140334283.0,$100–500M,False,False
TET,TET.AX,TETRAGON ENERGY LIMITED,ASX,Energy,2026-07-09,2026,11116114.0,$5–25M,False,False
TFL,TFL.AX,TASFOODS LIMITED,ASX,"Food, Beverage & Tobacco",1999-12-16,1999,,,False,False
TG1,TG1.AX,TECHGEN METALS LTD,ASX,Materials,2021-04-07,2021,13616507.0,$5–25M,True,True
TG6,TG6.AX,TG METALS LIMITED,ASX,Materials,2022-05-26,2022,34552261.0,$25–100M,True,True
TGF,TGF.AX,TRIBECA GLOBAL NATURAL RESOURCES LIMITED,ASX,Not Applic,2018-10-12,2018,210027404.0,$100–500M,False,True
TGH,TGH.AX,TERRAGEN HOLDINGS LIMITED,ASX,Materials,2019-12-11,2019,18933577.0,$5–25M,True,False
TGM,TGM.AX,THETA GOLD MINES LIMITED,ASX,Materials,2011-04-07,2011,254055904.0,$100–500M,True,True
TGN,TGN.AX,TUNGSTEN MINING NL,ASX,Materials,2012-12-17,2012,383993557.0,$100–500M,True,True
THL,THL.AX,TOURISM HOLDINGS RENTALS LIMITED,ASX,Transportation,2022-12-02,2022,533804239.0,$500M–2B,False,False
THR,THR.AX,THOR ENERGY PLC,ASX,Materials,2006-09-27,2006,10300726.0,$5–25M,True,False
TIA,TIA.AX,TIAN AN AUSTRALIA LIMITED,ASX,Real Estate Management & Development,1985-12-11,1985,14723501.0,$5–25M,False,False
TIO,TIO.AX,TEMAS RESOURCES CORP.,ASX,Materials,2025-10-27,2025,10699657.0,$5–25M,True,True
TIP,TIP.AX,TEAMINVEST PRIVATE GROUP LIMITED,ASX,Financial Services,2019-05-24,2019,35061615.0,$25–100M,False,False
TKM,TKM.AX,TREK METALS LIMITED,ASX,Materials,2007-07-05,2007,44601602.0,$25–100M,True,True
TLC,TLC.AX,THE LOTTERY CORPORATION LIMITED,ASX,Consumer Services,2022-05-24,2022,11484981987.0,> $2B,False,False
TLG,TLG.AX,TALGA GROUP LTD,ASX,Materials,2010-07-09,2010,155832673.0,$100–500M,True,False
TLM,TLM.AX,TALISMAN MINING LIMITED,ASX,Materials,2005-11-25,2005,12617463.0,$5–25M,True,True
TLS,TLS.AX,TELSTRA GROUP LIMITED,ASX,Telecommunication Services,1997-11-17,1997,52353940361.0,> $2B,False,False
TLX,TLX.AX,TELIX PHARMACEUTICALS LIMITED,ASX,"Pharmaceuticals, Biotechnology & Life Sciences",2017-11-15,2017,5490914191.0,> $2B,False,False
TM1,TM1.AX,TERRA METALS LIMITED,ASX,Energy,2012-12-20,2012,247412710.0,$100–500M,False,True
TMB,TMB.AX,TAMBOURAH METALS LTD,ASX,Materials,2021-08-12,2021,9063072.0,$5–25M,True,True
TMK,TMK.AX,TMK ENERGY LIMITED,ASX,Energy,2008-07-10,2008,36413431.0,$25–100M,False,False
TML,TML.AX,TIMAH RESOURCES LIMITED,ASX,Utilities,2015-09-16,2015,4171709.0,< $5M,False,True
TMS,TMS.AX,TENNANT MINERALS LIMITED,ASX,Materials,2004-08-17,2004,13469937.0,$5–25M,True,True
TMX,TMX.AX,TERRAIN MINERALS LIMITED,ASX,Materials,2006-03-23,2006,11135185.0,$5–25M,True,True
TNC,TNC.AX,TRUE NORTH COPPER LIMITED,ASX,Materials,2020-11-10,2020,69737039.0,$25–100M,True,True
TNE,TNE.AX,TECHNOLOGY ONE LIMITED,ASX,Software & Services,1999-12-08,1999,10865361876.0,> $2B,False,False
TNY,TNY.AX,TINYBEANS GROUP LTD,ASX,Media & Entertainment,2017-04-21,2017,13750516.0,$5–25M,False,False
TOK,TOK.AX,TOLU MINERALS LIMITED.,ASX,Materials,2023-11-10,2023,337183117.0,$100–500M,True,True
TON,TON.AX,TRITON MINERALS LTD,ASX,Materials,2009-08-14,2009,4705166.0,< $5M,True,True
TOP,TOP.AX,THORNEY OPPORTUNITIES LTD,ASX,Not Applic,2000-03-22,2000,96349657.0,$25–100M,False,False
TOR,TOR.AX,TORQUE METALS LIMITED..,ASX,Materials,2021-06-25,2021,137484270.0,$100–500M,True,True
TOT,TOT.AX,360 CAPITAL REIT,ASX,Equity Real Estate Investment Trusts (REITs),2015-04-22,2015,88328460.0,$25–100M,False,False
TOU,TOU.AX,TLOU ENERGY LIMITED,ASX,Energy,2013-04-09,2013,5194337.0,$5–25M,False,False
TPC,TPC.AX,TPC CONSOLIDATED LIMITED,ASX,Utilities,2007-07-16,2007,42010000.0,$25–100M,False,False
TPG,TPG.AX,TPG TELECOM LIMITED.,ASX,Telecommunication Services,2020-06-30,2020,7557663190.0,> $2B,False,False
TPW,TPW.AX,TEMPLE & WEBSTER GROUP LTD,ASX,Consumer Discretionary Distribution & Retail,2015-12-10,2015,575740851.0,$500M–2B,False,False
TR2,TR2.AX,TALI RESOURCES LTD,ASX,Materials,2025-07-18,2025,47663687.0,$25–100M,True,True
TR8,TR8.AX,TARRINA RESOURCES LIMITED,ASX,Materials,2022-01-07,2022,6292489.0,$5–25M,True,True
TRA,TRA.AX,TURNERS AUTOMOTIVE GROUP LIMITED,ASX,Consumer Discretionary Distribution & Retail,2017-07-28,2017,625035573.0,$500M–2B,False,False
TRE,TRE.AX,TOUBANI RESOURCES LIMITED,ASX,Materials,2022-11-28,2022,322143180.0,$100–500M,True,True
TRI,TRI.AX,TRIVARX LTD,ASX,Health Care Equipment & Services,2001-01-29,2001,17305402.0,$5–25M,False,False
TRJ,TRJ.AX,TRAJAN GROUP HOLDINGS LIMITED,ASX,"Pharmaceuticals, Biotechnology & Life Sciences",2021-06-07,2021,29044090.0,$25–100M,False,False
TRM,TRM.AX,TRUSCOTT MINING CORPORATION LIMITED,ASX,Materials,2007-04-18,2007,,,True,True
TRP,TRP.AX,TISSUE REPAIR LTD,ASX,"Pharmaceuticals, Biotechnology & Life Sciences",2021-11-18,2021,5320906.0,$5–25M,False,False
TRU,TRU.AX,TRUSCREEN GROUP LIMITED,ASX,Health Care Equipment & Services,2021-01-06,2021,12572627.0,$5–25M,False,False
TSK,TSK.AX,TUSKER MINERALS LTD,ASX,Materials,2023-06-29,2023,8158438.0,$5–25M,True,True
TSL,TSL.AX,TITANIUM SANDS LIMITED,ASX,Materials,1988-12-22,1988,16413230.0,$5–25M,True,True
TSO,TSO.AX,TESORO GOLD LTD,ASX,Materials,2004-01-28,2004,183330890.0,$100–500M,True,True
TSR,TSR.AX,TURNSTONE RESOURCES LTD,ASX,Materials,2017-01-20,2017,3055618.0,< $5M,True,True
TTM,TTM.AX,TITAN MINERALS LIMITED,ASX,Materials,2006-11-15,2006,208811995.0,$100–500M,True,True
TTT,TTT.AX,TITOMIC LIMITED,ASX,Materials,2017-09-21,2017,257204851.0,$100–500M,True,False
TTX,TTX.AX,TETRATHERIX LIMITED,ASX,"Pharmaceuticals, Biotechnology & Life Sciences",2025-06-30,2025,357613016.0,$100–500M,False,False
TUA,TUA.AX,TUAS LIMITED,ASX,Telecommunication Services,2020-06-30,2020,1151631959.0,$500M–2B,False,False
TVL,TVL.AX,TOUCH VENTURES LIMITED,ASX,Financial Services,2021-09-29,2021,43211040.0,$25–100M,False,False
TVN,TVN.AX,TIVAN LIMITED,ASX,Materials,1971-02-18,1971,546919420.0,$500M–2B,True,False
TWD,TWD.AX,TAMAWOOD LIMITED,ASX,Consumer Durables & Apparel,2000-08-14,2000,114031130.0,$100–500M,False,False
TWE,TWE.AX,TREASURY WINE ESTATES LIMITED,ASX,"Food, Beverage & Tobacco",2011-05-10,2011,4602853009.0,> $2B,False,False
TWL,TWL.AX,TRADE WINDOW HOLDINGS LIMITED,ASX,Class Pend,2025-12-19,2025,17996580.0,$5–25M,False,False
TWR,TWR.AX,TOWER LIMITED,ASX,Insurance,1999-09-28,1999,534004651.0,$500M–2B,False,False
TXR,TXR.AX,TALONX RESOURCES LIMITED,ASX,Materials,1985-09-05,1985,5591981.0,$5–25M,True,True
TYR,TYR.AX,TYRO PAYMENTS LIMITED,ASX,Financial Services,2019-12-06,2019,441937023.0,$100–500M,False,False
TYX,TYX.AX,TYRANNA RESOURCES LIMITED,ASX,Materials,2007-07-11,2007,11748449.0,$5–25M,True,True
TZL,TZL.AX,TZ LIMITED,ASX,Technology Hardware & Equipment,1987-01-22,1987,10848255.0,$5–25M,False,False
TZN,TZN.AX,TERRAMIN AUSTRALIA LIMITED.,ASX,Materials,2003-12-23,2003,54916262.0,$25–100M,True,False
UBI,UBI.AX,UNIVERSAL BIOSENSORS INC.,ASX,Health Care Equipment & Services,2006-12-13,2006,,,False,False
UBN,UBN.AX,URBANISE.COM LIMITED,ASX,Software & Services,2014-09-22,2014,52887404.0,$25–100M,False,False
UCM,UCM.AX,USCOM LIMITED,ASX,Health Care Equipment & Services,2003-12-10,2003,,,False,False
UM1,UM1.AX,UNITY METALS LIMITED,ASX,Materials,2026-01-12,2026,37364536.0,$25–100M,True,True
UNI,UNI.AX,UNIVERSAL STORE HOLDINGS LIMITED,ASX,Consumer Discretionary Distribution & Retail,2020-11-16,2020,662867798.0,$500M–2B,False,False
UNT,UNT.AX,UNITH LTD,ASX,Media & Entertainment,1999-12-16,1999,10530374.0,$5–25M,False,False
UOS,UOS.AX,UNITED OVERSEAS AUSTRALIA LIMITED,ASX,Real Estate Management & Development,1988-02-17,1988,1139280013.0,$500M–2B,False,False
URF,URF.AX,US MASTERS RESIDENTIAL PROPERTY FUND,ASX,Equity Real Estate Investment Trusts (REITs),2012-07-23,2012,82614154.0,$25–100M,False,False
USC,USC.AX,US1 CRITICAL MINERALS LIMITED,ASX,Materials,2006-06-27,2006,24332625.0,$5–25M,True,True
USL,USL.AX,UNICO SILVER LIMITED,ASX,Materials,2017-04-19,2017,555595308.0,$500M–2B,True,True
USM,USM.AX,UNION STAR METALS LTD,ASX,Materials,2009-11-12,2009,5754851.0,$5–25M,True,True
UWC,UWC.AX,UNDERWOOD CAPITAL LIMITED,ASX,Not Applic,2015-01-22,2015,11343075.0,$5–25M,False,False
VAL,VAL.AX,VALIANT GOLD LIMITED,ASX,Materials,2026-03-27,2026,129600024.0,$100–500M,True,True
VAN,VAN.AX,VANTAGE METALS LIMITED,ASX,Materials,2022-01-28,2022,14583875.0,$5–25M,True,True
VAU,VAU.AX,VAULT MINERALS LIMITED,ASX,Materials,1996-10-16,1996,7190232970.0,> $2B,True,True
VBC,VBC.AX,VERBREC LIMITED,ASX,Capital Goods,2007-12-11,2007,54342932.0,$25–100M,False,False
VBS,VBS.AX,VECTUS BIOSYSTEMS LIMITED,ASX,"Pharmaceuticals, Biotechnology & Life Sciences",2016-02-23,2016,9280058.0,$5–25M,False,False
VBX,VBX.AX,VBX LIMITED,ASX,Materials,2025-06-17,2025,70639569.0,$25–100M,True,False
VCX,VCX.AX,VICINITY CENTRES,ASX,Equity Real Estate Investment Trusts (REITs),2011-12-05,2011,11693647393.0,> $2B,False,False
VEA,VEA.AX,VIVA ENERGY GROUP LIMITED,ASX,Energy,2018-07-13,2018,4533357783.0,> $2B,False,False
VEE,VEE.AX,VEEM LTD,ASX,Capital Goods,2016-10-26,2016,77777167.0,$25–100M,False,False
VEN,VEN.AX,VINTAGE ENERGY LTD,ASX,Energy,2018-09-17,2018,4880672.0,< $5M,False,False
VFX,VFX.AX,VISIONFLEX GROUP LIMITED,ASX,Health Care Equipment & Services,2015-06-09,2015,4765392.0,< $5M,False,False
VFY,VFY.AX,VITRAFY LIFE SCIENCES LIMITED,ASX,"Pharmaceuticals, Biotechnology & Life Sciences",2024-11-26,2024,289714322.0,$100–500M,False,False
VGL,VGL.AX,VISTA GROUP INTERNATIONAL LIMITED.,ASX,Software & Services,2014-08-11,2014,552756899.0,$500M–2B,False,False
VGN,VGN.AX,VIRGIN AUSTRALIA HOLDINGS LIMITED.,ASX,Transportation,2025-06-24,2025,2117425982.0,> $2B,False,False
VHL,VHL.AX,VITASORA HEALTH LIMITED,ASX,Health Care Equipment & Services,2000-07-14,2000,32765981.0,$25–100M,False,False
VHM,VHM.AX,VHM LIMITED,ASX,Materials,2023-01-09,2023,68589818.0,$25–100M,True,False
VIG,VIG.AX,VICTOR GROUP HOLDINGS LIMITED,ASX,Software & Services,2014-05-09,2014,,,False,False
VIT,VIT.AX,VITURA HEALTH LIMITED,ASX,Health Care Equipment & Services,2019-11-07,2019,20544997.0,$5–25M,False,False
VKA,VKA.AX,VIKING MINES LIMITED,ASX,Materials,2010-05-12,2010,22613789.0,$5–25M,True,True
VLS,VLS.AX,VITA LIFE SCIENCES LIMITED..,ASX,"Pharmaceuticals, Biotechnology & Life Sciences",2007-08-23,2007,151152372.0,$100–500M,False,False
VMC,VMC.AX,VENUS METALS CORPORATION LIMITED,ASX,Materials,2007-06-12,2007,68070889.0,$25–100M,True,True
VML,VML.AX,VITAL METALS LIMITED,ASX,Materials,2005-10-11,2005,24787965.0,$5–25M,True,True
VMM,VMM.AX,VIRIDIS MINING AND MINERALS LIMITED,ASX,Materials,2022-01-24,2022,523507306.0,$500M–2B,True,True
VMS,VMS.AX,VENARI MINERALS NL,ASX,Materials,1986-08-14,1986,10939038.0,$5–25M,True,True
VMT,VMT.AX,VMOTO LIMITED,ASX,Automobiles & Components,2002-01-31,2002,46342530.0,$25–100M,False,False
VNL,VNL.AX,VINYL GROUP LTD,ASX,Software & Services,2010-09-21,2010,68226100.0,$25–100M,False,False
VNT,VNT.AX,VENTIA SERVICES GROUP LIMITED,ASX,Capital Goods,2021-11-19,2021,4816985533.0,> $2B,False,False
VPR,VPR.AX,VOLT GROUP LIMITED,ASX,Utilities,1991-04-18,1991,19567882.0,$5–25M,False,False
VR1,VR1.AX,VECTION TECHNOLOGIES LTD,ASX,Software & Services,2017-03-17,2017,51993764.0,$25–100M,False,False
VR8,VR8.AX,VANADIUM RESOURCES LIMITED,ASX,Materials,2017-11-03,2017,9376034.0,$5–25M,True,True
VRC,VRC.AX,VOLT RESOURCES LIMITED,ASX,Materials,2003-12-19,2003,,,True,True
VRL,VRL.AX,VERITY RESOURCES LIMITED,ASX,Materials,2008-01-18,2008,6382518.0,$5–25M,True,True
VRS,VRS.AX,VERIS LIMITED,ASX,Commercial & Professional Services,2008-06-25,2008,24292541.0,$5–25M,False,False
VRX,VRX.AX,VRX SILICA LIMITED,ASX,Materials,2011-02-24,2011,38387992.0,$25–100M,True,False
VSL,VSL.AX,VULCAN STEEL LIMITED,ASX,Materials,2021-11-04,2021,776608788.0,$500M–2B,True,False
VSR,VSR.AX,VOLTAIC STRATEGIC RESOURCES LTD,ASX,Energy,2011-01-21,2011,14525439.0,$5–25M,False,True
VTA,VTA.AX,VITA RESOURCES NL,ASX,Materials,2021-03-16,2021,1914870.0,< $5M,True,True
VTM,VTM.AX,VICTORY METALS LIMITED,ASX,Materials,2021-07-22,2021,208192742.0,$100–500M,True,True
VTX,VTX.AX,VERTEX MINERALS LIMITED,ASX,Materials,2022-01-17,2022,42802332.0,$25–100M,True,True
VUL,VUL.AX,VULCAN ENERGY RESOURCES LIMITED,ASX,Materials,2018-05-30,2018,1321103634.0,$500M–2B,True,True
VVA,VVA.AX,VIVA LEISURE LIMITED,ASX,Consumer Services,2019-06-07,2019,161616045.0,$100–500M,False,False
VYS,VYS.AX,VYSARN LIMITED,ASX,Materials,2007-12-14,2007,648622470.0,$500M–2B,True,False
W2V,W2V.AX,WAY 2 VAT LTD.,ASX,Software & Services,2021-09-17,2021,12268311.0,$5–25M,False,False
WA1,WA1.AX,WA1 RESOURCES LTD,ASX,Materials,2022-02-08,2022,898823542.0,$500M–2B,True,True
WAA,WAA.AX,WAM ACTIVE LIMITED,ASX,Not Applic,2008-01-11,2008,157516139.0,$100–500M,False,False
WAF,WAF.AX,WEST AFRICAN RESOURCES LIMITED,ASX,Materials,2010-06-11,2010,4346261430.0,> $2B,True,True
WAG,WAG.AX,THE AUSTRALIAN WEALTH ADVISORS GROUP LIMITED,ASX,Financial Services,2024-02-16,2024,43523025.0,$25–100M,False,False
WAK,WAK.AX,WA KAOLIN LIMITED,ASX,Materials,2020-11-26,2020,,,True,False
WAM,WAM.AX,WAM CAPITAL LIMITED,ASX,Not Applic,1999-08-12,1999,1707301128.0,$500M–2B,False,False
WAR,WAR.AX,WAM STRATEGIC VALUE LIMITED,ASX,Not Applic,2021-06-28,2021,208945883.0,$100–500M,False,False
WAT,WAT.AX,WATERCO LIMITED,ASX,Consumer Durables & Apparel,1989-03-23,1989,192945389.0,$100–500M,False,False
WAU,WAU.AX,WA GOLD LIMITED,ASX,Materials,2004-05-12,2004,20209658.0,$5–25M,True,True
WAX,WAX.AX,WAM RESEARCH LIMITED,ASX,Not Applic,2003-08-19,2003,207941053.0,$100–500M,False,False
WBC,WBC.AX,WESTPAC BANKING CORPORATION,ASX,Banks,1970-07-18,1970,116358718436.0,> $2B,False,False
WBT,WBT.AX,WEEBIT NANO LTD,ASX,Semiconductors & Semiconductor Equipment,2010-12-21,2010,968924002.0,$500M–2B,False,False
WC1,WC1.AX,WEST COBAR METALS LIMITED,ASX,Materials,2021-10-01,2021,8734380.0,$5–25M,True,True
WC8,WC8.AX,WILDCAT RESOURCES LIMITED,ASX,Materials,2004-08-04,2004,571123881.0,$500M–2B,True,True
WCE,WCE.AX,WEST COAST SILVER LIMITED,ASX,Materials,2020-12-14,2020,41076899.0,$25–100M,True,True
WCN,WCN.AX,WHITE CLIFF MINERALS LIMITED,ASX,Materials,2007-12-14,2007,59487965.0,$25–100M,True,True
WDS,WDS.AX,WOODSIDE ENERGY GROUP LTD,ASX,Energy,1971-11-18,1971,62736304719.0,> $2B,False,False
WEB,WEB.AX,WEB TRAVEL GROUP LIMITED,ASX,Consumer Services,1997-11-19,1997,1346592131.0,$500M–2B,False,False
WEC,WEC.AX,WHITE ENERGY COMPANY LIMITED,ASX,Energy,1999-07-23,1999,88292151.0,$25–100M,False,False
WEL,WEL.AX,WINCHESTER ENERGY LTD,ASX,Energy,2014-09-23,2014,2569528.0,< $5M,False,False
WES,WES.AX,WESFARMERS LIMITED,ASX,Consumer Discretionary Distribution & Retail,1984-11-15,1984,93876528778.0,> $2B,False,False
WGB,WGB.AX,WAM GLOBAL LIMITED,ASX,Not Applic,2018-06-22,2018,783926592.0,$500M–2B,False,False
WGN,WGN.AX,WAGNERS HOLDING COMPANY LIMITED,ASX,Materials,2017-12-08,2017,926718562.0,$500M–2B,True,False
WGR,WGR.AX,WESTERN GOLD RESOURCES LIMITED.,ASX,Materials,2021-07-23,2021,24887903.0,$5–25M,True,True
WGX,WGX.AX,WESTGOLD RESOURCES LIMITED.,ASX,Materials,2016-12-06,2016,6189148429.0,> $2B,True,True
WHC,WHC.AX,WHITEHAVEN COAL LIMITED,ASX,Energy,2007-06-01,2007,6710161955.0,> $2B,False,True
WHF,WHF.AX,WHITEFIELD INDUSTRIALS LIMITED,ASX,Not Applic,1971-08-02,1971,606487720.0,$500M–2B,False,False
WHI,WHI.AX,WHITEFIELD INCOME LIMITED,ASX,Not Applic,2024-12-11,2024,400939796.0,$100–500M,False,False
WHK,WHK.AX,WHITEHAWK LIMITED,ASX,Software & Services,2018-01-24,2018,3446985.0,< $5M,False,False
WIA,WIA.AX,WIA GOLD LIMITED,ASX,Materials,2011-03-09,2011,876465246.0,$500M–2B,True,True
WIN,WIN.AX,WIN METALS LTD,ASX,Materials,2021-09-22,2021,13718038.0,$5–25M,True,True
WJL,WJL.AX,WEBJET GROUP LIMITED,ASX,Consumer Services,2024-09-23,2024,157012143.0,$100–500M,False,False
WLC,WLC.AX,WHITEROCK LITHIUM CORP.,ASX,Class Pend,2026-08-24,2026,,,False,True
WLE,WLE.AX,WAM LEADERS LIMITED,ASX,Not Applic,2016-05-30,2016,2069178557.0,> $2B,False,False
WMA,WMA.AX,WAM ALTERNATIVE ASSETS LIMITED,ASX,Not Applic,2014-06-16,2014,198434027.0,$100–500M,False,False
WMG,WMG.AX,WESTERN MINES GROUP LTD,ASX,Materials,2021-07-20,2021,21511301.0,$5–25M,True,True
WMI,WMI.AX,WAM MICROCAP LIMITED,ASX,Not Applic,2017-06-28,2017,405125778.0,$100–500M,False,False
WMX,WMX.AX,WAM INCOME MAXIMISER LIMITED,ASX,Not Applic,2025-04-30,2025,326990696.0,$100–500M,False,False
WMXN,WMXN.AX,WAM INCOME MAXIMISER LIMITED,ASX,Not Applic,2025-04-30,2025,,,False,False
WNR,WNR.AX,WINGARA AG LTD,ASX,"Food, Beverage & Tobacco",1990-01-31,1990,,,False,False
WNX,WNX.AX,WELLNEX LIFE LIMITED,ASX,"Food, Beverage & Tobacco",2017-03-15,2017,6207279.0,$5–25M,False,False
WOA,WOA.AX,WIDE OPEN AGRICULTURE LTD,ASX,"Food, Beverage & Tobacco",2018-07-06,2018,7853362.0,$5–25M,False,False
WOR,WOR.AX,WORLEY LIMITED,ASX,Capital Goods,2002-11-28,2002,5413028253.0,> $2B,False,False
WOT,WOT.AX,WOTSO,ASX,Real Estate Management & Development,2011-10-28,2011,93903767.0,$25–100M,False,False
WOW,WOW.AX,WOOLWORTHS GROUP LIMITED,ASX,Consumer Staples Distribution & Retail,1993-07-12,1993,47459128609.0,> $2B,False,False
WPR,WPR.AX,WAYPOINT REIT,ASX,Equity Real Estate Investment Trusts (REITs),2016-08-03,2016,1580437984.0,$500M–2B,False,False
WQG,WQG.AX,WCM GLOBAL GROWTH LIMITED,ASX,Not Applic,2017-06-23,2017,589180631.0,$500M–2B,False,False
WRK,WRK.AX,WRKR LTD,ASX,Software & Services,2016-12-19,2016,157597439.0,$100–500M,False,False
WRX,WRX.AX,WESTERN RIDGE RESOURCES LIMITED,ASX,Materials,2022-08-05,2022,4797602.0,< $5M,True,True
WSI,WSI.AX,WESTSTAR INDUSTRIAL LIMITED,ASX,Materials,2006-06-07,2006,7770853.0,$5–25M,True,False
WSR,WSR.AX,WESTAR RESOURCES LIMITED,ASX,Materials,2020-12-17,2020,4848012.0,< $5M,True,True
WTC,WTC.AX,WISETECH GLOBAL LIMITED,ASX,Software & Services,2016-04-11,2016,15291683223.0,> $2B,False,False
WTL,WTL.AX,WT FINANCIAL GROUP LIMITED,ASX,Financial Services,2015-03-09,2015,58171585.0,$25–100M,False,False
WTM,WTM.AX,WARATAH MINERALS LIMITED,ASX,Materials,2012-10-29,2012,255916535.0,$100–500M,True,True
WTN,WTN.AX,WINTON LAND LIMITED,ASX,Real Estate Management & Development,2021-12-17,2021,326275110.0,$100–500M,False,False
WWG,WWG.AX,WISEWAY GROUP LIMITED,ASX,Transportation,2018-10-31,2018,43034746.0,$25–100M,False,False
WWI,WWI.AX,WEST WITS MINING LIMITED,ASX,Materials,2007-12-19,2007,210920686.0,$100–500M,True,True
WYX,WYX.AX,WESTERN YILGARN NL,ASX,Materials,2007-05-25,2007,5676080.0,$5–25M,True,False
WZR,WZR.AX,WISR LIMITED,ASX,Financial Services,1989-03-16,1989,47583868.0,$25–100M,False,False
X2M,X2M.AX,X2M CONNECT LIMITED,ASX,Technology Hardware & Equipment,2021-09-22,2021,3892596.0,< $5M,False,False
XEN,XEN.AX,XENITRA LIMITED,ASX,Consumer Discretionary Distribution & Retail,2011-12-07,2011,12838576.0,$5–25M,False,False
XF1,XF1.AX,XREF LIMITED,ASX,Software & Services,2007-04-18,2007,12325027.0,$5–25M,False,False
XGL,XGL.AX,XAMBLE GROUP LIMITED,ASX,Media & Entertainment,2015-07-06,2015,4100891.0,< $5M,False,False
XPD,XPD.AX,XPEDRA RESOURCES LIMITED,ASX,Materials,1997-08-29,1997,17168864.0,$5–25M,True,True
XPN,XPN.AX,XPON TECHNOLOGIES GROUP LIMITED,ASX,Software & Services,2021-12-16,2021,5421420.0,$5–25M,False,False
XRA,XRA.AX,XENORA MINERALS LTD,ASX,Materials,2017-04-06,2017,13702582.0,$5–25M,True,True
XRF,XRF.AX,XRF SCIENTIFIC LIMITED,ASX,Capital Goods,2006-10-31,2006,264414070.0,$100–500M,False,False
XRG,XRG.AX,XREALITY GROUP LTD,ASX,Consumer Services,2013-01-18,2013,45127903.0,$25–100M,False,False
XRO,XRO.AX,XERO LIMITED,ASX,Software & Services,2012-11-08,2012,15179230685.0,> $2B,False,False
XST,XST.AX,XSTATE RESOURCES LIMITED,ASX,Energy,1988-01-14,1988,7678287.0,$5–25M,False,True
XYZ,XYZ.AX,"BLOCK, INC.",ASX,Financial Services,2022-01-20,2022,4350414199.0,> $2B,False,False
YAL,YAL.AX,YANCOAL AUSTRALIA LIMITED,ASX,Energy,2012-06-28,2012,7869819045.0,> $2B,False,False
YAR,YAR.AX,YARI RESOURCES LTD,ASX,Materials,2006-06-19,2006,4197319.0,< $5M,True,True
YOJ,YOJ.AX,YOJEE LIMITED,ASX,Software & Services,2010-12-02,2010,96453706.0,$25–100M,False,False
YOW,YOW.AX,YOWIE GROUP LTD,ASX,"Food, Beverage & Tobacco",1999-09-15,1999,,,False,False
YRL,YRL.AX,YANDAL RESOURCES LIMITED,ASX,Materials,2018-12-14,2018,57395983.0,$25–100M,True,True
YUG,YUG.AX,YUGO METALS LIMITED,ASX,Materials,2021-10-21,2021,21481230.0,$5–25M,True,True
ZAG,ZAG.AX,ZULEIKA GOLD LIMITED,ASX,Materials,2010-08-23,2010,38476848.0,$25–100M,True,True
ZEO,ZEO.AX,ZEOTECH LIMITED,ASX,Materials,2009-10-16,2009,178986900.0,$100–500M,True,False
ZEU,ZEU.AX,ZEUS RESOURCES LIMITED,ASX,Energy,2013-01-21,2013,3300209.0,< $5M,False,True
ZGL,ZGL.AX,ZICOM GROUP LIMITED,ASX,Capital Goods,1970-11-12,1970,25869625.0,$25–100M,False,False
ZIM,ZIM.AX,ZIMPLATS HOLDINGS LIMITED,ASX,Materials,1998-10-15,1998,1668383560.0,$500M–2B,True,False
ZIP,ZIP.AX,ZIP CO LIMITED..,ASX,Financial Services,2009-12-09,2009,3314151993.0,> $2B,False,False
ZLD,ZLD.AX,ZELIRA THERAPEUTICS LIMITED,ASX,"Pharmaceuticals, Biotechnology & Life Sciences",2003-07-28,2003,,,False,False
ZMI,ZMI.AX,ZINC OF IRELAND LIMITED,ASX,Materials,2007-09-18,2007,25700214.0,$25–100M,True,True
ZMM,ZMM.AX,ZIMI LIMITED,ASX,Technology Hardware & Equipment,2007-09-10,2007,4599348.0,< $5M,False,False
ZNC,ZNC.AX,ZENITH MINERALS LIMITED,ASX,Materials,2007-05-29,2007,61443792.0,$25–100M,True,True
ZNO,ZNO.AX,ZOONO GROUP LIMITED,ASX,Materials,1988-07-21,1988,20310588.0,$5–25M,True,False
