ticker,ticker_full,name,stage,commodities,listing_date,status,covers_listing,price_predates_listing,days_price_before_listing,first_price_date,last_price_date,trading_days,milestones_filled,consolidated,split_factor,n_splits,div_total,vol_base,mcap_26aug2026,px_base,px_d7,px_d30,px_d90,px_d180,px_d365,px_d730,px_d1095,px_d1825,px_d2555,px_d3650,px_d5475,px_latest,ret_d7,ret_d30,ret_d90,ret_d180,ret_d365,ret_d730,ret_d1095,ret_d1825,ret_d2555,ret_d3650,ret_d5475,ret_latest
10X,10X.AX,EXULTANT MINING LIMITED,Explorer,Gold | Silver | Copper | Nickel | Zinc | Lithium,2025-12-11,ok,True,False,0,2025-12-11,2026-09-02,183,4,False,1.0,0,0.0,398200.0,4675000.0,0.185,0.175,0.185,0.2,0.17,,,,,,,,0.16,-0.0541,0.0,0.0811,-0.0811,,,,,,,,-0.1351
1AE,1AE.AX,AURORA ENERGY METALS LIMITED,Explorer,Lithium | Uranium,2022-05-18,ok,True,False,0,2022-05-18,2026-09-02,1088,7,False,1.0,0,0.0,5961345.0,9669442.0,0.296,0.285,0.24,0.255,0.215,0.09,0.082,0.074,,,,,0.056,-0.0372,-0.1892,-0.1385,-0.2736,-0.6959,-0.723,-0.75,,,,,-0.8108
1MC,1MC.AX,MORELLA CORPORATION LIMITED,Explorer,Lithium,2001-01-08,ok,True,False,0,2001-01-08,2026-09-02,6520,11,True,0.04,1,0.1311,95720.0,13252632.0,2.8215,2.7771,3.0856,2.3451,2.5919,2.4685,1.9015,1.9671,4.1071,3.7232,3.583,1.2857,0.03,-0.0157,0.0936,-0.1688,-0.0814,-0.1251,-0.3261,-0.3028,0.4556,0.3196,0.2699,-0.5443,-0.9894
29M,29M.AX,29METALS LIMITED,Producer,Gold | Silver | Copper | Lead | Zinc,2021-07-02,ok,True,False,0,2021-07-02,2026-09-02,1309,8,False,1.0,0,0.016,5737702.0,595026025.0,1.9701,2.003,2.2933,2.2159,2.8836,1.5918,0.8482,0.43,0.255,,,,0.345,0.0167,0.1641,0.1248,0.4637,-0.192,-0.5695,-0.7817,-0.8706,,,,-0.8249
49M,49M.AX,49 METALS LIMITED,Explorer,Gold,2026-03-31,ok,True,False,0,2026-03-31,2026-09-02,109,3,False,1.0,0,0.0,473680.0,9457215.0,0.178,0.175,0.155,0.094,,,,,,,,,0.12,-0.0169,-0.1292,-0.4719,,,,,,,,,-0.3258
6KA,6KA.AX,"6K ADDITIVE, INC.",Producer,Nickel,2025-12-04,ok,True,False,0,2025-12-04,2026-09-02,188,4,False,1.0,0,0.0,2160972.0,223168438.0,0.882,0.95,0.835,0.805,0.655,,,,,,,,0.82,0.0771,-0.0533,-0.0873,-0.2574,,,,,,,,-0.0703
A11,A11.AX,ATLANTIC LITHIUM LIMITED,Explorer,Lithium,2022-09-26,ok,True,False,0,2022-09-26,2026-09-02,997,7,False,1.0,0,0.0,1232853.0,236443471.0,0.61,0.61,0.585,0.575,0.46,0.455,0.24,0.19,,,,,0.305,0.0,-0.041,-0.0574,-0.2459,-0.2541,-0.6066,-0.6885,,,,,-0.5
A1M,A1M.AX,AIC MINES LIMITED,Producer,Gold | Silver | Copper | Nickel,1993-11-04,no price near listing,False,False,-7516,2014-06-03,2026-09-02,3104,0,True,0.05,1,5.4851,,646072055.0,,,,,,,,,,,,,0.835,,,,,,,,,,,,
A4N,A4N.AX,ALPHA HPA LIMITED,Developer,Lithium | Cobalt,2007-10-22,ok,True,False,0,2007-10-22,2026-09-02,4772,11,False,1.0,0,0.0,498184.0,791283533.0,0.1438,0.1391,0.1126,0.1126,0.0464,0.0285,0.0582,0.2327,0.0388,0.0223,0.063,0.43,0.64,-0.0327,-0.217,-0.217,-0.6773,-0.8018,-0.5953,0.6182,-0.7302,-0.8449,-0.5619,1.9903,3.4506
A8G,A8G.AX,AUSTRALASIAN METALS LIMITED,Explorer,Gold | Lithium | Bauxite Alumina,2021-05-13,ok,True,False,0,2021-05-13,2026-09-02,1344,8,False,1.0,0,0.0,504740.0,5557414.0,0.169,0.17,0.17,0.14,0.7,0.355,0.145,0.071,0.085,,,,0.1,0.0059,0.0059,-0.1716,3.142,1.1006,-0.142,-0.5799,-0.497,,,,-0.4083
AA2,AA2.AX,ARIANA RESOURCES PLC,Explorer,Gold | Silver | Copper | Nickel | Molybdenum | Zinc,2025-09-10,ok,True,False,0,2025-09-10,2026-09-02,249,4,False,1.0,0,0.0,1137814.0,86133743.0,0.288,0.39,0.35,0.29,0.335,,,,,,,,0.275,0.3542,0.2153,0.0069,0.1632,,,,,,,,-0.0451
AAI,AAI.AX,ALCOA CORPORATION,Producer,Bauxite Alumina,2024-07-24,ok,True,False,0,2024-07-24,2026-09-02,536,6,False,1.0,0,1.1288,92970.0,18310037294.0,49.6566,48.3677,47.8403,61.3216,63.3329,48.6768,64.146,,,,,,70.82,-0.026,-0.0366,0.2349,0.2754,-0.0197,0.2918,,,,,,0.4262
AAJ,AAJ.AX,ARUMA RESOURCES LIMITED,Explorer,Gold | Copper | Rare Earths | Lithium | Uranium,2010-07-23,no price near listing,False,False,-132,2010-12-02,2026-09-02,3982,8,True,0.0667,1,0.0,,5025801.0,,,,,1.792,1.28,0.896,0.4096,0.1024,0.105,0.06,0.008,0.006,,,,,,,,,,,,
AAM,AAM.AX,AUMEGA METALS LTD,Explorer,Gold | Silver | Copper | Lead | Zinc,2017-03-08,ok,True,False,0,2017-03-08,2026-09-02,2402,9,False,1.0,0,0.0,35720.0,58220292.0,0.248,0.23,0.22,0.21,0.22,0.26,0.2,0.15,0.275,0.043,,,0.035,-0.0726,-0.1129,-0.1532,-0.1129,0.0484,-0.1935,-0.3952,0.1089,-0.8266,,,-0.8589
AAR,AAR.AX,ASTRAL RESOURCES NL,Explorer,Gold,1986-11-13,no price near listing,False,False,-442,1988-01-29,2026-09-02,9893,6,True,0.0965,4,0.0,,351203893.0,,,,,,,1.8348,1.0193,1.9608,1.0406,1.0331,0.1968,0.195,,,,,,,,,,,,
AAU,AAU.AX,ANTILLES GOLD LIMITED,Explorer,Gold | Silver | Copper | Antimony,1993-11-25,ok,True,True,2127,1988-01-29,2026-09-02,9896,11,True,0.05,2,0.0,0.0,26232746.0,16.5965,16.1655,16.1655,17.2432,19.5782,19.3986,10.777,15.2674,9.8789,2.8739,2.7841,0.6736,0.01,-0.026,-0.026,0.039,0.1797,0.1688,-0.3506,-0.0801,-0.4048,-0.8268,-0.8322,-0.9594,-0.9994
ABR,ABR.AX,ALBRIGHT METALS LTD,Explorer,Gold | Copper | Nickel | Manganese | Antimony,2017-10-17,ok,True,False,0,2017-10-17,2026-09-02,2247,9,False,1.0,0,0.0,221469.0,4661367.0,0.2192,0.2123,0.1827,0.1728,0.1234,0.1086,0.0553,0.0622,0.0227,0.004,,,0.002,-0.0315,-0.1665,-0.2117,-0.437,-0.5046,-0.7477,-0.7162,-0.8964,-0.9818,,,-0.9909
ABX,ABX.AX,ABX GROUP LIMITED,Explorer,Rare Earths | Bauxite Alumina,2009-12-24,ok,True,False,0,2009-12-24,2026-09-02,4219,11,False,1.0,0,0.0,875311.0,13871964.0,0.382,0.37,0.35,0.38,0.325,0.67,0.365,0.3,0.3,0.18,0.12,0.032,0.038,-0.0314,-0.0838,-0.0052,-0.1492,0.7539,-0.0445,-0.2147,-0.2147,-0.5288,-0.6859,-0.9162,-0.9005
ACM,ACM.AX,AUSTRALIAN CRITICAL MINERALS LIMITED,Explorer,Gold | Silver | Copper | Iron | Lithium | Uranium,2023-07-03,ok,True,False,0,2023-07-03,2026-09-02,805,7,False,1.0,0,0.0,471741.0,4049498.0,0.211,0.215,0.19,0.305,0.13,0.081,0.056,0.034,,,,,0.025,0.019,-0.0995,0.4455,-0.3839,-0.6161,-0.7346,-0.8389,,,,,-0.8815
ACP,ACP.AX,AUDALIA RESOURCES LIMITED,Explorer,Iron | Vanadium,2011-07-06,ok,True,False,0,2011-07-06,2026-09-02,3837,11,False,1.0,0,0.0,160774.0,19296996.0,0.0943,0.093,0.0908,0.0886,0.0886,0.093,0.1107,0.0554,0.031,0.009,0.022,0.025,0.022,-0.0138,-0.0371,-0.0604,-0.0604,-0.0138,0.1739,-0.4125,-0.6713,-0.9046,-0.7667,-0.7349,-0.7667
ACS,ACS.AX,ACCENT RESOURCES NL,Explorer,Gold | Iron,2005-08-26,ok,True,False,1,2005-08-25,2026-09-03,5319,11,False,1.0,0,0.0,104040.0,112593575.0,0.185,0.185,0.195,0.19,0.16,0.16,0.17,0.27,0.245,0.27,0.14,0.012,0.265,0.0,0.0541,0.027,-0.1351,-0.1351,-0.0811,0.4595,0.3243,0.4595,-0.2432,-0.9351,0.4324
ADC,ADC.AX,ACDC METALS LTD,Explorer,Rare Earths | Mineral Sands,2023-01-17,ok,True,False,0,2023-01-17,2026-09-02,919,7,False,1.0,0,0.0,482485.0,5286346.0,0.196,0.185,0.17,0.1,0.084,0.069,0.052,0.063,,,,,0.046,-0.0561,-0.1327,-0.4898,-0.5714,-0.648,-0.7347,-0.6786,,,,,-0.7653
ADN,ADN.AX,ANDROMEDA METALS LIMITED,Explorer,Bauxite Alumina,1996-09-17,no price near listing,False,False,-13,1996-09-30,2026-09-03,7635,11,True,0.1,1,0.0009,,32365434.0,,1.9296,1.9296,3.0699,3.5084,1.4034,0.6315,0.3552,0.0334,0.1608,0.3345,0.0598,0.005,,,,,,,,,,,,
ADY,ADY.AX,ADMIRALTY RESOURCES NL.,Explorer,Nickel | Iron | Cobalt,1983-12-01,no price near listing,False,False,-1520,1988-01-29,2026-09-02,9730,4,True,0.0102,5,0.0,,,,,,,,,,,16.2647,1.2199,2.0331,0.1186,0.006,,,,,,,,,,,,
AEM,AEM.AX,ADVANCED ENGINEERED MATERIALS LTD,Explorer,Bauxite Alumina,2025-12-24,ok,True,False,0,2025-12-24,2026-09-03,175,4,False,1.0,0,0.0,1347268.0,218116200.0,0.582,0.565,0.65,0.42,0.46,,,,,,,,0.34,-0.0292,0.1168,-0.2784,-0.2096,,,,,,,,-0.4158
AEU,AEU.AX,ATOMIC EAGLE LTD,Producer,Uranium,2004-11-22,no price near listing,False,False,-6534,2022-10-13,2026-09-03,985,0,True,0.04,1,0.07,,220403584.0,,,,,,,,,,,,,0.52,,,,,,,,,,,,
AEV,AEV.AX,AVENIRA LIMITED,Explorer,Gold | Phosphate,2006-10-10,ok,True,False,1,2006-10-09,2026-09-03,5035,11,False,1.0,0,0.0,375629.0,32580538.0,0.1542,0.1329,0.1329,0.1285,0.1507,0.2038,0.5317,0.3501,0.3102,0.1196,0.1772,0.0078,0.007,-0.1381,-0.1381,-0.1667,-0.0227,0.3217,2.4481,1.2704,1.0117,-0.2244,0.1492,-0.9494,-0.9546
AGC,AGC.AX,AUSTRALIAN GOLD AND COPPER LTD,Explorer,Gold | Copper,2021-01-20,ok,True,False,0,2021-01-20,2026-09-03,1423,8,False,1.0,0,0.0,2840271.0,41442297.0,0.205,0.195,0.16,0.17,0.16,0.098,0.065,0.067,0.23,,,,0.15,-0.0488,-0.2195,-0.1707,-0.2195,-0.522,-0.6829,-0.6732,0.122,,,,-0.2683
AGD,AGD.AX,AUSTRAL GOLD LIMITED,Producer,Gold | Silver | Diamond,1997-04-18,no price near listing,False,False,-12,1997-04-30,2026-09-03,7482,11,True,0.1,1,0.0259,,100215552.0,,9.0071,9.0071,8.7546,9.5964,4.9666,2.1045,0.5472,0.6398,0.3704,0.2694,0.1852,0.15,,,,,,,,,,,,
AGR,AGR.AX,AGUIA RESOURCES LIMITED,Explorer,Gold | Silver | Copper | Zinc | Phosphate,2008-02-13,ok,True,False,0,2008-02-13,2026-09-02,4694,11,True,0.2,1,0.0,38209.0,40800353.0,0.9463,0.9369,0.773,1.0775,0.609,0.3748,0.7964,4.0054,0.7261,0.1405,0.2342,0.0497,0.017,-0.0099,-0.1831,0.1386,-0.3564,-0.6039,-0.1584,3.2327,-0.2327,-0.8515,-0.7525,-0.9475,-0.982
AGY,AGY.AX,ARGOSY MINERALS LIMITED,Explorer,Lithium,1997-04-03,no price near listing,False,False,-88,1997-06-30,2026-09-03,7335,8,False,1.0,0,0.0,,69455742.0,,,,0.4331,0.6136,0.2021,,0.1624,0.157,0.0614,0.1534,0.0307,0.037,,,,,,,,,,,,
AHK,AHK.AX,ARK MINES LIMITED,Explorer,Gold | Copper | Nickel | Iron | Rare Earths | Cobalt | Manganese | Scandium,2011-05-09,ok,True,False,0,2011-05-09,2026-09-03,3879,11,True,0.05,1,0.0,11564.0,24956702.0,4.1,3.9,3.4,3.0,3.8,3.0,2.5,1.9,3.0,1.4,0.68,0.35,0.33,-0.0488,-0.1707,-0.2683,-0.0732,-0.2683,-0.3902,-0.5366,-0.2683,-0.6585,-0.8341,-0.9146,-0.9195
AHN,AHN.AX,ATHENA RESOURCES LIMITED,Explorer,Copper | Nickel | Platinum Pgm | Iron,2006-11-22,ok,True,False,0,2006-11-22,2026-09-02,5002,11,True,0.0589,2,0.0,32580.0,9736977.0,2.5493,2.9106,3.0612,2.8604,4.5165,3.5128,0.4135,0.5943,1.0274,0.3626,0.1934,0.2987,0.06,0.1417,0.2008,0.122,0.7717,0.3779,-0.8378,-0.7669,-0.597,-0.8578,-0.9241,-0.8828,-0.9765
AII,AII.AX,ALMONTY INDUSTRIES INC.,Producer,Tungsten | Tin,2021-08-02,ok,True,False,0,2021-08-02,2026-09-02,1288,8,True,0.6667,1,0.0,192133.0,7284138710.0,1.5007,1.545,1.47,1.3875,1.5,1.4025,0.9225,1.11,16.06,,,,25.89,0.0295,-0.0205,-0.0754,-0.0005,-0.0654,-0.3853,-0.2603,9.7017,,,,16.2519
AIS,AIS.AX,AERIS RESOURCES LIMITED,Producer,Gold | Silver | Copper | Zinc,2011-02-02,ok,True,False,-9,2011-02-11,2026-09-03,3936,11,True,0.0143,2,0.0,81968.0,696144450.0,28.2719,29.0079,24.8948,36.3681,34.6363,28.7914,3.2436,0.2741,0.1873,0.5939,0.5537,0.675,0.492,0.026,-0.1195,0.2864,0.2251,0.0184,-0.8853,-0.9903,-0.9934,-0.979,-0.9804,-0.9761,-0.9826
AIV,AIV.AX,ACTIVEX LIMITED,Explorer,Gold | Copper | Rare Earths | Lithium,2006-04-11,ok,True,False,1,2006-04-10,2026-09-02,5160,11,True,0.25,3,0.0,264363.0,7812887.0,0.6775,0.6351,0.6049,0.5444,0.3781,0.3024,0.2982,0.1815,0.1802,0.0491,0.087,0.16,0.025,-0.0626,-0.1072,-0.1965,-0.4419,-0.5537,-0.5599,-0.7321,-0.734,-0.9275,-0.8716,-0.7638,-0.9631
AKA,AKA.AX,AUREKA LIMITED,Producer,Gold | Silver,2011-03-31,ok,True,False,0,2011-03-31,2026-09-02,3410,10,True,0.002,1,0.669,70898.0,18302136.0,44.0109,42.0869,30.062,62.5292,90.1865,55.3144,28.8595,19.9611,5.0503,,0.16,0.11,0.125,-0.0437,-0.3169,0.4208,1.0492,0.2568,-0.3443,-0.5465,-0.8852,,-0.9964,-0.9975,-0.9972
AKM,AKM.AX,ASPIRE MINING LIMITED,Explorer,Coal,2007-02-06,ok,True,False,0,2007-02-06,2026-09-03,4953,11,True,0.1158,2,0.0,54744.0,104065582.0,1.5649,1.5709,1.5105,1.8126,2.1338,1.5105,0.1959,0.5877,3.6521,0.3778,0.2519,0.079,0.205,0.0038,-0.0348,0.1583,0.3635,-0.0348,-0.8748,-0.6244,1.3338,-0.7586,-0.839,-0.9495,-0.869
AKN,AKN.AX,AUKING MINING LIMITED,Explorer,Gold | Silver | Copper | Lead | Zinc | Uranium,2007-10-29,ok,True,False,0,2007-10-29,2026-09-03,4768,11,True,0.005,1,0.0,6838.0,42751206.0,113.8101,108.3545,90.1691,68.1951,65.1642,28.7935,36.6266,29.4799,17.8666,6.9397,1.4871,0.115,0.017,-0.0479,-0.2077,-0.4008,-0.4274,-0.747,-0.6782,-0.741,-0.843,-0.939,-0.9869,-0.999,-0.9999
AKO,AKO.AX,AKORA RESOURCES LIMITED,Explorer,Iron,2020-12-15,ok,True,False,0,2020-12-15,2026-09-02,1445,8,False,1.0,0,0.0,4568162.0,17174200.0,0.422,0.35,0.38,0.37,0.27,0.22,0.185,0.13,0.084,,,,0.078,-0.1706,-0.0995,-0.1232,-0.3602,-0.4787,-0.5616,-0.6919,-0.8009,,,,-0.8152
ALB,ALB.AX,ALBION RESOURCES LIMITED,Explorer,Gold | Silver | Copper | Nickel | Platinum Pgm | Lead | Zinc,2021-04-30,ok,True,False,0,2021-04-30,2026-09-02,1353,8,False,1.0,0,0.0,2962988.0,8711000.0,0.2208,0.2294,0.1816,0.1721,0.2963,0.1482,0.087,0.057,0.057,,,,0.06,0.0389,-0.1775,-0.2206,0.3419,-0.3288,-0.606,-0.7418,-0.7418,,,,-0.7283
ALK,ALK.AX,ALKANE RESOURCES LIMITED,Producer,Gold | Silver | Copper | Nickel | Zinc,1980-10-07,no price near listing,False,False,-2670,1988-01-29,2026-09-03,9894,2,True,0.1011,4,0.0,,2575296088.0,,,,,,,,,,,0.1935,0.1238,1.912,,,,,,,,,,,,
ALR,ALR.AX,ALTAIR MINERALS LIMITED,Explorer,Copper | Lithium | Cobalt,2012-02-01,ok,True,False,0,2012-02-01,2026-09-03,3695,10,False,3.0,1,0.0,125271.0,304930916.0,0.0401,0.0391,0.0391,0.0342,0.0391,0.0215,0.0098,0.0166,0.0113,0.014,0.016,,0.046,-0.0249,-0.0249,-0.1471,-0.0249,-0.4638,-0.7556,-0.586,-0.7182,-0.6509,-0.601,,0.1471
ALU,ALU.AX,ALURION RESOURCES LIMITED,Unknown,Rare Earths,2026-07-31,ok,True,False,0,2026-07-31,2026-09-03,25,2,False,1.0,0,0.0,1106347.0,171827288.0,0.82,0.67,0.6,,,,,,,,,,0.66,-0.1829,-0.2683,,,,,,,,,,-0.1951
ALV,ALV.AX,ALVO MINERALS LIMITED,Explorer,Gold | Silver | Copper | Lead | Zinc | Rare Earths,2021-10-20,ok,True,False,0,2021-10-20,2026-09-03,1232,7,False,1.0,0,0.0,1587808.0,6600674.0,0.386,0.34,0.32,0.35,0.325,0.16,0.16,0.097,,,,,0.023,-0.1192,-0.171,-0.0933,-0.158,-0.5855,-0.5855,-0.7487,,,,,-0.9404
ALY,ALY.AX,ALCHEMY RESOURCES LIMITED,Explorer,Gold | Silver | Copper | Nickel | Iron | Lead | Lithium | Cobalt | Bauxite Alumina,2007-11-26,ok,True,False,0,2007-11-26,2026-09-02,4747,11,False,1.0,0,0.0,356675.0,8316534.0,0.1828,0.1632,0.1346,0.0898,0.0857,0.0286,0.7466,0.5793,0.0675,0.0135,0.0165,0.024,0.008,-0.1072,-0.2637,-0.5088,-0.5312,-0.8435,3.0842,2.169,-0.6307,-0.9261,-0.9097,-0.8687,-0.9562
AM3,AM3.AX,AMARA MINERALS LIMITED,Explorer,Gold | Lithium,2007-03-21,ok,True,True,3218,1998-05-29,2026-09-03,4923,11,True,0.1,1,0.0,99029.0,12346618.0,1.1826,1.1235,1.153,0.8574,0.8278,0.4139,0.0591,0.1664,0.3241,0.1956,0.0356,0.03,0.004,-0.05,-0.025,-0.275,-0.3,-0.65,-0.95,-0.8593,-0.7259,-0.8346,-0.9699,-0.9746,-0.9966
AM5,AM5.AX,ANTARES METALS LIMITED,Explorer,Gold | Silver | Copper | Lead | Zinc | Rare Earths | Uranium | Cobalt,2021-10-18,ok,True,False,0,2021-10-18,2026-09-03,1234,7,False,1.0,0,0.0,1449240.0,5136617.0,0.2059,0.2078,0.1782,0.1782,0.1979,0.1584,0.052,0.014,,,,,0.006,0.0092,-0.1345,-0.1345,-0.0389,-0.2307,-0.7475,-0.932,,,,,-0.9709
AM7,AM7.AX,ARCADIA MINERALS LIMITED,Explorer,Gold | Copper | Nickel | Platinum Pgm | Lithium | Niobium Tantalum,2021-06-25,ok,True,False,0,2021-06-25,2026-09-03,1315,8,False,1.0,0,0.0,885673.0,5162954.0,0.189,0.175,0.17,0.2,0.19,0.185,0.125,0.052,0.04,,,,0.042,-0.0741,-0.1005,0.0582,0.0053,-0.0212,-0.3386,-0.7249,-0.7884,,,,-0.7778
AMD,AMD.AX,ARROW MINERALS LTD,Explorer,Gold | Copper | Iron | Bauxite Alumina,2005-10-28,ok,True,False,1,2005-10-27,2026-09-03,5274,11,True,0.0043,3,0.026,234.0,18494450.0,103.2636,106.3008,107.8194,94.1521,106.3008,106.3008,63.7805,22.7787,12.6951,5.3089,1.3272,0.12,0.014,0.0294,0.0441,-0.0882,0.0294,0.0294,-0.3824,-0.7794,-0.8771,-0.9486,-0.9871,-0.9988,-0.9999
AMI,AMI.AX,AURELIA METALS LIMITED,Producer,Gold | Silver | Copper | Lead | Zinc,2007-05-08,ok,True,False,0,2007-05-08,2026-09-03,4891,11,False,1.0,0,0.0278,1388997.0,694294751.0,0.9116,1.0361,1.0448,1.0535,1.1754,0.9969,0.209,0.2264,0.3265,0.1828,0.1838,0.3816,0.445,0.1366,0.1461,0.1557,0.2894,0.0936,-0.7707,-0.7516,-0.6418,-0.7995,-0.7984,-0.5814,-0.5118
AMN,AMN.AX,AGRIMIN LIMITED,Explorer,Potash,2007-10-09,ok,True,False,0,2007-10-09,2026-09-03,4782,11,True,0.06,2,0.0,65787.0,19886402.0,4.0914,3.697,3.2657,2.5879,1.2323,0.8626,0.9119,0.4436,0.0672,0.136,0.421,0.38,0.052,-0.0964,-0.2018,-0.3675,-0.6988,-0.7892,-0.7771,-0.8916,-0.9836,-0.9668,-0.8971,-0.9071,-0.9873
AMU,AMU.AX,AMERICAN URANIUM LTD,Explorer,Uranium | Vanadium,2007-08-10,ok,True,False,0,2007-08-10,2026-09-03,4824,11,True,0.025,1,0.0,3590.0,10291195.0,4.4319,4.1642,3.4206,3.8667,2.9744,1.4872,1.4575,1.3682,1.6359,0.7139,0.3569,0.7081,0.077,-0.0604,-0.2282,-0.1275,-0.3289,-0.6644,-0.6711,-0.6913,-0.6309,-0.8389,-0.9195,-0.8402,-0.9826
ANX,ANX.AX,ANAX METALS LIMITED,Explorer,Gold | Silver | Copper | Lead | Zinc | Rare Earths | Lithium,2004-06-15,ok,True,False,4,2004-06-11,2026-09-03,5627,11,True,0.9,1,0.0,232427.0,61025486.0,0.1689,0.1535,0.1576,0.1535,0.202,0.2424,0.1616,0.4848,0.1576,0.1293,0.038,0.0144,0.041,-0.0912,-0.0669,-0.0912,0.196,0.4352,-0.0432,1.8703,-0.0669,-0.2345,-0.775,-0.9147,-0.7573
AOA,AOA.AX,AUSMON RESOURCES LIMITED,Explorer,Gold | Silver | Copper | Nickel | Zinc | Rare Earths | Cobalt,2009-03-31,ok,True,False,0,2009-03-31,2026-09-02,4408,11,False,1.0,0,0.0,20719.0,2139770.0,0.1916,0.1821,0.1821,0.1979,0.1663,0.2138,0.1583,0.1583,0.008,0.006,0.004,0.002,0.0015,-0.0496,-0.0496,0.0329,-0.132,0.1159,-0.1738,-0.1738,-0.9582,-0.9687,-0.9791,-0.9896,-0.9922
AON,AON.AX,APOLLO MINERALS LIMITED,Explorer,Gold | Copper | Lead | Zinc,2007-10-31,ok,True,False,0,2007-10-31,2026-09-03,4766,11,True,0.025,2,0.0,32953.0,79377028.0,5.9403,5.8503,7.7629,7.4254,5.9628,5.9387,7.5813,3.1589,0.7581,0.4043,0.2095,0.05,0.07,-0.0152,0.3068,0.25,0.0038,-0.0003,0.2762,-0.4682,-0.8724,-0.9319,-0.9647,-0.9916,-0.9882
APC,APC.AX,APC MINERALS LIMITED,Explorer,Gold | Rare Earths | Potash | Lithium,2011-12-20,ok,True,False,0,2011-12-20,2026-09-02,3721,10,True,0.025,1,0.0,1196.0,5873007.0,6.6577,6.9674,6.7739,7.7415,5.2255,5.2255,0.9677,0.7742,2.9805,2.7482,2.8644,,0.007,0.0465,0.0175,0.1628,-0.2151,-0.2151,-0.8546,-0.8837,-0.5523,-0.5872,-0.5698,,-0.9989
AQC,AQC.AX,AUSTRALIAN PACIFIC COAL LIMITED,Explorer,Coal,1999-12-17,ok,True,False,1,1999-12-16,2026-09-02,6797,11,True,0.012,3,0.0,3214.0,,85.0613,102.266,87.2269,156.4068,129.3364,180.4694,293.0301,64.9977,73.2575,20.1458,6.4999,0.4588,0.0065,0.2023,0.0255,0.8388,0.5205,1.1216,2.4449,-0.2359,-0.1388,-0.7632,-0.9236,-0.9946,-0.9999
AQD,AQD.AX,AUSQUEST LIMITED,Explorer,Gold | Copper | Nickel | Platinum Pgm | Iron | Lead | Zinc | Rare Earths | Lithium,2003-11-25,ok,True,False,1,2003-11-24,2026-09-03,5771,11,False,1.0,0,0.0,308300.0,82110200.0,0.181,0.185,0.18,0.2,0.12,0.145,0.19,0.245,0.13,0.17,0.027,0.019,0.049,0.0221,-0.0055,0.105,-0.337,-0.1989,0.0497,0.3536,-0.2818,-0.0608,-0.8508,-0.895,-0.7293
AQX,AQX.AX,ALICE QUEEN LIMITED,Explorer,Gold | Copper,2004-09-09,ok,True,False,1,2004-09-08,2026-09-02,5563,11,True,0.0,4,0.0,24.0,16244097.0,6263.5642,6602.1353,6094.2783,5924.9932,3893.5669,609.4279,189.6,135.4286,57.5572,8.295,2.7086,0.2743,0.007,0.0541,-0.027,-0.0541,-0.3784,-0.9027,-0.9697,-0.9784,-0.9908,-0.9987,-0.9996,-1.0,-1.0
AR1,AR1.AX,AUSTRAL RESOURCES AUSTRALIA LTD,Producer,Copper,2021-11-03,ok,True,False,0,2021-11-03,2026-09-03,1222,7,False,1.0,0,0.0,6556491.0,180530247.0,0.2,0.185,0.175,0.2,0.21,0.19,0.16,0.16,,,,,0.077,-0.075,-0.125,0.0,0.05,-0.05,-0.2,-0.2,,,,,-0.615
AR3,AR3.AX,AUSTRALIAN RARE EARTHS LIMITED,Explorer,Rare Earths | Uranium,2021-07-01,ok,True,False,0,2021-07-01,2026-09-03,1311,8,False,1.0,0,0.0,2388883.0,33392421.0,0.73,0.69,0.82,0.99,0.855,0.375,0.32,0.079,0.105,,,,0.12,-0.0548,0.1233,0.3562,0.1712,-0.4863,-0.5616,-0.8918,-0.8562,,,,-0.8356
ARD,ARD.AX,ARGENT MINERALS LIMITED,Explorer,Gold | Silver | Copper | Lead | Zinc,2008-04-03,ok,True,False,0,2008-04-03,2026-09-03,4661,11,False,1.0,0,0.0,230065.0,40861757.0,0.1213,0.1218,0.1083,0.0893,0.0541,0.0249,0.0893,0.1465,0.0859,0.0342,0.0264,0.01,0.023,0.0041,-0.1072,-0.2638,-0.554,-0.7947,-0.2638,0.2077,-0.2918,-0.7181,-0.7824,-0.9176,-0.8104
ARI,ARI.AX,ARIKA RESOURCES LIMITED,Explorer,Gold,2005-12-21,ok,True,False,1,2005-12-20,2026-09-03,5236,11,True,0.0005,5,0.0,316.0,43163255.0,544.9479,719.1395,639.235,639.235,543.3498,687.1777,271.6749,19.5529,19.5529,0.0978,0.1502,0.1637,0.03,0.3196,0.173,0.173,-0.0029,0.261,-0.5015,-0.9641,-0.9641,-0.9998,-0.9997,-0.9997,-0.9999
ARL,ARL.AX,ARDEA RESOURCES LIMITED,Explorer,Gold | Copper | Nickel | Platinum Pgm | Rare Earths | Lithium | Cobalt | Scandium,2017-02-09,ok,True,False,0,2017-02-09,2026-09-03,2422,9,False,1.0,0,0.0,2461528.0,106561341.0,0.1773,0.2629,0.3987,0.5089,0.7295,1.0687,0.4368,0.452,0.675,0.405,,,0.435,0.4828,1.2487,1.8703,3.1145,5.0276,1.4636,1.5494,2.8071,1.2843,,,1.4535
ARN,ARN.AX,ALDORO RESOURCES LIMITED,Explorer,Gold | Copper | Nickel | Rare Earths | Lithium | Niobium Tantalum,2018-09-13,ok,True,False,0,2018-09-13,2026-09-03,2019,9,False,1.0,0,0.0,342658.0,61546471.0,0.208,0.21,0.2,0.165,0.145,0.17,0.105,0.455,0.11,0.425,,,0.245,0.0096,-0.0385,-0.2067,-0.3029,-0.1827,-0.4952,1.1875,-0.4712,1.0433,,,0.1779
ARO,ARO.AX,ALTORO METALS LIMITED,Explorer,Gold | Copper | Lead | Zinc | Uranium,1987-08-20,no price near listing,False,False,-162,1988-01-29,2026-09-03,9897,8,True,0.0497,3,0.0,,10059226.0,,,,,0.9592,1.9184,1.2789,0.9059,1.0125,1.8118,1.3236,1.4295,0.003,,,,,,,,,,,,
ARR,ARR.AX,AMERICAN RARE EARTHS LIMITED,Explorer,Rare Earths | Uranium | Scandium,2011-02-17,ok,True,False,-4,2011-02-21,2026-09-03,3930,11,False,1.0,0,0.0,11618.0,235956159.0,0.1317,0.1317,0.1278,0.0968,0.0968,0.0852,0.0558,0.0294,0.021,0.0547,0.105,0.395,0.36,0.0,-0.0296,-0.265,-0.265,-0.3531,-0.5763,-0.7768,-0.8405,-0.5847,-0.2027,1.9992,1.7335
ARU,ARU.AX,ARAFURA RARE EARTHS LTD,Explorer,Rare Earths | Uranium | Phosphate,2003-11-05,ok,True,False,1,2003-11-04,2026-09-03,5785,11,False,1.0,0,0.0,259851.0,1275223538.0,0.1624,0.1472,0.1428,0.1517,0.1428,0.1294,0.225,0.4112,0.2677,1.1691,0.0882,0.0681,0.19,-0.0936,-0.1207,-0.0659,-0.1207,-0.2032,0.3855,1.532,0.6484,6.1989,-0.4569,-0.5807,0.17
ARV,ARV.AX,ARTEMIS RESOURCES LIMITED,Explorer,Gold | Copper | Nickel | Lithium | Cobalt,2007-03-16,ok,True,False,0,2007-03-16,2026-09-03,4925,11,True,0.0516,2,0.0,55897.0,17334195.0,3.5602,3.7412,5.4308,4.8274,3.2585,1.5086,0.3983,0.8974,0.3471,0.0386,0.115,0.067,0.003,0.0508,0.5254,0.3559,-0.0847,-0.5763,-0.8881,-0.7479,-0.9025,-0.9892,-0.9677,-0.9812,-0.9992
AS1,AS1.AX,ASARA RESOURCES LIMITED,Explorer,Gold | Silver | Copper | Lead | Zinc,1987-08-13,no price near listing,False,False,-169,1988-01-29,2026-09-03,9895,8,True,0.0007,4,0.0,,302810964.0,,,,,0.2747,0.3433,0.103,0.206,0.103,0.3262,0.2335,58.0998,0.14,,,,,,,,,,,,
AS2,AS2.AX,ASKARI METALS LIMITED,Explorer,Gold | Copper | Rare Earths | Lithium | Tin | Niobium Tantalum,2021-07-07,ok,True,False,0,2021-07-07,2026-09-02,1306,8,False,1.0,0,0.0,1551530.0,4732403.0,0.214,0.205,0.2,0.21,0.235,0.24,0.305,0.044,0.008,,,,0.007,-0.0421,-0.0654,-0.0187,0.0981,0.1215,0.4252,-0.7944,-0.9626,,,,-0.9673
ASL,ASL.AX,ANDEAN SILVER LIMITED,Explorer,Gold | Silver,2021-09-30,ok,True,False,0,2021-09-30,2026-09-03,1246,7,False,1.0,0,0.0,1377652.0,597688116.0,0.24,0.225,0.22,0.19,0.19,0.165,0.265,1.24,,,,,2.505,-0.0625,-0.0833,-0.2083,-0.2083,-0.3125,0.1042,4.1667,,,,,9.4375
ASM,ASM.AX,AUSTRALIAN STRATEGIC MATERIALS LIMITED,Producer,Rare Earths | Niobium Tantalum,2020-07-30,ok,True,False,0,2020-07-30,2026-09-02,1543,8,False,1.0,0,0.0,3923886.0,,1.0952,0.9335,2.2563,3.3346,5.2015,8.68,3.56,1.49,0.59,,,,1.17,-0.1476,1.0602,2.0447,3.7494,6.9255,2.2505,0.3605,-0.4613,,,,0.0683
ASN,ASN.AX,ANSON RESOURCES LIMITED,Explorer,Silver | Nickel | Iron | Lead | Zinc | Lithium | Uranium | Cobalt | Vanadium,2010-07-08,ok,True,False,0,2010-07-08,2026-09-03,4088,11,False,1.0,0,0.0,121031.0,74498074.0,0.1716,0.1697,0.1745,0.1939,0.1309,0.0582,0.0291,0.0262,0.0087,0.019,0.023,0.049,0.047,-0.0111,0.0169,0.13,-0.2372,-0.6608,-0.8304,-0.8473,-0.9493,-0.8893,-0.866,-0.7145,-0.7261
ASQ,ASQ.AX,AUSTRALIAN SILICA QUARTZ GROUP LTD,Explorer,Copper | Nickel | Platinum Pgm | Bauxite Alumina | Silica,2007-10-22,ok,True,False,0,2007-10-22,2026-09-02,4772,11,False,1.1,1,0.0,1015051.0,8387208.0,0.2209,0.2182,0.2636,0.2909,0.35,0.195,1.16,0.245,0.105,0.125,0.077,0.063,0.019,-0.0122,0.1933,0.3169,0.5844,-0.1172,4.2512,0.1091,-0.5247,-0.4341,-0.6514,-0.7148,-0.914
AT4,AT4.AX,AMERICAN TUNGSTEN & ANTIMONY LTD,Explorer,Gold | Tungsten | Antimony,2019-10-03,ok,True,False,0,2019-10-03,2026-09-03,1752,8,False,1.0,0,0.0,877060.0,136774855.0,0.1046,0.1012,0.0759,0.0751,0.0228,0.1553,0.0957,0.0577,0.036,,,,0.063,-0.0325,-0.2744,-0.282,-0.782,0.4847,-0.0851,-0.4484,-0.6558,,,,-0.3977
ATM,ATM.AX,PT ANTAM (PERSERO) TBK,Producer,Gold | Silver | Nickel | Coal | Bauxite Alumina,1999-08-09,no price near listing,False,False,-714,2001-07-23,2026-09-02,5990,6,False,5.0,1,1.7856,,4494971915.0,,,,,,,82.1617,1.1269,0.0504,0.0404,0.7154,0.8658,0.92,,,,,,,,,,,,
ATR,ATR.AX,ASTRON LIMITED,Producer,Rare Earths | Mineral Sands,1983-11-11,no price near listing,False,False,-1540,1988-01-29,2026-09-03,9863,4,False,1.1667,4,0.9972,,238620249.0,,,,,,,,,0.04,0.0213,0.0314,0.0027,0.575,,,,,,,,,,,,
ATT,ATT.AX,ALTITUDE MINERALS LTD,Explorer,Gold | Copper,2021-09-15,ok,True,False,0,2021-09-15,2026-09-03,1257,7,False,1.0,0,0.0,1089762.0,3122820.0,0.3818,0.3613,0.3271,0.293,0.2832,0.1758,0.2246,0.04,,,,,0.007,-0.0537,-0.1433,-0.2326,-0.2583,-0.5395,-0.4117,-0.8952,,,,,-0.9817
AUC,AUC.AX,AUSGOLD LIMITED,Explorer,Gold,2009-12-16,ok,True,False,0,2009-12-16,2026-09-03,4226,11,True,0.1131,2,0.0088,75476.0,791558027.0,1.7391,1.5705,2.0302,1.3857,1.0826,6.5821,8.7472,1.4723,0.2794,0.2794,0.14,0.49,1.412,-0.0969,0.1674,-0.2032,-0.3775,2.7848,4.0297,-0.1534,-0.8393,-0.8393,-0.9195,-0.7182,-0.1881
AUE,AUE.AX,AURUM RESOURCES LIMITED,Producer,Gold,2021-11-02,ok,True,False,0,2021-11-02,2026-09-03,1223,7,False,1.0,0,0.0,391366.0,243295074.0,0.2205,0.215,0.2,0.195,0.18,0.155,0.14,0.52,,,,,0.575,-0.0249,-0.093,-0.1156,-0.1837,-0.2971,-0.3651,1.3583,,,,,1.6077
AUG,AUG.AX,AUGUSTUS MINERALS LIMITED,Explorer,Gold | Copper | Nickel | Molybdenum | Platinum Pgm | Rare Earths | Lithium,2023-05-25,ok,True,True,4187,2011-12-07,2026-09-02,3730,7,False,1.0,0,0.0,1583355.0,9141222.0,0.215,0.21,0.315,0.2,0.135,0.07,0.025,0.042,,,,,0.038,-0.0233,0.4651,-0.0698,-0.3721,-0.6744,-0.8837,-0.8047,,,,,-0.8233
AUQ,AUQ.AX,ALARA RESOURCES LIMITED,Producer,Gold | Silver | Copper | Uranium,2007-05-24,ok,True,False,0,2007-05-24,2026-09-03,4879,11,False,1.0,0,0.0,2315455.0,41705136.0,0.3418,0.3193,0.2676,0.1878,0.1502,0.0864,0.0657,0.0864,0.2911,0.0836,0.014,0.06,0.046,-0.0658,-0.2171,-0.4506,-0.5606,-0.7472,-0.8078,-0.7472,-0.1483,-0.7554,-0.959,-0.8245,-0.8654
AUR,AUR.AX,AURIS MINERALS LIMITED,Explorer,Gold | Copper | Manganese,2001-03-15,ok,True,False,1,2001-03-14,2026-09-03,6474,11,True,0.0308,3,0.0,52596.0,19299389.0,5.7908,5.9976,5.8942,4.1363,3.7226,4.7567,1.8613,7.5487,1.4477,0.2577,4.85,0.065,0.018,0.0357,0.0179,-0.2857,-0.3572,-0.1786,-0.6786,0.3036,-0.75,-0.9555,-0.1625,-0.9888,-0.9969
AUV,AUV.AX,AURAVELLE METALS LIMITED,Explorer,Gold | Silver | Copper | Nickel | Lead | Zinc,1990-08-23,ok,True,True,937,1988-01-29,2026-09-03,9896,11,True,0.0818,3,0.0,0.0,5389535.0,0.0713,0.0713,0.1121,0.0892,0.1684,0.3963,0.26,0.54,0.14,0.145,0.984,0.888,0.007,0.0,0.5722,0.2511,1.3619,4.5582,2.6466,6.5736,0.9635,1.0337,12.8008,11.4544,-0.9018
AUZ,AUZ.AX,AUSTRALIAN MINES LIMITED,Explorer,Gold | Nickel | Rare Earths | Lithium | Cobalt | Scandium | Niobium Tantalum,2001-09-28,no price near listing,False,False,-563,2003-04-14,2026-09-03,5931,6,True,0.005,2,0.0,,69951291.0,,,,,,,41.5217,22.086,6.3608,3.5338,0.1148,0.082,0.028,,,,,,,,,,,,
AVL,AVL.AX,AUSTRALIAN VANADIUM LIMITED,Explorer,Copper | Nickel | Uranium | Vanadium,2007-02-21,ok,True,False,0,2007-02-21,2026-09-03,4942,11,True,0.04,1,0.0,170509.0,69491512.0,12.8491,13.2922,12.1845,10.6337,6.6461,2.9907,0.9969,0.8861,0.4431,0.288,0.475,0.875,0.19,0.0345,-0.0517,-0.1724,-0.4828,-0.7672,-0.9224,-0.931,-0.9655,-0.9776,-0.963,-0.9319,-0.9852
AVM,AVM.AX,ADVANCE METALS LIMITED,Explorer,Gold | Silver,2007-12-20,ok,True,False,0,2007-12-20,2026-09-03,4730,11,True,0.005,3,0.0,6067.0,33490474.0,74.359,71.1407,63.5185,39.8049,27.1012,11.8568,18.6321,19.479,8.4691,1.3551,0.5818,0.18,0.063,-0.0433,-0.1458,-0.4647,-0.6355,-0.8405,-0.7494,-0.738,-0.8861,-0.9818,-0.9922,-0.9976,-0.9992
AVW,AVW.AX,AVIRA RESOURCES LTD,Explorer,Gold | Copper | Nickel | Cobalt,2013-01-09,ok,True,False,0,2013-01-09,2026-09-03,3457,10,True,0.005,2,0.0,4416.0,4600000.0,10.9536,10.416,11.2,8.96,10.08,7.056,5.376,3.696,0.14,0.04,0.06,,0.007,-0.0491,0.0225,-0.182,-0.0798,-0.3558,-0.5092,-0.6626,-0.9872,-0.9963,-0.9945,,-0.9994
AW1,AW1.AX,AMERICAN WEST METALS LIMITED,Explorer,Gold | Silver | Copper | Zinc,2021-12-13,ok,True,False,0,2021-12-13,2026-09-03,1194,7,False,1.0,0,0.0,1428972.0,47953232.0,0.1355,0.12,0.1275,0.14,0.13,0.115,0.12,0.057,,,,,0.034,-0.1144,-0.059,0.0332,-0.0406,-0.1513,-0.1144,-0.5793,,,,,-0.7491
AWJ,AWJ.AX,AURIC MINING LIMITED,Developer,Gold | Nickel | Rare Earths | Lithium,2021-02-12,ok,True,False,0,2021-02-12,2026-09-03,1407,8,False,1.0,0,0.0,1624563.0,41226592.0,0.185,0.18,0.17,0.17,0.14,0.1,0.063,0.115,0.295,,,,0.24,-0.027,-0.0811,-0.0811,-0.2432,-0.4595,-0.6595,-0.3784,0.5946,,,,0.2973
AX8,AX8.AX,ACCELERATE RESOURCES LIMITED,Explorer,Gold | Lithium | Manganese,2018-02-14,ok,True,False,0,2018-02-14,2026-09-02,2165,9,False,1.0,0,0.0,1256231.0,8467132.0,0.1769,0.1696,0.1558,0.1329,0.1054,0.0495,0.0248,0.05,0.026,0.01,,,0.006,-0.0413,-0.1193,-0.2487,-0.4042,-0.7202,-0.8598,-0.7174,-0.853,-0.9435,,,-0.9661
AXL,AXL.AX,AXEL REE LIMITED,Explorer,Rare Earths,2024-07-23,ok,True,False,0,2024-07-23,2026-09-03,538,6,False,1.0,0,0.0,3434712.0,10029406.0,0.118,0.11,0.099,0.09,0.066,0.094,0.06,,,,,,0.06,-0.0678,-0.161,-0.2373,-0.4407,-0.2034,-0.4915,,,,,,-0.4915
AXN,AXN.AX,ALLIANCE NICKEL LIMITED,Explorer,Nickel | Cobalt,1980-08-21,no price near listing,False,False,-2717,1988-01-29,2026-09-03,9894,2,True,0.6746,4,0.0,,27394752.0,,,,,,,,,,,0.0881,0.0316,0.03,,,,,,,,,,,,
AYM,AYM.AX,AUSTRALIA UNITED MINING LIMITED,Explorer,Gold | Silver | Copper | Nickel,2011-09-19,ok,True,False,0,2011-09-19,2026-09-02,3785,10,False,1.0,0,0.0,2845420.0,3685155.0,0.0608,0.0581,0.0595,0.049,0.049,0.025,0.008,0.008,0.004,0.004,0.011,,0.002,-0.0444,-0.0214,-0.1941,-0.1941,-0.5888,-0.8684,-0.8684,-0.9342,-0.9342,-0.8191,,-0.9671
AYT,AYT.AX,AUSTIN METALS LIMITED,Explorer,Gold | Silver | Copper | Lead | Zinc,2011-07-06,ok,True,False,0,2011-07-06,2026-09-02,3837,11,False,1.0,0,0.0,784645.0,5480478.0,0.181,0.17,0.19,0.17,0.14,0.1,0.07,0.06,0.048,0.035,0.033,0.003,0.003,-0.0608,0.0497,-0.0608,-0.2265,-0.4475,-0.6133,-0.6685,-0.7348,-0.8066,-0.8177,-0.9834,-0.9834
AZ9,AZ9.AX,AZZURO RESOURCES PLC,Explorer,Copper | Nickel | Platinum Pgm | Lithium | Graphite,2017-09-29,ok,True,False,0,2017-09-29,2026-09-03,2260,9,True,0.86,1,0.0,439390.0,12310003.0,0.4,0.4014,0.3066,0.1496,0.0912,0.0876,0.0292,0.0343,0.055,0.031,,,0.014,0.0035,-0.2335,-0.626,-0.772,-0.781,-0.927,-0.9142,-0.8625,-0.9225,,,-0.965
AZI,AZI.AX,ALTAMIN LIMITED,Explorer,Silver | Copper | Nickel | Lead | Zinc | Lithium | Cobalt | Graphite | Manganese,2009-12-24,ok,True,False,0,2009-12-24,2026-09-03,4220,11,True,0.0667,1,0.0,4443.0,22265789.0,1.8237,1.8483,1.2733,1.0268,1.0679,2.8751,0.3697,0.2865,0.2341,0.3659,0.096,0.019,0.027,0.0135,-0.3018,-0.437,-0.4144,0.5765,-0.7973,-0.8429,-0.8716,-0.7994,-0.9474,-0.9896,-0.9852
AZY,AZY.AX,ANTIPA MINERALS LIMITED,Explorer,Gold | Silver | Copper | Uranium | Tungsten,2011-04-20,ok,True,False,-7,2011-04-27,2026-09-03,3887,11,True,0.1,1,0.0,31897.0,434878786.0,1.6609,1.6856,1.3978,1.2333,1.7678,0.9867,0.74,0.1644,0.2,0.17,0.51,0.71,0.615,0.0149,-0.1584,-0.2575,0.0644,-0.4059,-0.5545,-0.901,-0.8796,-0.8976,-0.6929,-0.5725,-0.6297
BAK,BAK.AX,BARKLY RARE EARTHS LIMITED,Explorer,Rare Earths | Vanadium,2026-01-30,ok,True,False,0,2026-01-30,2026-09-03,152,4,False,1.0,0,0.0,359996.0,15031250.0,0.263,0.25,0.24,0.21,0.23,,,,,,,,0.2,-0.0494,-0.0875,-0.2015,-0.1255,,,,,,,,-0.2395
BC8,BC8.AX,BLACK CAT SYNDICATE LIMITED,Producer,Gold,2018-01-30,ok,True,False,0,2018-01-30,2026-09-03,2177,9,False,1.0,0,0.0,523431.0,841911810.0,0.301,0.31,0.365,0.3,0.225,0.16,0.38,0.75,0.4,0.67,,,1.127,0.0299,0.2126,-0.0033,-0.2525,-0.4684,0.2625,1.4917,0.3289,1.2259,,,2.7442
BCA,BCA.AX,BLACK CANYON LIMITED,Explorer,Copper | Cobalt | Manganese,2021-05-05,ok,True,False,0,2021-05-05,2026-09-03,1351,8,False,1.0,0,0.0,1351820.0,56833682.0,0.276,0.24,0.305,0.225,0.26,0.345,0.2,0.13,0.39,,,,0.325,-0.1304,0.1051,-0.1848,-0.058,0.25,-0.2754,-0.529,0.413,,,,0.1775
BCI,BCI.AX,BCI MINERALS LIMITED,Producer,Iron | Potash,2006-12-15,ok,True,False,1,2006-12-14,2026-09-03,4987,11,False,1.0026,1,0.6635,2144235.0,1351286712.0,0.419,0.4756,0.4627,0.3824,0.8869,1.0026,0.1289,0.6895,1.598,3.5499,0.1785,0.4457,0.527,0.1351,0.1043,-0.0874,1.1167,1.3928,-0.6924,0.6456,2.8138,7.4723,-0.574,0.0637,0.2578
BCK,BCK.AX,BROCKMAN MINING LIMITED,Explorer,Iron,2011-01-11,no price near listing,False,False,-28,2011-02-08,2026-09-02,3938,10,False,1.0,0,0.0,,102082553.0,,,0.19,0.18,0.115,0.06,0.053,0.061,0.02,0.027,0.062,0.016,0.011,,,,,,,,,,,,
BCM,BCM.AX,BRAZILIAN CRITICAL MINERALS LIMITED,Explorer,Platinum Pgm | Rare Earths,2005-08-12,ok,True,False,1,2005-08-11,2026-09-03,5329,11,True,0.5,1,0.0085,65879.0,141682266.0,0.364,0.3506,0.2922,0.2171,0.3339,0.4174,0.3919,0.1516,0.017,0.1193,0.011,0.195,0.072,-0.0368,-0.1973,-0.4036,-0.0827,0.1467,0.0766,-0.5835,-0.9533,-0.6723,-0.9698,-0.4643,-0.8022
BCN,BCN.AX,BEACON MINERALS LIMITED,Producer,Gold,2006-10-20,ok,True,False,0,2006-10-20,2026-09-03,5026,11,True,0.0775,2,0.7012,466146.0,422336307.0,0.2997,0.2641,0.2377,0.5017,0.7196,0.2641,0.2397,0.2892,0.0789,0.0581,0.0747,1.1212,3.52,-0.1188,-0.2069,0.674,1.4011,-0.1188,-0.2002,-0.035,-0.7367,-0.8061,-0.7508,2.7411,10.7451
BDM,BDM.AX,BURGUNDY DIAMOND MINES LIMITED,Producer,Diamond,2013-01-04,ok,True,False,0,2013-01-04,2026-09-02,3459,10,False,1.0,0,0.0,257940.0,,0.201,0.2,0.17,0.155,0.15,0.15,0.085,0.031,0.15,0.079,0.3,,0.017,-0.005,-0.1542,-0.2289,-0.2537,-0.2537,-0.5771,-0.8458,-0.2537,-0.607,0.4925,,-0.9154
BEZ,BEZ.AX,BESRA GOLD INC.,Explorer,Gold,2021-10-08,ok,True,False,0,2021-10-08,2026-09-02,1239,7,False,1.0,0,0.0,756531.0,32193770.0,0.1725,0.1577,0.138,0.1084,0.0592,0.0493,0.135,0.091,,,,,0.08,-0.0858,-0.2,-0.3716,-0.6568,-0.7142,-0.2174,-0.4725,,,,,-0.5362
BGD,BGD.AX,BARTON GOLD HOLDINGS LIMITED,Explorer,Gold | Silver,2021-06-28,ok,True,False,0,2021-06-28,2026-09-03,1314,8,False,1.0,0,0.0,1242819.0,281841356.0,0.207,0.2,0.2,0.17,0.205,0.185,0.265,0.27,0.7525,,,,1.15,-0.0338,-0.0338,-0.1787,-0.0097,-0.1063,0.2802,0.3043,2.6353,,,,4.5556
BGL,BGL.AX,BELLEVUE GOLD LIMITED,Producer,Gold,2005-12-20,ok,True,False,1,2005-12-19,2026-09-03,5237,11,True,0.0743,4,0.0,10623.0,2557926589.0,1.7578,1.9381,1.8479,1.8479,1.7127,0.4687,0.2604,0.1027,0.4041,0.0827,0.0303,1.35,1.64,0.1026,0.0513,0.0513,-0.0257,-0.7334,-0.8519,-0.9416,-0.7701,-0.953,-0.9828,-0.232,-0.067
BH6,BH6.AX,BROKEN HILL GOLD LTD,Explorer,Gold,2021-07-08,ok,True,False,0,2021-07-08,2026-09-03,1306,8,False,1.0,0,0.0,369934.0,101509247.0,0.2354,0.2648,0.2305,0.2599,0.5199,0.555,0.33,0.13,0.115,,,,0.16,0.1249,-0.0208,0.1041,1.2086,1.3577,0.4019,-0.4477,-0.5115,,,,-0.3203
BHL,BHL.AX,BLACK HORSE MINING LIMITED,Unknown,Gold,2025-12-02,ok,True,False,0,2025-12-02,2026-09-03,191,4,False,1.0,0,0.0,524900.0,13253049.0,0.343,0.345,0.39,0.4,0.225,,,,,,,,0.22,0.0058,0.137,0.1662,-0.344,,,,,,,,-0.3586
BHM,BHM.AX,BROKEN HILL MINES LIMITED,Producer,Gold | Silver | Copper | Lead | Zinc | Lithium,2022-07-28,ok,True,False,0,2022-07-28,2026-09-03,1039,7,True,0.25,2,0.0,137599.0,140272952.0,0.156,0.15,0.15,0.09,0.095,0.084,0.072,0.41,,,,,0.74,-0.0385,-0.0385,-0.4231,-0.391,-0.4615,-0.5385,1.6282,,,,,3.7436
BHP,BHP.AX,BHP GROUP LIMITED,Producer,Gold | Silver | Copper | Nickel | Molybdenum | Iron | Zinc | Potash | Uranium | Coal | Cobalt,1885-08-13,no price near listing,False,False,-37423,1988-01-29,2026-09-03,9897,0,False,2.6729,4,39.5745,,344046623685.0,,,,,,,,,,,,,64.04,,,,,,,,,,,,
BIM,BIM.AX,BINDI METALS LIMITED,Explorer,Gold | Silver | Copper | Rare Earths | Niobium Tantalum,2022-06-28,ok,True,False,0,2022-06-28,2026-09-02,1060,7,False,1.0,0,0.0,401627.0,10130366.0,0.167,0.17,0.18,0.2,0.18,0.17,0.075,0.082,,,,,0.099,0.018,0.0778,0.1976,0.0778,0.018,-0.5509,-0.509,,,,,-0.4072
BKB,BKB.AX,BLACK BEAR MINERALS LIMITED,Explorer,Gold | Silver | Lithium,2023-09-12,ok,True,False,0,2023-09-12,2026-09-03,755,6,False,1.0,0,0.0,4341190.0,99844953.0,0.416,0.405,0.355,0.295,0.155,0.145,0.7,,,,,,0.56,-0.0264,-0.1466,-0.2909,-0.6274,-0.6514,0.6827,,,,,,0.3462
BKT,BKT.AX,BLACK ROCK MINING LIMITED,Explorer,Graphite,2003-12-10,ok,True,False,1,2003-12-09,2026-09-03,5760,11,True,0.05,1,0.0,11362.0,25778808.0,2.7637,2.9372,2.9372,3.004,2.2697,2.9372,2.2697,1.0814,0.6167,0.3759,0.0197,0.0345,0.014,0.0628,0.0628,0.0869,-0.1787,0.0628,-0.1787,-0.6087,-0.7769,-0.864,-0.9929,-0.9875,-0.9949
BM1,BM1.AX,BALLARD MINING LIMITED,Explorer,Gold,2025-07-14,ok,True,False,0,2025-07-14,2026-09-03,292,5,False,1.0,0,0.0,3093769.0,334135266.0,0.383,0.41,0.47,0.605,0.71,0.635,,,,,,,0.76,0.0705,0.2272,0.5796,0.8538,0.658,,,,,,,0.9843
BM8,BM8.AX,BATTERY AGE MINERALS LTD,Explorer,Gold | Silver | Copper | Lead | Zinc | Lithium,2020-11-04,ok,True,False,0,2020-11-04,2026-09-03,1475,8,False,1.0,0,0.0,1661745.0,9523535.0,0.19,0.19,0.2,0.305,0.25,0.28,0.5,0.21,0.155,,,,0.051,0.0,0.0526,0.6053,0.3158,0.4737,1.6316,0.1053,-0.1842,,,,-0.7316
BMC,BMC.AX,BMC MINERALS LTD.,Explorer,Gold | Silver | Copper | Lead | Zinc,2025-12-12,ok,True,False,0,2025-12-12,2026-09-03,183,4,False,1.0,0,0.0,574902.0,832158579.0,2.464,2.3,2.79,2.35,2.65,,,,,,,,3.0,-0.0666,0.1323,-0.0463,0.0755,,,,,,,,0.2175
BML,BML.AX,BOAB METALS LIMITED,Explorer,Silver | Copper | Lead | Zinc | Cobalt,2004-07-15,ok,True,False,1,2004-07-14,2026-09-03,5604,11,True,0.04,1,0.0,4716.0,292197289.0,3.5849,3.7259,3.021,2.8196,3.3231,3.021,3.2224,2.4168,0.4632,0.625,1.0,0.175,0.465,0.0393,-0.1573,-0.2135,-0.073,-0.1573,-0.1011,-0.3258,-0.8708,-0.8257,-0.7211,-0.9512,-0.8703
BMM,BMM.AX,BAYAN MINING AND MINERALS LIMITED,Explorer,Gold | Silver | Lithium,2021-07-14,ok,True,False,0,2021-07-14,2026-09-02,1301,8,False,1.0,0,0.0,961311.0,7199523.0,0.364,0.34,0.69,0.68,0.405,0.19,0.21,0.072,0.054,,,,0.053,-0.0659,0.8956,0.8681,0.1126,-0.478,-0.4231,-0.8022,-0.8516,,,,-0.8544
BMR,BMR.AX,BALLYMORE RESOURCES LIMITED,Explorer,Gold | Silver | Copper | Lead | Zinc,2021-09-03,ok,True,False,0,2021-09-03,2026-09-02,1264,8,False,1.0,0,0.0,2001611.0,36207382.0,0.326,0.3,0.26,0.22,0.16,0.19,0.12,0.12,0.13,,,,0.13,-0.0798,-0.2025,-0.3252,-0.5092,-0.4172,-0.6319,-0.6319,-0.6012,,,,-0.6012
BNR,BNR.AX,BULLETIN RESOURCES LIMITED,Explorer,Gold | Nickel | Lithium,2010-12-20,ok,True,False,0,2010-12-20,2026-09-02,3970,11,False,1.0,0,0.0,3616826.0,9982853.0,0.0392,0.0403,0.0376,0.0302,0.0275,0.0211,0.0101,0.0016,0.0046,0.0323,0.0789,0.057,0.033,0.0281,-0.0408,-0.2296,-0.2985,-0.4617,-0.7423,-0.9592,-0.8827,-0.176,1.0128,0.4541,-0.1582
BNZ,BNZ.AX,BENZ MINING CORP.,Explorer,Gold,2020-12-23,ok,True,False,0,2020-12-23,2026-09-03,1440,8,False,1.0,0,0.0,277602.0,1406414511.0,1.211,1.2,1.3,0.785,0.68,0.675,0.415,0.25,1.65,,,,3.81,-0.0091,0.0735,-0.3518,-0.4385,-0.4426,-0.6573,-0.7936,0.3625,,,,2.1462
BOA,BOA.AX,BOA RESOURCES LTD,Explorer,Gold | Copper | Nickel | Lithium,2012-10-11,ok,True,False,0,2012-10-11,2026-09-03,3518,10,False,1.0,0,0.072,604416.0,17146713.0,0.2418,0.1971,0.2933,0.2644,0.3434,0.186,0.1145,0.1574,0.1145,0.1073,0.1178,,0.065,-0.1849,0.213,0.0935,0.4202,-0.2308,-0.5265,-0.349,-0.5265,-0.5562,-0.5128,,-0.7312
BOC,BOC.AX,BOUGAINVILLE COPPER LIMITED,Explorer,Gold | Silver | Copper,1970-12-31,no price near listing,False,False,-6238,1988-01-29,2026-09-02,9895,0,False,1.0,0,0.0098,,70185938.0,,,,,,,,,,,,,0.16,,,,,,,,,,,,
BPM,BPM.AX,BPM MINERALS LIMITED,Explorer,Gold | Silver | Copper | Nickel | Platinum Pgm | Iron | Lead | Zinc | Cobalt,2020-12-30,ok,True,False,0,2020-12-30,2026-09-02,1436,8,False,1.0,0,0.0,1560551.0,23258624.0,0.253,0.27,0.285,0.25,0.35,0.205,0.115,0.087,0.17,,,,0.185,0.0672,0.1265,-0.0119,0.3834,-0.1897,-0.5455,-0.6561,-0.3281,,,,-0.2688
BRE,BRE.AX,BRAZILIAN RARE EARTHS LIMITED,Explorer,Rare Earths | Uranium | Bauxite Alumina | Scandium | Niobium Tantalum,2023-12-21,ok,True,False,0,2023-12-21,2026-09-03,683,6,False,1.0,0,0.0,906632.0,1132230236.0,1.81,1.86,1.6,2.38,3.18,2.22,4.17,,,,,,3.735,0.0276,-0.116,0.3149,0.7569,0.2265,1.3039,,,,,,1.0635
BRL,BRL.AX,BATHURST RESOURCES LIMITED.,Producer,Coal,2013-06-21,ok,True,True,2011,2007-12-19,2026-09-02,4730,10,True,0.1,1,0.0255,92079.0,104423046.0,1.3448,1.2181,1.7541,1.4618,1.6079,0.458,0.1462,0.1169,1.3643,0.54,0.855,,0.425,-0.0942,0.3044,0.087,0.1956,-0.6594,-0.8913,-0.9131,0.0145,-0.5985,-0.3642,,-0.684
BRY,BRY.AX,BARYS RESOURCES LIMITED,Explorer,Silver | Copper | Uranium,2011-07-01,ok,True,False,0,2011-07-01,2026-09-02,3840,11,True,0.0001,2,0.0,27.0,3960508.0,759.515,752.3497,895.6545,716.5236,1518.5189,903.8803,55.5556,74.0741,0.2963,0.2778,0.2315,0.02,0.014,-0.0094,0.1792,-0.0566,0.9993,0.1901,-0.9269,-0.9025,-0.9996,-0.9996,-0.9997,-1.0,-1.0
BSR,BSR.AX,BISON RESOURCES LIMITED,Unknown,Gold | Silver | Copper,2026-04-16,ok,True,False,0,2026-04-16,2026-09-03,100,3,False,1.0,0,0.0,566000.0,27162500.0,0.513,0.43,0.525,0.29,,,,,,,,,0.38,-0.1618,0.0234,-0.4347,,,,,,,,,-0.2593
BSX,BSX.AX,BLACKSTONE MINERALS LIMITED,Explorer,Gold | Copper | Nickel | Cobalt | Manganese,2017-01-23,ok,True,False,0,2017-01-23,2026-09-03,2434,9,False,1.0,0,0.0,105330.0,68866394.0,0.1927,0.1908,0.2003,0.1765,0.1717,0.5056,0.0916,0.2003,0.6392,0.063,,,0.049,-0.0099,0.0394,-0.0841,-0.109,1.6238,-0.5246,0.0394,2.3171,-0.6731,,,-0.7457
BTR,BTR.AX,BRIGHTSTAR RESOURCES LIMITED,Producer,Gold,2003-12-05,ok,True,False,1,2003-12-04,2026-09-03,5763,11,True,0.0424,2,0.0,20233.0,598600803.0,5.6598,5.5419,7.0747,14.8569,13.6778,8.4897,6.4852,5.25,2.25,2.625,0.1,0.05,0.595,-0.0208,0.25,1.625,1.4167,0.5,0.1458,-0.0724,-0.6025,-0.5362,-0.9823,-0.9912,-0.8949
BUR,BUR.AX,BURLEY MINERALS LTD,Explorer,Iron | Lithium,2021-07-07,ok,True,False,0,2021-07-07,2026-09-02,1306,8,False,1.0,0,0.0,1432360.0,5706272.0,0.352,0.35,0.35,0.225,0.2,0.09,0.175,0.14,0.025,,,,0.023,-0.0057,-0.0057,-0.3608,-0.4318,-0.7443,-0.5028,-0.6023,-0.929,,,,-0.9347
BUS,BUS.AX,BUBALUS RESOURCES LIMITED,Explorer,Gold | Silver | Molybdenum | Rare Earths | Tungsten | Manganese | Antimony,2022-10-13,ok,True,False,0,2022-10-13,2026-09-03,985,7,False,1.0,0,0.0,242477.0,5171713.0,0.232,0.23,0.205,0.175,0.17,0.16,0.13,0.155,,,,,0.072,-0.0086,-0.1164,-0.2457,-0.2672,-0.3103,-0.4397,-0.3319,,,,,-0.6897
BUX,BUX.AX,BUXTON RESOURCES LIMITED,Explorer,Gold | Copper | Iron | Graphite,2007-10-23,ok,True,False,0,2007-10-23,2026-09-02,4771,11,False,1.0,0,0.0,159155.0,15861887.0,0.186,0.19,0.18,0.15,0.115,0.067,0.067,0.105,0.49,0.16,0.145,0.105,0.039,0.0215,-0.0323,-0.1935,-0.3817,-0.6398,-0.6398,-0.4355,1.6344,-0.1398,-0.2204,-0.4355,-0.7903
BVR,BVR.AX,BELLAVISTA RESOURCES LTD,Explorer,Silver | Copper | Nickel | Platinum Pgm | Zinc | Uranium,2022-05-25,ok,True,False,0,2022-05-25,2026-09-03,1084,7,False,1.0,0,0.0,1422276.0,83150075.0,0.26,0.35,0.23,0.25,0.265,0.19,0.2,0.31,,,,,0.34,0.3462,-0.1154,-0.0385,0.0192,-0.2692,-0.2308,0.1923,,,,,0.3077
C1X,C1X.AX,COSMOS EXPLORATION LIMITED,Explorer,Gold | Copper | Nickel | Platinum Pgm | Rare Earths | Lithium | Uranium,2021-12-01,ok,True,False,0,2021-12-01,2026-09-02,1201,7,False,1.0,0,0.0,432594.0,24193319.0,0.177,0.165,0.16,0.16,0.155,0.14,0.11,0.033,,,,,0.1,-0.0678,-0.096,-0.096,-0.1243,-0.209,-0.3785,-0.8136,,,,,-0.435
C29,C29.AX,C29 METALS LIMITED,Explorer,Gold | Copper,2021-11-03,ok,True,False,0,2021-11-03,2026-09-03,1222,7,False,1.0,0,0.0,1111592.0,3359779.0,0.2,0.2,0.18,0.19,0.18,0.2,0.081,0.093,,,,,0.024,0.0,-0.1,-0.05,-0.1,0.0,-0.595,-0.535,,,,,-0.88
C7A,C7A.AX,CLARA RESOURCES AUSTRALIA LTD,Explorer,Nickel | Coal | Cobalt | Tin,2010-10-21,ok,True,False,0,2010-10-21,2026-09-02,4012,11,True,0.01,1,0.0,4458.0,6697534.0,19.4515,19.4515,17.599,14.3571,12.9677,3.705,1.8525,0.741,0.4962,0.9,0.1,0.005,0.004,0.0,-0.0952,-0.2619,-0.3333,-0.8095,-0.9048,-0.9619,-0.9745,-0.9537,-0.9949,-0.9997,-0.9998
CAA,CAA.AX,CAPRAL LIMITED,Producer,,1986-11-20,no price near listing,False,False,-435,1988-01-29,2026-09-03,9896,6,True,0.0031,3,352.1873,,186783830.0,,,,,,,126.7615,129.7312,98.9501,90.1152,245.3362,206.9107,11.97,,,,,,,,,,,,
CAE,CAE.AX,CANNINDAH RESOURCES LIMITED,Explorer,Gold | Silver | Copper,2005-05-20,ok,True,False,1,2005-05-19,2026-09-03,5388,11,True,0.1,1,0.0574,20045.0,50108909.0,0.1116,0.1103,0.1103,0.1233,0.1168,0.1622,0.2141,0.1233,0.0081,0.0056,0.063,0.008,0.031,-0.0116,-0.0116,0.1048,0.0466,0.4534,0.9185,0.1048,-0.9274,-0.9498,-0.4355,-0.9283,-0.7222
CAV,CAV.AX,CARNAVALE RESOURCES LIMITED,Explorer,Gold | Silver | Copper | Nickel | Lithium | Cobalt | Tin,2007-03-15,ok,True,False,0,2007-03-15,2026-09-03,4926,11,True,0.0667,1,0.0,21753.0,37542031.0,3.2891,3.8002,7.5348,14.9386,17.8214,4.5864,1.7035,3.96,0.5616,0.2592,0.1728,0.144,0.088,0.1554,1.2908,3.5419,4.4183,0.3944,-0.4821,0.204,-0.8293,-0.9212,-0.9475,-0.9562,-0.9732
CAY,CAY.AX,CANYON RESOURCES LIMITED,Explorer,Bauxite Alumina | Silica,2010-06-15,ok,True,False,0,2010-06-15,2026-09-03,4105,11,False,1.0,0,0.0,149000.0,101043638.0,0.266,0.27,0.29,0.4,0.43,0.33,0.35,0.07,0.04,0.072,0.155,0.25,0.054,0.015,0.0902,0.5038,0.6165,0.2406,0.3158,-0.7368,-0.8496,-0.7293,-0.4173,-0.0602,-0.797
CAZ,CAZ.AX,CAZALY RESOURCES LIMITED,Explorer,Gold | Silver | Copper | Iron | Zinc | Rare Earths | Lithium | Cobalt,2003-10-31,ok,True,False,1,2003-10-30,2026-09-02,5787,11,False,1.0,0,0.026,1167895.0,10013523.0,0.1076,0.108,0.0972,0.1037,0.0843,0.0871,0.1944,0.2593,0.054,0.1854,0.0626,0.0107,0.02,0.0037,-0.0967,-0.0362,-0.2165,-0.1905,0.8067,1.4099,-0.4981,0.723,-0.4182,-0.9006,-0.8141
CBE,CBE.AX,COBRE LIMITED,Explorer,Gold | Silver | Copper | Zinc,2020-01-31,ok,True,False,0,2020-01-31,2026-09-03,1670,8,False,1.0,0,0.0,2126435.0,470160935.0,0.248,0.27,0.19,0.19,0.175,0.22,0.075,0.16,0.053,,,,0.385,0.0887,-0.2339,-0.2339,-0.2944,-0.1129,-0.6976,-0.3548,-0.7863,,,,0.5524
CBY,CBY.AX,CANTERBURY RESOURCES LIMITED,Explorer,Gold | Silver | Copper | Molybdenum,2019-03-07,ok,True,False,0,2019-03-07,2026-09-03,1898,9,False,1.0,0,0.0,94989.0,12306719.0,0.315,0.3,0.28,0.28,0.24,0.155,0.105,0.069,0.027,0.036,,,0.05,-0.0476,-0.1111,-0.1111,-0.2381,-0.5079,-0.6667,-0.781,-0.9143,-0.8857,,,-0.8413
CC9,CC9.AX,CHARIOT RESOURCES LTD,Explorer,Lithium,2023-10-27,ok,True,False,0,2023-10-27,2026-09-02,721,6,False,1.0,0,0.0,1400138.0,20420265.0,0.289,0.32,0.85,0.36,0.235,0.195,0.19,,,,,,0.075,0.1073,1.9412,0.2457,-0.1869,-0.3253,-0.3426,,,,,,-0.7405
CCM,CCM.AX,CADOUX LIMITED,Explorer,Potash | Bauxite Alumina,1994-01-20,no price near listing,False,False,-11,1994-01-31,2026-09-03,8185,10,True,0.0333,1,0.0,,13717528.0,,2.9288,2.9288,2.6033,1.6271,0.9763,0.8135,0.9763,,1.5945,3.9093,0.25,0.03,,,,,,,,,,,,
CDR,CDR.AX,CODRUS MINERALS LIMITED,Explorer,Gold | Copper | Nickel | Uranium,2021-06-23,ok,True,False,0,2021-06-23,2026-09-03,1317,8,False,1.0,0,0.0,1691088.0,9819883.0,0.201,0.2,0.2,0.15,0.13,0.074,0.088,0.041,0.021,,,,0.038,-0.005,-0.005,-0.2537,-0.3532,-0.6318,-0.5622,-0.796,-0.8955,,,,-0.8109
CDT,CDT.AX,CASTLE MINERALS LIMITED,Explorer,Gold | Graphite,2006-05-02,ok,True,False,1,2006-05-01,2026-09-02,5148,11,True,0.0333,1,0.0,15008.0,13640206.0,10.71,11.7,9.9,10.8,10.5,9.0,7.2,4.5,10.5,1.53,0.36,0.45,0.076,0.0924,-0.0756,0.0084,-0.0196,-0.1597,-0.3277,-0.5798,-0.0196,-0.8571,-0.9664,-0.958,-0.9929
CEL,CEL.AX,CHALLENGER GOLD LIMITED,Producer,Gold | Silver | Copper,2007-11-07,ok,True,False,0,2007-11-07,2026-09-03,4761,11,True,0.01,2,0.0,2031.0,413702494.0,27.6,27.0,26.0,18.0,17.5,8.7,14.0,11.0,8.8,7.9,2.1,3.1,1.91,-0.0217,-0.058,-0.3478,-0.3659,-0.6848,-0.4928,-0.6014,-0.6812,-0.7138,-0.9239,-0.8877,-0.9308
CGR,CGR.AX,CGN RESOURCES LIMITED,Explorer,Gold | Copper | Nickel,2023-10-18,ok,True,False,0,2023-10-18,2026-09-02,728,6,False,1.0,0,0.0,556054.0,8753163.0,0.186,0.185,0.205,0.21,0.31,0.08,0.078,,,,,,0.074,-0.0054,0.1022,0.129,0.6667,-0.5699,-0.5806,,,,,,-0.6022
CHN,CHN.AX,CHALICE MINING LIMITED,Explorer,Gold | Copper | Nickel | Platinum Pgm | Cobalt,2006-03-24,ok,True,False,1,2006-03-23,2026-09-03,5173,11,False,1.0,0,0.0,975387.0,563784869.0,0.2443,0.2763,0.252,0.1745,0.1309,0.1115,0.1163,0.0969,0.4725,0.187,0.1181,4.7345,1.305,0.131,0.0315,-0.2857,-0.4642,-0.5436,-0.5239,-0.6034,0.9341,-0.2345,-0.5166,18.3799,4.3418
CHR,CHR.AX,CHARGER METALS NL,Explorer,Copper | Nickel | Lithium,2021-07-09,ok,True,False,0,2021-07-09,2026-09-02,1304,8,False,1.0,0,0.0,1337119.0,7551246.0,0.219,0.215,0.49,0.44,0.48,0.48,0.35,0.062,0.087,,,,0.085,-0.0183,1.2374,1.0091,1.1918,1.1918,0.5982,-0.7169,-0.6027,,,,-0.6119
CHRCB,CHRCB.AX,CHARGER METALS NL,Explorer,Copper | Nickel | Lithium,2021-07-09,no price near listing,False,False,-1643,2026-01-07,2026-09-02,167,1,False,1.0,0,0.0,,7551246.0,,,,,,,,,0.016,,,,0.016,,,,,,,,,,,,
CHW,CHW.AX,CHILWA MINERALS LTD,Explorer,Rare Earths | Mineral Sands,2023-07-05,ok,True,False,0,2023-07-05,2026-09-02,803,7,False,1.0,0,0.0,216084.0,69094295.0,0.189,0.195,0.18,0.165,0.17,0.63,1.185,0.85,,,,,0.75,0.0317,-0.0476,-0.127,-0.1005,2.3333,5.2698,3.4974,,,,,2.9683
CIA,CIA.AX,CHAMPION IRON LIMITED,Producer,Iron,2007-06-08,ok,True,False,3,2007-06-05,2026-09-03,4871,11,True,0.2,1,1.0193,84190.0,1999367512.0,1.7817,1.8187,1.7417,0.9248,1.1795,0.4624,0.1541,0.0885,0.2064,0.358,0.7245,6.633,3.465,0.0208,-0.0225,-0.4809,-0.338,-0.7405,-0.9135,-0.9503,-0.8842,-0.7991,-0.5934,2.7228,0.9448
CKA,CKA.AX,COKAL LIMITED,Producer,Coal,2000-04-17,ok,True,False,0,2000-04-17,2026-09-03,6711,11,False,1.0,0,0.0,985119.0,58263245.0,0.1304,0.1304,0.1304,0.1304,0.1304,0.1304,0.1304,0.1304,0.1304,0.1304,0.3,0.096,0.054,0.0,0.0,0.0,0.0,0.0,0.0,0.0,0.0,0.0,1.3006,-0.2638,-0.5859
CLA,CLA.AX,CELSIUS RESOURCES LIMITED.,Explorer,Gold | Copper | Nickel | Coal | Cobalt,1988-03-24,ok,True,False,-7,1988-03-31,2026-09-03,8991,11,True,0.0,3,0.0,0.0,18611034.0,64000.0,64000.0,64000.0,56000.0,56000.0,56000.0,30000.0,8000.0,36000.0,16000.0,150000.0,4400.0,0.004,0.0,0.0,-0.125,-0.125,-0.125,-0.5312,-0.875,-0.4375,-0.75,1.3438,-0.9312,-1.0
CLZ,CLZ.AX,CLASSIC MINERALS LTD,Developer,Gold | Nickel,2013-05-24,ok,True,False,0,2013-05-24,2026-09-02,3363,10,True,0.0001,2,0.0,16.0,,1018.3336,1047.2225,722.2224,1155.5559,361.1112,288.889,57.7778,28.8889,36.1111,10.8333,0.05,,0.001,0.0284,-0.2908,0.1348,-0.6454,-0.7163,-0.9433,-0.9716,-0.9645,-0.9894,-1.0,,-1.0
CMD,CMD.AX,CASSIUS MINING LIMITED,Explorer,Lithium,2006-08-10,ok,True,False,0,2006-08-10,2026-09-03,5077,11,True,0.0625,1,0.0,33219.0,14565043.0,2.2374,2.0036,2.0036,2.1706,3.1724,3.1167,1.76,0.64,0.56,0.016,0.128,0.014,0.018,-0.1045,-0.1045,-0.0299,0.4179,0.393,-0.2134,-0.714,-0.7497,-0.9928,-0.9428,-0.9937,-0.992
CMG,CMG.AX,CRITICAL MINERALS GROUP LIMITED,Explorer,Gold | Copper | Molybdenum | Vanadium | Bauxite Alumina,2022-09-27,ok,True,False,0,2022-09-27,2026-09-03,997,7,False,1.0,0,0.0,685779.0,8250630.0,0.26,0.29,0.215,0.185,0.195,0.215,0.19,0.155,,,,,0.068,0.1154,-0.1731,-0.2885,-0.25,-0.1731,-0.2692,-0.4038,,,,,-0.7385
CMM,CMM.AX,CAPRICORN METALS LTD,Producer,Gold,2008-07-07,ok,True,False,0,2008-07-07,2026-09-03,4596,11,True,0.2,1,0.05,258839.0,8109796808.0,1.2026,1.126,0.9343,0.527,0.1677,0.1629,0.1677,0.2348,0.1054,0.0862,0.321,4.262,16.225,-0.0637,-0.2231,-0.5618,-0.8606,-0.8645,-0.8606,-0.8048,-0.9124,-0.9283,-0.7331,2.544,12.4916
CMO,CMO.AX,COSMO METALS LIMITED,Explorer,Gold | Silver | Copper | Nickel | Platinum Pgm | Lead | Zinc | Lithium | Tungsten | Cobalt | Antimony,2022-01-31,ok,True,False,0,2022-01-31,2026-09-03,1163,7,False,1.0,0,0.0,520951.0,3470635.0,0.222,0.225,0.165,0.16,0.13,0.155,0.062,0.017,,,,,0.005,0.0135,-0.2568,-0.2793,-0.4144,-0.3018,-0.7207,-0.9234,,,,,-0.9775
CNB,CNB.AX,CARNABY RESOURCES LIMITED,Explorer,Gold | Copper | Nickel | Platinum Pgm | Lithium,2016-08-30,ok,True,False,0,2016-08-30,2026-09-03,2535,10,False,1.0,0,0.0,352620.0,285784059.0,0.259,0.255,0.24,0.21,0.31,0.25,0.1,0.17,0.325,1.02,1.01,,0.97,-0.0154,-0.0734,-0.1892,0.1969,-0.0347,-0.6139,-0.3436,0.2548,2.9382,2.8996,,2.7452
CNJ,CNJ.AX,CONICO LTD,Explorer,Gold | Copper | Nickel | Platinum Pgm | Lead | Zinc | Cobalt | Manganese,2007-06-18,ok,True,False,0,2007-06-18,2026-09-02,4862,11,True,0.0183,3,0.0,38113.0,5867883.0,8.2906,8.1838,7.1164,11.0051,8.7282,14.4205,7.2103,6.8308,1.5179,0.4554,3.2636,2.16,0.01,-0.0129,-0.1416,0.3274,0.0528,0.7394,-0.1303,-0.1761,-0.8169,-0.9451,-0.6063,-0.7395,-0.9988
COB,COB.AX,COBALT BLUE HOLDINGS LIMITED,Explorer,Copper | Nickel | Zinc | Cobalt,2017-02-02,ok,True,False,0,2017-02-02,2026-09-03,2427,9,False,1.0,0,0.0,4075597.0,39360143.0,0.1863,0.1786,0.3138,0.2028,0.1738,0.6324,0.1593,0.1347,0.5886,0.175,,,0.067,-0.0413,0.6844,0.0886,-0.0671,2.3945,-0.1449,-0.277,2.1594,-0.0607,,,-0.6404
COD,COD.AX,CODA MINERALS LTD,Explorer,Gold | Silver | Copper | Uranium | Cobalt,2020-10-28,ok,True,False,0,2020-10-28,2026-09-02,1479,8,False,1.0,0,0.0,814409.0,48959529.0,0.416,0.365,0.315,0.335,0.365,0.825,0.265,0.155,0.13,,,,0.125,-0.1226,-0.2428,-0.1947,-0.1226,0.9832,-0.363,-0.6274,-0.6875,,,,-0.6995
COY,COY.AX,COPPERMOLY LIMITED,Explorer,Gold | Silver | Copper | Lead | Zinc,2008-01-31,ok,True,False,0,2008-01-31,2026-09-02,4703,11,False,1.0,0,0.0,401919.0,4413287.0,0.1518,0.1596,0.151,0.1251,0.082,0.0177,0.0929,0.115,0.0336,0.0071,0.0124,0.011,0.006,0.0514,-0.0053,-0.1759,-0.4598,-0.8834,-0.388,-0.2424,-0.7787,-0.9532,-0.9183,-0.9275,-0.9605
CPM,CPM.AX,COOPER METALS LIMITED,Explorer,Gold | Copper,2021-11-19,ok,True,False,0,2021-11-19,2026-09-03,1210,7,False,1.0,0,0.0,1206459.0,8509598.0,0.207,0.175,0.165,0.59,0.43,0.315,0.23,0.046,,,,,0.09,-0.1546,-0.2029,1.8502,1.0773,0.5217,0.1111,-0.7778,,,,,-0.5652
CPN,CPN.AX,CASPIN RESOURCES LIMITED,Explorer,Gold | Copper | Nickel | Platinum Pgm | Tin,2020-11-25,ok,True,False,0,2020-11-25,2026-09-03,1460,8,False,1.0,0,0.0,2376482.0,38330476.0,0.517,0.63,0.58,0.635,1.83,1.155,0.72,0.13,0.13,,,,0.125,0.2186,0.1219,0.2282,2.5397,1.234,0.3926,-0.7485,-0.7485,,,,-0.7582
CPO,CPO.AX,CULPEO MINERALS LIMITED,Explorer,Gold | Silver | Copper | Molybdenum,2021-09-10,ok,True,False,0,2021-09-10,2026-09-03,1260,7,False,1.0,0,0.0,1521097.0,9541430.0,0.232,0.255,0.23,0.2,0.125,0.155,0.036,0.034,,,,,0.019,0.0991,-0.0086,-0.1379,-0.4612,-0.3319,-0.8448,-0.8534,,,,,-0.9181
CR1,CR1.AX,CONSTELLATION RESOURCES LIMITED,Explorer,Gold | Copper | Nickel | Lead | Zinc,2018-07-30,ok,True,False,0,2018-07-30,2026-09-03,2052,9,False,1.0,0,0.0,915869.0,13589347.0,0.303,0.33,0.28,0.245,0.225,0.23,0.305,0.335,0.125,0.125,,,0.14,0.0891,-0.0759,-0.1914,-0.2574,-0.2409,0.0066,0.1056,-0.5875,-0.5875,,,-0.538
CR3,CR3.AX,CORE ENERGY MINERALS LTD,Explorer,Gold | Silver | Nickel | Rare Earths | Uranium | Graphite,1998-12-17,no price near listing,False,False,-14,1998-12-31,2026-09-02,7047,11,True,0.0,4,0.0,,4986469.0,,1912.3199,1912.3199,1912.3199,1912.3199,2764.7998,921.6,276.48,921.6,506.88,5.76,0.504,0.008,,,,,,,,,,,,
CRB,CRB.AX,CARBINE RESOURCES LIMITED,Explorer,Silica,2007-03-16,ok,True,False,0,2007-03-16,2026-09-02,4924,11,False,1.0384,2,0.0,151763.0,9534926.0,0.2244,0.2263,0.2407,0.3659,0.2889,0.183,0.0222,0.2611,0.1611,0.0333,0.1133,0.03,0.007,0.0085,0.0726,0.6306,0.2874,-0.1845,-0.9011,0.1635,-0.2821,-0.8516,-0.4951,-0.8663,-0.9688
CRI,CRI.AX,CRITICA LIMITED,Explorer,Gold | Copper | Nickel | Platinum Pgm | Zinc | Rare Earths | Lithium | Uranium | Tungsten | Antimony | Tin,2006-09-22,ok,True,False,0,2006-09-22,2026-09-03,5046,11,False,1.0,0,0.0,548106.0,,0.1895,0.1857,0.2333,0.2952,0.319,0.2524,0.2048,0.181,0.3476,0.219,0.0276,0.049,0.021,-0.0201,0.2311,0.5578,0.6834,0.3319,0.0807,-0.0449,0.8343,0.1557,-0.8544,-0.7414,-0.8892
CRN,CRN.AX,CORONADO GLOBAL RESOURCES INC.,Producer,Coal,2018-10-23,ok,True,False,0,2018-10-23,2026-09-03,1991,9,False,1.0,0,0.9358,5544835.0,318526209.0,2.1958,2.1443,2.0751,1.8865,1.9833,1.7521,0.6133,1.0713,1.5803,0.32,,,0.245,-0.0235,-0.055,-0.1409,-0.0968,-0.2021,-0.7207,-0.5121,-0.2803,-0.8543,,,-0.8884
CRR,CRR.AX,CRITICAL RESOURCES LIMITED,Explorer,Gold | Silver | Copper | Lead | Zinc | Lithium,2010-12-03,ok,True,False,0,2010-12-03,2026-09-03,3982,11,True,0.125,1,0.0,111057.0,19164513.0,1.6937,1.6343,1.5971,2.7857,2.6,2.2286,1.7457,1.3371,0.0149,0.05,0.016,0.009,0.006,-0.0351,-0.057,0.6447,0.5351,0.3158,0.0307,-0.2105,-0.9912,-0.9705,-0.9906,-0.9947,-0.9965
CRS,CRS.AX,CAPRICE RESOURCES LTD,Explorer,Gold | Copper | Lead | Zinc | Rare Earths | Niobium Tantalum,2018-12-05,ok,True,False,0,2018-12-05,2026-09-03,1960,9,False,1.0,0,0.0,449676.0,73201280.0,0.1484,0.1492,0.1268,0.1342,0.1044,0.0858,0.2135,0.1531,0.023,0.125,,,0.086,0.0054,-0.1456,-0.0957,-0.2965,-0.4218,0.4387,0.0317,-0.845,-0.1577,,,-0.4205
CSC,CSC.AX,CAPSTONE COPPER CORP.,Producer,Gold | Silver | Copper | Molybdenum | Iron | Zinc | Cobalt,2024-02-02,no price near listing,False,False,-66,2024-04-08,2026-09-03,612,4,False,1.0,0,0.0,,16046417299.0,,,,10.42,10.15,8.94,15.92,,,,,,15.175,,,,,,,,,,,,
CST,CST.AX,CASTILE RESOURCES LTD,Explorer,Gold | Silver | Copper | Lead | Zinc | Cobalt,2020-02-14,ok,True,False,0,2020-02-14,2026-09-03,1660,8,False,1.0,0,0.0,3968230.0,28745689.0,0.172,0.185,0.095,0.115,0.23,0.17,0.19,0.1,0.07,,,,0.072,0.0756,-0.4477,-0.3314,0.3372,-0.0116,0.1047,-0.4186,-0.593,,,,-0.5814
CTM,CTM.AX,CENTAURUS METALS LIMITED,Explorer,Gold | Copper | Nickel | Iron,1989-01-12,ok,True,True,349,1988-01-29,2026-09-03,9896,11,True,0.0036,7,0.0,0.0,306261887.0,17.3597,17.3597,17.3597,10.8498,8.6798,26.0395,7.5948,7.2256,13.419,17.3415,7.3483,4.2253,0.515,0.0,0.0,-0.375,-0.5,0.5,-0.5625,-0.5838,-0.227,-0.001,-0.5767,-0.7566,-0.9703
CTN,CTN.AX,CATALINA RESOURCES LTD,Explorer,Gold | Copper | Nickel | Iron | Rare Earths | Lithium,2010-02-18,ok,True,False,0,2010-02-18,2026-09-03,4184,11,True,0.0435,1,0.0,4783.0,12063093.0,2.3277,2.3411,2.1404,1.8729,1.6053,2.5417,1.7391,2.408,0.4066,0.244,0.069,0.069,0.049,0.0058,-0.0805,-0.1954,-0.3103,0.0919,-0.2529,0.0345,-0.8253,-0.8952,-0.9704,-0.9704,-0.9789
CTO,CTO.AX,CITIGOLD CORPORATION LIMITED,Explorer,Gold | Silver,1993-12-23,ok,True,False,-8,1993-12-31,2026-09-03,8351,11,False,1.0,0,0.0,0.0,44850000.0,0.16,0.16,0.16,0.35,0.32,0.76,0.58,0.54,0.15,0.086,0.17,0.265,0.018,0.0,0.0,1.1875,1.0,3.75,2.625,2.375,-0.0625,-0.4625,0.0625,0.6562,-0.8875
CUF,CUF.AX,CUFE LTD,Producer,Gold | Copper | Iron | Rare Earths | Lithium | Niobium Tantalum,2005-10-13,ok,True,False,1,2005-10-12,2026-09-03,5285,11,False,1.0,1,0.0,475425.0,107827671.0,0.468,0.46,0.385,0.235,0.18,0.18,0.37,0.1,0.11,0.033,0.03,0.021,0.05,-0.0171,-0.1774,-0.4979,-0.6154,-0.6154,-0.2094,-0.7863,-0.765,-0.9295,-0.9359,-0.9551,-0.8932
CUL,CUL.AX,CULLEN RESOURCES LIMITED,Explorer,Gold | Copper | Nickel | Platinum Pgm | Iron | Lithium,1988-11-23,ok,True,True,299,1988-01-29,2026-09-02,9878,11,True,0.0049,3,0.0,0.0,4160411.0,1.0662,1.0662,1.0662,1.0662,0.5741,0.4921,0.1558,0.1244,0.2222,0.1156,0.0489,0.8989,0.006,0.0,0.0,0.0,-0.4615,-0.5385,-0.8539,-0.8833,-0.7916,-0.8916,-0.9541,-0.1569,-0.9944
CVR,CVR.AX,CAVALIER RESOURCES LIMITED,Explorer,Gold | Nickel | Lithium,2022-06-17,ok,True,False,0,2022-06-17,2026-09-02,1067,7,False,1.0,0,0.0,261724.0,23848189.0,0.199,0.195,0.19,0.15,0.16,0.125,0.17,0.24,,,,,0.25,-0.0201,-0.0452,-0.2462,-0.196,-0.3719,-0.1457,0.206,,,,,0.2563
CVV,CVV.AX,CARAVEL MINERALS LIMITED,Explorer,Gold | Silver | Copper | Molybdenum,2006-11-03,ok,True,False,0,2006-11-03,2026-09-03,5016,11,True,0.0455,1,0.0,9184.0,164834955.0,5.6055,5.7261,5.0229,5.6256,4.9224,5.7261,4.2192,11.0504,1.5069,1.3628,0.0667,0.3886,0.28,0.0215,-0.1039,0.0036,-0.1219,0.0215,-0.2473,0.9713,-0.7312,-0.7569,-0.9881,-0.9307,-0.95
CXO,CXO.AX,CORE LITHIUM LTD,Developer,Lithium,2011-02-11,ok,True,False,0,2011-02-11,2026-09-03,3936,11,False,1.0,0,0.0016,475151.0,1229984632.0,0.1539,0.1451,0.1148,0.108,0.0945,0.0675,0.056,0.0503,0.0242,0.063,0.315,0.21,0.357,-0.0572,-0.2541,-0.2982,-0.386,-0.5614,-0.6361,-0.6732,-0.8428,-0.5906,1.0468,0.3645,1.3197
CY5,CY5.AX,CYGNUS METALS LIMITED,Explorer,Gold | Copper | Nickel | Platinum Pgm | Rare Earths | Lithium,2018-01-15,ok,True,False,0,2018-01-15,2026-09-03,2187,9,False,1.0,0,0.0,606321.0,184138808.0,0.318,0.28,0.29,0.2,0.105,0.07,0.055,0.18,0.385,0.12,,,0.17,-0.1195,-0.0881,-0.3711,-0.6698,-0.7799,-0.827,-0.434,0.2107,-0.6226,,,-0.4654
CYL,CYL.AX,CATALYST METALS LIMITED,Producer,Gold | Silver,2006-07-26,ok,True,False,0,2006-07-26,2026-09-03,5088,11,False,1.0,0,0.0,477315.0,1814042837.0,0.289,0.3,0.3,0.26,0.25,0.22,0.1,0.081,0.37,0.34,0.57,1.99,6.825,0.0381,0.0381,-0.1003,-0.1349,-0.2388,-0.654,-0.7197,0.2803,0.1765,0.9723,5.8858,22.6159
CYM,CYM.AX,CYPRIUM METALS LIMITED,Developer,Gold | Copper,1985-04-26,no price near listing,False,False,-1008,1988-01-29,2026-09-03,9896,5,True,0.0,12,0.0,,326615049.0,,,,,,,,61166.7578,4785.3105,1709.0394,4021.03,2700.4534,0.545,,,,,,,,,,,,
CZN,CZN.AX,CORAZON MINING LIMITED,Explorer,Gold | Copper | Nickel | Lithium | Cobalt,2005-06-30,ok,True,False,1,2005-06-29,2026-09-03,5360,11,True,0.001,3,0.0,180.0,23902017.0,165.1619,157.0833,143.619,130.1547,237.869,206.4523,309.6785,125.6666,51.1643,27.8262,5.3857,1.7952,0.125,-0.0489,-0.1304,-0.212,0.4402,0.25,0.875,-0.2391,-0.6902,-0.8315,-0.9674,-0.9891,-0.9992
CZR,CZR.AX,CZR RESOURCES LTD,Explorer,Gold | Copper | Nickel | Iron | Rare Earths | Vanadium,2006-08-29,ok,True,False,0,2006-08-29,2026-09-03,5064,11,True,0.0315,3,0.0,25073.0,52126296.0,8.1778,7.4344,6.9697,13.0102,21.9934,5.266,3.7172,0.9293,0.531,0.7468,0.1494,0.166,0.205,-0.0909,-0.1477,0.5909,1.6894,-0.3561,-0.5455,-0.8864,-0.9351,-0.9087,-0.9817,-0.9797,-0.9749
DAF,DAF.AX,DISCOVERY ALASKA LIMITED,Explorer,Gold | Silver | Copper | Lithium | Tin,2011-09-22,ok,True,False,0,2011-09-22,2026-09-02,3782,10,False,1.0,0,0.0,104880.0,5167194.0,0.178,0.17,0.16,0.14,0.12,0.072,0.046,0.023,0.016,0.015,0.037,,0.018,-0.0449,-0.1011,-0.2135,-0.3258,-0.5955,-0.7416,-0.8708,-0.9101,-0.9157,-0.7921,,-0.8989
DAL,DAL.AX,DALAROO METALS LTD,Explorer,Copper | Nickel | Platinum Pgm | Lead | Zinc,2021-09-28,ok,True,False,0,2021-09-28,2026-09-03,1248,7,False,1.0,0,0.0,1032647.0,27239325.0,0.266,0.23,0.16,0.13,0.145,0.12,0.052,0.027,,,,,0.074,-0.1353,-0.3985,-0.5113,-0.4549,-0.5489,-0.8045,-0.8985,,,,,-0.7218
DBO,DBO.AX,DIABLO RESOURCES LIMITED,Explorer,Gold | Copper,2021-10-12,ok,True,False,0,2021-10-12,2026-09-03,1238,7,False,1.0,0,0.0,1599080.0,9198241.0,0.166,0.145,0.145,0.15,0.097,0.058,0.043,0.029,,,,,0.017,-0.1265,-0.1265,-0.0964,-0.4157,-0.6506,-0.741,-0.8253,,,,,-0.8976
DES,DES.AX,DESOTO RESOURCES LIMITED,Explorer,Gold | Rare Earths | Lithium,2022-12-16,ok,True,False,0,2022-12-16,2026-09-03,939,7,False,1.0,0,0.0,556335.0,37366053.0,0.184,0.19,0.16,0.115,0.12,0.092,0.075,0.185,,,,,0.162,0.0326,-0.1304,-0.375,-0.3478,-0.5,-0.5924,0.0054,,,,,-0.1196
DGR,DGR.AX,DGR GLOBAL LIMITED,Explorer,Gold | Copper | Nickel | Molybdenum | Uranium | Cobalt | Vanadium | Antimony | Tin | Bauxite Alumina,2003-08-21,ok,True,False,1,2003-08-20,2026-09-02,5838,11,False,1.0,0,0.0021,126350.0,36529359.0,0.1591,0.1358,0.1319,0.1435,0.128,0.0815,0.097,0.0528,0.0776,0.0472,0.0315,0.0781,0.034,-0.1464,-0.171,-0.0981,-0.1955,-0.4877,-0.3903,-0.6681,-0.5123,-0.7033,-0.802,-0.5091,-0.7863
DKM,DKM.AX,DUKETON MINING LIMITED,Explorer,Gold | Copper | Nickel | Platinum Pgm | Iron | Rare Earths | Lithium | Uranium,2014-08-04,ok,True,False,0,2014-08-04,2026-09-02,3061,10,False,1.0,0,0.0,1506004.0,14970019.0,0.274,0.265,0.245,0.155,0.175,0.13,0.3,0.105,0.13,0.38,0.11,,0.115,-0.0328,-0.1058,-0.4343,-0.3613,-0.5255,0.0949,-0.6168,-0.5255,0.3869,-0.5985,,-0.5803
DLI,DLI.AX,DELTA LITHIUM LIMITED,Explorer,Lithium,2017-11-03,ok,True,False,0,2017-11-03,2026-09-03,2235,9,False,1.0,0,0.0,244890.0,129454115.0,0.2358,0.2387,0.2241,0.2436,0.229,0.1656,0.0926,0.2241,0.5018,0.26,,,0.17,0.0123,-0.0496,0.0331,-0.0288,-0.2977,-0.6073,-0.0496,1.1281,0.1026,,,-0.2791
DLY,DLY.AX,DALY RESOURCES LIMITED,Explorer,Copper | Lead | Zinc,2026-06-23,ok,True,False,0,2026-06-23,2026-09-03,53,2,False,1.0,0,0.0,1154906.0,14105000.0,0.205,0.18,0.2,,,,,,,,,,0.16,-0.122,-0.0244,,,,,,,,,,-0.2195
DM1,DM1.AX,DESERT METALS LIMITED,Explorer,Gold | Copper | Nickel | Platinum Pgm | Lead | Zinc | Rare Earths | Lithium,2020-12-18,ok,True,False,0,2020-12-18,2026-09-02,1442,8,False,1.0,0,0.0,1544415.0,4682152.0,0.551,0.67,0.59,0.49,0.65,0.235,0.215,0.061,0.008,,,,0.008,0.216,0.0708,-0.1107,0.1797,-0.5735,-0.6098,-0.8893,-0.9855,,,,-0.9855
DME,DME.AX,DOME GOLD MINES LIMITED,Explorer,Gold | Silver | Copper | Iron,2013-10-22,ok,True,False,-2,2013-10-24,2026-09-03,3256,10,False,1.0,0,0.0,6000.0,20994388.0,0.21,0.21,0.3,0.295,0.3,0.3,0.42,0.34,0.22,0.195,0.17,,0.05,0.0,0.4286,0.4048,0.4286,0.4286,1.0,0.619,0.0476,-0.0714,-0.1905,,-0.7619
DPM,DPM.AX,DPM METALS INC.,Producer,Gold | Silver | Copper,2025-09-18,ok,True,False,0,2025-09-18,2026-09-03,244,4,False,1.0,0,0.2232,218920.0,16275633780.0,33.0817,31.9082,36.2073,45.8426,50.6126,,,,,,,,61.01,-0.0355,0.0945,0.3857,0.5299,,,,,,,,0.8442
DRE,DRE.AX,DREADNOUGHT RESOURCES LTD,Explorer,Gold | Silver | Copper | Nickel | Platinum Pgm | Iron | Rare Earths | Cobalt,2006-10-31,ok,True,False,0,2006-10-31,2026-09-03,5019,11,True,0.125,2,0.0,262739.0,80152800.0,0.9168,1.0484,0.9251,0.9662,1.5007,0.9867,0.1357,0.2302,0.0879,0.0229,0.0053,0.0395,0.014,0.1435,0.0091,0.0539,0.6369,0.0762,-0.852,-0.7489,-0.9041,-0.975,-0.9942,-0.9569,-0.9847
DRR,DRR.AX,DETERRA ROYALTIES LIMITED,Royalty/Streamer,Gold | Copper | Iron | Lithium | Mineral Sands,2020-10-23,ok,True,False,0,2020-10-23,2026-09-03,1483,8,False,1.0,0,1.5107,5093311.0,2260990940.0,2.9805,2.773,3.0764,3.2528,2.9669,2.9252,3.3573,3.9808,3.9238,,,,4.145,-0.0696,0.0322,0.0914,-0.0046,-0.0186,0.1264,0.3356,0.3165,,,,0.3907
DRX,DRX.AX,DIATREME RESOURCES LIMITED,Explorer,Copper | Mineral Sands | Silica,2005-06-22,ok,True,False,1,2005-06-21,2026-09-03,5366,11,False,1.0563,1,0.0,867074.0,60099382.0,0.1508,0.148,0.1388,0.185,0.1943,0.222,0.2492,0.1515,0.0694,0.048,0.01,0.01,0.013,-0.0186,-0.0796,0.2268,0.2885,0.4721,0.6525,0.0046,-0.5398,-0.6817,-0.9337,-0.9337,-0.9138
DSM,DSM.AX,DESERT MINERALS LTD,Unknown,Gold | Lithium,2025-10-21,ok,True,False,0,2025-10-21,2026-09-03,221,4,False,1.0,0,0.0,977684.0,20584814.0,0.241,0.215,0.23,0.245,0.24,,,,,,,,0.7,-0.1079,-0.0456,0.0166,-0.0041,,,,,,,,1.9046
DTM,DTM.AX,DART MINING NL,Explorer,Gold | Silver | Lithium | Antimony,2007-05-10,ok,True,False,0,2007-05-10,2026-09-02,4888,11,True,0.0039,3,0.0,1621.0,2673785.0,37.8296,35.7065,37.6366,43.1939,40.9205,34.1005,11.5942,18.6416,25.1951,5.7261,1.3743,0.9498,0.01,-0.0561,-0.0051,0.1418,0.0817,-0.0986,-0.6935,-0.5072,-0.334,-0.8486,-0.9637,-0.9749,-0.9997
DTR,DTR.AX,DATELINE RESOURCES LIMITED,Explorer,Gold,2011-06-23,ok,True,False,0,2011-06-23,2026-09-03,3847,11,True,0.04,1,0.0,6563.0,401433538.0,2.427,2.305,2.305,1.966,1.6271,1.4915,1.1254,0.1627,0.1356,0.3273,0.091,0.175,0.088,-0.0503,-0.0503,-0.1899,-0.3296,-0.3855,-0.5363,-0.933,-0.9441,-0.8651,-0.9625,-0.9279,-0.9637
DUN,DUN.AX,DUNDAS MINERALS LIMITED,Explorer,Gold,2021-11-10,ok,True,False,0,2021-11-10,2026-09-03,1217,7,False,1.0,0,0.0,1302262.0,10576133.0,0.234,0.23,0.2,0.17,0.155,0.475,0.057,0.034,,,,,0.05,-0.0171,-0.1453,-0.2735,-0.3376,1.0299,-0.7564,-0.8547,,,,,-0.7863
DVP,DVP.AX,DEVELOP GLOBAL LIMITED,Producer,Gold | Silver | Copper | Lead | Zinc | Lithium,2007-04-27,ok,True,False,0,2007-04-27,2026-09-03,4898,11,True,0.0164,4,0.0,11379.0,1732423744.0,9.4767,9.4382,9.8234,9.8234,8.4751,3.1204,1.0792,5.2604,3.4307,0.4055,0.5122,3.2419,5.36,-0.0041,0.0366,0.0366,-0.1057,-0.6707,-0.8861,-0.4449,-0.638,-0.9572,-0.946,-0.6579,-0.4344
DYM,DYM.AX,DYNAMIC METALS LIMITED,Explorer,Gold | Copper | Nickel | Platinum Pgm | Lithium,2023-01-16,ok,True,False,0,2023-01-16,2026-09-03,921,7,False,1.0,0,0.0,405817.0,25451314.0,0.19,0.19,0.175,0.175,0.3,0.175,0.29,0.5825,,,,,0.52,0.0,-0.0789,-0.0789,0.5789,-0.0789,0.5263,2.0658,,,,,1.7368
E25,E25.AX,ELEMENT 25 LIMITED,Producer,Iron | Lithium | Manganese,2006-11-09,ok,True,False,0,2006-11-09,2026-09-03,5012,11,False,1.0,0,0.0,265122.0,92896653.0,0.184,0.175,0.165,0.175,0.275,0.3,0.05,0.24,0.7,0.082,0.135,1.33,0.265,-0.0489,-0.1033,-0.0489,0.4946,0.6304,-0.7283,0.3043,2.8043,-0.5543,-0.2663,6.2283,0.4402
E79,E79.AX,E79 GOLD MINES LIMITED,Explorer,Gold | Copper,2021-10-07,ok,True,False,0,2021-10-07,2026-09-02,1240,7,False,1.0,0,0.0,561562.0,8838892.0,0.2425,0.24,0.235,0.245,0.195,0.11,0.067,0.028,,,,,0.025,-0.0103,-0.0309,0.0103,-0.1959,-0.5464,-0.7237,-0.8845,,,,,-0.8969
EE1,EE1.AX,EARTHS ENERGY LIMITED,Explorer,,2011-09-16,ok,True,False,0,2011-09-16,2026-09-02,3786,10,True,0.75,1,0.0,77607.0,,0.2798,0.2554,0.2372,0.2372,0.2372,0.1581,0.187,0.1551,0.2554,0.073,0.035,,0.005,-0.0872,-0.1523,-0.1523,-0.1523,-0.435,-0.3317,-0.4457,-0.0872,-0.7391,-0.8749,,-0.9821
EFE,EFE.AX,EASTERN RESOURCES LIMITED,Explorer,Copper | Iron | Lithium | Niobium Tantalum,2008-05-16,ok,True,False,0,2008-05-16,2026-09-02,4630,11,True,0.1,1,0.0,39114.0,4019464.0,2.7247,2.7067,4.9622,2.7067,0.9022,0.7128,1.1278,1.5789,0.56,0.14,0.0747,0.12,0.031,-0.0066,0.8212,-0.0066,-0.6689,-0.7384,-0.5861,-0.4205,-0.7945,-0.9486,-0.9726,-0.956,-0.9886
EFR,EFR.AX,EVERFLOW RESOURCES LTD,Explorer,Gold,2007-07-31,no price near listing,False,False,-1805,2012-07-09,2026-09-02,3585,4,False,1.0,0,0.7645,,2368030.0,,,,,,,,,0.017,0.019,0.01,0.02,0.006,,,,,,,,,,,,
EG1,EG1.AX,EVERGOLD MINERALS LIMITED,Explorer,Gold | Rare Earths | Lithium,2023-04-11,ok,True,False,0,2023-04-11,2026-09-02,862,7,False,1.0,0,0.0,4128894.0,13105361.0,0.43,0.46,0.415,0.34,0.26,0.091,0.06,0.027,,,,,0.03,0.0698,-0.0349,-0.2093,-0.3953,-0.7884,-0.8605,-0.9372,,,,,-0.9302
EGR,EGR.AX,ECOGRAF LIMITED,Explorer,Lithium | Graphite,2010-10-29,ok,True,False,0,2010-10-29,2026-09-03,4007,11,False,1.0,0,0.0,445374.0,122311072.0,0.2042,0.2026,0.1783,0.235,0.1904,0.081,0.15,0.085,0.215,0.155,0.175,0.63,0.245,-0.0078,-0.1268,0.1508,-0.0676,-0.6033,-0.2654,-0.5837,0.0529,-0.2409,-0.143,2.0852,0.1998
ELK,ELK.AX,ELK RANGE MINING LIMITED,Unknown,Gold,2026-08-10,ok,True,False,0,2026-08-10,2026-09-03,19,1,False,1.0,0,0.0,1763985.0,23959852.0,0.19,0.19,,,,,,,,,,,0.18,0.0,,,,,,,,,,,-0.0526
ELT,ELT.AX,ELEMENTOS LIMITED,Explorer,Copper | Tungsten | Tin,2009-12-23,ok,True,True,750,2007-12-04,2026-09-03,4742,11,True,0.04,1,0.0,7519.0,162173359.0,5.085,4.7932,4.689,4.5848,3.3344,7.5025,2.5518,0.6435,0.14,0.1633,0.05,0.072,0.37,-0.0574,-0.0779,-0.0984,-0.3443,0.4754,-0.4982,-0.8735,-0.9725,-0.9679,-0.9902,-0.9858,-0.9272
ELV,ELV.AX,ELEVRA LITHIUM LIMITED,Producer,Gold | Lithium | Graphite,2004-03-30,ok,True,False,1,2004-03-29,2026-09-03,5681,11,True,0.0016,2,0.0,3359.0,1759725383.0,132.5656,143.8696,172.1297,123.3168,143.8696,154.146,128.455,172.1297,23.1219,23.1219,0.478,2.1333,8.26,0.0853,0.2984,-0.0698,0.0853,0.1628,-0.031,0.2984,-0.8256,-0.8256,-0.9964,-0.9839,-0.9377
EM2,EM2.AX,EAGLE MOUNTAIN MINING LIMITED,Explorer,Gold | Silver | Copper,2018-03-16,ok,True,False,0,2018-03-16,2026-09-02,2143,9,False,1.0,0,0.0,684302.0,9232558.0,0.302,0.2782,0.2881,0.3974,0.3477,0.154,0.0944,0.5117,0.1888,0.007,,,0.006,-0.0788,-0.046,0.3159,0.1513,-0.4901,-0.6874,0.6944,-0.3748,-0.9768,,,-0.9801
EM3,EM3.AX,EMC GOLD CORPORATION,Explorer,Gold,2018-08-29,ok,True,False,0,2018-08-29,2026-09-03,2030,9,False,1.0,0,0.0,790733.0,57167144.0,0.213,0.2,0.145,0.13,0.11,0.067,0.13,0.066,0.031,0.085,,,0.145,-0.061,-0.3192,-0.3897,-0.4836,-0.6854,-0.3897,-0.6901,-0.8545,-0.6009,,,-0.3192
EMA,EMA.AX,EMINENCE MINERALS LIMITED,Explorer,Iron | Rare Earths | Lithium,2021-10-13,ok,True,False,0,2021-10-13,2026-09-02,1236,7,False,1.0,0,0.0,979988.0,8251796.0,0.253,0.23,0.215,0.205,0.205,0.14,0.17,0.215,,,,,0.04,-0.0909,-0.1502,-0.1897,-0.1897,-0.4466,-0.3281,-0.1502,,,,,-0.8419
EMC,EMC.AX,EVEREST METALS CORPORATION LTD,Explorer,Gold | Silver | Copper | Rare Earths | Lithium | Uranium | Cobalt | Niobium Tantalum,2006-10-18,ok,True,False,0,2006-10-18,2026-09-03,5028,11,True,0.02,1,0.0,59370.0,28319237.0,8.2236,8.0915,11.8895,13.8711,12.2198,6.4401,1.6513,8.1816,5.425,1.4,0.28,0.21,0.12,-0.0161,0.4458,0.6867,0.4859,-0.2169,-0.7992,-0.0051,-0.3403,-0.8298,-0.966,-0.9745,-0.9854
EMH,EMH.AX,EUROPEAN METALS HOLDINGS LIMITED,Explorer,Lithium,2012-07-19,no price near listing,False,False,-4325,2024-05-22,2026-09-03,581,0,False,1.0,0,0.0,,65400144.0,,,,,,,,,,,,,0.235,,,,,,,,,,,,
EMN,EMN.AX,EURO MANGANESE INC,Producer,Lithium | Manganese,2018-10-02,ok,True,False,0,2018-10-02,2026-09-03,2006,9,True,0.2,1,0.0,65513.0,15010223.0,1.44,1.25,0.9,1.15,1.25,0.85,1.1,2.475,0.7,0.16,,,0.098,-0.1319,-0.375,-0.2014,-0.1319,-0.4097,-0.2361,0.7188,-0.5139,-0.8889,,,-0.9319
EMR,EMR.AX,EMERALD RESOURCES NL,Producer,Gold,1994-07-22,ok,True,False,-7,1994-07-29,2026-09-03,8056,11,True,0.0581,5,0.0,0.0,4790726853.0,0.3362,0.3362,0.3362,0.353,0.2857,0.2185,0.479,0.1419,0.3446,4.8814,0.8423,0.4395,7.0,0.0,0.0,0.05,-0.1502,-0.3501,0.4247,-0.5779,0.025,13.5193,1.5054,0.3073,19.8209
EMU,EMU.AX,EMU NL,Explorer,Gold | Silver | Copper | Nickel | Molybdenum | Platinum Pgm | Iron | Zinc | Rare Earths | Lithium | Uranium | Tungsten,2008-02-27,ok,True,False,0,2008-02-27,2026-09-02,4684,11,True,0.0153,2,0.0,17038.0,8515451.0,12.3712,12.8706,9.797,6.1472,3.6499,2.0362,4.9946,4.2262,1.4127,0.5298,1.9275,0.09,0.016,0.0404,-0.2081,-0.5031,-0.705,-0.8354,-0.5963,-0.6584,-0.8858,-0.9572,-0.8442,-0.9927,-0.9987
ENR,ENR.AX,ENCOUNTER RESOURCES LIMITED,Explorer,Gold | Copper | Rare Earths | Niobium Tantalum,2006-03-24,ok,True,False,1,2006-03-23,2026-09-03,5173,11,False,1.0,0,0.004,10902524.0,151226921.0,0.4882,0.5636,0.3533,0.2143,0.2858,0.4366,0.2778,0.0556,0.7065,0.2024,0.0635,0.1296,0.24,0.1544,-0.2763,-0.561,-0.4146,-0.1057,-0.431,-0.8861,0.4472,-0.5854,-0.8699,-0.7345,-0.5084
ENT,ENT.AX,ENTERPRISE METALS LIMITED,Explorer,Gold | Copper | Nickel | Iron | Zinc | Rare Earths | Lithium | Uranium | Mineral Sands,2007-06-20,ok,True,False,2,2007-06-18,2026-09-02,4862,11,False,1.0,0,0.0,566609.0,6669713.0,0.265,0.2731,0.3551,0.2914,0.2413,0.1821,0.2185,0.1587,0.1203,0.05,0.025,0.012,0.003,0.0306,0.34,0.0996,-0.0894,-0.3128,-0.1755,-0.4011,-0.546,-0.8113,-0.9057,-0.9547,-0.9887
ENV,ENV.AX,ENOVA MINING LIMITED,Explorer,Rare Earths | Niobium Tantalum,2007-04-13,ok,True,False,0,2007-04-13,2026-09-02,4906,11,True,0.2,1,0.0,1109267.0,5941827.0,2.99,2.65,2.3,1.725,1.3,0.55,0.3,0.775,0.35,0.055,0.04,0.022,0.003,-0.1137,-0.2308,-0.4231,-0.5652,-0.8161,-0.8997,-0.7408,-0.8829,-0.9816,-0.9866,-0.9926,-0.999
EQR,EQR.AX,EQ RESOURCES LIMITED,Producer,Gold | Tungsten,2006-06-06,ok,True,False,1,2006-06-05,2026-09-03,5124,11,False,1.0,1,0.0,447409.0,1934670089.0,0.1805,0.1744,0.1352,0.1177,0.2267,0.436,0.1744,0.061,0.0959,0.0528,0.0248,0.027,0.36,-0.0338,-0.251,-0.3479,0.256,1.4155,-0.0338,-0.662,-0.4687,-0.7075,-0.8626,-0.8504,0.9945
EQX,EQX.AX,EQUATORIAL RESOURCES LIMITED,Explorer,Iron,1987-05-14,no price near listing,False,False,-260,1988-01-29,2026-09-02,9750,7,True,0.001,2,0.0,,19716803.0,,,,,,39.375,28.125,45.0,42.1875,33.75,17.4375,1.9375,0.15,,,,,,,,,,,,
ERE,ERE.AX,EUROPEAN RESOURCES LIMITED,Explorer,Gold | Silver | Copper | Nickel | Lead | Zinc | Rare Earths | Cobalt | Vanadium,2020-12-04,ok,True,False,0,2020-12-04,2026-09-03,1453,8,False,1.0,0,0.0,1120510.0,8398978.0,0.2109,0.2127,0.185,0.1295,0.1619,0.0684,0.0324,0.033,0.014,,,,0.017,0.0085,-0.1228,-0.386,-0.2323,-0.6757,-0.8464,-0.8435,-0.9336,,,,-0.9194
ERL,ERL.AX,EMPIRE RESOURCES LIMITED,Explorer,Gold | Silver | Copper | Nickel | Platinum Pgm | Lead | Zinc,2007-02-01,ok,True,False,0,2007-02-01,2026-09-03,4956,11,False,1.0,0,0.0,1031936.0,14609991.0,0.1836,0.1735,0.1826,0.2192,0.2603,0.1233,0.0274,0.0959,0.0411,0.0091,0.0256,0.012,0.007,-0.055,-0.0054,0.1939,0.4178,-0.3284,-0.8508,-0.4777,-0.7761,-0.9504,-0.8606,-0.9346,-0.9619
ESR,ESR.AX,ESTRELLA RESOURCES LIMITED,Explorer,Nickel | Manganese,2012-05-09,ok,True,False,-5,2012-05-14,2026-09-03,3625,10,True,0.25,1,0.0,16654.0,80371331.0,0.55,0.5357,0.5357,0.5893,0.2071,0.5714,0.3929,0.0179,0.024,0.012,0.019,,0.033,-0.026,-0.026,0.0715,-0.6235,0.0389,-0.2856,-0.9675,-0.9564,-0.9782,-0.9655,,-0.94
ETM,ETM.AX,ENERGY TRANSITION MINERALS LTD,Explorer,Rare Earths | Lithium | Tin | Niobium Tantalum,2006-06-20,ok,True,False,1,2006-06-19,2026-09-03,5115,11,False,1.0,0,0.0,111308.0,106200027.0,0.2646,0.2471,0.4264,0.2229,0.2229,1.8124,0.7172,0.3974,0.4943,0.2568,0.032,0.105,0.05,-0.0661,0.6115,-0.1576,-0.1576,5.8496,1.7105,0.5019,0.8681,-0.0295,-0.8791,-0.6032,-0.811
EUR,EUR.AX,EUROPEAN LITHIUM LIMITED,Explorer,Lithium,2010-12-02,ok,True,False,0,2010-12-02,2026-09-03,3983,11,True,0.02,1,0.0,18700.0,578352253.0,4.5045,4.2962,4.9471,5.2075,5.0773,1.7358,0.2893,0.0868,0.045,0.18,0.049,0.175,0.36,-0.0462,0.0983,0.1561,0.1272,-0.6147,-0.9358,-0.9807,-0.99,-0.96,-0.9891,-0.9611,-0.9201
EV1,EV1.AX,EVOLUTION ENERGY MINERALS LIMITED,Explorer,Graphite,2021-11-16,ok,True,False,0,2021-11-16,2026-09-02,1212,7,False,1.0,0,0.0,3628226.0,7350553.0,0.548,0.48,0.425,0.485,0.46,0.265,0.13,0.035,,,,,0.012,-0.1241,-0.2245,-0.115,-0.1606,-0.5164,-0.7628,-0.9361,,,,,-0.9781
EV8,EV8.AX,EVERLAST MINERALS LTD.,Unknown,Iron | Mineral Sands,2025-09-23,ok,True,False,0,2025-09-23,2026-09-02,240,4,False,1.0,0,0.0,906906.0,52526002.0,0.436,0.375,0.32,0.37,0.435,,,,,,,,0.38,-0.1399,-0.2661,-0.1514,-0.0023,,,,,,,,-0.1284
EVG,EVG.AX,EVION GROUP NL,Explorer,Graphite,2018-01-19,ok,True,False,0,2018-01-19,2026-09-03,2183,9,False,1.0,0,0.0,817750.0,19275063.0,0.211,0.24,0.195,0.15,0.092,0.075,0.051,0.045,0.068,0.026,,,0.021,0.1374,-0.0758,-0.2891,-0.564,-0.6445,-0.7583,-0.7867,-0.6777,-0.8768,,,-0.9005
EVN,EVN.AX,EVOLUTION MINING LIMITED,Producer,Gold | Silver | Copper,2002-08-20,ok,True,False,0,2002-08-20,2026-09-03,6100,11,True,0.0985,2,1.146,4721.0,32424156227.0,0.8491,0.9005,1.1149,0.9648,1.2864,2.1441,1.072,0.4559,0.3646,0.8036,1.1494,1.831,14.94,0.0605,0.313,0.1363,0.515,1.5251,0.2625,-0.4631,-0.5706,-0.0536,0.3537,1.1564,16.5951
EVR,EVR.AX,EV RESOURCES LTD,Explorer,Gold | Silver | Copper | Molybdenum | Lithium | Antimony,1994-12-07,no price near listing,False,False,-23,1994-12-30,2026-09-03,7838,9,True,0.0025,2,0.0,,15200016.0,,,132.006,132.006,109.3764,56.574,37.716,37.716,,26.7784,2.6401,2.7,0.004,,,,,,,,,,,,
FAL,FAL.AX,FALCON METALS LTD,Explorer,Gold | Rare Earths | Mineral Sands,2021-12-22,ok,True,False,-7,2021-12-29,2026-09-03,1184,7,False,1.0,0,0.0,5060824.0,145377225.0,0.619,0.435,0.56,0.38,0.225,0.265,0.135,0.12,,,,,0.59,-0.2973,-0.0953,-0.3861,-0.6365,-0.5719,-0.7819,-0.8061,,,,,-0.0468
FAU,FAU.AX,FIRST AU LIMITED,Explorer,Gold,1970-01-01,no price near listing,False,False,-6602,1988-01-29,2026-09-03,9881,0,False,4.4,2,0.0075,,37634802.0,,,,,,,,,,,,,0.009,,,,,,,,,,,,
FEG,FEG.AX,FAR EAST GOLD LTD,Explorer,Gold | Copper,2022-03-28,ok,True,False,0,2022-03-28,2026-09-03,1123,7,False,1.0,0,0.0,967491.0,56298706.0,0.282,0.24,0.38,0.31,0.605,0.295,0.14,0.14,,,,,0.13,-0.1489,0.3475,0.0993,1.1454,0.0461,-0.5035,-0.5035,,,,,-0.539
FEX,FEX.AX,FENIX RESOURCES LTD,Producer,Iron,2008-08-04,ok,True,False,0,2008-08-04,2026-09-03,4576,11,True,0.2,1,0.145,142555.0,204231480.0,0.3017,0.3176,0.3017,0.1622,0.1854,0.9616,0.869,0.1993,0.0364,0.0516,0.0273,0.2595,0.265,0.0527,0.0,-0.4624,-0.3855,2.1873,1.8803,-0.3394,-0.8794,-0.829,-0.9095,-0.1399,-0.1216
FFM,FFM.AX,FIREFLY METALS LTD,Explorer,Gold | Copper | Vanadium,2005-09-21,ok,True,False,1,2005-09-20,2026-09-03,5301,11,True,0.0672,2,0.004,186487.0,1460693396.0,4.4177,3.9927,2.3828,2.4471,3.0912,3.7351,7.4701,1.6099,0.7123,0.6048,0.121,2.25,1.782,-0.0962,-0.4606,-0.4461,-0.3003,-0.1545,0.6909,-0.6356,-0.8388,-0.8631,-0.9726,-0.4907,-0.5966
FG1,FG1.AX,FLYNN GOLD LIMITED,Explorer,Gold,2021-06-17,ok,True,False,0,2021-06-17,2026-09-03,1321,8,False,1.0,0,0.0,1161631.0,12173106.0,0.1444,0.153,0.1578,0.1387,0.1674,0.1243,0.07,0.025,0.021,,,,0.02,0.0596,0.0928,-0.0395,0.1593,-0.1392,-0.5152,-0.8269,-0.8546,,,,-0.8615
FHS,FHS.AX,FREEHILL MINING LIMITED.,Explorer,Gold | Copper | Iron,2017-01-16,ok,True,True,5396,2002-04-09,2026-09-03,6195,9,False,1.0,0,0.0,24761.0,4066520.0,0.1285,0.1267,0.1539,0.1177,0.0996,0.0688,0.0163,0.0125,0.0249,0.011,,,0.001,-0.014,0.1977,-0.084,-0.2249,-0.4646,-0.8732,-0.9027,-0.8062,-0.9144,,,-0.9922
FIN,FIN.AX,FIN RESOURCES LIMITED,Explorer,Copper | Nickel | Platinum Pgm | Lithium | Cobalt | Graphite,1989-11-02,ok,True,True,643,1988-01-29,2026-09-03,9897,11,True,0.0,12,0.0,0.0,6776518.0,7338.0645,7338.0645,5241.4746,5241.4746,7862.2119,30924.7012,31448.8477,15724.4238,33545.4375,4440.9009,111.2965,0.1867,0.005,0.0,-0.2857,-0.2857,0.0714,3.2143,3.2857,1.1429,3.5714,-0.3948,-0.9848,-1.0,-1.0
FL1,FL1.AX,FIRST LITHIUM LIMITED,Explorer,Lithium,2000-02-21,ok,True,False,0,2000-02-21,2026-09-02,6750,11,True,0.0,5,0.0,31.0,,19908.1166,18376.7227,11995.916,10209.29,14548.2393,6636.0386,3509.4436,1339.9694,1435.6801,909.264,179.2,60.8,0.14,-0.0769,-0.3974,-0.4872,-0.2692,-0.6667,-0.8237,-0.9327,-0.9279,-0.9543,-0.991,-0.9969,-1.0
FLG,FLG.AX,FLAGSHIP MINERALS LIMITED,Explorer,Gold | Copper | Lithium,2020-10-08,ok,True,False,0,2020-10-08,2026-09-02,1493,8,False,1.0,0,0.0,204460.0,72432086.0,0.187,0.18,0.145,0.14,0.16,0.42,0.37,0.215,0.17,,,,0.205,-0.0374,-0.2246,-0.2513,-0.1444,1.246,0.9786,0.1497,-0.0909,,,,0.0963
FMG,FMG.AX,FORTESCUE LTD,Producer,Copper | Iron | Rare Earths | Lithium,1987-03-19,no price near listing,False,False,-316,1988-01-29,2026-09-03,9751,7,False,2.7939,4,15.78,,54528468698.0,,,,,,0.0391,0.0056,0.0034,0.0017,0.0084,0.0043,0.0033,17.075,,,,,,,,,,,,
FML,FML.AX,FOCUS MINERALS LTD,Producer,Gold,2000-09-13,ok,True,False,1,2000-09-12,2026-09-03,6605,11,True,0.02,1,0.0,7389.0,604638741.0,8.1,7.5,6.5,6.75,5.0,4.35,4.8,7.75,2.1,4.05,2.5,0.312,2.04,-0.0741,-0.1975,-0.1667,-0.3827,-0.463,-0.4074,-0.0432,-0.7407,-0.5,-0.6914,-0.9615,-0.7481
FMN,FMN.AX,FAMIEN RESOURCES LIMITED,Explorer,Gold | Copper | Nickel,2013-10-08,ok,True,True,3359,2004-07-28,2026-09-03,5594,10,True,0.2,1,0.0,14385.0,54092519.0,0.1482,0.104,0.0873,0.0957,0.0458,0.0458,0.0333,0.0384,0.064,0.29,0.095,,0.17,-0.2982,-0.4109,-0.3543,-0.691,-0.691,-0.7753,-0.7409,-0.5682,0.9568,-0.359,,0.1471
FMR,FMR.AX,FMR RESOURCES LIMITED,Explorer,Copper | Rare Earths,2010-11-30,ok,True,False,0,2010-11-30,2026-09-02,3984,11,True,0.002,2,0.0,21773.0,28167573.0,2.2877,2.2139,2.3721,2.1085,1.8977,1.845,0.9488,0.2109,0.5005,0.2622,0.1492,0.24,0.4,-0.0323,0.0369,-0.0783,-0.1705,-0.1935,-0.5853,-0.9078,-0.7812,-0.8854,-0.9348,-0.8951,-0.8252
FNR,FNR.AX,FAR NORTHERN RESOURCES LIMITED,Explorer,Gold | Copper,2024-04-12,ok,True,False,0,2024-04-12,2026-09-02,607,6,False,1.0,0,0.0,100648.0,10004559.0,0.1705,0.1525,0.165,0.19,0.145,0.15,0.17,,,,,,0.14,-0.1056,-0.0323,0.1144,-0.1496,-0.1202,-0.0029,,,,,,-0.1789
FRB,FRB.AX,FIREBIRD METALS LIMITED,Explorer,Manganese,2021-03-18,ok,True,False,0,2021-03-18,2026-09-03,1383,8,False,1.0,0,0.0,4438197.0,31001438.0,0.599,0.76,0.61,0.63,0.575,0.32,0.13,0.115,0.215,,,,0.17,0.2688,0.0184,0.0518,-0.0401,-0.4658,-0.783,-0.808,-0.6411,,,,-0.7162
FRS,FRS.AX,FORRESTANIA RESOURCES LIMITED,Explorer,Gold | Copper | Lithium,2021-09-30,ok,True,False,0,2021-09-30,2026-09-03,1246,7,False,1.0,0,0.0,3291165.0,676335552.0,0.308,0.315,0.38,0.28,0.35,0.185,0.046,0.015,,,,,0.365,0.0227,0.2338,-0.0909,0.1364,-0.3994,-0.8506,-0.9513,,,,,0.1851
FUL,FUL.AX,FULCRUM LITHIUM LTD,Unknown,Lithium,2024-11-22,ok,True,False,0,2024-11-22,2026-09-02,449,5,False,1.0,0,0.0,116386.0,11130300.0,0.178,0.18,0.16,0.15,0.055,0.077,,,,,,,0.08,0.0112,-0.1011,-0.1573,-0.691,-0.5674,,,,,,,-0.5506
FUN,FUN.AX,FORTUNA METALS LTD,Explorer,Gold | Rare Earths | Graphite | Mineral Sands,2003-04-09,ok,True,False,1,2003-04-08,2026-09-03,5935,11,True,0.0016,3,0.0,83.0,41327803.0,65.9395,59.8528,50.7227,44.3824,65.5168,76.0841,46.8769,91.4718,63.2383,34.664,12.1792,0.378,0.097,-0.0923,-0.2308,-0.3269,-0.0064,0.1538,-0.2891,0.3872,-0.041,-0.4743,-0.8153,-0.9943,-0.9985
FXG,FXG.AX,FELIX GOLD LIMITED,Explorer,Gold | Antimony,2022-01-31,ok,True,False,0,2022-01-31,2026-09-03,1163,7,False,1.0,0,0.0,643388.0,121341593.0,0.174,0.17,0.185,0.145,0.15,0.085,0.04,0.12,,,,,0.255,-0.023,0.0632,-0.1667,-0.1379,-0.5115,-0.7701,-0.3103,,,,,0.4655
G11,G11.AX,G11 RESOURCES LIMITED,Explorer,Gold | Copper | Nickel,2010-08-05,no price near listing,False,False,-81,2010-10-25,2026-09-03,4011,9,True,0.1,1,0.0,,28996471.0,,,,2.0,2.05,1.6,0.8,0.16,0.31,0.53,0.41,0.15,0.22,,,,,,,,,,,,
G50,G50.AX,G50 CORP LIMITED,Explorer,Gold | Silver,2021-08-06,ok,True,False,0,2021-08-06,2026-09-03,1285,8,False,1.0,0,0.0,782161.0,140806910.0,0.243,0.27,0.27,0.245,0.215,0.15,0.155,0.145,0.485,,,,0.492,0.1111,0.1111,0.0082,-0.1152,-0.3827,-0.3621,-0.4033,0.9959,,,,1.0247
G6M,G6M.AX,GROUP 6 METALS LIMITED,Producer,Tungsten,1967-09-21,no price near listing,False,False,-7435,1988-01-29,2026-09-03,9751,0,True,0.0039,2,0.0,,792487302.0,,,,,,,,,,,,,3.49,,,,,,,,,,,,
G88,G88.AX,GOLDEN MILE RESOURCES LTD,Explorer,Gold | Silver | Copper | Nickel | Molybdenum | Lead | Zinc | Lithium | Cobalt,2017-06-19,ok,True,False,0,2017-06-19,2026-09-02,2333,9,False,1.0,0,0.0,259237.0,5968414.0,0.1753,0.1598,0.1694,0.1646,0.518,0.5132,0.0465,0.0378,0.0368,0.012,,,0.008,-0.0884,-0.0337,-0.061,1.9549,1.9276,-0.7347,-0.7844,-0.7901,-0.9315,,,-0.9544
GA8,GA8.AX,GOLDARC RESOURCES LIMITED,Explorer,Gold,1986-06-30,no price near listing,False,False,-578,1988-01-29,2026-09-03,9895,6,True,0.0002,7,0.0,,44903036.0,,,,,,,39.9845,29.9884,59.4,41.1231,15.0785,100.5522,0.055,,,,,,,,,,,,
GAL,GAL.AX,GALILEO MINING LTD,Explorer,Copper | Nickel | Platinum Pgm | Lithium | Cobalt,2018-05-29,ok,True,False,0,2018-05-29,2026-09-03,2095,9,False,1.0,0,0.0,4031586.0,25691241.0,0.332,0.365,0.365,0.275,0.165,0.165,0.23,0.315,0.67,0.12,,,0.115,0.0994,0.0994,-0.1717,-0.503,-0.503,-0.3072,-0.0512,1.0181,-0.6386,,,-0.6536
GBE,GBE.AX,GLOBE METALS & MINING LIMITED,Explorer,Uranium | Niobium Tantalum,2005-12-09,ok,True,False,1,2005-12-08,2026-09-02,5243,11,False,1.0,0,0.0,328012.0,61504845.0,0.2269,0.2071,0.2165,0.6495,0.4707,0.8001,0.4283,0.1082,0.2542,0.0697,0.0216,0.0273,0.064,-0.0873,-0.0458,1.8625,1.0745,2.5262,0.8876,-0.5231,0.1203,-0.6928,-0.9048,-0.8797,-0.7179
GBM,GBM.AX,GBM RESOURCES LIMITED.,Explorer,Gold | Silver | Copper,2007-10-24,ok,True,False,0,2007-10-24,2026-09-03,4771,11,True,0.1,1,0.0,39859.0,112893193.0,1.2362,1.1789,1.1789,1.0196,0.9558,0.5098,2.1725,0.5214,0.4084,0.1738,0.0928,0.041,0.023,-0.0464,-0.0464,-0.1752,-0.2268,-0.5876,0.7574,-0.5782,-0.6696,-0.8594,-0.9249,-0.9668,-0.9814
GBR,GBR.AX,GREAT BOULDER RESOURCES LIMITED,Explorer,Gold | Lead | Zinc,2016-11-18,ok,True,False,0,2016-11-18,2026-09-03,2477,9,False,1.0,0,0.0,444542.0,197113186.0,0.1608,0.1599,0.1155,0.151,0.1599,0.3776,0.1288,0.0493,0.1292,0.059,,,0.093,-0.0056,-0.2817,-0.0609,-0.0056,1.3483,-0.199,-0.6934,-0.1965,-0.6331,,,-0.4216
GCM,GCM.AX,GCM CORPORATION LIMITED,Explorer,Copper | Nickel | Rare Earths | Tungsten | Graphite,2007-11-15,ok,True,False,0,2007-11-15,2026-09-03,4755,11,True,0.0667,1,0.0,17090.0,22215138.0,3.3782,3.3782,3.3157,1.8768,4.6295,3.7536,4.8797,2.9403,1.1386,0.9634,0.4699,0.195,0.1,0.0,-0.0185,-0.4444,0.3704,0.1111,0.4445,-0.1296,-0.663,-0.7148,-0.8609,-0.9423,-0.9704
GCR,GCR.AX,GOLDEN CROSS RESOURCES LTD,Explorer,Gold | Silver | Copper | Molybdenum | Iron | Lead | Zinc | Rare Earths | Uranium | Phosphate,1996-03-27,ok,True,False,-2,1996-03-29,2026-09-02,7765,11,True,0.5,3,0.0,0.0,,0.7958,0.7958,0.7958,0.7467,0.5502,0.7074,0.2947,0.1395,0.1709,0.0982,0.169,0.04,0.002,0.0,0.0,-0.0617,-0.3086,-0.1111,-0.6297,-0.8247,-0.7852,-0.8766,-0.7876,-0.9497,-0.9975
GDM,GDM.AX,GREAT DIVIDE MINING LTD,Explorer,Gold | Copper | Rare Earths | Lithium | Antimony,2023-08-25,ok,True,False,0,2023-08-25,2026-09-03,767,7,False,1.0,0,0.0,566721.0,22766260.0,0.284,0.3,0.3,0.265,0.3,0.24,0.34,0.335,,,,,0.35,0.0563,0.0563,-0.0669,0.0563,-0.1549,0.1972,0.1796,,,,,0.2324
GDR,GDR.AX,GOLDEN DRAGON MINING LTD,Unknown,Gold | Copper | Nickel | Platinum Pgm,2025-10-29,ok,True,False,0,2025-10-29,2026-09-02,214,4,False,1.0,0,0.0,733228.0,10505667.0,0.214,0.19,0.2,0.215,0.16,,,,,,,,0.195,-0.1121,-0.0654,0.0047,-0.2523,,,,,,,,-0.0888
GED,GED.AX,GOLDEN DEEPS LIMITED.,Explorer,Gold | Silver | Copper | Lead | Zinc | Cobalt | Vanadium,1986-12-04,no price near listing,False,False,-421,1988-01-29,2026-09-03,9892,6,True,0.1632,6,0.0,,11628363.0,,,,,,,0.239,0.0919,0.0306,0.0625,0.0312,0.6,0.063,,,,,,,,,,,,
GEN,GEN.AX,GENMIN LIMITED,Explorer,Iron,2021-03-10,ok,True,False,0,2021-03-10,2026-09-03,1389,8,False,1.0,0,0.0,4626791.0,27676289.0,0.292,0.29,0.245,0.215,0.2,0.2,0.19,0.16,0.007,,,,0.007,-0.0068,-0.161,-0.2637,-0.3151,-0.3151,-0.3493,-0.4521,-0.976,,,,-0.976
GES,GES.AX,GENESIS RESOURCES LIMITED,Explorer,Gold | Silver | Copper | Iron | Manganese,2009-10-27,ok,True,False,0,2009-10-27,2026-09-03,4262,11,False,1.0,0,0.0,363917.0,10959778.0,0.1511,0.1493,0.1586,0.1446,0.1493,0.1353,0.0466,0.084,0.056,0.0295,0.003,0.006,0.013,-0.0119,0.0496,-0.043,-0.0119,-0.1046,-0.6916,-0.4441,-0.6294,-0.8048,-0.9801,-0.9603,-0.914
GG1,GG1.AX,GREEN & GOLD MINERALS LIMITED,Explorer,Gold | Silver,2025-10-08,ok,True,False,0,2025-10-08,2026-09-03,230,4,False,1.0,0,0.0,428744.0,9257144.0,0.298,0.255,0.24,0.2,0.125,,,,,,,,0.14,-0.1443,-0.1946,-0.3289,-0.5805,,,,,,,,-0.5302
GG8,GG8.AX,GORILLA GOLD MINES LTD,Explorer,Gold | Copper | Nickel | Rare Earths | Lithium | Tungsten,1971-07-28,no price near listing,False,False,-6029,1988-01-29,2026-09-03,8779,0,True,0.0001,3,0.0,,256428573.0,,,,,,,,,,,,,0.33,,,,,,,,,,,,
GGP,GGP.AX,GREATLAND RESOURCES LIMITED,Explorer,Gold | Copper,2025-06-24,ok,True,False,0,2025-06-24,2026-09-03,306,5,False,1.0,0,0.0,3214759.0,9182222783.0,7.19,7.0,7.0,7.13,10.82,12.87,,,,,,,11.28,-0.0264,-0.0264,-0.0083,0.5049,0.79,,,,,,,0.5688
GGR,GGR.AX,GOLDEN GLOBE RESOURCES LTD.,Explorer,Gold | Copper,2025-10-31,ok,True,False,0,2025-10-31,2026-09-02,212,4,False,1.0,0,0.0,714541.0,21003632.0,0.155,0.16,0.15,0.3,0.29,,,,,,,,0.15,0.0323,-0.0323,0.9355,0.871,,,,,,,,-0.0323
GHM,GHM.AX,GOLDEN HORSE MINERALS LIMITED,Producer,Gold | Nickel | Lithium,2024-12-16,ok,True,False,0,2024-12-16,2026-09-03,434,5,False,1.0,0,0.0,721879.0,150245715.0,0.24,0.24,0.225,0.28,0.425,0.755,,,,,,,0.52,0.0,-0.0625,0.1667,0.7708,2.1458,,,,,,,1.1667
GIB,GIB.AX,GIBB RIVER DIAMONDS LIMITED,Explorer,Gold | Diamond | Lead | Zinc | Uranium | Phosphate,2008-07-01,ok,True,False,0,2008-07-01,2026-09-02,4599,11,False,1.0,0,0.0009,1967418.0,7507831.0,0.5571,0.5529,0.5278,0.3854,0.3477,0.2429,0.1089,0.0922,0.0109,0.0178,0.081,0.036,0.033,-0.0075,-0.0526,-0.3082,-0.3759,-0.564,-0.8045,-0.8345,-0.9804,-0.968,-0.8546,-0.9354,-0.9408
GL1,GL1.AX,GLOBAL LITHIUM RESOURCES LIMITED,Explorer,Lithium,2021-05-06,ok,True,False,0,2021-05-06,2026-09-03,1350,8,False,1.0,0,0.0,2941372.0,198408810.0,0.31,0.295,0.265,0.26,0.74,1.84,1.58,0.365,0.58,,,,0.69,-0.0484,-0.1452,-0.1613,1.3871,4.9355,4.0968,0.1774,0.871,,,,1.2258
GLN,GLN.AX,GALAN LITHIUM LIMITED,Developer,Lithium,2011-06-08,ok,True,False,0,2011-06-08,2026-09-03,3857,11,False,1.0,0,0.0,228957.0,481663920.0,0.216,0.214,0.209,0.209,0.1394,0.1593,0.0607,0.0508,0.07,0.2,0.73,0.415,0.415,-0.0093,-0.0324,-0.0324,-0.3546,-0.2625,-0.719,-0.7648,-0.6759,-0.0741,2.3796,0.9213,0.9213
GMD,GMD.AX,GENESIS MINERALS LIMITED,Producer,Gold,2007-08-02,ok,True,False,0,2007-08-02,2026-09-03,4830,11,True,0.1,1,0.0,20087.0,10174597644.0,1.7599,1.7599,1.3199,1.4666,1.4666,2.5665,0.8799,0.5866,0.6987,0.177,0.1491,1.385,8.34,0.0,-0.25,-0.1667,-0.1667,0.4583,-0.5,-0.6667,-0.603,-0.8994,-0.9153,-0.213,3.7389
GML,GML.AX,GATEWAY MINING LIMITED,Explorer,Gold,1971-08-02,no price near listing,False,False,-6024,1988-01-29,2026-09-03,9895,0,True,0.2,2,0.0,,190470818.0,,,,,,,,,,,,,0.097,,,,,,,,,,,,
GMN,GMN.AX,GOLD MOUNTAIN LIMITED,Explorer,Gold | Copper | Molybdenum | Rare Earths | Lithium | Niobium Tantalum,2011-09-02,ok,True,False,0,2011-09-02,2026-09-03,3797,11,True,0.02,1,0.0,263.0,21319853.0,8.5656,8.4808,7.2087,4.6644,3.3923,1.5689,1.4841,1.3192,7.774,4.7115,1.05,0.07,0.066,-0.0099,-0.1584,-0.4554,-0.604,-0.8168,-0.8267,-0.846,-0.0924,-0.45,-0.8774,-0.9918,-0.9923
GNG,GNG.AX,GR ENGINEERING SERVICES LIMITED,Producer,,2011-04-19,ok,True,False,-1,2011-04-20,2026-09-03,3889,11,False,1.0,0,1.875,1334107.0,1074519589.0,0.6356,0.6171,0.6171,0.6867,0.633,0.4989,0.3079,0.2849,0.4506,0.7415,0.8684,4.0991,6.37,-0.0291,-0.0291,0.0804,-0.0041,-0.2151,-0.5156,-0.5518,-0.2911,0.1666,0.3663,5.4492,9.022
GNM,GNM.AX,GREAT NORTHERN MINERALS LIMITED,Explorer,Gold | Copper | Lithium,2008-03-05,ok,True,False,0,2008-03-05,2026-09-03,4680,11,True,0.0067,2,0.0,654.0,18272022.0,9.7,9.0,8.0,15.0,9.3,8.5,9.0,6.4,3.8,2.4,2.25,0.06,0.037,-0.0722,-0.1753,0.5464,-0.0412,-0.1237,-0.0722,-0.3402,-0.6082,-0.7526,-0.768,-0.9938,-0.9962
GPR,GPR.AX,GEOPACIFIC RESOURCES LTD,Developer,Gold,2006-05-09,ok,True,False,1,2006-05-08,2026-09-02,5143,11,True,0.012,3,0.0,3187.0,114567801.0,13.6567,13.9354,12.5419,11.8451,42.5031,30.658,5.2258,2.7871,4.1269,1.9809,0.847,0.3113,0.035,0.0204,-0.0816,-0.1327,2.1123,1.2449,-0.6173,-0.7959,-0.6978,-0.855,-0.938,-0.9772,-0.9974
GR8,GR8.AX,GREAT DIRT RESOURCES LTD,Explorer,Lithium | Manganese,2023-11-10,ok,True,False,0,2023-11-10,2026-09-02,711,6,False,1.0,0,0.0,153263.0,32073199.0,0.224,0.22,0.22,0.215,0.17,0.195,0.185,,,,,,0.72,-0.0179,-0.0179,-0.0402,-0.2411,-0.1295,-0.1741,,,,,,2.2143
GRE,GRE.AX,GREENTECH METALS LIMITED,Explorer,Gold | Copper | Nickel | Platinum Pgm | Zinc | Lithium | Cobalt,2022-01-04,ok,True,False,0,2022-01-04,2026-09-03,1181,7,False,1.0,0,0.0,1411612.0,22470177.0,0.278,0.285,0.31,0.25,0.265,0.14,0.435,0.071,,,,,0.057,0.0252,0.1151,-0.1007,-0.0468,-0.4964,0.5647,-0.7446,,,,,-0.795
GRR,GRR.AX,GRANGE RESOURCES LIMITED.,Producer,Iron,1986-03-27,no price near listing,False,False,-673,1988-01-29,2026-09-03,9897,6,True,0.4012,5,0.475,,150454031.0,,,,,,,0.1536,0.0601,0.0301,0.1069,0.0735,0.0235,0.132,,,,,,,,,,,,
GRS,GRS.AX,GWARDAR RESOURCES LIMITED,Unknown,Gold | Copper | Nickel,2026-07-31,ok,True,False,0,2026-07-31,2026-09-03,25,2,False,1.0,0,0.0,273712.0,16170049.0,0.55,0.55,0.49,,,,,,,,,,0.48,0.0,-0.1091,,,,,,,,,,-0.1273
GRX,GRX.AX,GREENX METALS LIMITED,Explorer,Gold | Copper | Antimony,1993-09-06,no price near listing,False,False,-24,1993-09-30,2026-09-03,8129,10,True,0.1266,3,0.8743,,324746765.0,,,52.5517,52.335,47.6622,48.5968,42.9894,38.8774,46.261,0.1063,0.1063,0.3669,1.03,,,,,,,,,,,,
GSM,GSM.AX,GOLDEN STATE MINING LIMITED,Explorer,Gold | Copper | Nickel | Rare Earths | Lithium,2018-11-08,ok,True,False,0,2018-11-08,2026-09-03,1979,9,False,1.0,0,0.0,78482.0,5789583.0,0.185,0.18,0.165,0.165,0.08,0.08,0.25,0.105,0.016,0.016,,,0.012,-0.027,-0.1081,-0.1081,-0.5676,-0.5676,0.3514,-0.4324,-0.9135,-0.9135,,,-0.9351
GSN,GSN.AX,GREAT SOUTHERN MINING LIMITED,Explorer,Gold | Silver | Copper | Nickel,2011-04-14,ok,True,False,0,2011-04-14,2026-09-03,3893,11,False,1.0,0,0.0,380182.0,33913014.0,0.1635,0.1833,0.1833,0.1539,0.135,0.1191,0.0596,0.031,0.02,0.03,0.057,0.027,0.025,0.1211,0.1211,-0.0587,-0.1743,-0.2716,-0.6355,-0.8104,-0.8777,-0.8165,-0.6514,-0.8349,-0.8471
GT1,GT1.AX,GREEN TECHNOLOGY METALS LIMITED,Explorer,,2021-11-10,ok,True,False,0,2021-11-10,2026-09-03,1217,7,False,1.0,0,0.0,8103351.0,22819520.0,0.404,0.39,0.35,0.845,0.855,1.06,0.41,0.07,,,,,0.017,-0.0347,-0.1337,1.0916,1.1163,1.6238,0.0149,-0.8267,,,,,-0.9579
GT3,GT3.AX,GREEN360 TECHNOLOGIES LIMITED,Producer,Silica,2011-05-17,ok,True,False,0,2011-05-17,2026-09-03,3873,11,True,0.1,1,0.0,22527.0,39715008.0,1.8834,1.8286,1.7829,1.6,1.4629,0.6217,0.2286,0.2286,0.59,0.26,0.165,0.04,0.03,-0.0291,-0.0534,-0.1505,-0.2233,-0.6699,-0.8786,-0.8786,-0.6867,-0.862,-0.9124,-0.9788,-0.9841
GTE,GTE.AX,GREAT WESTERN EXPLORATION LIMITED.,Explorer,Gold | Copper | Potash,2007-06-05,ok,True,False,0,2007-06-05,2026-09-03,4871,11,True,0.0208,2,0.0,101056.0,9331095.0,4.5741,5.2723,3.9899,2.3512,3.8665,1.0241,0.4807,3.0044,5.225,0.7392,0.3696,0.085,0.01,0.1526,-0.1277,-0.486,-0.1547,-0.7761,-0.8949,-0.3432,0.1423,-0.8384,-0.9192,-0.9814,-0.9978
GUL,GUL.AX,GULLEWA LIMITED,Royalty/Streamer,Gold,1980-06-19,no price near listing,False,False,-2780,1988-01-29,2026-09-03,9896,2,False,1.0194,5,0.014,,15706596.0,,,,,,,,,,,0.0425,0.1702,0.083,,,,,,,,,,,,
GW1,GW1.AX,GREENWING RESOURCES LTD,Explorer,Lithium | Graphite,2005-10-20,ok,True,False,1,2005-10-19,2026-09-03,5280,11,True,0.0206,2,0.0,7887.0,51187448.0,5.4213,5.1561,6.0017,5.972,6.7766,7.2186,14.0345,3.0777,8.4639,0.2006,0.4347,0.15,0.097,-0.0489,0.1071,0.1016,0.25,0.3315,1.5888,-0.4323,0.5612,-0.963,-0.9198,-0.9723,-0.9821
GWR,GWR.AX,GWR GROUP LIMITED,Explorer,Gold | Tungsten,2004-12-24,ok,True,False,1,2004-12-23,2026-09-03,5488,11,False,1.0,0,0.0,164225.0,48822623.0,0.2332,0.223,0.1904,0.2694,0.2369,0.5017,2.6291,2.1522,0.5895,0.2994,0.0565,0.0914,0.16,-0.0437,-0.1835,0.1552,0.0159,1.1514,10.274,8.229,1.5279,0.2839,-0.7577,-0.6081,-0.3139
HAR,HAR.AX,HARANGA RESOURCES LIMITED.,Explorer,Gold | Uranium,2022-01-27,ok,True,False,0,2022-01-27,2026-09-03,1165,7,False,1.0,0,0.0,910778.0,37149032.0,0.252,0.235,0.195,0.22,0.16,0.14,0.225,0.044,,,,,0.08,-0.0675,-0.2262,-0.127,-0.3651,-0.4444,-0.1071,-0.8254,,,,,-0.6825
HAS,HAS.AX,HASTINGS TECHNOLOGY METALS LTD,Developer,Rare Earths | Niobium Tantalum,2008-02-20,ok,True,False,0,2008-02-20,2026-09-03,4690,11,True,0.05,1,0.0,11564.0,70288234.0,6.82,6.2,5.2,3.7,2.2,2.8,3.9,8.0,1.68,1.5,6.2,3.08,0.28,-0.0909,-0.2375,-0.4575,-0.6774,-0.5894,-0.4282,0.173,-0.7537,-0.7801,-0.0909,-0.5484,-0.9589
HAV,HAV.AX,HAVILAH RESOURCES LIMITED,Explorer,Gold | Copper | Molybdenum | Iron | Rare Earths | Uranium | Tungsten | Cobalt,2002-03-21,ok,True,False,0,2002-03-21,2026-09-03,6208,11,False,1.0,0,0.0,1773696.0,265479305.0,0.1891,0.1614,0.1614,0.1706,0.0667,0.0667,0.2721,1.1947,1.4099,0.3055,0.5828,0.6528,0.805,-0.1465,-0.1465,-0.0978,-0.6473,-0.6473,0.4389,5.3178,6.4558,0.6155,2.082,2.4521,3.257
HAW,HAW.AX,HAWTHORN RESOURCES LIMITED,Explorer,Gold | Copper | Nickel | Iron | Lithium,1986-07-03,no price near listing,False,False,-575,1988-01-29,2026-09-02,9750,6,True,0.0654,5,0.0651,,25796202.0,,,,,,,1.0316,0.4421,0.7369,14.369,74.0557,0.5762,0.088,,,,,,,,,,,,
HCH,HCH.AX,HOT CHILI LIMITED,Explorer,Gold | Silver | Copper | Molybdenum,2010-05-03,ok,True,False,0,2010-05-03,2026-09-03,4135,11,True,0.02,1,0.0,17438.0,347976340.0,9.0041,9.8064,10.6979,8.2463,12.2581,30.088,27.1906,25.6305,4.9032,1.3372,1.0698,0.46,1.62,0.0891,0.1881,-0.0842,0.3614,2.3416,2.0198,1.8465,-0.4554,-0.8515,-0.8812,-0.9489,-0.8201
HFR,HFR.AX,HIGHFIELD RESOURCES LIMITED,Explorer,Potash,2012-02-07,ok,True,False,0,2012-02-07,2026-09-02,3690,10,False,1.0,0,0.0,32000.0,9007464.0,0.276,0.24,0.23,0.2,0.15,0.27,0.38,0.815,1.21,0.635,0.83,,0.019,-0.1304,-0.1667,-0.2754,-0.4565,-0.0217,0.3768,1.9529,3.3841,1.3007,2.0072,,-0.9312
HGODB,HGODB.AX,HILLGROVE RESOURCES LIMITED,Producer,Gold | Silver | Copper,1994-07-22,ok,True,False,-7,1994-07-29,2026-09-02,8193,11,True,0.0001,5,1.3672,0.0,240670865.0,118.6923,118.6923,118.6923,125.2863,98.9102,46.1581,45.6509,81.1571,9.3238,7.928,18.1455,21.4024,1.025,0.0,0.0,0.0556,-0.1667,-0.6111,-0.6154,-0.3162,-0.9214,-0.9332,-0.8471,-0.8197,-0.9914
HIO,HIO.AX,HAWSONS IRON LTD,Explorer,Iron,2007-11-14,ok,True,False,0,2007-11-14,2026-09-02,4755,11,False,1.0,0,0.0,407831.0,15159488.0,0.262,0.2523,0.2183,0.1358,0.097,0.0388,0.1456,0.4803,0.2523,0.0602,0.0786,0.105,0.011,-0.037,-0.1668,-0.4817,-0.6298,-0.8519,-0.4443,0.8332,-0.037,-0.7702,-0.7,-0.5992,-0.958
HLX,HLX.AX,HELIX RESOURCES LIMITED,Explorer,Gold | Copper | Nickel | Iron | Cobalt,1986-05-22,no price near listing,False,False,-617,1988-01-29,2026-09-02,9895,6,True,0.031,4,0.0,,5773343.0,,,,,,,12.1221,22.3792,6.1543,7.4597,7.3528,13.5132,0.028,,,,,,,,,,,,
HMG,HMG.AX,HAMELIN GOLD LIMITED,Explorer,Gold,2021-11-05,ok,True,False,0,2021-11-05,2026-09-03,1220,7,False,1.0,0,0.0,594777.0,60730468.0,0.174,0.17,0.165,0.17,0.145,0.19,0.087,0.084,,,,,0.235,-0.023,-0.0517,-0.023,-0.1667,0.092,-0.5,-0.5172,,,,,0.3506
HMX,HMX.AX,HAMMER METALS LIMITED,Explorer,Gold | Copper | Molybdenum | Iron | Cobalt,2003-02-25,ok,True,False,1,2003-02-24,2026-09-03,5966,11,True,0.0109,2,0.0007,13045.0,71420696.0,10.328,9.4464,7.5571,8.8166,8.5017,15.4291,7.5571,6.9273,4.8089,3.0643,0.6183,0.051,0.087,-0.0854,-0.2683,-0.1463,-0.1768,0.4939,-0.2683,-0.3293,-0.5344,-0.7033,-0.9401,-0.9951,-0.9916
HOR,HOR.AX,HORSESHOE METALS LIMITED,Explorer,Gold | Copper,2010-07-29,ok,True,False,0,2010-07-29,2026-09-03,4073,11,False,1.0,0,0.0,2825909.0,26250318.0,0.261,0.27,0.195,0.245,0.2,0.2,0.18,0.073,0.024,0.018,0.012,0.025,0.028,0.0345,-0.2529,-0.0613,-0.2337,-0.2337,-0.3103,-0.7203,-0.908,-0.931,-0.954,-0.9042,-0.8927
HRE,HRE.AX,HEAVY RARE EARTHS LIMITED,Explorer,Rare Earths | Uranium | Scandium,2022-08-24,ok,True,False,0,2022-08-24,2026-09-03,1020,7,False,1.0,0,0.0,2263102.0,9569559.0,0.24,0.22,0.18,0.15,0.14,0.075,0.031,0.046,,,,,0.044,-0.0833,-0.25,-0.375,-0.4167,-0.6875,-0.8708,-0.8083,,,,,-0.8167
HRN,HRN.AX,HORIZON GOLD LIMITED,Explorer,Gold,2016-12-21,ok,True,False,0,2016-12-21,2026-09-03,2454,9,False,1.0,0,0.0,18949.0,218167610.0,0.3107,0.3169,0.3257,0.2641,0.2773,0.2024,0.1936,0.1848,0.391,0.3,,,1.14,0.02,0.0483,-0.15,-0.1075,-0.3486,-0.3769,-0.4052,0.2584,-0.0344,,,2.6691
HTM,HTM.AX,HIGH-TECH METALS LTD,Explorer,Gold | Copper | Nickel | Cobalt,2023-01-23,ok,True,False,0,2023-01-23,2026-09-02,915,7,False,1.0,0,0.0,283478.0,26319956.0,0.2085,0.21,0.21,0.21,0.19,0.15,0.155,0.32,,,,,0.25,0.0072,0.0072,0.0072,-0.0887,-0.2806,-0.2566,0.5348,,,,,0.199
HVY,HVY.AX,HEAVY MINERALS LIMITED,Explorer,Mineral Sands,2021-09-14,ok,True,False,0,2021-09-14,2026-09-03,1258,7,False,1.0,0,0.0,2285993.0,28623501.0,0.19,0.195,0.18,0.17,0.2,0.175,0.1,0.085,,,,,0.35,0.0263,-0.0526,-0.1053,0.0526,-0.0789,-0.4737,-0.5526,,,,,0.8421
HWK,HWK.AX,HAWK RESOURCES LIMITED.,Explorer,Gold | Silver | Copper | Lead | Zinc | Lithium,2017-06-09,ok,True,False,0,2017-06-09,2026-09-03,2339,9,True,0.1,1,0.0,42520.0,22769443.0,3.84,3.8667,3.7333,11.2889,15.5111,5.2889,0.4444,1.2,0.16,0.0444,,,0.041,0.007,-0.0278,1.9398,3.0393,0.3773,-0.8843,-0.6875,-0.9583,-0.9884,,,-0.9893
I88,I88.AX,INFINI RESOURCES LIMITED,Explorer,Lithium | Uranium | Niobium Tantalum,2024-01-15,ok,True,False,-1,2024-01-16,2026-09-03,668,6,False,1.0,0,0.0,3388795.0,12984868.0,0.329,0.29,0.27,0.185,0.92,0.565,0.25,,,,,,0.125,-0.1185,-0.1793,-0.4377,1.7964,0.7173,-0.2401,,,,,,-0.6201
IBR,IBR.AX,IRON BEAR RESOURCES LTD,Explorer,Gold | Copper | Nickel | Platinum Pgm | Iron | Lithium,2001-06-07,ok,True,False,1,2001-06-06,2026-09-03,6414,11,True,0.1008,2,4.4765,15842.0,56418916.0,0.4865,0.4793,0.4074,0.4194,0.3595,0.647,0.4793,0.8387,0.9705,1.5337,6.1736,0.46,0.048,-0.0148,-0.1626,-0.1379,-0.261,0.3299,-0.0148,0.7239,0.9949,2.1525,11.6898,-0.0545,-0.9013
ICL,ICL.AX,ICENI GOLD LIMITED,Explorer,Gold,2021-04-14,ok,True,False,0,2021-04-14,2026-09-03,1366,8,False,1.0,0,0.0,2707790.0,8718145.0,0.257,0.235,0.185,0.17,0.3,0.11,0.068,0.024,0.03,,,,0.022,-0.0856,-0.2802,-0.3385,0.1673,-0.572,-0.7354,-0.9066,-0.8833,,,,-0.9144
IDA,IDA.AX,INDIANA RESOURCES LIMITED,Explorer,Gold | Rare Earths,1986-07-17,no price near listing,False,False,-561,1988-01-29,2026-09-02,9895,6,True,0.02,1,0.1,,14173114.0,,,,,,,0.9995,0.2999,0.2999,0.9995,2.2989,5.6974,0.023,,,,,,,,,,,,
IGO,IGO.AX,IGO LIMITED,Producer,Silver | Copper | Nickel | Lithium | Cobalt,2002-01-17,ok,True,False,14,2002-01-03,2026-09-03,6263,11,False,1.0,0,2.4603,833045.0,6315613560.0,0.1684,0.1678,0.1927,0.2082,0.2238,0.2113,0.7024,0.7254,2.7279,1.4819,2.9426,3.3966,8.595,-0.0036,0.1443,0.2363,0.329,0.2548,3.171,3.3076,15.1989,7.7999,16.4739,19.1698,50.0392
ILT,ILT.AX,ILTANI RESOURCES LIMITED.,Explorer,Gold | Silver | Copper | Lead | Zinc | Antimony | Tin,2023-06-30,ok,True,False,0,2023-06-30,2026-09-03,807,7,False,1.0,0,0.0,210344.0,43848409.0,0.218,0.205,0.245,0.17,0.14,0.29,0.235,0.41,,,,,0.48,-0.0596,0.1239,-0.2202,-0.3578,0.3303,0.078,0.8807,,,,,1.2018
ILU,ILU.AX,ILUKA RESOURCES LIMITED,Producer,Iron | Rare Earths | Mineral Sands,1962-06-30,no price near listing,False,False,-9344,1988-01-29,2026-09-03,9896,0,False,1.0646,2,5.4475,,3100292043.0,,,,,,,,,,,,,6.775,,,,,,,,,,,,
IMA,IMA.AX,IMAGE RESOURCES NL,Producer,Mineral Sands,2002-07-04,ok,True,False,1,2002-07-03,2026-09-03,6134,11,False,1.0,0,0.04,255209.0,21187082.0,0.132,0.1264,0.0988,0.1027,0.1106,0.0948,0.3477,0.2608,1.8412,0.5018,0.2371,0.0831,0.016,-0.0424,-0.2515,-0.222,-0.1621,-0.2818,1.6341,0.9758,12.9485,2.8015,0.7962,-0.3705,-0.8788
IMI,IMI.AX,INFINITY MINING LIMITED,Explorer,Gold | Copper | Nickel | Zinc | Lithium,2021-12-22,ok,True,False,-7,2021-12-29,2026-09-02,1183,7,False,1.0,0,0.0,207957.0,3919287.0,0.18,0.175,0.19,0.165,0.14,0.25,0.155,0.013,,,,,0.008,-0.0278,0.0556,-0.0833,-0.2222,0.3889,-0.1389,-0.9278,,,,,-0.9556
IND,IND.AX,INDUSTRIAL MINERALS LTD,Explorer,Silica,2021-07-13,ok,True,False,0,2021-07-13,2026-09-02,1302,8,False,1.0,0,0.0,1562827.0,12038700.0,0.333,0.3,0.27,0.28,0.22,0.245,0.565,0.21,0.13,,,,0.115,-0.0991,-0.1892,-0.1592,-0.3393,-0.2643,0.6967,-0.3694,-0.6096,,,,-0.6547
INF,INF.AX,INFINITY METALS LIMITED,Explorer,Gold | Silver | Lithium,2011-04-15,ok,True,False,-3,2011-04-18,2026-09-02,3890,11,False,1.0,0,0.0,246371.0,4952248.0,0.2647,0.2558,0.215,0.1854,0.1112,0.0927,0.0816,0.1653,0.0973,0.1118,0.19,0.013,0.007,-0.0336,-0.1878,-0.2996,-0.5799,-0.6498,-0.6917,-0.3755,-0.6324,-0.5776,-0.2822,-0.9509,-0.9736
INR,INR.AX,IONEER LTD,Explorer,Lithium,2007-12-19,ok,True,False,0,2007-12-19,2026-09-03,4731,11,False,1.0,0,0.0,118230.0,339640878.0,0.1293,0.1274,0.1119,0.0622,0.051,0.0249,0.1013,0.0894,0.0554,0.01,0.31,0.475,0.112,-0.0147,-0.1346,-0.5189,-0.6056,-0.8074,-0.2166,-0.3086,-0.5715,-0.9227,1.3975,2.6736,-0.1338
ION,ION.AX,IONDRIVE LIMITED,Explorer,Gold | Silver | Copper | Platinum Pgm | Rare Earths | Lithium,2005-04-21,ok,True,False,1,2005-04-20,2026-09-03,5408,11,True,0.0696,2,0.021,23724.0,77782058.0,2.2085,1.9956,1.663,1.9291,3.1929,4.5899,4.4568,2.9269,1.7353,0.5916,0.169,0.135,0.073,-0.0964,-0.247,-0.1265,0.4457,1.0783,1.018,0.3253,-0.2143,-0.7321,-0.9235,-0.9389,-0.9669
IPT,IPT.AX,IMPACT MINERALS LIMITED,Explorer,Gold | Silver | Copper | Nickel | Platinum Pgm | Lead | Zinc | Bauxite Alumina,2006-11-29,ok,True,False,0,2006-11-29,2026-09-03,4998,11,True,0.1,1,0.3351,70070.0,15503514.0,2.0409,1.9474,2.22,2.259,2.259,1.5579,0.3895,1.9474,0.5876,0.4629,0.2563,0.1282,0.03,-0.0458,0.0878,0.1069,0.1069,-0.2367,-0.8092,-0.0458,-0.7121,-0.7732,-0.8744,-0.9372,-0.9853
IPX,IPX.AX,IPERIONX LIMITED,Explorer,Rare Earths | Mineral Sands,2018-04-16,ok,True,False,0,2018-04-16,2026-09-03,2125,9,False,1.0,0,0.0,489061.0,1104832497.0,0.248,0.25,0.21,0.21,0.125,0.075,0.045,0.81,1.03,2.36,,,2.975,0.0081,-0.1532,-0.1532,-0.496,-0.6976,-0.8185,2.2661,3.1532,8.5161,,,10.996
IRD,IRD.AX,IRON ROAD LIMITED,Explorer,Iron,2008-06-12,ok,True,False,0,2008-06-12,2026-09-03,4613,11,False,1.0,0,0.0,908024.0,8822024.0,0.2643,0.2689,0.2689,0.1712,0.0476,0.1998,0.5707,1.0083,0.1712,0.089,0.0989,0.081,0.01,0.0174,0.0174,-0.3523,-0.8199,-0.244,1.1593,2.815,-0.3523,-0.6633,-0.6258,-0.6935,-0.9622
ITM,ITM.AX,ITECH MINERALS LTD,Explorer,Gold | Silver | Copper | Rare Earths | Lithium | Graphite | Antimony,2021-10-21,ok,True,False,0,2021-10-21,2026-09-03,1231,7,False,1.0,0,0.0,4727402.0,13616467.0,0.278,0.27,0.27,0.325,0.52,0.305,0.125,0.07,,,,,0.051,-0.0288,-0.0288,0.1691,0.8705,0.0971,-0.5504,-0.7482,,,,,-0.8165
IVR,IVR.AX,INVESTIGATOR SILVER LIMITED,Explorer,Gold | Silver | Copper | Lead | Zinc,2007-04-03,ok,True,False,0,2007-04-03,2026-09-03,4913,11,False,1.0,0,0.0,4925135.0,139011461.0,0.409,0.394,0.3471,0.2345,0.2251,0.1219,0.0563,0.197,0.3479,0.0559,0.037,0.066,0.057,-0.0367,-0.1513,-0.4267,-0.4496,-0.702,-0.8623,-0.5183,-0.1494,-0.8633,-0.9095,-0.8386,-0.8606
IXR,IXR.AX,IONIC RARE EARTHS LIMITED,Explorer,Rare Earths,1999-12-10,ok,True,False,1,1999-12-09,2026-09-03,6803,11,True,0.0118,3,0.0,31862.0,74174236.0,78.7103,73.2189,59.8424,42.9457,14.7846,6.7587,6.3363,4.2242,8.9476,11.9302,3.1766,0.21,0.38,-0.0698,-0.2397,-0.4544,-0.8122,-0.9141,-0.9195,-0.9463,-0.8863,-0.8484,-0.9596,-0.9973,-0.9952
JAL,JAL.AX,JAMESON RESOURCES LIMITED,Explorer,Coal,2007-12-18,ok,True,False,1,2007-12-17,2026-09-02,4732,11,False,1.0,0,0.0,174590.0,32519051.0,0.2426,0.2426,0.2517,0.1419,0.2197,0.1556,0.2746,0.0586,0.225,0.079,0.165,0.115,0.045,0.0,0.0375,-0.4151,-0.0944,-0.3586,0.1319,-0.7585,-0.0725,-0.6744,-0.3199,-0.526,-0.8145
JAV,JAV.AX,JAVELIN MINERALS LIMITED,Explorer,Gold | Copper | Nickel,2012-10-09,ok,True,False,0,2012-10-09,2026-09-03,3520,10,True,0.0,4,0.0,20.0,20227440.0,17993.0922,17179.334,16727.2461,9041.7549,4520.8774,904.1755,361.6702,25.8332,1.0333,0.4133,0.2067,,0.088,-0.0452,-0.0704,-0.4975,-0.7487,-0.9497,-0.9799,-0.9986,-0.9999,-1.0,-1.0,,-1.0
JLL,JLL.AX,JINDALEE LITHIUM LIMITED,Explorer,Lithium,2002-07-11,ok,True,False,2,2002-07-09,2026-09-03,6130,11,False,1.0,0,0.5161,139525.0,47970620.0,0.1322,0.1287,0.117,0.117,0.1053,0.0614,0.1258,0.2048,1.1469,0.2341,0.2267,0.1736,0.335,-0.0265,-0.115,-0.115,-0.2035,-0.5356,-0.0484,0.5492,7.6755,0.7708,0.7148,0.3132,1.534
JMS,JMS.AX,JUPITER MINES LIMITED.,Explorer,Manganese,2018-04-18,ok,True,False,0,2018-04-18,2026-09-03,2123,9,False,1.0,0,0.23,17044446.0,520950396.0,0.1625,0.158,0.1479,0.158,0.1522,0.1498,0.1432,0.1995,0.182,0.1334,,,0.25,-0.0277,-0.0898,-0.0277,-0.0634,-0.0782,-0.1188,0.2277,0.12,-0.1791,,,0.5385
JNO,JNO.AX,JUNO MINERALS LIMITED,Explorer,Iron | Lithium,2021-05-14,ok,True,False,0,2021-05-14,2026-09-02,1343,8,False,1.0,0,0.0,5560345.0,5858637.0,0.2059,0.1921,0.1872,0.1774,0.1256,0.1035,0.0591,0.055,0.03,,,,0.026,-0.067,-0.0908,-0.1384,-0.39,-0.4973,-0.713,-0.7329,-0.8543,,,,-0.8737
KAL,KAL.AX,KALGOORLIE GOLD MINING LIMITED,Explorer,Gold | Nickel,2021-11-17,ok,True,False,0,2021-11-17,2026-09-03,1212,7,False,1.0,0,0.0,754535.0,13220235.0,0.173,0.165,0.145,0.165,0.115,0.1,0.029,0.02,,,,,0.025,-0.0462,-0.1618,-0.0462,-0.3353,-0.422,-0.8324,-0.8844,,,,,-0.8555
KAO,KAO.AX,KAOKO METALS LIMITED,Unknown,Gold | Silver | Copper | Tungsten,2026-05-07,ok,True,False,0,2026-05-07,2026-09-03,85,3,False,1.0,0,0.0,1196178.0,46673550.0,0.399,0.51,0.42,0.57,,,,,,,,,2.25,0.2782,0.0526,0.4286,,,,,,,,,4.6391
KAU,KAU.AX,KAISER REEF LIMITED,Producer,Gold,2020-02-28,ok,True,False,0,2020-02-28,2026-09-03,1650,8,False,1.0,0,0.0,1165510.0,142250764.0,0.2702,0.3069,0.1435,0.2821,0.3217,0.4356,0.195,0.16,0.17,,,,0.24,0.1358,-0.4689,0.044,0.1906,0.6121,-0.2783,-0.4078,-0.3708,,,,-0.1118
KCC,KCC.AX,KINCORA COPPER LIMITED,Explorer,Gold | Silver | Copper | Diamond | Lead | Zinc,2021-03-30,ok,True,False,0,2021-03-30,2026-09-02,1374,8,True,0.1,1,0.0,164360.0,41054865.0,2.23,2.2,3.0,2.4,1.4,1.225,0.7,0.43,0.825,,,,0.855,-0.0135,0.3453,0.0762,-0.3722,-0.4507,-0.6861,-0.8072,-0.63,,,,-0.6166
KCN,KCN.AX,KINGSGATE CONSOLIDATED LIMITED.,Producer,Gold | Silver,1988-04-21,ok,True,False,-8,1988-04-29,2026-09-03,9832,11,False,1.0611,1,1.7085,0.0,1412715735.0,0.0974,0.0974,0.0974,0.1156,0.0913,0.0365,0.0852,0.0335,0.0913,0.1278,0.353,2.4372,5.44,0.0,0.0,0.1869,-0.0626,-0.6253,-0.1253,-0.6561,-0.0626,0.3121,2.6242,24.0226,54.8522
KFM,KFM.AX,KINGFISHER MINING LTD,Explorer,Gold | Copper | Rare Earths | Lithium,2020-12-11,ok,True,False,0,2020-12-11,2026-09-02,1447,8,False,1.0,0,0.0,2025752.0,9678743.0,0.26,0.255,0.24,0.245,0.205,0.18,0.48,0.14,0.066,,,,0.09,-0.0192,-0.0769,-0.0577,-0.2115,-0.3077,0.8462,-0.4615,-0.7462,,,,-0.6538
KGL,KGL.AX,KGL RESOURCES LIMITED,Explorer,Gold | Silver | Copper | Lead | Zinc,2005-03-17,ok,True,False,1,2005-03-16,2026-09-03,5431,11,True,0.1,1,0.0,46282.0,386136430.0,3.659,3.5697,2.9748,2.3054,2.9004,1.413,0.9296,1.0784,0.9668,1.2475,0.1366,0.1364,0.17,-0.0244,-0.187,-0.3699,-0.2073,-0.6138,-0.7459,-0.7053,-0.7358,-0.6591,-0.9627,-0.9627,-0.9535
KLI,KLI.AX,KILLI RESOURCES LIMITED,Explorer,Gold | Silver | Copper | Molybdenum | Lead | Zinc | Rare Earths,2022-02-10,ok,True,False,0,2022-02-10,2026-09-03,1155,7,False,1.0,0,0.0,977615.0,100998716.0,0.4439,0.3838,0.2451,0.2312,0.1757,0.1156,0.043,0.051,,,,,0.27,-0.1354,-0.4478,-0.4792,-0.6042,-0.7396,-0.9031,-0.8851,,,,,-0.3918
KM1,KM1.AX,KALI METALS LIMITED,Explorer,Gold | Lithium | Niobium Tantalum,2024-01-08,ok,True,False,0,2024-01-08,2026-09-03,674,6,False,1.0,0,0.0,15403921.0,20944025.0,0.597,0.54,0.41,0.415,0.245,0.125,0.165,,,,,,0.11,-0.0955,-0.3132,-0.3049,-0.5896,-0.7906,-0.7236,,,,,,-0.8157
KNB,KNB.AX,KOONENBERRY GOLD LIMITED,Explorer,Gold,2021-09-28,ok,True,False,0,2021-09-28,2026-09-03,1248,7,False,1.0,0,0.0,387757.0,30819062.0,0.156,0.14,0.18,0.165,0.11,0.08,0.045,0.01,,,,,0.027,-0.1026,0.1538,0.0577,-0.2949,-0.4872,-0.7115,-0.9359,,,,,-0.8269
KNG,KNG.AX,KINGSLAND MINERALS LTD,Explorer,Gold | Copper | Nickel | Lithium | Uranium | Graphite | Mineral Sands,2022-06-14,ok,True,False,0,2022-06-14,2026-09-02,1070,7,False,1.0,0,0.0,291423.0,5618430.0,0.151,0.14,0.135,0.205,0.15,0.38,0.18,0.087,,,,,0.05,-0.0728,-0.106,0.3576,-0.0066,1.5166,0.1921,-0.4238,,,,,-0.6689
KNI,KNI.AX,KUNIKO LIMITED,Explorer,Copper | Nickel | Zinc | Cobalt,2021-08-24,ok,True,False,0,2021-08-24,2026-09-03,1273,8,False,1.0,0,0.0,18858376.0,6138415.0,1.631,2.72,2.02,1.505,0.905,0.835,0.375,0.16,0.022,,,,0.029,0.6677,0.2385,-0.0773,-0.4451,-0.488,-0.7701,-0.9019,-0.9865,,,,-0.9822
KOB,KOB.AX,KOBA RESOURCES LIMITED,Explorer,Gold | Copper | Uranium | Cobalt,2022-05-04,ok,True,False,0,2022-05-04,2026-09-03,1099,7,False,1.0,0,0.0,1056851.0,11998207.0,0.21,0.195,0.18,0.13,0.17,0.175,0.12,0.04,,,,,0.042,-0.0714,-0.1429,-0.381,-0.1905,-0.1667,-0.4286,-0.8095,,,,,-0.8
KP2,KP2.AX,KORE POTASH PLC,Explorer,Potash,2017-11-07,ok,True,False,0,2017-11-07,2026-09-03,2233,9,False,1.0,0,0.0,6000.0,310556299.0,0.18,0.18,0.14,0.099,0.16,0.11,0.021,0.011,0.013,0.06,,,0.06,0.0,-0.2222,-0.45,-0.1111,-0.3889,-0.8833,-0.9389,-0.9278,-0.6667,,,-0.6667
KRM,KRM.AX,KINGSROSE MINING LIMITED,Explorer,Gold | Copper | Nickel | Platinum Pgm | Cobalt,2007-12-07,ok,True,False,0,2007-12-07,2026-09-03,4739,11,False,1.0,0,0.04,299656.0,19591689.0,0.2721,0.3115,0.2787,0.2295,0.3393,0.0679,0.6641,1.1488,0.845,0.26,0.1,0.06,0.024,0.1448,0.0243,-0.1566,0.247,-0.7505,1.4406,3.222,2.1055,-0.0445,-0.6325,-0.7795,-0.9118
KRR,KRR.AX,KING RIVER RESOURCES LIMITED,Producer,Gold | Copper,2007-09-21,ok,True,False,0,2007-09-21,2026-09-03,4794,11,False,1.4,1,0.0003,2487891.0,121569789.0,0.097,0.15,0.1826,0.3544,0.1652,0.1174,0.1739,0.187,0.0239,0.0335,0.007,0.013,0.089,0.5464,0.8825,2.6536,0.7031,0.2103,0.7928,0.9278,-0.7536,-0.6546,-0.9278,-0.866,-0.0825
KSN,KSN.AX,KINGSTON RESOURCES LIMITED,Producer,Gold | Silver | Copper | Lead | Zinc,1987-03-05,no price near listing,False,False,-330,1988-01-29,2026-09-03,9751,7,True,0.0003,12,0.0,,44909439.0,,,,,,430.8288,228.3393,114.1697,78.5131,100.4967,94.2157,23.2244,0.035,,,,,,,,,,,,
KTA,KTA.AX,KRAKATOA RESOURCES LIMITED,Explorer,Gold | Copper | Platinum Pgm | Rare Earths | Lithium | Tungsten | Tin | Niobium Tantalum,2012-12-28,no price near listing,False,False,-17,2013-01-14,2026-09-03,3454,10,False,1.0,0,0.0,,14085827.0,,0.173,0.1644,0.1125,0.0433,0.1817,0.0952,0.1557,0.058,0.043,0.048,,0.007,,,,,,,,,,,,
KZR,KZR.AX,KALAMAZOO RESOURCES LIMITED,Explorer,Gold | Lithium,2017-01-16,ok,True,False,0,2017-01-16,2026-09-03,2439,9,False,1.0,0,0.0,190986.0,60763079.0,0.204,0.22,0.19,0.175,0.115,0.135,0.099,0.53,0.355,0.125,,,0.16,0.0784,-0.0686,-0.1422,-0.4363,-0.3382,-0.5147,1.598,0.7402,-0.3873,,,-0.2157
L1M,L1M.AX,LIGHTNING MINERALS LTD,Explorer,Gold | Copper | Nickel | Lithium,2022-11-22,ok,True,False,0,2022-11-22,2026-09-03,957,7,False,1.0,0,0.0,3124026.0,4941379.0,0.22,0.2,0.16,0.17,0.175,0.135,0.081,0.039,,,,,0.013,-0.0909,-0.2727,-0.2273,-0.2045,-0.3864,-0.6318,-0.8227,,,,,-0.9409
LAC,LAC.AX,LAC GOLD LIMITED,Explorer,Gold,2005-10-25,ok,True,False,1,2005-10-24,2026-09-02,5276,11,True,0.0012,2,0.0,292.0,77366302.0,243.38,227.9,210.7,210.7,124.7,103.2,36.98,16.34,12.9,0.86,0.516,1.763,0.375,-0.0636,-0.1343,-0.1343,-0.4876,-0.576,-0.8481,-0.9329,-0.947,-0.9965,-0.9979,-0.9928,-0.9985
LAT,LAT.AX,LATITUDE 66 LIMITED,Explorer,Gold | Cobalt,2007-12-13,ok,True,False,0,2007-12-13,2026-09-03,4735,11,True,0.01,1,0.0,786871.0,23665976.0,0.3306,0.3536,0.2771,0.1911,0.2962,0.1147,0.1816,0.1481,0.0621,0.0296,0.0191,0.003,0.135,0.0696,-0.1618,-0.422,-0.1041,-0.6531,-0.4507,-0.552,-0.8122,-0.9105,-0.9422,-0.9909,-0.5917
LCL,LCL.AX,LCL RESOURCES LIMITED,Explorer,Gold | Copper | Nickel,2007-10-02,ok,True,False,0,2007-10-02,2026-09-03,4787,11,True,0.0005,2,0.0,364.0,8438550.0,329.8814,359.6837,380.2371,380.2371,298.0237,205.5336,226.0869,246.6403,87.3518,17.4704,1.0277,0.0286,0.007,0.0903,0.1526,0.1526,-0.0966,-0.3769,-0.3146,-0.2523,-0.7352,-0.947,-0.9969,-0.9999,-1.0
LCY,LCY.AX,LEGACY IRON ORE LIMITED,Producer,Gold | Copper | Nickel | Iron | Rare Earths | Lithium | Tungsten,2008-07-08,ok,True,False,0,2008-07-08,2026-09-02,4594,11,False,1.2711,1,0.0,268314.0,39048170.0,0.1506,0.1516,0.1333,0.1307,0.0523,0.0392,0.0798,0.0698,0.0332,0.0037,0.0029,0.021,0.005,0.0066,-0.1149,-0.1321,-0.6527,-0.7397,-0.4701,-0.5365,-0.7795,-0.9754,-0.9807,-0.8606,-0.9668
LDR,LDR.AX,LODE RESOURCES LTD,Explorer,Gold | Silver | Copper | Lead | Zinc | Antimony,2021-07-02,ok,True,False,0,2021-07-02,2026-09-03,1310,8,False,1.0,0,0.0,357693.0,22325704.0,0.154,0.16,0.15,0.13,0.2,0.155,0.155,0.075,0.09,,,,0.115,0.039,-0.026,-0.1558,0.2987,0.0065,0.0065,-0.513,-0.4156,,,,-0.2532
LEG,LEG.AX,LEGEND MINING LIMITED,Explorer,Gold | Silver | Copper | Nickel | Zinc | Cobalt,1995-08-25,ok,True,False,-6,1995-08-31,2026-09-02,7917,11,False,1.0,1,0.0,0.0,23315817.0,0.1977,0.1977,0.1977,0.1168,0.1348,0.0899,0.1303,0.1618,0.1258,0.0584,0.0846,0.025,0.009,0.0,0.0,-0.4092,-0.3182,-0.5453,-0.3409,-0.1816,-0.3637,-0.7046,-0.5721,-0.8735,-0.9545
LEL,LEL.AX,LE MINERALS LIMITED,Explorer,Lithium | Graphite,2021-05-19,ok,True,False,0,2021-05-19,2026-09-03,1341,8,False,1.0,0,0.0,3309067.0,35840502.0,0.421,0.415,0.365,0.61,0.98,1.18,1.035,0.41,0.325,,,,0.315,-0.0143,-0.133,0.4489,1.3278,1.8029,1.4584,-0.0261,-0.228,,,,-0.2518
LEX,LEX.AX,LEFROY EXPLORATION LIMITED,Explorer,Gold | Copper | Nickel,1991-09-05,ok,True,True,1315,1988-01-29,2026-09-02,9896,11,False,3.0,1,0.0213,0.0,42575335.0,0.1376,0.1376,0.1317,0.1259,0.1317,0.1537,0.1332,0.1449,0.0805,0.0732,0.0746,0.0659,0.17,0.0,-0.0429,-0.085,-0.0429,0.117,-0.032,0.0531,-0.415,-0.468,-0.4578,-0.5211,0.2355
LFT,LFT.AX,LI-FT POWER LTD.,Explorer,Lithium,2026-05-26,ok,True,False,0,2026-05-26,2026-09-03,72,3,False,1.0,0,0.0,192760.0,251817862.0,5.406,4.78,4.29,2.7,,,,,,,,,2.66,-0.1158,-0.2064,-0.5006,,,,,,,,,-0.508
LGM,LGM.AX,LEGACY MINERALS HOLDINGS LIMITED,Explorer,Gold | Silver | Copper | Nickel | Platinum Pgm | Lead | Zinc | Cobalt,2021-09-13,ok,True,False,0,2021-09-13,2026-09-03,1259,7,False,1.0,0,0.0,906088.0,25014404.0,0.2024,0.2074,0.1876,0.1629,0.1629,0.1531,0.1531,0.19,,,,,0.12,0.0247,-0.0731,-0.1952,-0.1952,-0.2436,-0.2436,-0.0613,,,,,-0.4071
LIB,LIB.AX,LIBERTY METALS LTD,Explorer,Copper | Lead | Zinc | Rare Earths | Uranium | Cobalt,2003-11-20,ok,True,False,0,2003-11-20,2026-09-03,5773,11,False,1.0621,1,0.0002,1015572.0,40564875.0,0.1414,0.1347,0.1578,0.1291,0.0842,0.0982,0.0926,0.1132,0.0298,0.1262,0.0487,0.0208,0.005,-0.0474,0.116,-0.087,-0.4045,-0.3055,-0.3451,-0.1994,-0.7893,-0.1075,-0.6556,-0.8529,-0.9646
LIN,LIN.AX,LINDIAN RESOURCES LIMITED,Explorer,Gold | Rare Earths | Bauxite Alumina,2000-03-02,ok,True,False,1,2000-03-01,2026-09-03,6744,11,True,0.025,2,0.0,362922.0,1461023160.0,3.0481,3.1998,2.1332,0.5155,0.8,0.4148,0.2311,0.2667,0.4207,1.4814,0.7703,0.0312,0.69,0.0498,-0.3002,-0.8309,-0.7375,-0.8639,-0.9242,-0.9125,-0.862,-0.514,-0.7473,-0.9898,-0.7736
LKE,LKE.AX,LAKE RESOURCES N.L.,Explorer,Lithium,2001-08-29,ok,True,False,1,2001-08-28,2026-09-03,6355,11,False,1.0,0,0.0,36639.0,118343335.0,0.195,0.165,0.1275,0.0975,0.1275,0.0712,0.045,0.105,0.105,0.225,0.035,0.05,0.045,-0.1538,-0.3462,-0.5,-0.3462,-0.6349,-0.7692,-0.4615,-0.4615,0.1538,-0.8205,-0.7436,-0.7692
LKY,LKY.AX,LOCKSLEY RESOURCES LIMITED,Explorer,Gold | Copper | Iron | Rare Earths | Antimony,2021-07-08,ok,True,False,0,2021-07-08,2026-09-03,1306,8,False,1.0,0,0.0,1874450.0,21416371.0,0.2037,0.2056,0.1762,0.1713,0.1518,0.1175,0.065,0.021,0.06,,,,0.053,0.0093,-0.135,-0.1591,-0.2548,-0.4232,-0.6809,-0.8969,-0.7054,,,,-0.7398
LLM,LLM.AX,LOYAL METALS LTD,Explorer,Gold | Copper | Lithium,2021-07-06,ok,True,False,0,2021-07-06,2026-09-02,1307,8,False,1.0,0,0.0,2145071.0,,0.261,0.245,0.24,0.235,0.21,0.205,0.32,0.15,0.43,,,,0.4475,-0.0613,-0.0805,-0.0996,-0.1954,-0.2146,0.2261,-0.4253,0.6475,,,,0.7146
LM1,LM1.AX,LEEUWIN METALS LTD,Explorer,Gold | Nickel | Lithium,2023-03-29,ok,True,False,0,2023-03-29,2026-09-03,870,7,False,1.0,0,0.0,322347.0,27917440.0,0.248,0.25,0.295,0.405,0.255,0.069,0.15,0.145,,,,,0.22,0.0081,0.1895,0.6331,0.0282,-0.7218,-0.3952,-0.4153,,,,,-0.1129
LM8,LM8.AX,LUNNON METALS LIMITED,Explorer,Gold | Silver | Nickel,2021-06-16,ok,True,False,0,2021-06-16,2026-09-03,1322,8,False,1.0,0,0.0,1417200.0,70498993.0,0.423,0.425,0.43,0.565,0.41,0.75,0.94,0.205,0.34,,,,0.35,0.0047,0.0165,0.3357,-0.0307,0.773,1.2222,-0.5154,-0.1962,,,,-0.1726
LMG,LMG.AX,LATROBE MAGNESIUM LIMITED,Explorer,,1986-12-18,no price near listing,False,False,-407,1988-01-29,2026-09-03,9751,6,False,1.0,1,0.0,,27318809.0,,,,,,,0.12,0.2,0.13,0.19,0.325,0.068,0.008,,,,,,,,,,,,
LML,LML.AX,LINCOLN MINERALS LIMITED,Explorer,Silver | Copper | Iron | Lead | Zinc | Uranium | Cobalt | Graphite | Manganese,2007-03-09,ok,True,False,0,2007-03-09,2026-09-02,4929,11,False,1.0411,1,0.0,3449557.0,20324103.0,0.2303,0.2192,0.1879,0.1496,0.1245,0.1461,0.0729,0.2656,0.0818,0.0481,0.0317,0.0069,0.007,-0.0482,-0.1841,-0.3504,-0.4594,-0.3656,-0.6835,0.1533,-0.6448,-0.7911,-0.8624,-0.97,-0.9696
LMS,LMS.AX,LITCHFIELD MINERALS LIMITED,Explorer,Gold | Copper | Rare Earths | Uranium | Tungsten | Vanadium | Manganese | Phosphate,2024-03-15,ok,True,False,0,2024-03-15,2026-09-03,626,6,False,1.0,0,0.0,751390.0,13108212.0,0.165,0.16,0.16,0.16,0.1,0.18,0.39,,,,,,0.195,-0.0303,-0.0303,-0.0303,-0.3939,0.0909,1.3636,,,,,,0.1818
LNQ,LNQ.AX,LINQ MINERALS LIMITED,Explorer,Gold | Copper,2025-06-27,ok,True,False,0,2025-06-27,2026-09-03,303,5,False,1.0,0,0.0,1685458.0,76906263.0,0.168,0.16,0.14,0.18,0.2,0.28,,,,,,,0.37,-0.0476,-0.1667,0.0714,0.1905,0.6667,,,,,,,1.2024
LOT,LOT.AX,LOTUS RESOURCES LIMITED,Explorer,Uranium,2009-02-18,ok,True,False,0,2009-02-18,2026-09-03,4438,11,True,0.0031,2,0.0,70.0,150365730.0,40.6465,37.9874,44.6352,42.7358,37.0377,56.9811,44.6352,18.9937,12.9157,1.1396,0.2493,3.7375,0.24,-0.0654,0.0981,0.0514,-0.0888,0.4019,0.0981,-0.5327,-0.6822,-0.972,-0.9939,-0.908,-0.9941
LPM,LPM.AX,LITHIUM PLUS MINERALS LTD.,Explorer,Lithium,2022-04-26,ok,True,False,0,2022-04-26,2026-09-03,1105,7,False,1.0,0,0.0,4854665.0,20064200.0,0.866,0.805,0.55,0.445,0.59,0.25,0.125,0.062,,,,,0.13,-0.0704,-0.3649,-0.4861,-0.3187,-0.7113,-0.8557,-0.9284,,,,,-0.8499
LRD,LRD.AX,LORD RESOURCES LIMITED,Explorer,Gold | Copper | Nickel | Lithium,2022-04-07,ok,True,False,0,2022-04-07,2026-09-02,1114,7,False,1.0,0,0.0,1917968.0,2480828.0,0.206,0.2,0.285,0.225,0.28,0.235,0.05,0.021,,,,,0.014,-0.0291,0.3835,0.0922,0.3592,0.1408,-0.7573,-0.8981,,,,,-0.932
LRM,LRM.AX,LION ROCK MINERALS LTD,Explorer,Gold | Copper | Nickel | Rare Earths | Uranium | Mineral Sands,2003-07-17,ok,True,False,1,2003-07-16,2026-09-03,5864,11,True,0.04,1,0.0,11547.0,65950509.0,3.7129,3.6143,3.45,3.9429,4.025,2.0536,1.2814,2.2179,4.4357,1.5936,0.1314,0.0519,0.019,-0.0266,-0.0708,0.0619,0.0841,-0.4469,-0.6549,-0.4027,0.1947,-0.5708,-0.9646,-0.986,-0.9949
LRV,LRV.AX,LARVOTTO RESOURCES LIMITED,Explorer,Gold | Copper | Nickel | Platinum Pgm | Rare Earths | Lithium | Cobalt | Antimony,2021-12-06,ok,True,False,0,2021-12-06,2026-09-03,1199,7,False,1.0,0,0.0,554791.0,664801121.0,0.1274,0.1274,0.1055,0.1626,0.2724,0.1626,0.073,0.545,,,,,1.055,0.0,-0.1719,0.2763,1.1381,0.2763,-0.427,3.2779,,,,,7.281
LSA,LSA.AX,LACHLAN STAR LIMITED,Explorer,Gold | Silver | Copper | Nickel | Cobalt,1971-07-28,no price near listing,False,False,-6029,1988-01-29,2026-09-03,9751,0,True,0.0,5,0.0,,52017914.0,,,,,,,,,,,,,0.145,,,,,,,,,,,,
LSR,LSR.AX,LODESTAR MINERALS LIMITED,Explorer,Gold | Silver | Copper | Nickel | Lead | Zinc | Lithium,2007-12-21,ok,True,False,0,2007-12-21,2026-09-03,4729,11,True,0.05,1,0.0,42758.0,13110121.0,2.4777,2.5465,2.2712,1.115,1.0737,0.3579,0.9085,1.6518,0.4988,0.1562,0.144,0.088,0.008,0.0278,-0.0833,-0.55,-0.5667,-0.8556,-0.6333,-0.3333,-0.7987,-0.937,-0.9419,-0.9645,-0.9968
LTR,LTR.AX,LIONTOWN LIMITED,Producer,Nickel | Lithium,2006-12-27,ok,True,False,5,2006-12-22,2026-09-03,4981,11,False,1.0,0,0.0002,1577866.0,3846724245.0,0.2035,0.2061,0.2061,0.1739,0.1803,0.1417,0.0071,0.0422,0.0252,0.0099,0.0162,1.535,1.252,0.0128,0.0128,-0.1455,-0.114,-0.3037,-0.9651,-0.7926,-0.8762,-0.9514,-0.9204,6.543,5.1523
LU7,LU7.AX,LITHIUM UNIVERSE LIMITED,Explorer,Lithium,2011-10-19,ok,True,False,0,2011-10-19,2026-09-03,3765,10,True,0.05,1,0.0,6594.0,11151151.0,3.9635,3.8668,3.9635,3.5,4.8,5.0,0.8,0.56,0.44,0.46,0.14,,0.005,-0.0244,0.0,-0.1169,0.2111,0.2615,-0.7982,-0.8587,-0.889,-0.8839,-0.9647,,-0.9987
LUX,LUX.AX,LUX COPPER CORP. LTD,Unknown,Copper | Lead | Zinc,2026-07-17,ok,True,False,0,2026-07-17,2026-09-03,35,2,False,1.0,0,0.0,1631544.0,39296552.0,0.298,0.3,0.32,,,,,,,,,,0.345,0.0067,0.0738,,,,,,,,,,0.1577
LYC,LYC.AX,LYNAS RARE EARTHS LIMITED,Producer,Rare Earths,1986-09-11,no price near listing,False,False,-4655,1999-06-10,2026-09-03,6933,1,True,0.1467,3,0.0,,16697877769.0,,,,,,,,,,,,0.7296,15.415,,,,,,,,,,,,
M24,M24.AX,MAMBA EXPLORATION LIMITED,Explorer,Gold | Silver | Copper | Nickel | Cobalt | Manganese,2021-02-05,ok,True,False,0,2021-02-05,2026-09-02,1411,8,False,1.0,0,0.0,2146253.0,8288045.0,0.272,0.27,0.235,0.225,0.19,0.2,0.205,0.053,0.035,,,,0.02,-0.0074,-0.136,-0.1728,-0.3015,-0.2647,-0.2463,-0.8051,-0.8713,,,,-0.9265
M2M,M2M.AX,MT MALCOLM MINES NL,Explorer,Gold | Lithium,2021-09-10,ok,True,False,0,2021-09-10,2026-09-03,1260,7,False,1.0,0,0.0,1440359.0,6971672.0,0.178,0.17,0.15,0.14,0.105,0.075,0.033,0.034,,,,,0.008,-0.0449,-0.1573,-0.2135,-0.4101,-0.5787,-0.8146,-0.809,,,,,-0.9551
M2R,M2R.AX,MIRAMAR RESOURCES LIMITED,Explorer,Gold | Copper | Nickel | Platinum Pgm | Cobalt,2020-10-22,ok,True,False,0,2020-10-22,2026-09-02,1483,8,False,1.0,0,0.0,2826867.0,5273975.0,0.3751,0.3561,0.3086,0.2754,0.2232,0.1852,0.0997,0.034,0.0035,,,,0.0025,-0.0507,-0.1773,-0.2658,-0.405,-0.5063,-0.7342,-0.9094,-0.9907,,,,-0.9933
M3M,M3M.AX,M3 MINING LIMITED,Explorer,Gold | Copper,2021-07-29,ok,True,False,0,2021-07-29,2026-09-02,1290,8,False,1.0,0,0.0,282173.0,4802524.0,0.1873,0.1786,0.2076,0.1931,0.3814,0.1255,0.17,0.046,0.024,,,,0.024,-0.0464,0.1084,0.031,1.0363,-0.33,-0.0924,-0.7544,-0.8719,,,,-0.8719
M4M,M4M.AX,MACRO METALS LIMITED,Explorer,Gold | Silver | Copper | Iron | Lead | Zinc,1987-01-16,no price near listing,False,False,-378,1988-01-29,2026-09-02,9896,6,True,0.0052,4,0.0,,32029415.0,,,,,,,15.1773,18.9716,22.7659,50.5909,40.8932,13.9037,0.008,,,,,,,,,,,,
M79,M79.AX,MAMMOTH MINERALS LIMITED,Explorer,Gold | Silver | Copper | Lead | Zinc | Lithium,2022-04-13,ok,True,False,0,2022-04-13,2026-09-02,1110,7,False,1.0,0,0.0,2479317.0,23474345.0,0.387,0.395,0.315,0.225,0.21,0.097,0.04,0.05,,,,,0.041,0.0207,-0.186,-0.4186,-0.4574,-0.7494,-0.8966,-0.8708,,,,,-0.8941
M96,M96.AX,MAVERICK MINERALS AUSTRALIA LTD,Explorer,Rare Earths | Lithium | Bauxite Alumina | Niobium Tantalum | Silica,2008-01-15,no price near listing,False,False,-4852,2021-04-28,2026-09-03,1356,1,False,1.0,0,0.0,,16623958.0,,,,,,,,,,,,0.023,0.009,,,,,,,,,,,,
MAG,MAG.AX,MAGMATIC RESOURCES LIMITED,Explorer,Gold | Copper,2017-05-19,ok,True,False,0,2017-05-19,2026-09-02,2353,9,False,1.0,0,0.0,405728.0,14062469.0,0.1285,0.1154,0.1077,0.0923,0.1154,0.0631,0.0167,0.2719,0.069,0.1,,,0.021,-0.1019,-0.1619,-0.2817,-0.1019,-0.5089,-0.87,1.116,-0.463,-0.2218,,,-0.8366
MAH,MAH.AX,MACMAHON HOLDINGS LIMITED,Producer,,1983-12-01,no price near listing,False,False,-1520,1988-01-29,2026-09-03,9897,4,True,0.5632,3,0.2761,,2241185251.0,,,,,,,,,0.7229,0.4016,0.2139,0.1877,0.96,,,,,,,,,,,,
MAN,MAN.AX,MANDRAKE RESOURCES LIMITED,Explorer,Gold | Silver | Copper | Platinum Pgm | Lithium,1987-05-29,no price near listing,False,False,-245,1988-01-29,2026-09-03,9897,7,True,0.0003,3,0.0,,11917938.0,,,,,,1.8696,0.7478,1.6359,2.3837,2.1033,2.1033,150.0015,0.02,,,,,,,,,,,,
MAT,MAT.AX,MATSA RESOURCES LIMITED,Producer,Gold | Silver | Copper | Lead | Rare Earths | Lithium | Tin,2005-04-20,ok,True,False,1,2005-04-19,2026-09-02,5408,11,True,0.22,2,0.0015,30021.0,45646032.0,1.0261,0.9857,0.9409,0.8737,0.8961,0.9633,0.3405,0.4077,0.3047,0.1255,0.1479,0.1098,0.047,-0.0394,-0.083,-0.1485,-0.1267,-0.0612,-0.6682,-0.6027,-0.7031,-0.8777,-0.8559,-0.893,-0.9542
MBG,MBG.AX,MB GOLD LIMITED,Unknown,Gold,2026-02-06,ok,True,False,0,2026-02-06,2026-09-02,146,4,False,1.0,0,0.0,528896.0,8738559.0,0.239,0.24,0.2,0.205,0.16,,,,,,,,0.165,0.0042,-0.1632,-0.1423,-0.3305,,,,,,,,-0.3096
MBK,MBK.AX,METAL BANK LIMITED,Explorer,Gold | Copper | Cobalt,2011-03-02,ok,True,False,-2,2011-03-04,2026-09-03,3921,11,True,0.1,1,0.0,5620.0,10030436.0,1.8466,1.8552,1.5963,1.7258,0.7766,0.3883,0.2157,0.1898,0.0518,0.1715,0.1132,0.028,0.013,0.0047,-0.1355,-0.0654,-0.5794,-0.7897,-0.8832,-0.8972,-0.9719,-0.9071,-0.9387,-0.9848,-0.993
MC2,MC2.AX,MARIMACA COPPER CORP.,Explorer,Gold | Copper,2025-04-02,no price near listing,False,False,-162,2025-09-11,2026-09-03,249,2,False,1.0,0,0.0,,1102880524.0,,,,,11.3,8.54,,,,,,,8.53,,,,,,,,,,,,
MDI,MDI.AX,MIDDLE ISLAND RESOURCES LIMITED,Explorer,Gold | Copper,2010-12-16,ok,True,False,0,2010-12-16,2026-09-03,3973,11,True,0.0435,1,0.0,101089.0,15893148.0,6.3982,6.9314,7.7312,7.5979,4.932,4.4654,1.6662,0.4665,0.1564,0.446,0.3041,0.026,0.014,0.0833,0.2083,0.1875,-0.2292,-0.3021,-0.7396,-0.9271,-0.9756,-0.9303,-0.9525,-0.9959,-0.9978
MDX,MDX.AX,MINDAX LIMITED,Explorer,Gold | Iron,2004-12-08,ok,True,False,1,2004-12-07,2026-09-02,5499,11,False,1.0,0,0.0,334784.0,106344834.0,0.1487,0.1407,0.1447,0.0965,0.0884,0.0965,0.1407,0.1118,0.4428,0.1705,0.0583,0.003,0.042,-0.0538,-0.0269,-0.351,-0.4055,-0.351,-0.0538,-0.2482,1.9778,0.1466,-0.6079,-0.9798,-0.7176
MEG,MEG.AX,MEGADO MINERALS LTD,Explorer,Gold | Rare Earths | Lithium,2020-10-27,ok,True,False,0,2020-10-27,2026-09-02,1480,8,False,1.0,0,0.0,1506128.0,12251615.0,0.241,0.21,0.175,0.19,0.16,0.095,0.072,0.035,0.033,,,,0.017,-0.1286,-0.2739,-0.2116,-0.3361,-0.6058,-0.7012,-0.8548,-0.8631,,,,-0.9295
MEI,MEI.AX,METEORIC RESOURCES LIMITED,Explorer,Rare Earths | Uranium | Bauxite Alumina,2004-07-16,ok,True,False,1,2004-07-15,2026-09-03,5603,11,False,1.0,0,0.0,397969.0,668522324.0,0.2153,0.2124,0.2124,0.2027,0.2558,0.1786,0.2655,0.2027,0.0965,0.0627,0.02,0.023,0.195,-0.0135,-0.0135,-0.0585,0.1881,-0.1705,0.2332,-0.0585,-0.5518,-0.7088,-0.9071,-0.8932,-0.0943
MEK,MEK.AX,MEEKA METALS LIMITED,Producer,Gold,1999-12-21,ok,True,False,1,1999-12-20,2026-09-03,6796,11,True,0.0028,4,0.0,1305.0,387742884.0,72.8537,71.2699,74.4374,99.7778,34.0512,30.0917,27.8613,3.3434,2.7861,0.5015,0.7244,0.039,0.122,-0.0217,0.0217,0.3696,-0.5326,-0.587,-0.6176,-0.9541,-0.9618,-0.9931,-0.9901,-0.9995,-0.9983
MEX,MEX.AX,MINERALS EXPLORATION LIMITED,Explorer,Lithium | Uranium | Vanadium,2022-06-07,ok,True,False,0,2022-06-07,2026-09-03,1075,7,False,1.0,0,0.0,1494708.0,10941635.0,0.201,0.185,0.17,0.18,0.125,0.135,0.105,0.093,,,,,0.06,-0.0796,-0.1542,-0.1045,-0.3781,-0.3284,-0.4776,-0.5373,,,,,-0.7015
MGA,MGA.AX,METALSGROVE MINING LTD,Explorer,Gold | Copper | Zinc,2022-07-06,ok,True,False,0,2022-07-06,2026-09-02,1054,7,False,1.0,0,0.0,487438.0,15523966.0,0.142,0.135,0.105,0.18,0.15,0.13,0.052,0.054,,,,,0.093,-0.0493,-0.2606,0.2676,0.0563,-0.0845,-0.6338,-0.6197,,,,,-0.3451
MGL,MGL.AX,MAGONTEC LIMITED,Producer,,1983-07-07,no price near listing,False,False,-1758,1988-04-29,2026-09-02,9685,4,True,0.0016,6,0.024,,11007613.0,,,,,,,,,914.4308,787.4265,2616.2881,1186.0159,0.23,,,,,,,,,,,,
MGT,MGT.AX,MAGNETITE MINES LIMITED.,Explorer,Iron,2006-04-06,ok,True,False,1,2006-04-05,2026-09-03,5164,11,True,0.02,1,0.0,96241.0,4122256.0,4.6291,4.7478,4.0696,3.3065,3.137,4.8326,3.4004,0.994,6.3887,1.6476,0.6052,2.0828,0.019,0.0256,-0.1209,-0.2857,-0.3223,0.044,-0.2654,-0.7853,0.3801,-0.6441,-0.8693,-0.5501,-0.9959
MGU,MGU.AX,MAGNUM MINING AND EXPLORATION LIMITED,Explorer,Iron,1987-04-23,no price near listing,False,False,-281,1988-01-29,2026-09-03,9875,7,False,1.0,1,0.0,,25704297.0,,,,,,0.3619,0.0857,0.0476,0.0381,0.0476,0.0952,0.0286,0.006,,,,,,,,,,,,
MGX,MGX.AX,MGX RESOURCES LIMITED,Producer,Iron,1976-02-12,no price near listing,False,False,-4369,1988-01-29,2026-09-03,9103,1,False,1.0,0,0.3,,436758632.0,,,,,,,,,,,,6.6395,0.37,,,,,,,,,,,,
MHK,MHK.AX,METAL HAWK LIMITED.,Explorer,Gold | Nickel | Lithium,2020-11-19,ok,True,False,0,2020-11-19,2026-09-03,1464,8,False,1.0,0,0.0,3439379.0,17891922.0,0.242,0.23,0.23,0.2,0.29,0.305,0.25,0.22,0.12,,,,0.095,-0.0496,-0.0496,-0.1736,0.1983,0.2603,0.0331,-0.0909,-0.5041,,,,-0.6074
MHM,MHM.AX,MOUNT HOPE MINING LIMITED,Unknown,Gold | Copper,2024-12-20,ok,True,False,0,2024-12-20,2026-09-03,430,5,False,1.0,0,0.0,234005.0,12738750.0,0.185,0.19,0.15,0.16,0.16,0.17,,,,,,,0.19,0.027,-0.1892,-0.1351,-0.1351,-0.0811,,,,,,,0.027
MI6,MI6.AX,MINERALS 260 LIMITED,Explorer,Gold | Copper | Nickel | Platinum Pgm | Rare Earths,2021-10-12,ok,True,False,0,2021-10-12,2026-09-03,1238,7,False,1.0,0,0.0,6910073.0,2088955300.0,0.503,0.48,0.495,0.57,0.5,0.34,0.45,0.14,,,,,0.81,-0.0457,-0.0159,0.1332,-0.006,-0.3241,-0.1054,-0.7217,,,,,0.6103
MIN,MIN.AX,MINERAL RESOURCES LIMITED,Producer,Iron | Lithium | Manganese,2006-07-28,ok,True,False,0,2006-07-28,2026-09-03,5086,11,False,1.0,0,11.662,332248.0,13238464030.0,0.6014,0.6341,0.6861,0.8912,1.2319,1.8477,3.2582,2.3947,7.5352,6.2913,7.3159,58.388,63.72,0.0544,0.1408,0.4819,1.0484,2.0723,4.4177,2.9819,11.5294,9.4611,11.1648,96.0868,104.9528
MIO,MIO.AX,MACARTHUR MINERALS LIMITED,Explorer,Gold | Nickel | Diamond | Iron | Lithium | Cobalt,2019-12-06,ok,True,False,0,2019-12-06,2026-09-02,1705,8,False,1.0,0,0.0,331901.0,9663771.0,0.308,0.295,0.24,0.135,0.185,0.6,0.435,0.17,0.055,,,,0.025,-0.0422,-0.2208,-0.5617,-0.3994,0.9481,0.4123,-0.4481,-0.8214,,,,-0.9188
MKR,MKR.AX,MANUKA RESOURCES LTD.,Producer,Gold | Silver | Iron | Vanadium,2020-07-14,ok,True,False,0,2020-07-14,2026-09-02,1555,8,False,1.0,0,0.0,2037892.0,144400410.0,0.238,0.23,0.505,0.505,0.39,0.29,0.17,0.06,0.0489,,,,0.078,-0.0336,1.1218,1.1218,0.6387,0.2185,-0.2857,-0.7479,-0.7945,,,,-0.6723
ML8,ML8.AX,MOONLIGHT RESOURCES LTD,Unknown,Gold | Copper | Rare Earths | Uranium,2025-12-11,ok,True,False,0,2025-12-11,2026-09-02,183,4,False,1.0,0,0.0,438689.0,15994083.0,0.168,0.165,0.175,0.18,0.145,,,,,,,,0.145,-0.0179,0.0417,0.0714,-0.1369,,,,,,,,-0.1369
MLG,MLG.AX,MLG OZ LIMITED,Producer,,2021-05-04,ok,True,False,0,2021-05-04,2026-09-03,1352,8,False,1.0,0,0.0426,2123172.0,134683207.0,1.2355,1.2794,1.2173,0.8354,0.8992,0.6319,0.4374,0.6805,0.7184,,,,0.825,0.0355,-0.0147,-0.3238,-0.2722,-0.4885,-0.646,-0.4492,-0.4185,,,,-0.3323
MLS,MLS.AX,METALS AUSTRALIA LTD,Explorer,Gold | Silver | Copper | Iron | Zinc | Lithium | Cobalt | Graphite | Vanadium,1986-01-23,no price near listing,False,False,-736,1988-01-29,2026-09-03,9751,6,True,0.05,1,0.0,,14684390.0,,,,,,,4.0,2.2,0.4,0.3,0.6,0.32,0.019,,,,,,,,,,,,
MLX,MLX.AX,METALS X LIMITED,Producer,Gold | Tin,2004-08-26,ok,True,False,2,2004-08-24,2026-09-03,5575,11,True,0.25,1,0.0646,1486917.0,1684143922.0,0.9532,1.0873,1.2685,1.7216,1.3773,0.7068,0.3978,0.5588,0.2178,0.4357,0.4357,0.157,1.822,0.1407,0.3308,0.8061,0.4449,-0.2585,-0.5827,-0.4138,-0.7715,-0.5429,-0.5429,-0.8353,0.9115
MM1,MM1.AX,MIDAS MINERALS LTD,Explorer,Gold | Silver | Copper | Nickel | Platinum Pgm | Lithium,2021-09-07,ok,True,False,0,2021-09-07,2026-09-03,1263,7,False,1.0,0,0.0,1513215.0,321163667.0,0.186,0.205,0.175,0.16,0.175,0.18,0.23,0.066,,,,,1.365,0.1022,-0.0591,-0.1398,-0.0591,-0.0323,0.2366,-0.6452,,,,,6.3387
MM8,MM8.AX,MEDALLION METALS LIMITED.,Explorer,Gold | Silver | Copper | Lead | Zinc,2021-03-22,ok,True,False,0,2021-03-22,2026-09-03,1381,8,False,1.0,0,0.0,423947.0,449826918.0,0.2436,0.2349,0.2541,0.2637,0.2158,0.2397,0.1222,0.057,0.33,,,,0.547,-0.0357,0.0431,0.0825,-0.1141,-0.016,-0.4984,-0.766,0.3547,,,,1.2455
MMA,MMA.AX,MARONAN METALS LIMITED,Explorer,Gold | Silver | Copper | Lead | Zinc,2022-04-29,ok,True,False,0,2022-04-29,2026-09-03,1102,7,False,1.0,0,0.0,469576.0,157134771.0,0.321,0.32,0.375,0.345,0.29,0.25,0.32,0.235,,,,,0.475,-0.0031,0.1682,0.0748,-0.0966,-0.2212,-0.0031,-0.2679,,,,,0.4798
MMI,MMI.AX,METRO MINING LIMITED,Producer,Bauxite Alumina,2009-12-04,ok,True,False,0,2009-12-04,2026-09-03,4234,11,True,0.05,1,0.0,123058.0,453007602.0,2.7124,2.7276,3.4094,2.7276,3.4852,4.3944,9.3949,3.0306,0.4697,2.1972,2.3571,1.28,1.38,0.0056,0.257,0.0056,0.2849,0.6201,2.4637,0.1173,-0.8268,-0.1899,-0.131,-0.5281,-0.4912
MML,MML.AX,MCLAREN MINERALS LIMITED,Explorer,Silica,2022-05-02,ok,True,False,0,2022-05-02,2026-09-02,1100,7,False,1.0,0,0.0,650232.0,7581917.0,0.154,0.135,0.13,0.11,0.087,0.051,0.041,0.037,,,,,0.014,-0.1234,-0.1558,-0.2857,-0.4351,-0.6688,-0.7338,-0.7597,,,,,-0.9091
MNB,MNB.AX,MINBOS RESOURCES LIMITED,Developer,Phosphate,2010-10-18,ok,True,False,0,2010-10-18,2026-09-03,4016,11,True,0.05,1,0.0,116003.0,24050038.0,2.0499,2.3812,2.7953,6.0048,5.073,3.5718,1.5104,0.1979,0.0375,0.0625,0.04,0.05,0.017,0.1616,0.3636,1.9293,1.4748,0.7424,-0.2632,-0.9035,-0.9817,-0.9695,-0.9805,-0.9756,-0.9917
MOH,MOH.AX,MOHO RESOURCES LIMITED,Explorer,Gold | Copper | Nickel,2018-11-07,ok,True,False,0,2018-11-07,2026-09-02,1979,9,False,1.0,0,0.0,627077.0,5265460.0,0.162,0.155,0.115,0.13,0.07,0.06,0.1,0.06,0.007,0.008,,,0.005,-0.0432,-0.2901,-0.1975,-0.5679,-0.6296,-0.3827,-0.6296,-0.9568,-0.9506,,,-0.9691
MOM,MOM.AX,MOAB MINERALS LIMITED,Producer,Gold | Copper | Lithium | Uranium | Cobalt | Vanadium,1987-01-15,no price near listing,False,False,-379,1988-01-29,2026-09-02,9737,6,True,0.025,4,0.0,,4031405.0,,,,,,,0.5269,2.6344,0.4215,0.3338,0.0692,0.3933,0.002,,,,,,,,,,,,
MPK,MPK.AX,MANY PEAKS MINERALS LTD,Explorer,Gold | Copper | Lithium,2022-03-16,ok,True,False,0,2022-03-16,2026-09-03,1131,7,False,1.0,0,0.0,866216.0,154192572.0,0.239,0.305,0.48,0.235,0.25,0.295,0.085,0.34,,,,,0.895,0.2762,1.0084,-0.0167,0.046,0.2343,-0.6444,0.4226,,,,,2.7448
MQR,MQR.AX,MARQUEE RESOURCES LIMITED,Explorer,Gold | Copper | Nickel | Rare Earths | Lithium | Antimony,2017-03-15,ok,True,False,0,2017-03-15,2026-09-03,2398,9,False,1.0,0,0.0,1712507.0,5678983.0,0.234,0.23,0.22,0.185,0.17,0.395,0.051,0.05,0.098,0.02,,,0.004,-0.0171,-0.0598,-0.2094,-0.2735,0.688,-0.7821,-0.7863,-0.5812,-0.9145,,,-0.9829
MRD,MRD.AX,MOUNT RIDLEY MINES LIMITED,Explorer,Gold | Copper | Nickel | Platinum Pgm | Iron | Rare Earths,2004-09-15,ok,True,False,2,2004-09-13,2026-09-02,5560,11,True,0.0143,2,0.0,6840.0,42507475.0,8.6035,8.3125,9.975,7.2735,7.0657,3.0341,3.5328,6.65,0.9144,0.9188,0.105,0.01,0.04,-0.0338,0.1594,-0.1546,-0.1787,-0.6473,-0.5894,-0.2271,-0.8937,-0.8932,-0.9878,-0.9988,-0.9954
MRQ,MRQ.AX,MRG METALS LIMITED,Explorer,Rare Earths | Lithium | Uranium | Mineral Sands,2011-06-08,ok,True,False,0,2011-06-08,2026-09-03,3857,11,False,1.0,0,0.0,174787.0,8370378.0,0.1181,0.1203,0.1641,0.2217,0.1267,0.095,0.133,0.0633,0.0298,0.009,0.008,0.003,0.002,0.0186,0.3895,0.8772,0.0728,-0.1956,0.1262,-0.464,-0.7477,-0.9238,-0.9323,-0.9746,-0.9831
MRR,MRR.AX,MINREX RESOURCES LIMITED,Explorer,Gold | Silver | Copper | Lead | Antimony,2011-11-11,ok,True,False,0,2011-11-11,2026-09-02,3748,10,False,1.0,0,0.0,389789.0,34290453.0,0.1656,0.1632,0.155,0.1509,0.1305,0.1061,0.0612,0.0897,0.0591,0.024,0.022,,0.015,-0.0145,-0.064,-0.0888,-0.212,-0.3593,-0.6304,-0.4583,-0.6431,-0.8551,-0.8671,,-0.9094
MRT,MRT.AX,MARITANA MINERALS LIMITED,Producer,Gold | Silver | Nickel | Zinc | Cobalt,1992-02-06,ok,True,True,1469,1988-01-29,2026-09-03,9897,11,True,0.0959,3,0.0,0.0,296115451.0,0.1477,0.1477,2.6185,2.5178,2.0143,1.8128,4.7793,4.2362,5.069,0.5214,0.9414,4.0552,0.795,0.0,16.7285,16.0467,12.6378,11.2735,31.3582,27.6811,33.3196,2.5301,5.3737,26.4557,4.3825
MRZ,MRZ.AX,MONT ROYAL RESOURCES LIMITED,Explorer,Rare Earths,2019-05-07,no price near listing,False,False,-2374,2025-11-05,2026-09-02,209,1,False,1.0,0,0.0,,17131884.0,,,,,,,,,,0.19,,,0.086,,,,,,,,,,,,
MSV,MSV.AX,MITCHELL SERVICES LIMITED,Producer,Diamond,2011-08-02,ok,True,False,-1,2011-08-03,2026-09-03,3819,11,True,0.1,1,0.1648,479833.0,110474276.0,0.7816,0.7522,0.7032,0.4906,0.4579,0.2279,0.0816,0.2184,0.197,0.3084,0.3427,0.4906,0.5,-0.0376,-0.1003,-0.3723,-0.4142,-0.7084,-0.8956,-0.7206,-0.748,-0.6054,-0.5615,-0.3723,-0.3603
MTH,MTH.AX,MITHRIL SILVER AND GOLD LIMITED,Explorer,Gold | Silver,2002-11-18,ok,True,False,3,2002-11-15,2026-09-03,6037,11,True,0.001,2,0.0,3899.0,54371450.0,1.8466,1.7884,1.83,2.038,1.7468,3.66,3.1193,2.3291,2.2459,1.7052,0.3161,0.0277,0.255,-0.0315,-0.009,0.1036,-0.054,0.982,0.6892,0.2613,0.2162,-0.0766,-0.8288,-0.985,-0.8619
MTL,MTL.AX,MANTLE MINERALS LIMITED,Explorer,Gold | Nickel,2000-07-11,no price near listing,False,False,-9236,2025-10-24,2026-09-02,217,0,False,1.0,0,0.001,,7233115.0,,,,,,,,,,,,,0.001,,,,,,,,,,,,
MTM,MTM.AX,METALLIUM LIMITED,Explorer,Gold | Nickel | Rare Earths | Lithium | Cobalt | Graphite | Niobium Tantalum,2021-07-15,ok,True,False,0,2021-07-15,2026-09-03,1301,8,False,1.0,0,0.0,816121.0,323440526.0,0.192,0.18,0.22,0.16,0.15,0.12,0.098,0.036,0.405,,,,0.36,-0.0625,0.1458,-0.1667,-0.2188,-0.375,-0.4896,-0.8125,1.1094,,,,0.875
MVL,MVL.AX,MARVEL GOLD LIMITED,Explorer,Gold,2016-06-14,ok,True,False,0,2016-06-14,2026-09-03,2590,10,False,1.0,0,0.0,4291392.0,17066328.0,0.2905,0.2936,0.3303,0.2324,0.1957,0.266,0.1621,0.1529,0.057,0.012,0.013,,0.013,0.0107,0.137,-0.2,-0.3263,-0.0843,-0.442,-0.4737,-0.8038,-0.9587,-0.9552,,-0.9552
MYE,MYE.AX,MASTERMYNE GROUP LIMITED,Producer,Coal,2010-05-07,ok,True,False,0,2010-05-07,2026-09-03,4131,11,False,1.0,0,0.389,732489.0,185265587.0,0.7035,0.6681,0.5745,0.7182,1.0187,0.9931,1.5298,0.8427,0.199,0.2736,0.6681,0.16,0.63,-0.0503,-0.1834,0.0209,0.448,0.4117,1.1746,0.1979,-0.7171,-0.6111,-0.0503,-0.7726,-0.1045
NAG,NAG.AX,NAGAMBIE RESOURCES LIMITED,Explorer,Gold | Antimony,2006-06-23,ok,True,False,44,2006-05-10,2026-09-03,5142,11,False,1.0,0,0.0,425218.0,11378651.0,0.1274,0.1162,0.093,0.1069,0.1767,0.0893,0.0279,0.0385,0.0207,0.019,0.17,0.066,0.01,-0.0879,-0.27,-0.1609,0.387,-0.2991,-0.781,-0.6978,-0.8375,-0.8509,0.3344,-0.4819,-0.9215
NC1,NC1.AX,NICO RESOURCES LIMITED,Explorer,Nickel | Cobalt,2022-01-19,ok,True,False,0,2022-01-19,2026-09-03,1170,7,False,1.0,0,0.0,6216722.0,15731346.0,0.497,0.3992,0.5738,1.6666,0.8333,0.6886,0.265,0.095,,,,,0.12,-0.1968,0.1545,2.3533,0.6767,0.3855,-0.4668,-0.8089,,,,,-0.7586
NEM,NEM.AX,NEWMONT CORPORATION,Producer,Gold | Silver | Copper | Lead | Zinc,2023-10-27,ok,True,False,0,2023-10-27,2026-09-03,722,6,False,1.0,0,4.1215,851714.0,193764193622.0,57.3873,56.6567,54.7534,50.845,56.1774,71.2084,122.3849,,,,,,175.36,-0.0127,-0.0459,-0.114,-0.0211,0.2408,1.1326,,,,,,2.0557
NES,NES.AX,NELSON RESOURCES LIMITED.,Explorer,Gold,2017-12-07,ok,True,True,3418,2008-07-29,2026-09-03,4580,9,False,1.0,0,0.0,657145.0,8354069.0,0.1237,0.1367,0.1429,0.115,0.0932,0.0777,0.0423,0.047,0.007,0.003,,,0.003,0.1051,0.1552,-0.0703,-0.2466,-0.3719,-0.658,-0.62,-0.9434,-0.9757,,,-0.9757
NFL,NFL.AX,NORFOLK METALS LIMITED,Explorer,Gold | Copper | Uranium,2022-03-22,ok,True,False,0,2022-03-22,2026-09-02,1126,7,False,1.0,0,0.0,576819.0,,0.208,0.205,0.205,0.14,0.15,0.135,0.145,0.11,,,,,0.11,-0.0144,-0.0144,-0.3269,-0.2788,-0.351,-0.3029,-0.4712,,,,,-0.4712
NFM,NFM.AX,NEW FRONTIER MINERALS LIMITED,Explorer,Gold | Silver | Copper | Lead | Zinc | Rare Earths | Uranium | Cobalt | Niobium Tantalum,2010-12-14,ok,True,False,0,2010-12-14,2026-09-03,3975,11,True,0.25,1,0.0,79096.0,10429778.0,0.88,0.8167,0.8667,0.8,0.5333,0.5,0.2,0.0233,0.02,0.049,0.036,0.017,0.006,-0.0719,-0.0151,-0.0909,-0.394,-0.4318,-0.7727,-0.9735,-0.9773,-0.9443,-0.9591,-0.9807,-0.9932
NGX,NGX.AX,NGX LIMITED,Explorer,Uranium | Graphite,2023-06-16,ok,True,False,0,2023-06-16,2026-09-02,816,7,False,1.0,0,0.0,411140.0,7611395.0,0.268,0.27,0.23,0.19,0.145,0.15,0.13,0.09,,,,,0.078,0.0075,-0.1418,-0.291,-0.459,-0.4403,-0.5149,-0.6642,,,,,-0.709
NH3,NH3.AX,NH3 CLEAN ENERGY LIMITED,Explorer,Gold | Copper | Nickel | Platinum Pgm | Graphite,2008-10-30,ok,True,False,0,2008-10-30,2026-09-03,4513,11,True,0.0625,1,0.0,860.0,70880436.0,13.3415,12.9529,12.9529,11.6576,8.7622,5.5978,0.5827,0.23,0.0862,0.057,0.14,0.008,0.087,-0.0291,-0.0291,-0.1262,-0.3432,-0.5804,-0.9563,-0.9828,-0.9935,-0.9957,-0.9895,-0.9994,-0.9935
NIC,NIC.AX,NICKEL INDUSTRIES LIMITED,Producer,Nickel | Iron | Cobalt,2018-08-20,ok,True,False,0,2018-08-20,2026-09-03,2037,9,False,1.0,0,0.1948,6338000.0,3799193891.0,0.2219,0.2522,0.2405,0.194,0.3181,0.4345,0.5013,0.8406,0.6849,0.745,,,0.837,0.1365,0.0838,-0.1257,0.4335,0.9581,1.2591,2.7882,2.0865,2.3574,,,2.772
NIM,NIM.AX,NIMY RESOURCES LIMITED,Explorer,Gold | Silver | Copper | Nickel | Molybdenum | Platinum Pgm | Iron | Rare Earths | Lithium | Cobalt,2021-11-22,ok,True,False,0,2021-11-22,2026-09-03,1209,7,False,1.0,0,0.0,1862500.0,14992325.0,0.211,0.22,0.205,0.24,0.51,0.305,0.19,0.045,,,,,0.045,0.0427,-0.0284,0.1374,1.4171,0.4455,-0.0995,-0.7867,,,,,-0.7867
NME,NME.AX,NEX METALS EXPLORATION LIMITED,Explorer,Gold | Copper | Nickel,2007-12-06,ok,True,False,0,2007-12-06,2026-09-02,4739,11,False,1.0,0,0.0,1069726.0,5126755.0,0.2086,0.2194,0.1688,0.243,0.35,0.1,0.21,0.205,0.042,0.006,0.02,0.035,0.014,0.0518,-0.1908,0.1649,0.6779,-0.5206,0.0067,-0.0173,-0.7987,-0.9712,-0.9041,-0.8322,-0.9329
NMG,NMG.AX,NEW MURCHISON GOLD LIMITED,Producer,Gold,2001-03-22,ok,True,False,1,2001-03-21,2026-09-03,6469,11,False,1.0336,1,0.0,811086.0,772139544.0,0.189,0.1847,0.2037,0.1752,0.1752,0.3931,0.1077,0.2399,0.0955,0.186,0.2094,0.0407,0.075,-0.0228,0.0778,-0.073,-0.073,1.0799,-0.4302,0.2693,-0.4947,-0.0159,0.1079,-0.7847,-0.6032
NMR,NMR.AX,NATIVE MINERAL RESOURCES HOLDINGS LIMITED,Explorer,Gold | Copper | Lead | Zinc,2020-11-16,ok,True,False,-1,2020-11-17,2026-09-03,1466,8,False,1.0,0,0.0,1585866.0,84878461.0,0.2058,0.2087,0.4648,0.2277,0.2941,0.2141,0.21,0.033,0.081,,,,0.067,0.0141,1.2585,0.1064,0.4291,0.0403,0.0204,-0.8397,-0.6064,,,,-0.6744
NNL,NNL.AX,NORDIC RESOURCES LTD,Explorer,Gold | Copper | Nickel | Cobalt,2022-06-01,ok,True,False,0,2022-06-01,2026-09-03,1079,7,False,1.0,0,0.0,1622078.0,82950553.0,0.297,0.28,0.24,0.3,0.195,0.24,0.096,0.08,,,,,0.185,-0.0572,-0.1919,0.0101,-0.3434,-0.1919,-0.6768,-0.7306,,,,,-0.3771
NPM,NPM.AX,NEWPEAK METALS LIMITED,Explorer,Gold | Rare Earths | Uranium | Vanadium | Scandium,2011-04-11,ok,True,False,-4,2011-04-15,2026-09-03,3892,11,True,0.01,1,0.0,2206.0,5299208.0,10.4454,10.8396,11.168,9.8542,6.241,3.6789,2.475,0.275,0.4,1.8,0.2,0.017,0.01,0.0377,0.0692,-0.0566,-0.4025,-0.6478,-0.7631,-0.9737,-0.9617,-0.8277,-0.9809,-0.9984,-0.999
NRX,NRX.AX,NORONEX LIMITED,Explorer,Copper | Uranium,2017-11-15,ok,True,False,0,2017-11-15,2026-09-03,2227,9,False,1.0,0,0.0,1106642.0,8419331.0,0.216,0.2054,0.172,0.1433,0.0956,0.1147,0.043,0.043,0.0277,0.015,,,0.014,-0.0491,-0.2037,-0.3366,-0.5574,-0.469,-0.8009,-0.8009,-0.8718,-0.9306,,,-0.9352
NSM,NSM.AX,NORTH STAWELL MINERALS LTD,Explorer,Gold,2020-09-24,ok,True,False,0,2020-09-24,2026-09-02,1503,8,False,1.0,0,0.0,1500028.0,8972910.0,0.429,0.4271,0.4921,0.4364,0.3993,0.2879,0.1439,0.0316,0.034,,,,0.02,-0.0044,0.1471,0.0172,-0.0692,-0.3289,-0.6646,-0.9263,-0.9207,,,,-0.9534
NST,NST.AX,NORTHERN STAR RESOURCES LTD,Producer,Gold,2003-12-17,ok,True,False,1,2003-12-16,2026-09-03,5755,11,False,1.05,1,2.705,682215.0,34964716221.0,0.1217,0.1207,0.1126,0.0965,0.0617,0.067,0.0724,0.0788,0.0141,0.2535,0.5141,6.889,23.08,-0.0082,-0.0748,-0.2071,-0.493,-0.4495,-0.4051,-0.3525,-0.8841,1.083,3.2243,55.6064,188.6467
NTM,NTM.AX,NT MINERALS LIMITED,Explorer,Gold | Copper | Iron,1993-12-22,ok,True,False,-9,1993-12-31,2026-09-02,8351,11,True,0.0001,6,0.0,0.0,,3454.6951,3454.6951,3454.6951,4119.0596,4119.0596,3986.1865,3056.0764,3122.5127,318.8949,584.6407,86.2928,3.0061,0.003,0.0,0.0,0.1923,0.1923,0.1538,-0.1154,-0.0962,-0.9077,-0.8308,-0.975,-0.9991,-1.0
NTU,NTU.AX,NORTHERN MINERALS LIMITED,Explorer,Rare Earths | Uranium,2006-11-15,ok,True,False,0,2006-11-15,2026-09-03,5008,11,False,1.0679,1,0.0,2348521.0,267358210.0,0.285,0.2776,0.2708,0.4739,1.1171,0.413,0.0745,0.1446,0.4265,0.2132,0.1357,0.058,0.026,-0.026,-0.0498,0.6628,2.9196,0.4491,-0.7386,-0.4926,0.4965,-0.2519,-0.5239,-0.7965,-0.9088
NVA,NVA.AX,NOVA MINERALS CORP,Explorer,Gold | Antimony,1987-06-11,no price near listing,False,False,-232,1988-01-29,2026-09-03,9896,7,True,0.0359,5,0.0,,293332746.0,,,,,,0.975,0.1114,0.1671,0.5293,0.4178,13.6493,2.6325,0.64,,,,,,,,,,,,
NVO,NVO.AX,NOVO RESOURCES CORP.,Explorer,Gold | Copper,2023-09-11,ok,True,False,0,2023-09-11,2026-09-03,756,6,False,1.0,0,0.0,1006427.0,31579984.0,0.232,0.225,0.215,0.16,0.17,0.099,0.1,,,,,,0.07,-0.0302,-0.0733,-0.3103,-0.2672,-0.5733,-0.569,,,,,,-0.6983
NWM,NWM.AX,NORWEST MINERALS LIMITED,Explorer,Gold | Silver | Copper | Nickel | Lead | Zinc | Rare Earths,2018-11-29,ok,True,False,0,2018-11-29,2026-09-02,1963,9,False,1.0,0,0.0,81990.0,13518862.0,0.1465,0.144,0.144,0.1609,0.2117,0.1634,0.0853,0.08,0.03,0.011,,,0.009,-0.0171,-0.0171,0.0983,0.4451,0.1154,-0.4177,-0.4539,-0.7952,-0.9249,,,-0.9386
NXM,NXM.AX,NEXUS MINERALS LIMITED,Explorer,Gold | Copper | Tin | Niobium Tantalum,2007-02-23,ok,True,False,0,2007-02-23,2026-09-03,4940,11,False,1.0,0,0.0,947315.0,34414298.0,0.2321,0.2123,0.1975,0.1778,0.1778,0.1778,0.0494,0.5432,0.1333,0.0405,0.0988,0.3259,0.061,-0.0853,-0.1491,-0.234,-0.234,-0.234,-0.7872,1.3404,-0.4257,-0.8255,-0.5743,0.4041,-0.7372
NYM,NYM.AX,NARRYER METALS LIMITED,Explorer,Copper | Nickel | Platinum Pgm | Iron | Rare Earths | Lithium | Cobalt | Vanadium | Scandium | Niobium Tantalum,2022-04-14,ok,True,False,0,2022-04-14,2026-09-02,1109,7,False,1.0,0,0.0,1048399.0,12252779.0,0.266,0.26,0.17,0.105,0.15,0.087,0.05,0.036,,,,,0.057,-0.0226,-0.3609,-0.6053,-0.4361,-0.6729,-0.812,-0.8647,,,,,-0.7857
OB1,OB1.AX,ORBMINCO LIMITED,Explorer,Gold | Copper | Nickel | Platinum Pgm | Lithium,2005-09-15,ok,True,False,1,2005-09-14,2026-09-02,5304,11,True,0.0,4,0.0,23.0,8274048.0,5409.2713,6343.3467,6831.2964,11710.7939,12268.4502,15684.0986,14359.6631,2927.6985,557.6569,97.5899,11.1531,0.4654,0.013,0.1727,0.2629,1.1649,1.268,1.8995,1.6546,-0.4588,-0.8969,-0.982,-0.9979,-0.9999,-1.0
OBM,OBM.AX,ORA BANDA MINING LTD,Producer,Gold | Copper | Nickel,2002-10-29,no price near listing,False,False,-1872,2007-12-14,2026-09-03,4734,3,True,0.0022,4,0.0,,3065391972.0,,,,,,,,,,21.6934,21.6934,1.7281,1.475,,,,,,,,,,,,
OBT,OBT.AX,ORBIT RESOURCES LIMITED,Explorer,Gold | Silver | Copper | Rare Earths,2019-12-18,ok,True,False,0,2019-12-18,2026-09-03,1698,8,False,1.0,0,0.0,391968.0,15274479.0,0.207,0.2588,0.214,0.1194,0.1692,0.2488,0.1393,0.0836,0.014,,,,0.017,0.2502,0.0338,-0.4232,-0.1826,0.2019,-0.3271,-0.5961,-0.9324,,,,-0.9179
OCN,OCN.AX,OCEANA METALS LIMITED,Explorer,Lithium,2022-07-01,ok,True,False,0,2022-07-01,2026-09-03,1058,7,False,1.0,0,0.0,694600.0,101220929.0,0.333,0.36,0.45,0.52,0.35,0.39,0.039,0.05,,,,,0.395,0.0811,0.3514,0.5616,0.0511,0.1712,-0.8829,-0.8498,,,,,0.1862
OCT,OCT.AX,OCTAVA MINERALS LIMITED,Explorer,Silver | Copper | Nickel | Platinum Pgm | Zinc | Rare Earths | Lithium | Antimony,2022-09-16,ok,True,False,0,2022-09-16,2026-09-03,1003,7,False,1.0,0,0.0,1632672.0,2509830.0,0.22,0.19,0.15,0.125,0.1,0.08,0.048,0.06,,,,,0.022,-0.1364,-0.3182,-0.4318,-0.5455,-0.6364,-0.7818,-0.7273,,,,,-0.9
OD6,OD6.AX,OD6 METALS LIMITED,Explorer,Copper | Zinc | Rare Earths,2022-06-22,ok,True,False,0,2022-06-22,2026-09-03,1065,7,False,1.0,0,0.0,822796.0,39806418.0,0.161,0.17,0.16,0.21,0.325,0.24,0.052,0.026,,,,,0.12,0.0559,-0.0062,0.3043,1.0186,0.4907,-0.677,-0.8385,,,,,-0.2547
ODE,ODE.AX,ODESSA MINERALS LIMITED,Explorer,Rare Earths | Lithium,1986-07-03,no price near listing,False,False,-575,1988-01-29,2026-09-03,9897,6,True,0.0,4,0.0,,37472365.0,,,,,,,2600.0,700.0,2100.0,1500.0,650.0,240.0,0.02,,,,,,,,,,,,
ODY,ODY.AX,ODYSSEY GOLD LTD,Explorer,Gold,2005-11-30,ok,True,False,0,2005-11-30,2026-09-03,5250,11,True,0.1,1,0.0098,101991.0,46623090.0,0.8431,0.8272,1.0499,1.7498,1.877,1.8452,1.1612,0.2068,0.2863,0.0795,0.0318,0.0324,0.033,-0.0189,0.2453,1.0754,1.2263,1.1886,0.3773,-0.7547,-0.6604,-0.9057,-0.9623,-0.9616,-0.9609
OKJ,OKJ.AX,OAKAJEE CORPORATION LIMITED,Explorer,Gold | Nickel,2008-06-11,ok,True,False,0,2008-06-11,2026-09-02,4613,11,False,1.0,0,0.0,56730.0,3932179.0,0.185,0.18,0.16,0.1,0.035,0.07,0.105,0.33,0.09,0.05,0.08,0.02,0.04,-0.027,-0.1351,-0.4595,-0.8108,-0.6216,-0.4324,0.7838,-0.5135,-0.7297,-0.5676,-0.8919,-0.7838
OLY,OLY.AX,OLYMPIO METALS LIMITED,Explorer,Gold | Silver | Copper | Lead | Zinc | Rare Earths | Lithium | Antimony,2017-09-12,ok,True,False,0,2017-09-12,2026-09-03,2273,9,True,0.0063,1,0.0,8752.0,7583954.0,23.84,24.0,16.8,15.84,8.48,4.16,9.6,4.96,0.15,0.033,,,0.039,0.0067,-0.2953,-0.3356,-0.6443,-0.8255,-0.5973,-0.7919,-0.9937,-0.9986,,,-0.9984
OM1,OM1.AX,OMNIA METALS GROUP LTD,Explorer,Gold | Copper | Nickel | Platinum Pgm | Lithium,2022-03-02,ok,True,False,0,2022-03-02,2026-09-02,1140,7,False,1.0,0,0.0,562669.0,5289646.0,0.177,0.165,0.18,0.15,0.15,0.265,0.078,0.078,,,,,0.013,-0.0678,0.0169,-0.1525,-0.1525,0.4972,-0.5593,-0.5593,,,,,-0.9266
OMH,OMH.AX,OM HOLDINGS LIMITED,Producer,Manganese,1998-03-12,no price near listing,False,False,-19,1998-03-31,2026-09-02,7226,10,False,2.0,1,0.3011,,168576496.0,,,0.1449,0.137,0.1001,0.1191,0.0835,0.045,0.0613,0.5715,0.9333,0.2832,0.205,,,,,,,,,,,,
OMX,OMX.AX,ORANGE MINERALS NL,Explorer,Gold | Silver | Copper,2021-12-08,ok,True,False,0,2021-12-08,2026-09-03,1197,7,False,1.0,0,0.0,827157.0,12092598.0,0.19,0.17,0.175,0.125,0.13,0.062,0.035,0.035,,,,,0.065,-0.1053,-0.0789,-0.3421,-0.3158,-0.6737,-0.8158,-0.8158,,,,,-0.6579
OR3,OR3.AX,ORE RESOURCES LIMITED,Explorer,Gold | Copper | Nickel | Zinc | Lithium | Cobalt,2011-09-01,ok,True,False,0,2011-09-01,2026-09-02,3797,11,False,1.0,0,0.0,18418.0,74470589.0,0.266,0.26,0.25,0.28,0.3,0.36,0.1,0.042,0.09,0.13,0.155,0.083,0.08,-0.0226,-0.0602,0.0526,0.1278,0.3534,-0.6241,-0.8421,-0.6617,-0.5113,-0.4173,-0.688,-0.6992
ORD,ORD.AX,ORDELL MINERALS LIMITED,Explorer,Gold | Nickel | Lithium,2024-07-19,ok,True,False,0,2024-07-19,2026-09-03,540,6,False,1.0,0,0.0,566934.0,40842567.0,0.217,0.27,0.245,0.24,0.295,0.385,0.475,,,,,,0.49,0.2442,0.129,0.106,0.3594,0.7742,1.1889,,,,,,1.2581
ORE,ORE.AX,OREZONE GOLD CORPORATION,Producer,Gold,2025-08-08,ok,True,False,0,2025-08-08,2026-09-03,273,5,False,1.0,0,0.0,288734.0,1917455581.0,1.206,1.24,1.265,1.375,2.89,2.7,,,,,,,2.75,0.0282,0.0489,0.1401,1.3964,1.2388,,,,,,,1.2803
ORN,ORN.AX,ORION MINERALS LTD,Explorer,Gold | Silver | Copper | Nickel | Platinum Pgm | Zinc | Rare Earths | Lithium | Tungsten | Cobalt,2003-10-31,ok,True,False,1,2003-10-30,2026-09-03,5788,11,True,0.025,1,0.0,23721.0,205950748.0,12.5096,12.8887,12.6992,15.7318,10.6142,7.5816,8.4,26.2,1.6,0.88,0.1,0.029,0.022,0.0303,0.0152,0.2576,-0.1515,-0.3939,-0.3285,1.0944,-0.8721,-0.9297,-0.992,-0.9977,-0.9982
ORP,ORP.AX,ORPHEUS URANIUM LIMITED,Explorer,Gold | Copper | Nickel | Zinc | Lithium | Uranium,1986-01-23,no price near listing,False,False,-736,1988-01-29,2026-09-03,9751,6,True,0.0001,3,0.0,,55908108.0,,,,,,,9.4283,12.2568,5.657,22.6279,16.0281,40.407,0.135,,,,,,,,,,,,
OSM,OSM.AX,OSMOND RESOURCES LIMITED,Explorer,Gold | Copper | Nickel | Platinum Pgm | Rare Earths | Uranium,2022-04-22,ok,True,False,0,2022-04-22,2026-09-03,1106,7,False,1.0,0,0.0,539192.0,92017145.0,0.2103,0.2007,0.1912,0.2199,0.1816,0.1529,0.065,0.475,,,,,0.64,-0.0456,-0.0908,0.0456,-0.1365,-0.2729,-0.6909,1.2587,,,,,2.0433
OZM,OZM.AX,OZAURUM RESOURCES LIMITED,Explorer,Gold | Rare Earths | Lithium | Niobium Tantalum,2021-02-08,ok,True,False,0,2021-02-08,2026-09-03,1411,8,False,1.0,0,0.0,1718380.0,25247563.0,0.225,0.205,0.19,0.15,0.14,0.12,0.074,0.065,0.1,,,,0.085,-0.0889,-0.1556,-0.3333,-0.3778,-0.4667,-0.6711,-0.7111,-0.5556,,,,-0.6222
OZZ,OZZ.AX,OZZ RESOURCES LIMITED,Explorer,Gold,2021-07-05,ok,True,False,0,2021-07-05,2026-09-03,1309,8,False,1.0,0,0.0,1311570.0,9603565.0,0.1567,0.153,0.1484,0.1577,0.1182,0.0825,0.115,0.055,0.0517,,,,0.033,-0.0236,-0.053,0.0064,-0.2457,-0.4735,-0.2661,-0.649,-0.6701,,,,-0.7894
PAT,PAT.AX,PATRIOT RESOURCES LIMITED,Explorer,Gold | Silver | Copper | Lithium | Cobalt,2022-12-09,ok,True,False,0,2022-12-09,2026-09-03,944,7,False,1.0,0,0.0,2251415.0,16711040.0,0.305,0.29,0.31,0.315,0.29,0.19,0.043,0.057,,,,,0.049,-0.0492,0.0164,0.0328,-0.0492,-0.377,-0.859,-0.8131,,,,,-0.8393
PBL,PBL.AX,PARABELLUM RESOURCES LIMITED,Explorer,Gold | Copper | Nickel | Cobalt,2021-11-29,ok,True,False,0,2021-11-29,2026-09-02,1203,7,False,1.0,0,0.0,750334.0,3738000.0,0.209,0.235,0.2,0.18,0.2,0.44,0.345,0.05,,,,,0.06,0.1244,-0.0431,-0.1388,-0.0431,1.1053,0.6507,-0.7608,,,,,-0.7129
PC2,PC2.AX,PC GOLD LTD,Unknown,Gold,2025-10-21,ok,True,False,0,2025-10-21,2026-09-03,221,4,False,1.0,0,0.0,2929150.0,351176246.0,0.261,0.23,0.225,0.44,1.21,,,,,,,,1.09,-0.1188,-0.1379,0.6858,3.636,,,,,,,,3.1762
PDIDB,PDIDB.AX,PREDICTIVE DISCOVERY LIMITED,Explorer,Gold,2010-12-01,no price near listing,False,False,-5747,2026-08-26,2026-09-03,7,0,True,0.2,1,0.0,,,,,,,,,,,,,,,4.42,,,,,,,,,,,,
PEC,PEC.AX,PERPETUAL RESOURCES LIMITED,Explorer,Rare Earths | Lithium | Tin | Niobium Tantalum | Silica,2013-02-28,ok,True,False,-5,2013-03-05,2026-09-03,3419,10,False,1.0,0,0.0,12066.0,16259012.0,0.217,0.22,0.2,0.2,0.185,0.052,0.055,0.05,0.026,0.037,0.023,,0.013,0.0138,-0.0783,-0.0783,-0.1475,-0.7604,-0.7465,-0.7696,-0.8802,-0.8295,-0.894,,-0.9401
PFE,PFE.AX,PANTERA MINERALS LIMITED,Explorer,Lithium,2021-08-05,ok,True,False,0,2021-08-05,2026-09-03,1286,8,False,1.0,0,0.0,9639781.0,7638060.0,0.367,0.375,0.375,0.26,0.195,0.13,0.075,0.026,0.016,,,,0.015,0.0218,0.0218,-0.2916,-0.4687,-0.6458,-0.7956,-0.9292,-0.9564,,,,-0.9591
PGD,PGD.AX,PEREGRINE GOLD LTD,Explorer,Gold | Silver | Iron | Lithium,2021-03-31,ok,True,False,0,2021-03-31,2026-09-03,1374,8,False,1.0,0,0.0,754092.0,16303421.0,0.2768,0.267,0.2966,0.3856,0.3263,0.4944,0.4,0.225,0.135,,,,0.16,-0.0354,0.0715,0.3931,0.1788,0.7861,0.4451,-0.1871,-0.5123,,,,-0.422
PGL,PGL.AX,PILBARA GOLD LIMITED,Explorer,Gold | Nickel | Rare Earths | Lithium,1973-05-30,no price near listing,False,False,-5357,1988-01-29,2026-09-03,9897,1,True,0.0,12,0.0,,131048976.0,,,,,,,,,,,,8632.3486,0.52,,,,,,,,,,,,
PGM,PGM.AX,PLATINA RESOURCES LIMITED,Explorer,Gold | Platinum Pgm | Zinc,2006-05-29,ok,True,False,3,2006-05-26,2026-09-03,5130,11,False,1.0,0,0.0,1126969.0,18645002.0,0.1907,0.187,0.1688,0.1414,0.2737,0.7025,0.5071,0.2489,0.3026,0.0293,0.036,0.061,0.024,-0.0194,-0.1148,-0.2585,0.4352,2.6838,1.6592,0.3052,0.5868,-0.8464,-0.8112,-0.6801,-0.8741
PHO,PHO.AX,PHOSCO LTD,Explorer,Gold | Lead | Zinc | Phosphate,2009-12-17,ok,True,False,0,2009-12-17,2026-09-02,4224,11,True,0.015,2,0.0,2132.0,81119501.0,8.4491,8.3509,8.8421,7.3684,4.4211,18.421,9.8246,11.0526,0.6,1.0,0.11,0.071,0.145,-0.0116,0.0465,-0.1279,-0.4767,1.1802,0.1628,0.3081,-0.929,-0.8816,-0.987,-0.9916,-0.9828
PIM,PIM.AX,PINNACLE MINERALS LIMITED,Explorer,Rare Earths | Lithium | Uranium,2022-03-23,ok,True,False,0,2022-03-23,2026-09-02,1125,7,False,1.0,0,0.0,946111.0,4272146.0,0.225,0.22,0.185,0.145,0.16,0.11,0.084,0.04,,,,,0.036,-0.0222,-0.1778,-0.3556,-0.2889,-0.5111,-0.6267,-0.8222,,,,,-0.84
PKO,PKO.AX,PEAKO LIMITED,Explorer,Gold | Rare Earths | Lithium,2009-12-02,ok,True,False,0,2009-12-02,2026-09-03,4236,11,True,0.05,1,0.0,70144.0,17064920.0,9.5053,9.1122,9.2909,5.5388,5.1815,4.3774,1.9654,0.3216,0.0715,0.0179,0.0224,0.003,0.011,-0.0414,-0.0226,-0.4173,-0.4549,-0.5395,-0.7932,-0.9662,-0.9925,-0.9981,-0.9976,-0.9997,-0.9988
PL3,PL3.AX,PATAGONIA LITHIUM LTD,Explorer,Rare Earths | Lithium | Niobium Tantalum,2023-03-31,ok,True,False,0,2023-03-31,2026-09-03,868,7,False,1.0,0,0.0,2027873.0,28927865.0,0.207,0.205,0.18,0.185,0.12,0.13,0.068,0.215,,,,,0.17,-0.0097,-0.1304,-0.1063,-0.4203,-0.372,-0.6715,0.0386,,,,,-0.1787
PL9,PL9.AX,PRAIRIE LITHIUM LIMITED,Developer,Lithium,1971-07-08,no price near listing,False,False,-6049,1988-01-29,2026-09-03,9897,0,True,0.0,8,0.0,,34681887.0,,,,,,,,,,,,,0.006,,,,,,,,,,,,
PLA,PLA.AX,PACIFIC LIME AND CEMENT LIMITED,Explorer,Iron | Coal | Mineral Sands,2017-09-21,ok,True,False,0,2017-09-21,2026-09-03,2266,9,False,1.0,0,0.0,759042.0,,0.468,0.49,0.59,1.0,0.92,0.69,0.45,0.4,0.14,0.3,,,0.38,0.047,0.2607,1.1368,0.9658,0.4744,-0.0385,-0.1453,-0.7009,-0.359,,,-0.188
PLC,PLC.AX,PLC RESOURCES LIMITED,Explorer,Gold | Copper | Lithium,2022-02-11,ok,True,False,0,2022-02-11,2026-09-02,1153,7,False,1.0,0,0.0,66487.0,9387933.0,0.764,0.8,0.73,0.7,0.535,0.35,0.046,0.008,,,,,0.007,0.0471,-0.0445,-0.0838,-0.2997,-0.5419,-0.9398,-0.9895,,,,,-0.9908
PLG,PLG.AX,PEARL GULL IRON LIMITED,Explorer,Iron,2021-09-20,ok,True,False,0,2021-09-20,2026-09-02,1253,7,False,1.0,0,0.0,1025050.0,,0.1592,0.1619,0.1291,0.0639,0.0691,0.0245,0.026,0.014,,,,,0.031,0.017,-0.1891,-0.5986,-0.566,-0.8461,-0.8367,-0.9121,,,,,-0.8053
PLS,PLS.AX,PLS GROUP LIMITED,Producer,Lithium,2007-09-19,ok,True,False,0,2007-09-19,2026-09-03,4796,11,True,0.2,1,0.3,356175.0,16575417578.0,0.6195,0.6108,0.4188,0.2923,0.1527,0.1745,0.1745,0.0654,0.0166,0.0209,0.5104,4.393,5.315,-0.014,-0.324,-0.5282,-0.7535,-0.7183,-0.7183,-0.8944,-0.9732,-0.9663,-0.1761,6.0912,7.5795
PM1,PM1.AX,PALISADE METALS LTD,Explorer,Diamond | Lithium,2021-09-23,ok,True,False,0,2021-09-23,2026-09-03,1251,7,False,1.0,0,0.0,1246033.0,15863994.0,0.215,0.25,0.37,0.46,0.63,1.745,2.19,0.185,,,,,0.052,0.1628,0.7209,1.1395,1.9302,7.1163,9.186,-0.1395,,,,,-0.7581
PMM,PMM.AX,PIONEER MINERALS LIMITED,Explorer,Rare Earths | Lithium | Uranium,2023-09-28,ok,True,False,0,2023-09-28,2026-09-02,742,6,False,1.0,0,0.0,789945.0,11234404.0,0.376,0.36,0.27,0.19,0.14,0.15,0.175,,,,,,0.16,-0.0426,-0.2819,-0.4947,-0.6277,-0.6011,-0.5346,,,,,,-0.5745
PMT,PMT.AX,PMET RESOURCES INC.,Explorer,Gold | Silver | Copper | Lithium | Niobium Tantalum,2022-12-07,ok,True,False,0,2022-12-07,2026-09-03,946,7,False,1.0,0,0.0,4618195.0,976199705.0,1.201,0.95,0.74,1.5,1.745,1.06,0.315,0.51,,,,,0.5,-0.209,-0.3838,0.249,0.453,-0.1174,-0.7377,-0.5754,,,,,-0.5837
PNN,PNN.AX,POWER MINERALS LIMITED,Explorer,Gold | Copper | Nickel | Platinum Pgm | Rare Earths | Lithium | Cobalt | Niobium Tantalum,2005-04-15,ok,True,False,1,2005-04-14,2026-09-02,5411,11,True,0.01,1,3.7369,10388.0,70034247.0,12.2147,15.3577,14.6434,19.6436,24.6438,31.7869,195.0071,54.1852,14.9476,5.3811,0.8969,0.1778,0.16,0.2573,0.1988,0.6082,1.0176,1.6023,14.965,3.4361,0.2237,-0.5595,-0.9266,-0.9854,-0.9869
PNR,PNR.AX,PANTORO GOLD LIMITED,Producer,Gold,1987-05-21,no price near listing,False,False,-1289,1990-11-30,2026-09-03,8776,4,True,0.0009,5,0.0,,978214898.0,,,,,,,,,18.327,27.4905,14.4,4.32,2.71,,,,,,,,,,,,
PNT,PNT.AX,PANTHER METALS LTD,Explorer,Gold | Nickel | Cobalt,2021-12-10,ok,True,False,0,2021-12-10,2026-09-03,1195,7,False,1.0,0,0.0,559664.0,2450236.0,0.1851,0.1653,0.1842,0.2172,0.1842,0.1983,0.06,0.014,,,,,0.005,-0.107,-0.0049,0.1734,-0.0049,0.0713,-0.6759,-0.9244,,,,,-0.973
POD,POD.AX,PODIUM MINERALS LIMITED,Explorer,Gold | Copper | Nickel | Platinum Pgm | Cobalt,2018-02-28,ok,True,False,15,2018-02-13,2026-09-03,2167,9,False,1.0,0,0.0,488360.0,34026111.0,0.1013,0.0854,0.0747,0.0889,0.0405,0.0398,0.0315,0.1484,0.0975,0.035,,,0.033,-0.157,-0.2626,-0.1224,-0.6002,-0.6071,-0.689,0.465,-0.0375,-0.6545,,,-0.6742
POL,POL.AX,POLYMETALS RESOURCES LTD,Explorer,Gold,2021-06-29,ok,True,False,0,2021-06-29,2026-09-03,1313,8,False,1.0,0,0.0,414308.0,320438224.0,0.157,0.14,0.145,0.12,0.155,0.089,0.36,0.25,0.75,,,,0.962,-0.1083,-0.0764,-0.2357,-0.0127,-0.4331,1.293,0.5924,3.7771,,,,5.1274
PR1,PR1.AX,PURE RESOURCES LIMITED,Explorer,Gold | Copper | Nickel | Lithium,2022-04-21,ok,True,False,0,2022-04-21,2026-09-03,1107,7,False,1.0,0,0.0,400057.0,18606413.0,0.2185,0.215,0.21,0.23,0.25,0.18,0.105,0.085,,,,,0.375,-0.016,-0.0389,0.0526,0.1442,-0.1762,-0.5195,-0.611,,,,,0.7162
PRG,PRG.AX,PRL GLOBAL LTD,Producer,Phosphate,1987-07-24,no price near listing,False,False,-189,1988-01-29,2026-09-03,9751,8,False,1.0,2,0.86,,,,,,,0.6063,0.5305,0.5153,0.5557,0.4547,0.3537,0.1263,0.1869,1.47,,,,,,,,,,,,
PRN,PRN.AX,PERENTI LIMITED,Producer,Diamond,1994-01-06,no price near listing,False,False,-25,1994-01-31,2026-09-03,8330,10,False,1.0063,1,1.821,,2224824895.0,,,0.4071,0.3471,0.3055,0.2278,0.222,0.5881,0.1398,0.0524,0.2915,0.4183,2.33,,,,,,,,,,,,
PRU,PRU.AX,PERSEUS MINING LIMITED,Producer,Gold,2004-09-22,ok,True,False,1,2004-09-21,2026-09-03,5555,11,False,1.0,0,0.2499,109840.0,8135316052.0,0.1516,0.1525,0.1575,0.1525,0.144,0.2115,0.3768,1.2965,1.1162,3.4655,0.2925,0.6595,6.68,0.0059,0.0389,0.0059,-0.0501,0.3951,1.4855,7.5521,6.3628,21.8595,0.9294,3.3503,43.0633
PRX,PRX.AX,PRODIGY GOLD NL,Explorer,Gold,1986-08-21,no price near listing,False,False,-526,1988-01-29,2026-09-03,9751,6,True,0.0007,3,0.0,,21236882.0,,,,,,,3.4243,1.3697,0.2739,3.4243,5.3419,31.1534,0.056,,,,,,,,,,,,
PSC,PSC.AX,PROSPECT RESOURCES LIMITED,Explorer,Copper | Lithium,2009-12-04,ok,True,False,0,2009-12-04,2026-09-03,4234,11,True,0.1,1,0.96,84647.0,166547525.0,0.0801,0.0757,0.0844,0.0649,0.1623,0.0974,0.0628,0.0039,0.0022,0.0107,0.0058,0.098,0.215,-0.0549,0.0537,-0.1898,1.0262,0.216,-0.216,-0.9513,-0.9725,-0.8664,-0.9276,0.2235,1.6841
PSL,PSL.AX,PATERSON RESOURCES LTD,Explorer,Gold | Copper,2006-10-18,ok,True,False,77,2006-08-02,2026-09-02,5082,11,True,0.0007,3,0.0,387.0,22089651.0,145.2682,113.4908,186.1249,154.3475,140.7286,131.6494,45.3963,36.3171,25.4219,11.803,0.3813,0.0465,0.04,-0.2187,0.2813,0.0625,-0.0312,-0.0937,-0.6875,-0.75,-0.825,-0.9188,-0.9974,-0.9997,-0.9997
PTN,PTN.AX,PATRONUS RESOURCES LIMITED,Developer,Gold | Silver | Copper | Lead | Zinc | Uranium,2013-10-02,ok,True,False,0,2013-10-02,2026-09-03,3272,10,False,1.0,0,0.0,55634.0,79880678.0,0.2385,0.2602,0.2516,0.2689,0.2342,0.1198,0.0829,0.2138,0.0978,0.1878,0.039,,0.054,0.091,0.0549,0.1275,-0.018,-0.4977,-0.6524,-0.1036,-0.5899,-0.2126,-0.8365,,-0.7736
PTR,PTR.AX,PTR MINERALS LTD,Explorer,Gold | Copper | Iron | Rare Earths,2004-07-27,ok,True,False,1,2004-07-26,2026-09-03,5596,11,True,0.05,2,0.0,49157.0,43479125.0,2.9116,2.7296,2.7865,4.4925,4.2082,3.412,3.2983,11.4872,3.2414,1.8198,0.0975,0.035,0.12,-0.0625,-0.043,0.543,0.4453,0.1719,0.1328,2.9453,0.1133,-0.375,-0.9665,-0.988,-0.9588
PUR,PUR.AX,PURSUIT MINERALS LTD,Explorer,Lithium,2008-09-10,ok,True,False,0,2008-09-10,2026-09-03,4549,11,True,0.0,5,0.0,3.0,24367041.0,5482.1274,5139.4946,4282.9121,3854.6208,3426.3296,2455.5361,13670.625,7456.7046,1335.9929,62.1392,2.3756,0.45,0.089,-0.0625,-0.2187,-0.2969,-0.375,-0.5521,1.4937,0.3602,-0.7563,-0.9887,-0.9996,-0.9999,-1.0
PVT,PVT.AX,PIVOTAL METALS LIMITED,Explorer,Copper | Nickel | Platinum Pgm,2018-07-26,ok,True,False,0,2018-07-26,2026-09-03,2054,9,False,1.0,0,0.0,1222992.0,19726432.0,0.196,0.18,0.185,0.15,0.082,0.195,0.095,0.095,0.02,0.012,,,0.021,-0.0816,-0.0561,-0.2347,-0.5816,-0.0051,-0.5153,-0.5153,-0.898,-0.9388,,,-0.8929
PXX,PXX.AX,POLARX LIMITED,Explorer,Gold | Silver | Copper,2012-12-21,no price near listing,False,False,-25,2013-01-15,2026-09-03,3453,9,True,0.2,1,0.0,,46325327.0,,,1.8341,1.0377,0.5309,0.2896,0.0676,0.1448,0.111,0.0557,0.015,,0.02,,,,,,,,,,,,
QEM,QEM.AX,QEM LIMITED,Explorer,Vanadium,2018-10-19,ok,True,False,0,2018-10-19,2026-09-03,1993,9,False,1.0,0,0.0,304282.0,7247007.0,0.167,0.165,0.16,0.11,0.11,0.105,0.11,0.175,0.2,0.02,,,0.016,-0.012,-0.0419,-0.3413,-0.3413,-0.3713,-0.3413,0.0479,0.1976,-0.8802,,,-0.9042
QGL,QGL.AX,QUANTUM GRAPHITE LIMITED,Explorer,Graphite,2014-01-06,ok,True,False,0,2014-01-06,2026-09-02,3206,10,True,0.0286,1,0.0,28925.0,112187004.0,7.8751,11.0252,8.2251,14.3502,14.5252,17.3253,4.0251,4.0251,0.07,0.051,0.63,,0.335,0.4,0.0444,0.8222,0.8444,1.2,-0.4889,-0.4889,-0.9911,-0.9935,-0.92,,-0.9575
QML,QML.AX,QMINES LIMITED,Explorer,Gold | Silver | Copper | Zinc,2021-05-06,ok,True,False,0,2021-05-06,2026-09-03,1350,8,False,1.0,0,0.0,812355.0,50179446.0,0.278,0.28,0.38,0.355,0.38,0.28,0.135,0.061,0.058,,,,0.066,0.0072,0.3669,0.277,0.3669,0.0072,-0.5144,-0.7806,-0.7914,,,,-0.7626
QXR,QXR.AX,QX RESOURCES LIMITED,Explorer,Gold | Copper | Nickel | Molybdenum | Iron | Lithium | Uranium | Cobalt,2011-02-17,ok,True,False,0,2011-02-17,2026-09-03,3932,11,True,0.1,1,0.0,30514.0,9713985.0,1.073,1.0641,0.8868,0.8868,0.909,0.9755,0.8203,0.4434,0.044,0.0147,0.021,0.005,0.004,-0.0083,-0.1735,-0.1735,-0.1528,-0.0909,-0.2355,-0.5868,-0.959,-0.9863,-0.9804,-0.9953,-0.9963
R8R,R8R.AX,REGENER8 RESOURCES NL,Explorer,Gold | Silver | Copper | Lead | Zinc | Rare Earths | Lithium,2022-07-08,ok,True,False,0,2022-07-08,2026-09-03,1053,7,False,1.0,0,0.0,352656.0,12248114.0,0.174,0.165,0.16,0.155,0.165,0.175,0.1,0.135,,,,,0.12,-0.0517,-0.0805,-0.1092,-0.0517,0.0057,-0.4253,-0.2241,,,,,-0.3103
RAG,RAG.AX,RAGNAR METALS LIMITED,Explorer,Gold | Silver | Copper | Nickel | Rare Earths | Lithium,2005-03-31,ok,True,False,1,2005-03-30,2026-09-03,5423,11,True,0.0013,2,0.0,255.0,12212234.0,99.8751,98.2814,82.3439,79.6876,77.0314,127.5002,85.0001,79.6876,106.2502,135.4689,3.7188,0.0143,0.024,-0.016,-0.1755,-0.2021,-0.2287,0.2766,-0.1489,-0.2021,0.0638,0.3564,-0.9628,-0.9999,-0.9998
RAP,RAP.AX,RAPTOR METALS LTD,Explorer,Gold | Silver | Copper | Lead | Zinc | Cobalt,2021-10-25,ok,True,False,0,2021-10-25,2026-09-03,1229,7,True,0.5,1,0.0,1568851.0,16678428.0,0.2369,0.2419,0.2369,0.2419,0.2122,0.1234,0.032,0.022,,,,,0.028,0.0211,0.0,0.0211,-0.1043,-0.4791,-0.8649,-0.9071,,,,,-0.8818
RAS,RAS.AX,RAGUSA MINERALS LTD,Explorer,Gold | Lithium,2010-07-13,no price near listing,False,False,-175,2011-01-04,2026-09-02,3962,8,False,1.0,0,0.0077,,3369379.0,,,,,0.8757,0.6244,0.1523,0.1904,0.0271,0.0271,0.0565,0.014,0.017,,,,,,,,,,,,
RAU,RAU.AX,RESOURO STRATEGIC METALS INC.,Explorer,Gold | Rare Earths,2024-06-14,ok,True,False,0,2024-06-14,2026-09-03,565,6,False,1.0,0,0.0,520737.0,30270814.0,0.603,0.5,0.475,0.39,0.24,0.17,0.325,,,,,,0.3,-0.1708,-0.2123,-0.3532,-0.602,-0.7181,-0.461,,,,,,-0.5025
RB6,RB6.AX,RUBIX RESOURCES LIMITED,Explorer,Gold | Copper | Nickel | Platinum Pgm | Lead | Zinc | Lithium | Cobalt,2021-12-23,ok,True,False,-6,2021-12-29,2026-09-03,1184,7,False,1.0,0,0.0,344890.0,8603000.0,0.202,0.2,0.225,0.175,0.145,0.13,0.09,0.075,,,,,0.14,-0.0099,0.1139,-0.1337,-0.2822,-0.3564,-0.5545,-0.6287,,,,,-0.3069
RBX,RBX.AX,RESOURCE BASE LIMITED.,Explorer,Gold | Rare Earths,2021-07-12,ok,True,False,0,2021-07-12,2026-09-02,1303,8,False,1.0,0,0.0,1010889.0,3757981.0,0.169,0.18,0.17,0.2,0.175,0.105,0.15,0.037,0.027,,,,0.024,0.0651,0.0059,0.1834,0.0355,-0.3787,-0.1124,-0.7811,-0.8402,,,,-0.858
RC1,RC1.AX,REDCASTLE RESOURCES LIMITED,Explorer,Gold,2003-03-21,ok,True,False,-3,2003-03-24,2026-09-03,5946,11,True,0.0003,4,0.0,4.0,12809351.0,2840.8522,2858.0002,2886.5803,2858.0002,3858.3003,4086.9404,2000.6002,714.5001,62.876,1257.5201,3.1438,0.9146,0.091,0.006,0.0161,0.006,0.3581,0.4386,-0.2958,-0.7485,-0.9779,-0.5573,-0.9989,-0.9997,-1.0
RCM,RCM.AX,RAPID CRITICAL METALS LIMITED,Explorer,Copper | Nickel | Lithium,2021-12-15,no price near listing,False,False,-14,2021-12-29,2026-09-03,1184,7,True,0.0833,1,0.0,,37076834.0,,1.3092,1.5031,1.3576,0.9213,0.6206,0.3112,0.0519,,,,,0.031,,,,,,,,,,,,
RCR,RCR.AX,RINCON RESOURCES LIMITED,Explorer,Gold | Copper,2020-12-21,ok,True,False,0,2020-12-21,2026-09-03,1442,8,False,1.0,0,0.0,982619.0,8877895.0,0.305,0.34,0.33,0.25,0.26,0.125,0.088,0.027,0.016,,,,0.016,0.1148,0.082,-0.1803,-0.1475,-0.5902,-0.7115,-0.9115,-0.9475,,,,-0.9475
RDM,RDM.AX,RED METAL LIMITED,Explorer,Gold | Silver | Copper | Nickel | Lead | Zinc | Rare Earths | Lithium | Cobalt,2003-10-27,ok,True,False,3,2003-10-24,2026-09-03,5792,11,False,1.0,0,0.0,2703502.0,50432802.0,0.3229,0.3545,0.2827,0.3066,0.2204,0.1725,0.2395,0.2587,0.1054,0.1485,0.1361,0.0993,0.14,0.0979,-0.1245,-0.0505,-0.3174,-0.4658,-0.2583,-0.1988,-0.6736,-0.5401,-0.5785,-0.6925,-0.5664
RDN,RDN.AX,RAIDEN RESOURCES LIMITED,Explorer,Gold | Copper | Nickel | Lithium | Cobalt,1987-03-12,no price near listing,False,False,-323,1988-01-29,2026-09-03,8144,6,True,0.0,5,0.0,,10352674.0,,,,,,21313.4082,7522.3789,13791.0283,7522.3789,41373.0859,26077.5801,,0.003,,,,,,,,,,,,
RDS,RDS.AX,REDSTONE RESOURCES LIMITED,Explorer,Copper | Nickel | Cobalt,2006-08-03,ok,True,False,44,2006-06-20,2026-09-02,5113,11,False,1.0,0,0.0,793343.0,3914945.0,0.4108,0.8164,0.5758,0.5586,0.7605,1.0141,0.3008,0.0773,0.2922,0.0481,0.0106,0.012,0.003,0.9873,0.4017,0.3598,0.8513,1.4686,-0.2678,-0.8118,-0.2887,-0.8829,-0.9742,-0.9708,-0.9927
REC,REC.AX,RECHARGE METALS LIMITED,Explorer,Gold | Copper | Lithium | Uranium,2021-10-11,ok,True,False,0,2021-10-11,2026-09-02,1238,7,False,1.0,0,0.0,935673.0,25754985.0,0.179,0.17,0.145,0.215,0.48,0.145,0.145,0.034,,,,,0.023,-0.0503,-0.1899,0.2011,1.6816,-0.1899,-0.1899,-0.8101,,,,,-0.8715
REE,REE.AX,RAREX LIMITED,Explorer,Rare Earths | Scandium | Niobium Tantalum,2007-07-11,ok,True,False,6,2007-07-05,2026-09-03,4850,11,True,0.04,1,0.0,139059.0,14598605.0,1.0044,0.9696,0.7956,0.8453,0.9945,0.5967,0.6496,0.6226,0.1172,0.041,0.1,0.06,0.014,-0.0346,-0.2079,-0.1584,-0.0099,-0.4059,-0.3532,-0.3801,-0.8833,-0.9592,-0.9004,-0.9403,-0.9861
REZ,REZ.AX,RESOURCES & ENERGY GROUP LIMITED,Explorer,Gold | Silver,2005-03-11,ok,True,False,1,2005-03-10,2026-09-03,5435,11,True,0.2,1,0.0,50089.0,11151328.0,0.7916,0.75,0.6666,0.625,0.625,0.3542,0.375,0.1292,0.16,0.09,0.07,0.014,0.008,-0.0526,-0.1579,-0.2105,-0.2105,-0.5526,-0.5263,-0.8368,-0.7979,-0.8863,-0.9116,-0.9823,-0.9899
RGL,RGL.AX,RIVERSGOLD LIMITED,Explorer,Gold | Copper | Nickel | Iron | Lithium | Uranium | Cobalt,2017-10-10,ok,True,False,0,2017-10-10,2026-09-03,2253,9,False,1.0,0,0.0,139984.0,27622051.0,0.1635,0.1603,0.1563,0.1162,0.1282,0.0761,0.0104,0.058,0.049,0.005,,,0.013,-0.0196,-0.044,-0.2893,-0.2159,-0.5346,-0.9364,-0.6453,-0.7003,-0.9694,,,-0.9205
RHI,RHI.AX,RED HILL MINERALS LIMITED,Producer,Gold | Copper | Iron | Uranium,2006-02-14,ok,True,False,1,2006-02-13,2026-09-02,5200,11,False,1.0,0,3.811,1053709.0,294811197.0,0.2064,0.1915,0.205,0.4055,0.4776,0.7209,1.915,0.6533,1.2256,0.4731,0.1805,0.1821,4.55,-0.0722,-0.0068,0.9646,1.314,2.4927,8.2781,2.1652,4.938,1.2922,-0.1255,-0.1177,21.0446
RIE,RIE.AX,RIEDEL RESOURCES LIMITED,Explorer,Gold | Silver,2011-01-31,ok,True,False,0,2011-01-31,2026-09-02,3944,11,True,0.025,1,0.0,4644.0,9454298.0,6.8968,6.821,5.3053,4.9263,4.5474,3.7895,2.6526,0.7579,0.4926,3.68,0.8,0.045,0.017,-0.011,-0.2308,-0.2857,-0.3407,-0.4505,-0.6154,-0.8901,-0.9286,-0.4664,-0.884,-0.9935,-0.9975
RIL,RIL.AX,REDIVIUM LIMITED,Explorer,,2003-12-05,ok,True,False,1,2003-12-04,2026-09-01,5761,11,False,1.0,1,0.0,296479.0,,0.1888,0.1878,0.2075,0.2471,0.1631,0.1779,0.1038,0.3607,0.0603,0.2224,0.0059,0.0128,0.004,-0.0053,0.099,0.3088,-0.1361,-0.0577,-0.4502,0.9105,-0.6806,0.178,-0.9688,-0.9322,-0.9788
RIM,RIM.AX,RIMFIRE PACIFIC MINING LIMITED,Explorer,Gold | Copper | Nickel | Platinum Pgm | Lead | Cobalt | Scandium,1997-03-04,no price near listing,False,False,-23,1997-03-27,2026-09-03,7507,10,False,1.0,0,0.0,,35989666.0,,,0.1609,0.144,0.1313,0.0635,0.0974,0.2626,0.0695,0.0323,0.0254,0.031,0.011,,,,,,,,,,,,
RIO,RIO.AX,RIO TINTO LIMITED,Producer,Gold | Silver | Copper | Molybdenum | Iron | Lithium | Bauxite Alumina,1962-09-19,no price near listing,False,False,-9263,1988-01-29,2026-09-03,9896,0,False,1.075,1,94.9124,,66663825817.0,,,,,,,,,,,,,177.49,,,,,,,,,,,,
RKB,RKB.AX,ROKEBY RESOURCES LIMITED,Explorer,Gold | Silver | Copper | Lead | Zinc | Antimony,2008-06-19,ok,True,False,0,2008-06-19,2026-09-03,4608,11,True,0.05,1,0.0,23550.0,8930190.0,3.6172,3.3958,2.2885,2.2146,0.8859,0.8859,1.9193,2.067,0.3396,0.251,0.0852,0.0209,0.003,-0.0612,-0.3673,-0.3878,-0.7551,-0.7551,-0.4694,-0.4286,-0.9061,-0.9306,-0.9764,-0.9942,-0.9992
RLC,RLC.AX,REEDY LAGOON CORPORATION LIMITED,Explorer,Gold | Iron,2007-06-22,ok,True,False,2,2007-06-20,2026-09-03,4861,11,False,1.0,0,0.0,1651539.0,1553413.0,0.1811,0.1672,0.1532,0.0836,0.0696,0.0383,0.0195,0.0306,0.0766,0.0251,0.0146,0.0165,0.002,-0.0768,-0.1541,-0.5384,-0.6157,-0.7885,-0.8923,-0.831,-0.577,-0.8614,-0.9194,-0.9089,-0.989
RMI,RMI.AX,RESOURCE MINERALS INTERNATIONAL LTD,Explorer,Gold | Silver | Copper | Nickel | Platinum Pgm | Lead | Lithium | Cobalt | Graphite | Tin,1985-02-14,no price near listing,False,False,-1079,1988-01-29,2026-09-02,9750,5,True,0.0005,9,0.0,,164431726.0,,,,,,,,286.2135,76.6643,15.5695,6.2278,4.3815,0.17,,,,,,,,,,,,
RML,RML.AX,RESOLUTION MINERALS LTD,Explorer,Gold | Silver | Copper | Nickel | Iron | Uranium | Cobalt | Manganese | Silica,2017-09-22,ok,True,False,0,2017-09-22,2026-09-03,2265,9,True,0.125,1,0.0,197512.0,95876575.0,1.6479,1.6718,1.831,4.06,3.0649,0.9951,0.288,0.424,0.08,0.016,,,0.041,0.0145,0.1111,1.4637,0.8599,-0.3961,-0.8252,-0.7427,-0.9515,-0.9903,,,-0.9751
RMS,RMS.AX,RAMELIUS RESOURCES LIMITED,Producer,Gold,2003-03-31,ok,True,False,3,2003-03-28,2026-09-03,5942,11,False,1.0,0,0.2699,90386.0,7499775926.0,0.1347,0.1462,0.1379,0.1193,0.1385,0.0948,0.1077,0.112,0.7175,0.4409,0.304,0.4555,3.89,0.0854,0.0238,-0.1143,0.0282,-0.2962,-0.2004,-0.1685,4.3267,2.2732,1.2569,2.3816,27.879
RMX,RMX.AX,RED MOUNTAIN MINING LIMITED,Explorer,Gold | Silver | Lithium | Antimony,2011-09-01,ok,True,False,0,2011-09-01,2026-09-03,3798,11,True,0.0031,2,0.0,8990.0,11485449.0,37.3069,38.0493,33.4091,33.4091,29.697,19.4887,1.792,2.016,0.28,0.0612,0.0875,0.009,0.011,0.0199,-0.1045,-0.1045,-0.204,-0.4776,-0.952,-0.946,-0.9925,-0.9984,-0.9977,-0.9998,-0.9997
RND,RND.AX,RAND MINING LIMITED,Producer,Gold | Silver,1985-08-15,no price near listing,False,False,-897,1988-01-29,2026-09-02,9890,5,False,1.0,1,2.15,,130814710.0,,,,,,,,0.2504,0.0648,0.0518,0.0281,0.2807,2.3,,,,,,,,,,,,
RNU,RNU.AX,RENASCOR RESOURCES LIMITED,Explorer,Gold | Copper | Uranium | Graphite,2010-12-15,ok,True,False,0,2010-12-15,2026-09-03,3974,11,False,1.0,0,0.0,1443813.0,145135545.0,0.236,0.29,0.265,0.14,0.08,0.054,0.053,0.05,0.012,0.03,0.012,0.081,0.057,0.2288,0.1229,-0.4068,-0.661,-0.7712,-0.7754,-0.7881,-0.9492,-0.8729,-0.9492,-0.6568,-0.7585
RNX,RNX.AX,RENEGADE EXPLORATION LIMITED,Explorer,Gold | Silver | Copper | Zinc | Rare Earths | Vanadium | Antimony,2006-11-14,ok,True,False,0,2006-11-14,2026-09-02,5008,11,False,1.0,0,0.0,125679.0,4139594.0,0.1864,0.1846,0.2123,0.563,0.5907,0.6092,0.06,0.0877,0.0757,0.0083,0.0088,0.008,0.002,-0.0097,0.1389,2.0204,2.169,2.2682,-0.6781,-0.5295,-0.5939,-0.9555,-0.9528,-0.9571,-0.9893
RON,RON.AX,RONIN RESOURCES LTD,Explorer,Gold | Copper | Coal,2021-12-16,no price near listing,False,False,-13,2021-12-29,2026-09-02,1183,7,False,1.0,0,0.0,,6863752.0,,0.175,0.2,0.15,0.15,0.185,0.19,0.17,,,,,0.17,,,,,,,,,,,,
RR1,RR1.AX,REACH RESOURCES LIMITED,Explorer,Gold | Rare Earths | Lithium | Manganese | Niobium Tantalum,2002-11-06,ok,True,False,1,2002-11-05,2026-09-02,6044,11,True,0.2,1,0.0,112402.0,19201923.0,0.776,0.8006,0.5748,0.6364,0.234,0.2915,0.1232,0.1232,0.1437,0.1355,0.0246,0.042,0.014,0.0317,-0.2593,-0.1799,-0.6985,-0.6244,-0.8412,-0.8412,-0.8148,-0.8254,-0.9683,-0.9459,-0.982
RRE,RRE.AX,RIGHT RESOURCES LIMITED,Explorer,Gold | Silver | Copper,2025-10-29,ok,True,False,0,2025-10-29,2026-09-02,214,4,False,1.0,0,0.0,865899.0,11816725.0,0.189,0.185,0.18,0.36,0.12,,,,,,,,0.09,-0.0212,-0.0476,0.9048,-0.3651,,,,,,,,-0.5238
RRL,RRL.AX,REGIS RESOURCES LIMITED,Producer,Gold,1987-02-19,no price near listing,False,False,-344,1988-01-29,2026-09-03,9897,7,True,0.0086,7,1.2233,,6445372995.0,,,,,,24.9309,10.3791,109.8964,28.6952,67.1589,228.9509,29.4616,8.36,,,,,,,,,,,,
RRR,RRR.AX,REVOLVER RESOURCES HOLDINGS LTD,Explorer,Copper,2021-09-23,ok,True,False,0,2021-09-23,2026-09-02,1250,7,False,1.0,0,0.0,5356325.0,16888514.0,0.352,0.345,0.4,0.445,0.38,0.29,0.11,0.05,,,,,0.052,-0.0199,0.1364,0.2642,0.0795,-0.1761,-0.6875,-0.858,,,,,-0.8523
RSG,RSG.AX,RESOLUTE MINING LIMITED,Producer,Gold | Silver,1979-01-11,no price near listing,False,False,-3305,1988-01-29,2026-09-03,9896,2,True,0.2,1,0.0959,,2949636306.0,,,,,,,,,,,2.1251,23.4985,1.44,,,,,,,,,,,,
RTG,RTG.AX,RTG MINING INC.,Explorer,Gold | Copper,2014-06-05,ok,True,False,-6,2014-06-11,2026-09-02,3099,10,False,1.0,0,0.0,127243.0,76788216.0,1.184,1.2,1.08,1.36,0.7,0.715,0.4,0.125,0.09,0.17,0.044,,0.041,0.0135,-0.0878,0.1486,-0.4088,-0.3961,-0.6622,-0.8944,-0.924,-0.8564,-0.9628,,-0.9654
RTR,RTR.AX,RUMBLE RESOURCES LIMITED,Explorer,Gold | Silver | Copper | Lead | Zinc | Tungsten,2011-07-01,ok,True,False,0,2011-07-01,2026-09-03,3841,11,False,1.0,0,0.0,108077.0,70327732.0,0.1921,0.1939,0.2032,0.1847,0.1847,0.1431,0.0196,0.0342,0.026,0.06,0.545,0.044,0.059,0.0094,0.0578,-0.0385,-0.0385,-0.2551,-0.898,-0.822,-0.8647,-0.6877,1.8371,-0.771,-0.6929
RVT,RVT.AX,RICHMOND VANADIUM TECHNOLOGY LIMITED,Explorer,Vanadium,2022-12-13,ok,True,False,0,2022-12-13,2026-09-03,942,7,False,1.0,0,0.0,405772.0,24234661.0,0.3,0.27,0.225,0.4,0.4,0.325,0.24,0.071,,,,,0.125,-0.1,-0.25,0.3333,0.3333,0.0833,-0.2,-0.7633,,,,,-0.5833
RWD,RWD.AX,REWARD MINERALS LTD,Explorer,Potash,1991-12-12,ok,True,True,1413,1988-01-29,2026-09-02,9896,11,False,3.5995,3,0.0,0.0,8424587.0,0.1889,0.1889,0.1889,0.1889,0.1889,0.1889,0.0672,0.0567,0.2141,0.1364,0.1364,0.1699,0.03,0.0,0.0,0.0,0.0,0.0,-0.6443,-0.6998,0.1334,-0.2779,-0.2779,-0.1006,-0.8412
RXL,RXL.AX,ROX RESOURCES LIMITED,Explorer,Gold | Nickel,2004-04-27,ok,True,False,0,2004-04-27,2026-09-03,5660,11,True,0.073,3,0.0,24013.0,822205380.0,1.912,1.8654,1.7488,1.4574,1.3991,1.5739,5.0716,3.0896,0.3847,0.6387,0.6898,0.1413,0.6,-0.0244,-0.0854,-0.2378,-0.2683,-0.1768,1.6525,0.6159,-0.7988,-0.666,-0.6392,-0.9261,-0.6862
S2R,S2R.AX,S2 RESOURCES LTD,Explorer,Gold | Copper | Nickel | Platinum Pgm,2015-10-19,ok,True,False,0,2015-10-19,2026-09-03,2754,10,False,1.0,0,0.0,11482124.0,35616287.0,0.178,0.18,0.155,0.13,0.215,0.465,0.17,0.1,0.27,0.14,0.1,,0.066,0.0112,-0.1292,-0.2697,0.2079,1.6124,-0.0449,-0.4382,0.5169,-0.2135,-0.4382,,-0.6292
S32,S32.AX,SOUTH32 LIMITED,Producer,Silver | Copper | Lead | Zinc | Manganese | Bauxite Alumina,2015-05-18,ok,True,False,0,2015-05-18,2026-09-03,2863,10,False,1.0,0,1.2919,100932858.0,23015671836.0,1.5836,1.6086,1.4422,1.1198,0.8701,1.1475,1.8948,3.0169,1.5225,3.7835,2.8999,,5.19,0.0158,-0.0893,-0.2929,-0.4506,-0.2754,0.1965,0.9051,-0.0386,1.3892,0.8312,,2.2773
SBM,SBM.AX,ST BARBARA LIMITED,Producer,Gold | Silver,1969-05-15,no price near listing,False,False,-6833,1988-01-29,2026-09-03,9895,0,True,0.1667,1,0.3931,,828710165.0,,,,,,,,,,,,,0.745,,,,,,,,,,,,
SBR,SBR.AX,SABRE RESOURCES LIMITED,Explorer,Gold | Copper | Nickel | Rare Earths | Lithium | Uranium | Cobalt | Vanadium,1987-12-17,no price near listing,False,False,-43,1988-01-29,2026-09-02,9895,9,True,0.0003,4,0.0,,5486772.0,,,,30.003,18.0018,9.0009,16.5017,6.0006,9.0009,12.0012,5.4,1.2,0.006,,,,,,,,,,,,
SCN,SCN.AX,SCORPION MINERALS LIMITED,Explorer,Gold | Silver | Copper | Nickel | Platinum Pgm | Iron | Zinc | Lithium | Tungsten,2007-03-07,ok,True,False,0,2007-03-07,2026-09-03,4932,11,False,1.0,0,0.0,1626574.0,13558280.0,0.303,0.3,0.315,0.23,0.13,0.073,0.02,0.07,0.24,0.045,0.067,0.0715,0.024,-0.0099,0.0396,-0.2409,-0.571,-0.7591,-0.934,-0.769,-0.2079,-0.8515,-0.7789,-0.764,-0.9208
SER,SER.AX,STRATEGIC ENERGY RESOURCES LIMITED,Explorer,Gold | Copper | Nickel | Mineral Sands,1991-08-15,ok,True,True,1294,1988-01-29,2026-09-02,9895,11,True,0.0004,9,0.0,0.0,9547558.0,157.0666,157.0666,193.3127,157.0666,108.7384,96.6564,96.4139,42.4956,17.3081,16.7673,16.4765,10.7179,0.155,0.0,0.2308,0.0,-0.3077,-0.3846,-0.3862,-0.7294,-0.8898,-0.8932,-0.8951,-0.9318,-0.999
SFM,SFM.AX,SANTA FE MINERALS LTD,Explorer,Gold | Silver | Copper | Nickel | Iron | Lead | Zinc | Vanadium,2011-10-07,ok,True,False,0,2011-10-07,2026-09-02,3772,10,False,1.0,0,0.0,96000.0,35820134.0,0.292,0.38,0.31,0.48,0.45,0.4,0.285,0.135,0.12,0.105,0.085,,0.23,0.3014,0.0616,0.6438,0.5411,0.3699,-0.024,-0.5377,-0.589,-0.6404,-0.7089,,-0.2123
SFR,SFR.AX,SANDFIRE RESOURCES LIMITED,Producer,Gold | Silver | Copper | Lead | Zinc,2004-03-04,ok,True,False,1,2004-03-03,2026-09-03,5699,11,False,1.0,0,1.4624,2213932.0,10637424065.0,0.2034,0.188,0.2014,0.1309,0.1678,0.1343,0.1074,0.3323,0.0369,5.0861,4.3747,5.7425,22.485,-0.0757,-0.0098,-0.3564,-0.175,-0.3397,-0.472,0.6337,-0.8186,24.0054,20.5079,27.2325,109.5457
SFX,SFX.AX,SHEFFIELD RESOURCES LIMITED,Explorer,Mineral Sands,2010-12-15,ok,True,False,0,2010-12-15,2026-09-02,3973,11,False,1.0,0,0.0,548487.0,17821812.0,0.237,0.2633,0.2633,0.2487,0.2438,0.3219,0.4779,0.4925,0.4096,0.7,0.32,0.076,0.045,0.111,0.111,0.0494,0.0287,0.3582,1.0165,1.0781,0.7283,1.9536,0.3502,-0.6793,-0.8101
SGA,SGA.AX,SARYTOGAN GRAPHITE LIMITED,Explorer,Copper | Graphite,2022-07-18,ok,True,False,0,2022-07-18,2026-09-03,1047,7,False,1.0,0,0.0,2758443.0,18536062.0,0.35,0.335,0.48,0.205,0.42,0.265,0.18,0.06,,,,,0.073,-0.0429,0.3714,-0.4143,0.2,-0.2429,-0.4857,-0.8286,,,,,-0.7914
SGC,SGC.AX,SINCLAIR GOLD LTD,Explorer,Gold | Silver | Copper | Lead | Zinc,2012-09-19,ok,True,False,0,2012-09-19,2026-09-02,3533,10,True,0.0833,1,0.0,7325.0,264581484.0,2.3545,2.5227,2.5227,2.6278,2.5227,1.7869,1.5767,0.5045,1.815,0.77,0.517,,1.265,0.0714,0.0714,0.1161,0.0714,-0.2411,-0.3303,-0.7857,-0.2291,-0.673,-0.7804,,-0.4627
SGQ,SGQ.AX,ST GEORGE MINING LIMITED,Explorer,Gold | Copper | Nickel | Rare Earths | Lithium,2010-11-16,ok,True,False,0,2010-11-16,2026-09-03,3995,11,False,1.0,0,0.0,178140.0,438748894.0,0.2325,0.193,0.1833,0.1737,0.1833,0.15,0.3,0.15,0.093,0.13,0.165,0.115,0.079,-0.1699,-0.2116,-0.2529,-0.2116,-0.3548,0.2903,-0.3548,-0.6,-0.4409,-0.2903,-0.5054,-0.6602
SHN,SHN.AX,SUNSHINE METALS LIMITED,Explorer,Gold | Silver | Copper | Lead | Zinc,2002-01-25,ok,True,False,1,2002-01-24,2026-09-03,6248,11,True,0.625,1,0.0,758713.0,140325683.0,0.1593,0.16,0.1785,0.1354,0.0985,0.1293,0.1477,0.0616,0.2093,0.0492,0.0411,0.0152,0.037,0.0044,0.1205,-0.15,-0.3817,-0.1883,-0.0728,-0.6133,0.3139,-0.6911,-0.742,-0.9046,-0.7677
SKM,SKM.AX,SKYLARK MINERALS LIMITED,Explorer,Gold | Copper | Zinc | Rare Earths | Lithium,2006-08-16,ok,True,False,0,2006-08-16,2026-09-03,5073,11,True,0.04,2,0.0,48958.0,35960894.0,10.575,10.75,12.5,19.0,41.25,83.125,42.5,19.375,28.75,6.875,8.5,2.375,0.285,0.0165,0.182,0.7967,2.9007,6.8605,3.0189,0.8322,1.7187,-0.3499,-0.1962,-0.7754,-0.973
SKY,SKY.AX,SKY METALS LIMITED,Explorer,Gold | Silver | Copper | Nickel | Lead | Zinc | Tungsten | Tin,2004-03-11,ok,True,False,1,2004-03-10,2026-09-03,5694,11,True,0.1,1,0.0,435650.0,213351525.0,2.38,2.4225,2.38,1.7,1.7425,1.955,3.4,2.38,0.1785,0.61,0.2,0.04,0.19,0.0179,0.0,-0.2857,-0.2679,-0.1786,0.4286,0.0,-0.925,-0.7437,-0.916,-0.9832,-0.9202
SLA,SLA.AX,SOLARA MINERALS LTD,Explorer,Gold | Copper | Nickel | Diamond | Lithium | Cobalt | Niobium Tantalum,2021-11-17,ok,True,False,0,2021-11-17,2026-09-02,1211,7,False,1.0,0,0.0,475723.0,6812005.0,0.523,0.45,0.34,0.38,0.405,0.53,0.175,0.24,,,,,0.12,-0.1396,-0.3499,-0.2734,-0.2256,0.0134,-0.6654,-0.5411,,,,,-0.7706
SLB,SLB.AX,STELAR METALS LIMITED,Explorer,Gold | Copper | Zinc | Lithium | Cobalt,2022-03-18,ok,True,False,0,2022-03-18,2026-09-03,1129,7,False,1.0,0,0.0,1169699.0,16948493.0,0.188,0.28,0.255,0.21,0.185,0.2,0.075,0.063,,,,,0.265,0.4894,0.3564,0.117,-0.016,0.0638,-0.6011,-0.6649,,,,,0.4096
SLM,SLM.AX,SOLIS MINERALS LIMITED,Explorer,Gold | Silver | Copper | Molybdenum | Iron | Lithium,2021-12-24,no price near listing,False,False,-1455,2025-12-18,2026-09-03,178,0,False,1.0,0,0.0,,24553327.0,,,,,,,,,,,,,0.068,,,,,,,,,,,,
SLS,SLS.AX,SOLSTICE MINERALS LIMITED,Explorer,Gold | Copper | Nickel,2022-05-02,ok,True,False,0,2022-05-02,2026-09-03,1101,7,False,1.0,0,0.0,1283095.0,326243931.0,0.213,0.205,0.21,0.175,0.15,0.155,0.16,0.18,,,,,2.29,-0.0376,-0.0141,-0.1784,-0.2958,-0.2723,-0.2488,-0.1549,,,,,9.7512
SLZ,SLZ.AX,SULTAN RESOURCES LTD,Explorer,Gold | Silver | Copper | Nickel | Lead | Zinc | Cobalt | Manganese,2018-08-16,ok,True,False,0,2018-08-16,2026-09-02,2038,9,False,1.0,0,0.0,883083.0,4681296.0,0.1287,0.1274,0.124,0.114,0.0617,0.0649,0.1672,0.177,0.0275,0.006,,,0.008,-0.0101,-0.0365,-0.1142,-0.5206,-0.4957,0.2991,0.3753,-0.7863,-0.9534,,,-0.9378
SMI,SMI.AX,SANTANA MINERALS LIMITED,Explorer,Gold | Silver | Diamond,2013-05-31,ok,True,False,23,2013-05-08,2026-09-03,3376,10,True,0.0429,2,0.0,89451.0,552025915.0,1.0605,1.225,1.26,2.3625,1.5925,0.7,0.4492,0.98,0.2333,0.07,0.2,,0.52,0.1551,0.1881,1.2277,0.5017,-0.3399,-0.5764,-0.0759,-0.78,-0.934,-0.8114,,-0.5097
SMM,SMM.AX,SOMERSET MINERALS LIMITED,Explorer,Gold | Silver | Copper | Lead | Zinc,2018-08-15,ok,True,False,0,2018-08-15,2026-09-03,2040,9,True,0.2,1,0.0,254167.0,19255501.0,0.9552,0.931,0.9917,0.8095,1.0119,0.5667,1.356,1.0321,0.0943,0.015,,,0.012,-0.0253,0.0382,-0.1525,0.0594,-0.4067,0.4196,0.0805,-0.9013,-0.9843,,,-0.9874
SMR,SMR.AX,STANMORE RESOURCES LIMITED,Producer,Coal,2009-12-09,no price near listing,False,False,-47,2010-01-25,2026-09-03,4201,9,False,1.0303,1,0.6578,,2334604332.0,,,,0.4671,0.4487,0.8419,0.4903,0.1161,0.0516,0.4097,0.7372,2.9804,2.92,,,,,,,,,,,,
SMS,SMS.AX,STAR MINERALS LIMITED,Explorer,Gold | Copper,2021-10-27,ok,True,False,0,2021-10-27,2026-09-03,1227,7,False,1.0,0,0.0,423977.0,12708375.0,0.203,0.2,0.175,0.2,0.2,0.085,0.035,0.056,,,,,0.046,-0.0148,-0.1379,-0.0148,-0.0148,-0.5813,-0.8276,-0.7241,,,,,-0.7734
SNG,SNG.AX,SIREN GOLD LIMITED,Explorer,Gold | Silver,2020-10-07,ok,True,False,0,2020-10-07,2026-09-03,1495,8,False,1.0,0,0.004,3472854.0,13200520.0,0.4104,0.39,0.4086,0.6686,0.3389,0.2507,0.1671,0.0622,0.115,,,,0.042,-0.0497,-0.0044,0.6291,-0.1742,-0.3891,-0.5928,-0.8484,-0.7198,,,,-0.8977
SNM,SNM.AX,SENTINEL METALS LIMITED,Explorer,Gold | Silver,2025-10-30,ok,True,False,0,2025-10-30,2026-09-03,214,4,False,1.0,0,0.0,2932769.0,62487169.0,0.298,0.315,0.35,0.58,0.65,,,,,,,,0.565,0.057,0.1745,0.9463,1.1812,,,,,,,,0.896
SNX,SNX.AX,SIERRA NEVADA GOLD INC.,Explorer,Gold | Silver | Copper,2022-05-03,ok,True,False,0,2022-05-03,2026-09-03,1100,7,False,1.0,0,0.0,62061.0,57283035.0,0.48,0.46,0.49,0.4,0.35,0.21,0.051,0.017,,,,,0.115,-0.0417,0.0208,-0.1667,-0.2708,-0.5625,-0.8938,-0.9646,,,,,-0.7604
SPD,SPD.AX,SOUTHERN PALLADIUM LIMITED,Explorer,Gold | Copper | Nickel | Platinum Pgm,2022-06-08,ok,True,False,0,2022-06-08,2026-09-03,1074,7,False,1.0,0,0.0,1395397.0,267304400.0,0.607,0.55,0.9,1.4,0.82,0.45,0.42,0.5,,,,,1.94,-0.0939,0.4827,1.3064,0.3509,-0.2586,-0.3081,-0.1763,,,,,2.196
SPQ,SPQ.AX,SUPERIOR RESOURCES LIMITED,Explorer,Gold | Silver | Copper | Nickel | Platinum Pgm | Lead | Zinc | Uranium | Cobalt,2007-11-12,ok,True,False,0,2007-11-12,2026-09-02,4757,11,False,1.0,0,0.0,555400.0,10562683.0,0.1069,0.1265,0.1035,0.069,0.1035,0.0431,0.0448,0.0431,0.0345,0.0084,0.0067,0.057,0.004,0.1833,-0.0318,-0.3545,-0.0318,-0.5968,-0.5809,-0.5968,-0.6773,-0.9214,-0.9373,-0.4668,-0.9626
SQX,SQX.AX,SQX RESOURCES LIMITED,Explorer,Gold | Copper,2023-02-20,ok,True,False,0,2023-02-20,2026-09-03,897,7,False,1.0,0,0.0,497920.0,3979650.0,0.162,0.16,0.13,0.13,0.135,0.12,0.081,0.18,,,,,0.046,-0.0123,-0.1975,-0.1975,-0.1667,-0.2593,-0.5,0.1111,,,,,-0.716
SRK,SRK.AX,STRIKE RESOURCES LIMITED,Producer,Iron | Lithium | Graphite,2000-03-07,ok,True,False,1,2000-03-06,2026-09-03,6741,11,True,0.3333,1,0.0,1899504.0,6526250.0,0.51,0.51,0.51,0.51,0.51,0.51,0.51,0.51,0.51,1.94,0.67,0.041,0.023,0.0,0.0,0.0,0.0,0.0,0.0,0.0,0.0,2.8039,0.3137,-0.9196,-0.9549
SRL,SRL.AX,SUNRISE ENERGY METALS LIMITED,Explorer,Nickel | Cobalt | Scandium,2007-11-09,ok,True,False,0,2007-11-09,2026-09-03,4759,11,True,0.1,1,0.0,60500.0,2782581343.0,5.1567,4.8519,4.5311,3.3683,2.6064,2.6866,2.4059,1.1228,1.2431,0.6576,12.2888,1.94,14.62,-0.0591,-0.1213,-0.3468,-0.4946,-0.479,-0.5334,-0.7823,-0.7589,-0.8725,1.3831,-0.6238,1.8351
SRN,SRN.AX,SUREFIRE RESOURCES NL,Explorer,Gold | Silver | Copper | Nickel | Platinum Pgm | Iron | Lead | Vanadium,1999-06-11,ok,True,False,0,1999-06-11,2026-09-02,6931,11,True,0.002,2,0.0,847.0,4348301.0,114.8749,107.0263,139.1342,142.7018,160.5395,112.3776,49.9456,22.8323,11.4161,13.5567,2.4973,0.3634,0.024,-0.0683,0.2112,0.2422,0.3975,-0.0217,-0.5652,-0.8012,-0.9006,-0.882,-0.9783,-0.9968,-0.9998
SRR,SRR.AX,SARAMA RESOURCES LTD,Explorer,Gold,2022-05-02,ok,True,False,0,2022-05-02,2026-09-02,1100,7,False,1.0,0,0.0,575454.0,15611350.0,0.196,0.18,0.185,0.16,0.115,0.1,0.021,0.028,,,,,0.031,-0.0816,-0.0561,-0.1837,-0.4133,-0.4898,-0.8929,-0.8571,,,,,-0.8418
SRT,SRT.AX,STRATA INVESTMENT HOLDINGS PLC,Royalty/Streamer,Gold | Silver | Copper | Nickel | Iron | Zinc | Lithium | Cobalt,2021-05-27,ok,True,False,-1,2021-05-28,2026-08-27,1329,8,False,1.0,0,0.0,44377.0,,0.568,0.57,0.56,0.505,0.42,0.33,0.16,0.25,0.16,,,,0.16,0.0035,-0.0141,-0.1109,-0.2606,-0.419,-0.7183,-0.5599,-0.7183,,,,-0.7183
SRZ,SRZ.AX,STELLAR RESOURCES LIMITED,Explorer,Gold | Lithium | Tin,2005-04-28,ok,True,False,1,2005-04-27,2026-09-03,5404,11,True,0.1,1,0.0,61995.0,132609200.0,1.4936,1.4762,1.2591,2.1709,2.9958,4.2549,3.4734,1.6933,0.7641,1.1029,0.3088,0.0794,0.395,-0.0116,-0.157,0.4535,1.0058,1.8488,1.3255,0.1337,-0.4884,-0.2616,-0.7933,-0.9468,-0.7355
SS1,SS1.AX,SUN SILVER LIMITED,Explorer,Gold | Silver,2024-05-15,ok,True,False,0,2024-05-15,2026-09-03,586,6,False,1.0,0,0.0,9719241.0,218974187.0,0.578,0.51,0.455,0.435,0.77,0.605,1.385,,,,,,1.13,-0.1176,-0.2128,-0.2474,0.3322,0.0467,1.3962,,,,,,0.955
STK,STK.AX,STRICKLAND METALS LIMITED,Explorer,Gold | Silver | Copper | Lead | Zinc,2006-04-06,ok,True,False,1,2006-04-05,2026-09-03,5164,11,True,0.1,1,0.0,86413.0,219096658.0,1.4543,1.4311,1.7405,1.2764,0.9283,0.967,0.4177,0.1083,0.3112,0.0754,0.1029,0.0197,0.08,-0.016,0.1968,-0.1223,-0.3617,-0.3351,-0.7128,-0.9255,-0.786,-0.9482,-0.9292,-0.9865,-0.945
STM,STM.AX,SUNSTONE METALS LTD,Explorer,Gold | Copper,2007-03-22,ok,True,False,0,2007-03-22,2026-09-03,4921,11,True,0.0033,2,0.0,2337.0,55383944.0,46.1922,45.7564,44.667,47.9353,56.6508,34.8621,16.3416,52.0411,29.5699,2.4,0.57,2.49,0.202,-0.0094,-0.033,0.0377,0.2264,-0.2453,-0.6462,0.1266,-0.3599,-0.948,-0.9877,-0.9461,-0.9956
STN,STN.AX,SATURN METALS LIMITED,Explorer,Gold,2018-03-09,ok,True,False,0,2018-03-09,2026-09-03,2149,9,False,1.0,0,0.0,285814.0,296364337.0,0.2033,0.2043,0.1751,0.1654,0.1751,0.18,0.4378,0.3648,0.145,0.23,,,0.555,0.0049,-0.1387,-0.1864,-0.1387,-0.1146,1.1535,0.7944,-0.2868,0.1313,,,1.73
SUH,SUH.AX,SOUTHERN HEMISPHERE MINING LIMITED,Explorer,Gold | Silver | Copper | Lithium | Manganese,2010-01-05,ok,True,False,0,2010-01-05,2026-09-02,4214,11,True,0.0667,1,0.0,228036.0,23559681.0,2.929,3.176,3.176,3.2819,2.4702,3.5289,1.6939,0.9881,0.3048,0.019,0.0171,0.031,0.034,0.0843,0.0843,0.1205,-0.1566,0.2048,-0.4217,-0.6626,-0.8959,-0.9935,-0.9942,-0.9894,-0.9884
SVG,SVG.AX,SAVANNAH GOLDFIELDS LIMITED,Producer,Gold | Silver,1987-04-02,no price near listing,False,False,-302,1988-01-29,2026-09-03,9751,7,True,0.0001,5,0.0,,20174193.0,,,,,,24.649,4.9298,17.2543,11.092,86.2714,29.2707,828.5211,0.008,,,,,,,,,,,,
SVL,SVL.AX,SILVER MINES LIMITED,Explorer,Gold | Silver | Copper | Lead | Zinc,2007-01-19,ok,True,False,0,2007-01-19,2026-09-03,4964,11,True,0.01,1,0.0,12304.0,377293611.0,9.3351,9.7647,7.8118,7.4212,8.7882,6.64,1.9529,3.0075,5.8588,0.2344,0.1611,0.21,0.155,0.046,-0.1632,-0.205,-0.0586,-0.2887,-0.7908,-0.6778,-0.3724,-0.9749,-0.9827,-0.9775,-0.9834
SVM,SVM.AX,SOVEREIGN METALS LIMITED,Explorer,Graphite | Mineral Sands,2007-01-22,ok,True,False,0,2007-01-22,2026-09-03,4963,11,False,1.0,0,0.0,1130904.0,364058468.0,0.3488,0.3765,0.3073,0.2919,0.3995,0.1921,0.023,0.0538,0.1365,0.0828,0.0855,0.4844,0.515,0.0794,-0.119,-0.1631,0.1454,-0.4493,-0.9341,-0.8458,-0.6087,-0.7626,-0.7549,0.3888,0.4765
SVY,SVY.AX,STAVELY MINERALS LIMITED,Explorer,Gold | Silver | Copper | Nickel | Zinc | Cobalt,2014-05-07,ok,True,False,-1,2014-05-08,2026-09-03,3123,10,False,1.0,0,0.0034,124746.0,17554412.0,0.2243,0.2348,0.2684,0.6039,0.2971,0.1821,0.1286,0.1187,0.26,0.6,0.029,,0.017,0.0468,0.1966,1.6924,0.3246,-0.1881,-0.4267,-0.4708,0.1592,1.675,-0.8707,,-0.9242
SX2,SX2.AX,SOUTHERN CROSS GOLD CONSOLIDATED LTD.,Explorer,Gold | Copper | Iron | Antimony,2025-01-16,ok,True,False,-1,2025-01-17,2026-09-03,413,5,False,1.0,0,0.0,2870.0,3346400704.0,3.726,3.65,3.6,5.57,6.17,10.55,,,,,,,12.31,-0.0204,-0.0338,0.4949,0.6559,1.8315,,,,,,,2.3038
SYR,SYR.AX,SYRAH RESOURCES LIMITED,Producer,Graphite | Vanadium,2007-09-11,ok,True,False,0,2007-09-11,2026-09-03,4802,11,False,1.0,0,0.0,249796.0,243802387.0,0.1623,0.1577,0.1623,0.1623,0.0927,0.0788,0.0371,0.0742,2.2167,4.6745,3.2662,1.66,0.107,-0.0283,0.0,0.0,-0.4288,-0.5145,-0.7714,-0.5428,12.658,27.8016,19.1245,9.228,-0.3407
T88,T88.AX,TAITON RESOURCES LIMITED,Explorer,Gold | Molybdenum | Rare Earths | Uranium | Silica,2022-12-19,ok,True,False,0,2022-12-19,2026-09-02,937,7,False,1.0,0,0.0,267624.0,5449345.0,0.223,0.225,0.205,0.195,0.175,0.095,0.14,0.11,,,,,0.055,0.009,-0.0807,-0.1256,-0.2152,-0.574,-0.3722,-0.5067,,,,,-0.7534
TAM,TAM.AX,TANAMI GOLD NL,Explorer,Gold,1986-12-11,no price near listing,False,False,-414,1988-01-29,2026-09-03,9896,6,True,0.0399,5,0.0,,155112810.0,,,,,,,2.4158,1.5434,0.5368,0.8025,2.5681,0.7223,0.072,,,,,,,,,,,,
TAR,TAR.AX,TARUGA MINERALS LIMITED,Explorer,Gold | Silver | Copper | Lead | Zinc | Rare Earths | Cobalt,2012-02-07,ok,True,False,0,2012-02-07,2026-09-03,3691,10,True,0.04,1,0.0,3856.0,25636816.0,3.8304,3.6388,3.7346,2.394,1.4938,1.5321,0.383,0.0958,0.0325,0.0488,0.04,,0.025,-0.05,-0.025,-0.375,-0.61,-0.6,-0.9,-0.975,-0.9915,-0.9873,-0.9896,,-0.9935
TAS,TAS.AX,TASMAN RESOURCES LTD,Producer,Gold | Silver | Copper | Nickel | Iron | Lead | Zinc | Uranium | Cobalt,2001-12-18,ok,True,False,15,2001-12-03,2026-09-03,6286,11,True,0.2,1,0.0,206500.0,17727710.0,0.636,0.6324,1.1564,0.9215,0.3072,0.7047,0.4336,0.7589,0.6866,0.0915,0.5066,0.8529,0.032,-0.0057,0.8182,0.4489,-0.517,0.108,-0.3182,0.1932,0.0796,-0.8561,-0.2035,0.341,-0.9497
TAT,TAT.AX,TARTANA MINERALS LIMITED,Producer,Gold | Silver | Copper | Lead | Zinc | Rare Earths | Tungsten | Antimony | Tin,2004-12-17,ok,True,False,1,2004-12-16,2026-09-03,5493,11,True,0.0035,4,12.3102,4491.0,8257529.0,356.5396,372.2693,353.9179,338.1883,256.9182,181.9173,95.7459,23.2526,1.7634,1.1756,1.1749,0.1739,0.018,0.0441,-0.0074,-0.0515,-0.2794,-0.4898,-0.7315,-0.9348,-0.9951,-0.9967,-0.9967,-0.9995,-0.9999
TBR,TBR.AX,TRIBUNE RESOURCES LIMITED,Producer,Gold | Silver,1989-05-04,no price near listing,False,False,-27,1989-05-31,2026-09-02,9544,10,False,1.0,0,5.3,,298543358.0,,,0.12,0.0969,0.0692,0.0462,0.0231,0.1385,0.1154,0.0692,0.0577,0.3647,5.15,,,,,,,,,,,,
TCG,TCG.AX,TURACO GOLD LIMITED,Explorer,Gold,2008-07-22,ok,True,False,0,2008-07-22,2026-09-03,4585,11,True,0.1,2,0.0,36440.0,862487096.0,1.4879,1.4659,1.0995,0.5864,0.3375,0.7875,0.66,1.65,0.51,0.056,0.05,0.049,0.815,-0.0148,-0.261,-0.6059,-0.7732,-0.4707,-0.5564,0.1089,-0.6572,-0.9624,-0.9664,-0.9671,-0.4522
TEM,TEM.AX,TEMPEST MINERALS LIMITED,Explorer,Gold | Copper | Iron | Zinc | Lithium,2017-03-28,ok,True,False,0,2017-03-28,2026-09-02,2388,9,False,1.0,0,0.0,507679.0,4958443.0,0.1444,0.1374,0.1462,0.0886,0.1019,0.0886,0.0665,0.017,0.084,0.01,,,0.004,-0.0485,0.0125,-0.3864,-0.2943,-0.3864,-0.5395,-0.8823,-0.4183,-0.9307,,,-0.9723
TG1,TG1.AX,TECHGEN METALS LTD,Explorer,Gold | Silver | Copper | Nickel | Lead | Zinc,2021-04-07,ok,True,False,0,2021-04-07,2026-09-02,1370,8,False,1.0,0,0.0,6674353.0,13616507.0,0.28,0.275,0.255,0.185,0.205,0.15,0.062,0.029,0.034,,,,0.019,-0.0179,-0.0893,-0.3393,-0.2679,-0.4643,-0.7786,-0.8964,-0.8786,,,,-0.9321
TG6,TG6.AX,TG METALS LIMITED,Explorer,Gold | Lithium,2022-05-26,ok,True,False,0,2022-05-26,2026-09-03,1083,7,False,1.0,0,0.0,781184.0,34552261.0,0.176,0.17,0.145,0.115,0.125,0.11,0.26,0.11,,,,,0.255,-0.0341,-0.1761,-0.3466,-0.2898,-0.375,0.4773,-0.375,,,,,0.4489
TGM,TGM.AX,THETA GOLD MINES LIMITED,Explorer,Gold,2011-04-07,ok,True,False,0,2011-04-07,2026-09-03,3898,11,True,0.1,1,0.0,50668.0,254055904.0,2.34,2.3,2.5,1.4,0.7,0.7,0.95,1.95,0.13,0.13,0.255,0.21,0.195,-0.0171,0.0684,-0.4017,-0.7009,-0.7009,-0.594,-0.1667,-0.9444,-0.9444,-0.891,-0.9103,-0.9167
TGN,TGN.AX,TUNGSTEN MINING NL,Explorer,Gold | Silver | Copper | Molybdenum | Tungsten,2012-12-17,no price near listing,False,False,-28,2013-01-14,2026-09-03,3454,9,False,1.0,0,0.0,,383993557.0,,,0.1528,0.1451,0.1375,0.0535,0.11,0.0504,0.1,0.195,0.09,,0.295,,,,,,,,,,,,
THR,THR.AX,THOR ENERGY PLC,Explorer,Gold | Copper | Nickel | Molybdenum | Lithium | Uranium | Tungsten | Vanadium,2006-09-27,ok,True,False,0,2006-09-27,2026-09-02,5042,11,True,0.004,2,0.0,4227.0,10300726.0,41.75,46.25,48.75,60.0,76.25,53.75,11.75,12.0,4.5,1.75,0.25,0.19,0.009,0.1078,0.1677,0.4371,0.8263,0.2874,-0.7186,-0.7126,-0.8922,-0.9581,-0.994,-0.9954,-0.9998
TIO,TIO.AX,TEMAS RESOURCES CORP.,Explorer,Iron | Vanadium,2025-10-27,ok,True,False,0,2025-10-27,2026-09-03,217,4,False,1.0,0,0.0,3361467.0,10699657.0,0.253,0.245,0.18,0.21,0.125,,,,,,,,0.095,-0.0316,-0.2885,-0.17,-0.5059,,,,,,,,-0.6245
TKM,TKM.AX,TREK METALS LIMITED,Explorer,Gold | Copper | Nickel | Rare Earths | Lithium | Uranium | Manganese,2007-07-05,ok,True,False,0,2007-07-05,2026-09-03,4850,11,True,0.0003,3,0.0,630.0,44601602.0,1362.6819,1418.9341,1367.7982,1227.1812,1073.7736,549.6774,54.8592,43.8873,17.1733,4.6667,0.224,0.055,0.057,0.0413,0.0038,-0.0994,-0.212,-0.5966,-0.9597,-0.9678,-0.9874,-0.9966,-0.9998,-1.0,-1.0
TLG,TLG.AX,TALGA GROUP LTD,Developer,Copper | Lithium | Graphite,2010-07-09,no price near listing,False,False,-192,2011-01-17,2026-09-03,3954,7,False,1.0,0,0.0,,155832673.0,,,,,,0.1736,0.3282,0.0513,0.3241,0.63,0.61,0.405,0.295,,,,,,,,,,,,
TLM,TLM.AX,TALISMAN MINING LIMITED,Explorer,Gold | Copper | Nickel,2005-11-25,ok,True,False,1,2005-11-24,2026-09-03,5254,11,False,1.0,0,0.22,186066.0,12617463.0,0.0512,0.0507,0.0507,0.0507,0.0507,0.0507,0.2638,0.0254,0.2295,0.0634,0.1344,0.125,0.065,-0.0098,-0.0098,-0.0098,-0.0098,-0.0098,4.1523,-0.5039,3.4824,0.2383,1.625,1.4414,0.2695
TMB,TMB.AX,TAMBOURAH METALS LTD,Explorer,Gold | Copper | Nickel | Platinum Pgm | Lithium,2021-08-12,ok,True,False,0,2021-08-12,2026-09-03,1281,8,False,1.0,0,0.0,2476619.0,9063072.0,0.218,0.2,0.24,0.255,0.255,0.18,0.195,0.046,0.034,,,,0.039,-0.0826,0.1009,0.1697,0.1697,-0.1743,-0.1055,-0.789,-0.844,,,,-0.8211
TMS,TMS.AX,TENNANT MINERALS LIMITED,Explorer,Gold | Copper,2004-08-17,ok,True,False,1,2004-08-16,2026-09-03,5581,11,False,1.0,0,0.0,2924743.0,13469937.0,0.4091,0.4474,0.3196,0.3196,0.2803,0.2655,0.67,0.29,0.029,0.01,0.001,0.001,0.009,0.0936,-0.2188,-0.2188,-0.3148,-0.351,0.6377,-0.2911,-0.9291,-0.9756,-0.9976,-0.9976,-0.978
TMX,TMX.AX,TERRAIN MINERALS LIMITED,Explorer,Gold | Copper | Rare Earths | Lithium,2006-03-23,ok,True,False,1,2006-03-22,2026-09-02,5173,11,False,1.0,0,0.0,557109.0,11135185.0,0.1661,0.1629,0.1589,0.1192,0.1152,0.1351,0.0795,0.0381,0.0212,0.007,0.006,0.011,0.003,-0.0193,-0.0433,-0.2824,-0.3064,-0.1866,-0.5214,-0.7706,-0.8724,-0.9579,-0.9639,-0.9338,-0.9819
TNC,TNC.AX,TRUE NORTH COPPER LIMITED,Producer,Gold | Silver | Copper | Cobalt,2020-11-10,ok,True,False,0,2020-11-10,2026-09-03,1471,8,True,0.0044,2,0.0,736779.0,69737039.0,0.6945,0.8625,0.8965,0.6695,0.8852,0.4312,0.1203,0.16,0.315,,,,0.35,0.2419,0.2909,-0.036,0.2746,-0.3791,-0.8268,-0.7696,-0.5464,,,,-0.496
TOK,TOK.AX,TOLU MINERALS LIMITED.,Explorer,Gold | Silver | Copper,2023-11-10,ok,True,False,0,2023-11-10,2026-09-03,712,6,False,1.0,0,0.0,47830.0,337183117.0,0.523,0.5,0.5,0.54,0.5,0.98,1.34,,,,,,1.18,-0.044,-0.044,0.0325,-0.044,0.8738,1.5621,,,,,,1.2562
TON,TON.AX,TRITON MINERALS LTD,Explorer,Gold | Copper | Graphite,2009-08-14,ok,True,False,0,2009-08-14,2026-09-03,4314,11,False,1.0,0,0.0,868297.0,4705166.0,0.2232,0.2381,0.2282,0.1935,0.1885,0.1389,0.0516,0.0575,0.3522,0.0605,0.045,0.01,0.004,0.0668,0.0224,-0.1331,-0.1555,-0.3777,-0.7688,-0.7424,0.578,-0.7289,-0.7984,-0.9552,-0.9821
TOR,TOR.AX,TORQUE METALS LIMITED..,Explorer,Gold | Nickel | Lithium | Cobalt,2021-06-25,ok,True,False,0,2021-06-25,2026-09-03,1315,8,False,1.0,0,0.0,1256449.0,137484270.0,0.214,0.21,0.195,0.235,0.21,0.195,0.13,0.13,0.28,,,,0.235,-0.0187,-0.0888,0.0981,-0.0187,-0.0888,-0.3925,-0.3925,0.3084,,,,0.0981
TR2,TR2.AX,TALI RESOURCES LTD,Unknown,Gold | Copper | Iron,2025-07-18,ok,True,False,0,2025-07-18,2026-09-03,288,5,False,1.0,0,0.0,1188894.0,47663687.0,0.541,0.51,0.7,0.65,0.33,0.285,,,,,,,0.4,-0.0573,0.2939,0.2015,-0.39,-0.4732,,,,,,,-0.2606
TR8,TR8.AX,TARRINA RESOURCES LIMITED,Producer,Gold | Silver | Copper | Rare Earths | Cobalt,2022-01-07,ok,True,False,0,2022-01-07,2026-09-03,1178,7,True,0.2,1,0.0,697752.0,6292489.0,0.221,0.205,0.175,0.195,0.097,0.029,0.004,0.004,,,,,0.018,-0.0724,-0.2081,-0.1176,-0.5611,-0.8688,-0.9819,-0.9819,,,,,-0.9186
TRE,TRE.AX,TOUBANI RESOURCES LIMITED,Developer,Gold,2022-11-28,no price near listing,False,False,-85,2023-02-21,2026-09-03,896,5,False,1.0,0,0.0,,322143180.0,,,,0.155,0.16,0.135,0.175,0.38,,,,,0.32,,,,,,,,,,,,
TRM,TRM.AX,TRUSCOTT MINING CORPORATION LIMITED,Explorer,Gold,2007-04-18,ok,True,False,0,2007-04-18,2026-09-02,4903,11,False,1.0,0,0.0,268745.0,,0.208,0.1971,0.1873,0.1676,0.1479,0.0986,0.1084,0.0887,0.1183,0.0345,0.023,0.05,0.048,-0.0524,-0.0995,-0.1942,-0.2889,-0.526,-0.4788,-0.5736,-0.4312,-0.8341,-0.8894,-0.7596,-0.7692
TSK,TSK.AX,TUSKER MINERALS LTD,Explorer,Copper | Nickel | Rare Earths | Niobium Tantalum,2023-06-29,ok,True,False,0,2023-06-29,2026-09-02,807,7,False,1.0,0,0.0,282707.0,8158438.0,0.211,0.2,0.2,0.15,0.095,0.07,0.11,0.075,,,,,0.08,-0.0521,-0.0521,-0.2891,-0.5498,-0.6682,-0.4787,-0.6445,,,,,-0.6209
TSL,TSL.AX,TITANIUM SANDS LIMITED,Explorer,Vanadium | Mineral Sands,1988-12-22,ok,True,False,-8,1988-12-30,2026-09-03,9657,11,True,0.006,7,0.0,0.0,16413230.0,33.375,33.375,33.375,30.8077,25.6731,51.3462,25.6731,79.5866,50.0625,43.6442,61.694,1.2374,0.007,0.0,0.0,-0.0769,-0.2308,0.5385,-0.2308,1.3846,0.5,0.3077,0.8485,-0.9629,-0.9998
TSO,TSO.AX,TESORO GOLD LTD,Explorer,Gold,2004-01-28,ok,True,False,1,2004-01-27,2026-09-03,5725,11,True,0.0027,4,222.9603,377.0,183330890.0,3.5261,3.5189,3.5914,3.4463,3.4101,3.8339,4.5234,5.8408,3.2777,6.5856,4.0554,0.6028,0.955,-0.002,0.0185,-0.0226,-0.0329,0.0873,0.2828,0.6564,-0.0704,0.8677,0.1501,-0.829,-0.7292
TSR,TSR.AX,TURNSTONE RESOURCES LTD,Explorer,Potash,2017-01-20,ok,True,False,0,2017-01-20,2026-09-02,2434,9,True,0.0667,1,0.0,8788.0,3055618.0,2.58,2.4,2.4,1.5,1.26,1.35,1.5,0.555,2.4,0.375,,,0.018,-0.0698,-0.0698,-0.4186,-0.5116,-0.4767,-0.4186,-0.7849,-0.0698,-0.8547,,,-0.993
TTM,TTM.AX,TITAN MINERALS LIMITED,Explorer,Gold | Silver | Copper,2006-11-15,ok,True,False,0,2006-11-15,2026-09-03,5008,11,True,0.0,3,0.0,33.0,208811995.0,9978.8119,10593.9443,10935.6846,9397.8535,15036.5664,26997.4707,5126.1021,8372.6338,1589.1715,172.736,34.5472,0.987,0.635,0.0616,0.0959,-0.0582,0.5068,1.7055,-0.4863,-0.161,-0.8407,-0.9827,-0.9965,-0.9999,-0.9999
TVN,TVN.AX,TIVAN LIMITED,Explorer,Silver | Copper | Lead | Lithium | Tungsten | Vanadium,1971-02-18,no price near listing,False,False,-6189,1988-01-29,2026-09-03,9751,0,True,0.0927,4,0.0112,,546919420.0,,,,,,,,,,,,,0.225,,,,,,,,,,,,
TXR,TXR.AX,TALONX RESOURCES LIMITED,Explorer,Silver | Copper | Lead | Zinc | Vanadium,1985-09-05,no price near listing,False,False,-876,1988-01-29,2026-09-02,9895,5,True,0.0393,3,0.0,,5591981.0,,,,,,,,10.6909,1.2727,7.6364,5.88,3.08,0.007,,,,,,,,,,,,
TYX,TYX.AX,TYRANNA RESOURCES LIMITED,Explorer,Lithium,2007-07-11,ok,True,False,0,2007-07-11,2026-09-02,4845,11,False,1.0,0,0.0,1176336.0,11748449.0,1.3869,1.4505,1.3561,1.7883,1.2071,0.7551,0.2484,0.92,0.465,0.075,0.018,0.018,0.0025,0.0459,-0.0222,0.2894,-0.1296,-0.4555,-0.8209,-0.3367,-0.6647,-0.9459,-0.987,-0.987,-0.9982
TZN,TZN.AX,TERRAMIN AUSTRALIA LIMITED.,Explorer,Gold | Copper | Lead | Zinc,2003-12-23,ok,True,False,1,2003-12-22,2026-09-03,5751,11,False,1.0,0,0.0,104688.0,54916262.0,0.2032,0.2004,0.2331,0.2517,0.1678,0.1538,0.4102,1.9205,0.3916,0.4615,0.028,0.1072,0.022,-0.0138,0.1471,0.2387,-0.1742,-0.2431,1.0187,8.4513,0.9272,1.2712,-0.8622,-0.4724,-0.8917
UM1,UM1.AX,UNITY METALS LIMITED,Explorer,Gold | Copper,2026-01-12,ok,True,False,0,2026-01-12,2026-09-03,165,4,False,1.0,0,0.0,1140518.0,37364536.0,0.253,0.27,0.29,0.24,0.09,,,,,,,,0.2,0.0672,0.1462,-0.0514,-0.6443,,,,,,,,-0.2095
USC,USC.AX,US1 CRITICAL MINERALS LIMITED,Explorer,Uranium,2006-06-27,ok,True,False,1,2006-06-26,2026-09-03,5110,11,True,0.1,1,0.0,20478.0,24332625.0,1.3019,1.2354,1.6155,1.4254,1.2354,1.1403,0.5227,0.4086,2.5183,0.0771,0.0193,0.013,0.024,-0.0511,0.2409,0.0949,-0.0511,-0.1241,-0.5985,-0.6862,0.9343,-0.9408,-0.9852,-0.99,-0.9816
USL,USL.AX,UNICO SILVER LIMITED,Explorer,Gold | Silver,2017-04-19,ok,True,False,0,2017-04-19,2026-09-03,2375,9,False,1.0,0,0.0,1116870.0,555595308.0,0.153,0.15,0.135,0.115,0.14,0.1,0.155,0.074,0.23,0.155,,,0.86,-0.0196,-0.1176,-0.2484,-0.085,-0.3464,0.0131,-0.5163,0.5033,0.0131,,,4.6209
USM,USM.AX,UNION STAR METALS LTD,Explorer,Gold | Silver | Rare Earths,2009-11-12,no price near listing,False,False,-4115,2021-02-17,2026-09-02,1403,1,False,1.0,0,0.0,,5754851.0,,,,,,,,,,,,0.021,0.012,,,,,,,,,,,,
VAL,VAL.AX,VALIANT GOLD LIMITED,Unknown,Gold,2026-03-27,ok,True,False,0,2026-03-27,2026-09-03,112,3,False,1.0,0,0.0,12907961.0,129600024.0,0.307,0.29,0.33,0.195,,,,,,,,,0.255,-0.0554,0.0749,-0.3648,,,,,,,,,-0.1694
VAN,VAN.AX,VANTAGE METALS LIMITED,Explorer,Gold | Silver | Copper | Nickel | Lead | Zinc | Lithium,2022-01-28,ok,True,False,0,2022-01-28,2026-09-03,1164,7,False,1.0,0,0.0,1189062.0,14583875.0,0.224,0.325,0.7,0.87,0.355,0.28,0.17,0.165,,,,,0.038,0.4509,2.125,2.8839,0.5848,0.25,-0.2411,-0.2634,,,,,-0.8304
VAU,VAU.AX,VAULT MINERALS LIMITED,Producer,Gold | Copper,1996-10-16,no price near listing,False,False,-15,1996-10-31,2026-09-03,7467,11,True,0.0154,2,0.07,,7190232970.0,,9.0252,9.0252,10.5295,9.3261,7.2202,2.1059,2.1059,3.0686,5.9362,6.2487,13.1222,6.8,,,,,,,,,,,,
VBX,VBX.AX,VBX LIMITED,Explorer,Bauxite Alumina,2025-06-17,ok,True,False,0,2025-06-17,2026-09-03,311,5,False,1.0,0,0.0,1066705.0,70639569.0,0.708,0.735,0.55,0.495,0.52,0.6075,,,,,,,0.72,0.0381,-0.2232,-0.3008,-0.2655,-0.1419,,,,,,,0.0169
VHM,VHM.AX,VHM LIMITED,Explorer,Rare Earths | Mineral Sands,2023-01-09,ok,True,False,0,2023-01-09,2026-09-03,926,7,False,1.0,0,0.0,1326409.0,68589818.0,1.068,1.14,0.96,0.8,0.66,0.69,0.4,0.435,,,,,0.195,0.0674,-0.1011,-0.2509,-0.382,-0.3539,-0.6255,-0.5927,,,,,-0.8174
VKA,VKA.AX,VIKING MINES LIMITED,Explorer,Gold | Copper | Nickel | Cobalt | Vanadium,2010-05-12,ok,True,False,0,2010-05-12,2026-09-03,4128,11,False,1.0,0,0.0,2066368.0,22613789.0,0.279,0.2661,0.2275,0.1674,0.2489,0.1803,0.103,0.0407,0.0087,0.013,0.0061,0.008,0.01,-0.0462,-0.1846,-0.4,-0.1079,-0.3538,-0.6308,-0.8541,-0.9688,-0.9534,-0.9781,-0.9713,-0.9642
VMC,VMC.AX,VENUS METALS CORPORATION LIMITED,Explorer,Gold | Iron | Lithium | Vanadium,2007-06-12,ok,True,False,0,2007-06-12,2026-09-03,4867,11,False,1.0,0,0.0035,1086882.0,68070889.0,0.2456,0.2439,0.3464,0.3686,0.2384,0.3603,0.0998,0.3381,0.2106,0.0582,0.0637,0.1078,0.375,-0.0069,0.4104,0.5008,-0.0293,0.467,-0.5936,0.3766,-0.1425,-0.763,-0.7406,-0.5611,0.5269
VML,VML.AX,VITAL METALS LIMITED,Producer,Rare Earths,2005-10-11,ok,True,False,1,2005-10-10,2026-09-02,5286,11,True,0.02,1,0.0,41539.0,24787965.0,9.0201,8.8835,8.2001,7.289,7.5168,19.5892,32.9752,4.5799,5.0379,1.2462,1.0662,1.55,0.099,-0.0151,-0.0909,-0.1919,-0.1667,1.1717,2.6557,-0.4923,-0.4415,-0.8618,-0.8818,-0.8282,-0.989
VMM,VMM.AX,VIRIDIS MINING AND MINERALS LIMITED,Explorer,Gold | Copper | Nickel | Platinum Pgm | Rare Earths,2022-01-24,ok,True,False,0,2022-01-24,2026-09-03,1167,7,False,1.0,0,0.0,848724.0,523507306.0,0.329,0.29,0.305,0.29,0.265,0.245,1.25,0.44,,,,,3.55,-0.1185,-0.0729,-0.1185,-0.1945,-0.2553,2.7994,0.3374,,,,,9.7903
VMS,VMS.AX,VENARI MINERALS NL,Explorer,Gold | Silver | Lithium,1986-08-14,no price near listing,False,False,-533,1988-01-29,2026-09-02,9894,6,True,0.0,4,0.0,,10939038.0,,,,,,,88.2721,44.136,44.136,34.4261,52.9632,3406.2629,0.078,,,,,,,,,,,,
VR8,VR8.AX,VANADIUM RESOURCES LIMITED,Explorer,Vanadium | Silica,2017-11-03,ok,True,False,0,2017-11-03,2026-09-03,2235,9,False,4.62,1,0.0,8451769.0,9376034.0,0.065,0.0941,0.0639,0.0682,0.2024,0.115,0.044,0.026,0.072,0.044,,,0.031,0.4477,-0.0169,0.0492,2.1138,0.7692,-0.3231,-0.6,0.1077,-0.3231,,,-0.5231
VRC,VRC.AX,VOLT RESOURCES LIMITED,Explorer,Graphite,2003-12-19,ok,True,False,1,2003-12-18,2026-09-02,5752,11,True,0.05,2,0.0,120940.0,,5.2003,5.9707,7.3189,6.9337,4.7188,6.9337,5.8744,2.152,0.0293,0.2152,0.0176,0.0219,0.0055,0.1481,0.4074,0.3333,-0.0926,0.3333,0.1296,-0.5862,-0.9944,-0.9586,-0.9966,-0.9958,-0.9989
VRL,VRL.AX,VERITY RESOURCES LIMITED,Explorer,Gold | Silver | Copper | Nickel | Platinum Pgm | Rare Earths | Cobalt,2008-01-18,ok,True,False,0,2008-01-18,2026-09-02,4711,11,True,0.0042,2,0.0,3970.0,6382518.0,14.1312,12.0436,9.3673,9.0996,8.2967,3.3455,5.4865,20.7361,3.5328,2.64,0.36,0.12,0.015,-0.1477,-0.3371,-0.3561,-0.4129,-0.7633,-0.6117,0.4674,-0.75,-0.8132,-0.9745,-0.9915,-0.9989
VRX,VRX.AX,VRX SILICA LIMITED,Developer,Silica,2011-02-24,ok,True,False,0,2011-02-24,2026-09-03,3927,11,False,1.0,0,0.0,327991.0,38387992.0,0.1941,0.1904,0.2403,0.2313,0.1904,0.5985,0.39,0.0544,0.0145,0.067,0.34,0.059,0.038,-0.0191,0.238,0.1917,-0.0191,2.0835,1.0093,-0.7197,-0.9253,-0.6548,0.7517,-0.696,-0.8042
VTA,VTA.AX,VITA RESOURCES NL,Explorer,Gold | Copper | Rare Earths,2021-03-16,ok,True,False,0,2021-03-16,2026-09-03,1385,8,True,0.025,1,0.0,19758.0,1914870.0,6.6314,6.7571,5.9714,6.1286,8.4857,5.3429,0.9429,0.3143,0.038,,,,0.019,0.019,-0.0995,-0.0758,0.2796,-0.1943,-0.8578,-0.9526,-0.9943,,,,-0.9971
VTM,VTM.AX,VICTORY METALS LIMITED,Explorer,Gold | Rare Earths | Scandium,2021-07-22,ok,True,False,0,2021-07-22,2026-09-03,1284,8,False,1.0,0,0.0,1081234.0,208192742.0,0.22,0.205,0.21,0.2,0.22,0.185,0.35,0.38,1.4,,,,1.405,-0.0682,-0.0455,-0.0909,0.0,-0.1591,0.5909,0.7273,5.3636,,,,5.3864
VTX,VTX.AX,VERTEX MINERALS LIMITED,Developer,Gold | Nickel | Lithium,2022-01-17,ok,True,False,0,2022-01-17,2026-09-02,1171,7,False,1.0,0,0.0,1000546.0,42802332.0,0.1625,0.1568,0.1425,0.1425,0.1092,0.1187,0.13,0.225,,,,,0.135,-0.0351,-0.1231,-0.1231,-0.328,-0.2695,-0.2,0.3846,,,,,-0.1692
VUL,VUL.AX,VULCAN ENERGY RESOURCES LIMITED,Producer,Lithium,2018-05-30,ok,True,False,0,2018-05-30,2026-09-03,2094,9,False,1.0,0,0.0,371236.0,1321103634.0,0.268,0.25,0.255,0.25,0.2,0.155,0.36,7.64,3.89,4.14,,,2.65,-0.0672,-0.0485,-0.0672,-0.2537,-0.4216,0.3433,27.5075,13.5149,14.4478,,,8.8881
WA1,WA1.AX,WA1 RESOURCES LTD,Explorer,Gold | Copper | Nickel | Iron | Niobium Tantalum,2022-02-08,ok,True,False,0,2022-02-08,2026-09-03,1157,7,False,1.0,0,0.0,513038.0,898823542.0,0.237,0.23,0.21,0.175,0.13,1.48,10.17,16.3,,,,,11.48,-0.0295,-0.1139,-0.2616,-0.4515,5.2447,41.9114,67.7764,,,,,47.4388
WAF,WAF.AX,WEST AFRICAN RESOURCES LIMITED,Producer,Gold,2010-06-11,ok,True,False,0,2010-06-11,2026-09-03,4106,11,False,1.0,0,0.0,343300.0,4346261430.0,0.259,0.33,0.25,0.285,0.37,0.365,0.17,0.15,0.063,0.325,0.875,2.29,3.755,0.2741,-0.0347,0.1004,0.4286,0.4093,-0.3436,-0.4208,-0.7568,0.2548,2.3784,7.8417,13.4981
WAK,WAK.AX,WA KAOLIN LIMITED,Producer,,2020-11-26,ok,True,False,0,2020-11-26,2026-09-01,1457,8,False,1.0,0,0.0,11095423.0,,0.222,0.205,0.17,0.19,0.185,0.22,0.17,0.115,0.037,,,,0.006,-0.0766,-0.2342,-0.1441,-0.1667,-0.009,-0.2342,-0.482,-0.8333,,,,-0.973
WAU,WAU.AX,WA GOLD LIMITED,Explorer,Gold | Lithium,2004-05-12,ok,True,False,1,2004-05-11,2026-09-02,5649,11,True,0.005,3,0.0,5577.0,20209658.0,13.4323,11.1936,12.5105,13.1689,15.1442,9.8767,20.741,12.5105,2.6996,5.1153,0.1964,0.12,0.015,-0.1667,-0.0686,-0.0196,0.1274,-0.2647,0.5441,-0.0686,-0.799,-0.6192,-0.9854,-0.9911,-0.9989
WC1,WC1.AX,WEST COBAR METALS LIMITED,Explorer,Gold | Silver | Copper | Rare Earths | Antimony | Bauxite Alumina | Scandium,2021-10-01,ok,True,False,0,2021-10-01,2026-09-02,1244,7,False,1.0,0,0.0,365977.0,8734380.0,0.22,0.225,0.2,0.14,0.14,0.275,0.085,0.024,,,,,0.02,0.0227,-0.0909,-0.3636,-0.3636,0.25,-0.6136,-0.8909,,,,,-0.9091
WC8,WC8.AX,WILDCAT RESOURCES LIMITED,Explorer,Gold | Copper | Lithium | Niobium Tantalum,2004-08-04,ok,True,False,1,2004-08-03,2026-09-03,5590,11,True,0.0061,2,0.0,112.0,571123881.0,69.5641,87.4501,71.6101,72.6001,61.0501,92.4001,75.9001,83.3251,23.925,0.33,0.198,0.018,0.39,0.2571,0.0294,0.0436,-0.1224,0.3283,0.0911,0.1978,-0.6561,-0.9953,-0.9972,-0.9997,-0.9944
WCE,WCE.AX,WEST COAST SILVER LIMITED,Explorer,Gold | Silver | Copper | Nickel | Rare Earths | Lithium | Graphite,2020-12-14,ok,True,False,0,2020-12-14,2026-09-03,1447,8,False,1.0,0,0.0,1126322.0,41076899.0,0.21,0.215,0.22,0.31,0.19,0.2025,0.225,0.1,0.175,,,,0.097,0.0238,0.0476,0.4762,-0.0952,-0.0357,0.0714,-0.5238,-0.1667,,,,-0.5381
WCN,WCN.AX,WHITE CLIFF MINERALS LIMITED,Explorer,Gold | Silver | Copper | Nickel | Iron | Lead | Rare Earths | Lithium | Uranium | Cobalt,2007-12-14,ok,True,False,0,2007-12-14,2026-09-03,4734,11,True,0.02,1,0.0,34563.0,59487965.0,5.5926,5.1333,3.7825,2.3505,3.7825,0.8646,1.4319,5.4035,0.7025,0.2432,0.1088,0.015,0.017,-0.0821,-0.3237,-0.5797,-0.3237,-0.8454,-0.744,-0.0338,-0.8744,-0.9565,-0.9805,-0.9973,-0.997
WGR,WGR.AX,WESTERN GOLD RESOURCES LIMITED.,Explorer,Gold | Lithium | Graphite | Niobium Tantalum,2021-07-23,ok,True,False,0,2021-07-23,2026-09-03,1295,8,False,1.0,0,0.0,901447.0,24887903.0,0.191,0.195,0.195,0.195,0.165,0.11,0.043,0.031,0.088,,,,0.078,0.0209,0.0209,0.0209,-0.1361,-0.4241,-0.7749,-0.8377,-0.5393,,,,-0.5916
WGX,WGX.AX,WESTGOLD RESOURCES LIMITED.,Producer,Gold,2016-12-06,ok,True,False,0,2016-12-06,2026-09-03,2465,9,False,1.0,0,0.0725,3168850.0,6189148429.0,1.6262,1.5834,1.8457,2.3412,1.8457,1.5932,1.0103,1.9623,1.819,2.0746,,,6.25,-0.0263,0.135,0.4397,0.135,-0.0203,-0.3787,0.2067,0.1186,0.2757,,,2.8433
WIA,WIA.AX,WIA GOLD LIMITED,Explorer,Gold,2011-03-09,ok,True,False,0,2011-03-09,2026-09-03,3918,11,True,0.05,1,0.0,111860.0,876465246.0,4.6297,4.5167,4.1135,3.8715,1.9357,1.8551,0.6936,0.242,1.8176,0.2597,0.0386,0.585,0.48,-0.0244,-0.1115,-0.1638,-0.5819,-0.5993,-0.8502,-0.9477,-0.6074,-0.9439,-0.9917,-0.8736,-0.8963
WIN,WIN.AX,WIN METALS LTD,Explorer,Gold | Nickel | Lithium,2021-09-22,ok,True,False,0,2021-09-22,2026-09-03,1252,7,False,1.0,0,0.0,4828314.0,13718038.0,0.241,0.215,0.23,0.23,0.515,0.28,0.19,0.044,,,,,0.017,-0.1079,-0.0456,-0.0456,1.1369,0.1618,-0.2116,-0.8174,,,,,-0.9295
WMG,WMG.AX,WESTERN MINES GROUP LTD,Explorer,Gold | Copper | Nickel | Platinum Pgm | Lithium,2021-07-20,ok,True,False,0,2021-07-20,2026-09-03,1298,8,False,1.0,0,0.0,1006093.0,21511301.0,0.187,0.175,0.18,0.19,0.18,0.135,0.68,0.245,0.165,,,,0.16,-0.0642,-0.0374,0.016,-0.0374,-0.2781,2.6364,0.3102,-0.1176,,,,-0.1444
WRX,WRX.AX,WESTERN RIDGE RESOURCES LIMITED,Explorer,Rare Earths | Lithium | Uranium | Niobium Tantalum,2022-08-05,ok,True,False,0,2022-08-05,2026-09-03,1033,7,False,1.0,0,0.0,1275246.0,4797602.0,0.167,0.175,0.195,0.18,0.13,0.155,0.165,0.042,,,,,0.028,0.0479,0.1677,0.0778,-0.2216,-0.0719,-0.012,-0.7485,,,,,-0.8323
WSR,WSR.AX,WESTAR RESOURCES LIMITED,Explorer,Gold | Silver | Copper | Zinc,2020-12-17,ok,True,False,0,2020-12-17,2026-09-02,1443,8,False,1.0,0,0.0,729048.0,4848012.0,0.231,0.23,0.23,0.19,0.185,0.096,0.051,0.019,0.006,,,,0.006,-0.0043,-0.0043,-0.1775,-0.1991,-0.5844,-0.7792,-0.9177,-0.974,,,,-0.974
WTM,WTM.AX,WARATAH MINERALS LIMITED,Explorer,Gold | Copper | Nickel,2012-10-29,ok,True,False,0,2012-10-29,2026-09-03,3506,10,True,0.0333,1,0.0,4175.0,255916535.0,6.6769,6.9428,6.7951,5.3179,5.3179,3.75,4.05,1.8,1.89,0.24,0.135,,0.605,0.0398,0.0177,-0.2035,-0.2035,-0.4384,-0.3934,-0.7304,-0.7169,-0.9641,-0.9798,,-0.9094
WWI,WWI.AX,WEST WITS MINING LIMITED,Explorer,Gold | Uranium,2007-12-19,ok,True,False,0,2007-12-19,2026-09-03,4731,11,True,0.1,1,0.0,96361.0,210920686.0,2.9417,3.8204,3.8204,2.1012,1.7192,0.4298,0.9073,0.4584,0.1624,0.0669,0.2547,0.16,0.42,0.2987,0.2987,-0.2857,-0.4156,-0.8539,-0.6916,-0.8442,-0.9448,-0.9773,-0.9134,-0.9456,-0.8572
WYX,WYX.AX,WESTERN YILGARN NL,Explorer,Gold | Copper | Nickel | Lithium | Cobalt | Bauxite Alumina,2007-05-25,ok,True,False,0,2007-05-25,2026-09-02,4877,11,True,0.02,1,0.0,13420.0,5676080.0,7.85,7.0,8.25,7.0,24.0,12.0,3.95,3.45,1.75,0.85,0.9,0.15,0.035,-0.1083,0.051,-0.1083,2.0573,0.5287,-0.4968,-0.5605,-0.7771,-0.8917,-0.8854,-0.9809,-0.9955
XPD,XPD.AX,XPEDRA RESOURCES LIMITED,Explorer,Gold | Silver | Copper | Rare Earths | Lithium | Uranium | Antimony,1997-08-29,ok,True,False,0,1997-08-29,2026-09-03,5644,7,True,0.002,4,0.0,0.0,17168864.0,2.1658,2.1658,2.1658,1.4439,1.2032,0.5054,,,,,11.7118,6.875,0.023,0.0,0.0,-0.3333,-0.4445,-0.7666,,,,,4.4076,2.1743,-0.9894
XRA,XRA.AX,XENORA MINERALS LTD,Explorer,Gold | Copper | Nickel | Lead | Zinc | Lithium | Uranium,2017-04-06,ok,True,False,0,2017-04-06,2026-09-03,2382,9,True,0.0079,1,0.0,11374.0,13702582.0,28.7867,26.0048,18.1429,14.5143,13.9095,12.7,9.1295,1.651,8.128,0.508,,,0.27,-0.0966,-0.3697,-0.4958,-0.5168,-0.5588,-0.6829,-0.9426,-0.7176,-0.9824,,,-0.9906
YAR,YAR.AX,YARI RESOURCES LTD,Producer,Silver | Copper | Lead | Zinc | Lithium,2006-06-19,ok,True,False,3,2006-06-16,2026-09-02,5115,11,True,0.0033,3,0.0,2756.0,4197319.0,56.3583,58.0515,84.6584,62.8891,70.1455,64.0985,19.8343,7.2564,19.8343,1.935,0.5684,0.039,0.004,0.03,0.5021,0.1159,0.2446,0.1373,-0.6481,-0.8712,-0.6481,-0.9657,-0.9899,-0.9993,-0.9999
YRL,YRL.AX,YANDAL RESOURCES LIMITED,Explorer,Gold,2018-12-14,ok,True,False,0,2018-12-14,2026-09-03,1953,9,False,1.0,0,0.0,91992.0,57395983.0,0.2082,0.1987,0.2177,0.194,0.1893,0.2177,0.4084,0.3725,0.09,0.26,,,0.19,-0.0456,0.0456,-0.0682,-0.0908,0.0456,0.9616,0.7891,-0.5677,0.2488,,,-0.0874
YUG,YUG.AX,YUGO METALS LIMITED,Explorer,Gold | Silver | Copper | Nickel | Iron | Lead | Zinc | Cobalt | Antimony,2021-10-21,ok,True,False,0,2021-10-21,2026-09-03,1231,7,False,1.0,0,0.0,1746528.0,21481230.0,0.358,0.34,0.33,0.355,0.285,0.135,0.059,0.024,,,,,0.055,-0.0503,-0.0782,-0.0084,-0.2039,-0.6229,-0.8352,-0.933,,,,,-0.8464
ZAG,ZAG.AX,ZULEIKA GOLD LIMITED,Explorer,Gold,2010-08-23,ok,True,False,0,2010-08-23,2026-09-03,4056,11,False,1.0,0,0.0,213985.0,38476848.0,0.52,0.5,0.58,0.7,0.63,0.315,0.083,0.035,0.013,0.03,0.037,0.022,0.037,-0.0385,0.1154,0.3462,0.2115,-0.3942,-0.8404,-0.9327,-0.975,-0.9423,-0.9288,-0.9577,-0.9288
ZEO,ZEO.AX,ZEOTECH LIMITED,Explorer,,2009-10-16,ok,True,False,0,2009-10-16,2026-09-03,4269,11,True,0.1,1,0.0,74077.0,178986900.0,1.8191,1.8578,1.8578,1.1611,1.1224,0.8902,0.3638,0.2488,0.0332,0.0181,0.012,0.033,0.079,0.0213,0.0213,-0.3617,-0.383,-0.5106,-0.8,-0.8632,-0.9817,-0.9901,-0.9934,-0.9819,-0.9566
ZIM,ZIM.AX,ZIMPLATS HOLDINGS LIMITED,Producer,Gold | Silver | Copper | Nickel | Platinum Pgm | Cobalt,1998-10-15,no price near listing,False,False,-15,1998-10-30,2026-09-03,7091,11,False,1.0,0,10.0039,,1668383560.0,,0.2073,0.2073,0.2126,0.1701,0.2871,0.1887,0.4253,2.068,1.8607,4.8643,3.8276,17.0,,,,,,,,,,,,
ZMI,ZMI.AX,ZINC OF IRELAND LIMITED,Explorer,Gold | Copper | Lead | Zinc,2007-09-18,ok,True,False,0,2007-09-18,2026-09-03,4797,11,True,0.0006,4,0.0,739.0,25700214.0,327.9308,311.6698,325.2206,423.4644,338.7715,135.5086,47.5308,58.0,18.0,1.0,0.14,0.039,0.022,-0.0496,-0.0083,0.2913,0.0331,-0.5868,-0.8551,-0.8231,-0.9451,-0.997,-0.9996,-0.9999,-0.9999
ZNC,ZNC.AX,ZENITH MINERALS LIMITED,Explorer,Gold | Silver | Lead | Zinc | Lithium | Manganese | Niobium Tantalum,2007-05-29,ok,True,False,0,2007-05-29,2026-09-03,4876,11,False,1.0,0,0.0,1454800.0,61443792.0,0.4124,0.4642,0.3794,0.2321,0.2366,0.0982,0.0357,0.1741,0.2857,0.0845,0.1063,0.375,0.083,0.1256,-0.08,-0.4372,-0.4263,-0.7619,-0.9134,-0.5778,-0.3072,-0.7951,-0.7422,-0.0907,-0.7987
