co_id,ticker_full,ticker,name,name_normalised,board,isin,cusip,sedar_issuer_no,former_names,commodities,commodity_count,is_polymetallic,company_type,is_royalty_streamer,no_disclosed_commodity,property_regions,property_jurisdictions,property_region_count,jurisdiction_count,hq_matches_property,no_disclosed_property,shell_like,stage,incorporation_jurisdiction,mcap,shares,px,size_band,value_ytd,vol_ytd,trades_ytd,months,turnover,turnover_pctile,turnover_pctile_in_band,attention_ratio,avg_trade,dormant,hq_location,hq_region,listing_type,listing_date_iso,days_listed,lyear,yrs,exchange,sector,listing_date,interlisted_2,tsxv_grad,po_id,interlisted,otc_tier,cpc_flag,index_member,annual_list,comm_oil_and_gas,comm_gold,comm_silver,comm_copper,comm_nickel,comm_diamond,comm_molybdenum,comm_platinum_pgm,comm_iron,comm_lead,comm_zinc,comm_rare_earths,comm_potash,comm_lithium,comm_uranium,comm_coal,comm_tungsten,comm_base_precious_metals,comm_royalty_streaming,comm_other_properties,prop_africa,prop_asia,prop_aus_nz_png,prop_canada,prop_latin_america,prop_other,prop_uk_europe,prop_usa,enrich_source,data_asof,properties_asof
V-01325,ABRA.TO,ABRA,AbraSilver Resource Corp.,abrasilver resource,TSX,,,,,Gold | Silver,2,True,Operator,False,False,LATIN AMERICA,Argentina,1,1,False,False,False,,,2303393480.55,160963905,14.31,>2B,1373045059.0,97350410.0,429185.0,6.0,0.5960966159686042,92.16241737488197,72.46376811594203,1.5147760827159993,3199.19162831879,False,ON,Canada,TSXV Grad,2025-02-27,488.0,2025.0,1.0,TSX,Mining,20250227.0,,Y,,,OTCQX,,Composite,,False,True,True,False,False,False,False,False,False,False,False,False,False,False,False,False,False,False,False,False,False,False,False,False,True,False,False,False,,2026-06-30,2026-07-31
ACL0001,ARA.TO,ARA,Aclara Resources Inc.,aclara resources,TSX,,,,,Rare Earths,1,False,Operator,False,False,LATIN AMERICA,Brazil | Chile,1,2,True,False,False,,,1015898463.64,246577297,4.12,500M-2B,84186909.5,21877310.0,76394.0,6.0,0.0828694131481952,29.178470254957507,17.72151898734177,0.2105843275449972,1102.009444458989,False,Chile,Latin America,IPO,2021-12-10,1663.0,2021.0,5.0,TSX,Mining,20211210.0,,,,,,,,,False,False,False,False,False,False,False,False,False,False,False,True,False,False,False,False,False,False,False,False,False,False,False,False,True,False,False,False,,2026-06-30,2026-07-31
AGN0001,AEM.TO,AEM,Agnico Eagle Mines Limited,agnico eagle mines,TSX,,,,,Gold | Silver | Copper,3,True,Operator,False,False,CANADA | UK/EUROPE,NU | ON | Finland,2,3,True,False,False,,,111855278192.32,528326164,211.7163332314544,>2B,34524303849.0,131507808.0,689059.0,6.0,0.3086515398016367,74.31539187913125,31.88405797101449,0.7843325358008897,50103.55259709256,False,ON,Canada,,1957-12-27,25022.0,1957.0,69.0,TSX,Mining,19571227.0,,,,NYSE,,,60,,False,True,True,True,False,False,False,False,False,False,False,False,False,False,False,False,False,False,False,False,False,False,False,True,False,False,True,False,,2026-06-30,2026-07-31
ALA0001,AGI.TO,AGI,Alamos Gold Inc.,alamos gold,TSX,,,,,Gold | Silver,2,True,Operator,False,False,CANADA | LATIN AMERICA | UK/EUROPE | USA,MB | ON | QC | Mexico | Turkiye | OR,4,6,True,False,False,,,18026193873.0,419213811,43.0,>2B,8238713655.0,146443660.0,804428.0,6.0,0.4570412208502935,86.87440982058547,53.62318840579711,1.1614142600598305,10241.70423580482,False,ON,Canada,TSXV Grad,2004-06-21,8044.0,2004.0,22.0,TSX,Mining,20040621.0,,Y,,NYSE,,Y,Composite,Y,False,True,True,False,False,False,False,False,False,False,False,False,False,False,False,False,False,False,False,False,False,False,False,True,True,False,True,True,,2026-06-30,2026-07-31
X-1188,ALK.TO,ALK,Alkane Resources Limited,alkane resources,TSX,,,,,Gold,1,False,Operator,False,False,AUS/NZ/PNG | UK/EUROPE,Australia | Sweden,2,2,True,False,False,,,1885362652.98,1366204821,1.38,500M-2B,171704837.0,115781325.0,143543.0,6.0,0.0910725778558325,32.10576015108593,18.9873417721519,0.23142987064796855,1196.1909462669723,False,Australia,Australia/NZ/PNG,Other,2025-08-07,327.0,2025.0,1.0,TSX,Mining,20250807.0,,,,ASX,,,,,False,True,False,False,False,False,False,False,False,False,False,False,False,False,False,False,False,False,False,True,False,False,True,False,False,False,True,False,,2026-06-30,2026-07-31
ALL0026,AAUC.TO,AAUC,Allied Gold Corporation,allied gold,TSX,,,,,Gold,1,False,Operator,False,False,AFRICA,Cote D'Ivoire | Ethopia | Mali,1,3,False,False,False,,,4432019234.1,127620683,34.72806389932892,>2B,5881859038.0,145819831.0,578363.0,6.0,1.3271284999724091,99.6222851746931,100.0,3.3724440914370946,10169.839768449918,False,ON,Canada,Other,2023-09-11,1023.0,2023.0,3.0,TSX,Mining,20230911.0,,,,NYSE,,,Composite,,False,True,False,False,False,False,False,False,False,False,False,False,False,False,False,False,False,False,False,False,True,False,False,False,False,False,False,False,,2026-06-30,2026-07-31
ALM0005,AII.TO,AII,Almonty Industries Inc.,almonty industries,TSX,,,,,,0,False,Operator,False,True,,,0,0,False,True,True,,,6696690360.12,285451422,23.46,>2B,2425879129.0,106747139.0,555210.0,6.0,0.3622504548584996,78.47025495750708,39.130434782608695,0.9205358834003983,4369.300136885143,False,MT,USA,TSXV Grad,2018-06-01,2951.0,2018.0,8.0,TSX,Mining,20180601.0,ASX,Y,,NasdaqCM,,Y,,Y,False,False,False,False,False,False,False,False,False,False,False,False,False,False,False,False,False,False,False,False,False,False,False,False,False,False,False,False,,2026-06-30,2026-07-31
ALT0013,ALS.TO,ALS,Altius Minerals Corporation,altius minerals,TSX,,,,,Gold | Copper | Nickel | Iron | Zinc | Potash | Lithium | Uranium,8,True,Royalty/Streamer,True,False,,,0,0,False,True,False,,,3540698682.56,55741478,63.52,>2B,1498063474.5,29150260.0,189581.0,6.0,0.4230982664181038,83.85269121813032,44.927536231884055,1.0751598271822784,7901.970527109785,False,NL,Canada,TSXV Grad,2007-01-15,7106.0,2007.0,19.0,TSX,Mining,20070115.0,,Y,,,OTCQX,Y,Composite,,False,True,False,True,True,False,False,False,True,False,True,False,True,True,True,False,False,True,True,True,False,False,False,False,False,False,False,False,,2026-06-30,2026-07-31
SCO0013,USA.TO,USA,Americas Gold and Silver Corporation,americas gold and silver,TSX,,,,,Silver,1,False,Operator,False,False,LATIN AMERICA | USA,Mexico | ID | NV,2,3,False,False,False,,,2264878550.77,337537787,6.71,>2B,2080177625.0,229570211.0,810677.0,6.0,0.918449964698016,98.30028328611898,95.65217391304348,2.3339270890428674,2565.9758757186896,False,ON,Canada,TSXV Grad,2006-10-18,7195.0,2006.0,20.0,TSX,Mining,20061018.0,,Y,,NYSE Mkt,,,Composite,,False,False,True,False,False,False,False,False,False,False,False,False,False,False,False,False,False,False,False,False,False,False,False,False,True,False,False,True,,2026-06-30,2026-07-31
AME0021,ARG.TO,ARG,Amerigo Resources Ltd.,amerigo resources,TSX,,,,,Copper,1,False,Operator,False,False,LATIN AMERICA,Chile,1,1,False,False,False,,,992863161.72,161704098,6.140000000000001,500M-2B,704432021.5,120341529.0,376795.0,6.0,0.7094955766912205,95.75070821529745,96.20253164556962,1.80294083471405,1869.536542416964,False,BC,Canada,TSXV Grad,2004-03-23,8134.0,2004.0,22.0,TSX,Mining,20040323.0,,Y,,,OTCQX,,,,False,False,False,True,False,False,False,False,False,False,False,False,False,False,False,False,False,False,False,False,False,False,False,False,True,False,False,False,,2026-06-30,2026-07-31
V-04572,APM.TO,APM,Andean Precious Metals Corp.,andean precious metals,TSX,,,,,Gold | Silver,2,True,Operator,False,False,LATIN AMERICA | USA,Bolivia | CA,2,2,False,False,False,,,878967938.58,151025419,5.82,500M-2B,563947656.5,68403346.0,264512.0,6.0,0.6416020786959248,93.86213408876299,92.40506329113924,1.630412683773134,2132.0305184641907,False,ON,Canada,TSXV Grad,2025-01-09,537.0,2025.0,1.0,TSX,Mining,20250109.0,,Y,,,OTCQX,Y,,,False,True,True,False,False,False,False,False,False,False,False,False,False,False,False,False,False,False,False,False,False,False,False,False,True,False,False,True,,2026-06-30,2026-07-31
GRA0022,ARIS.TO,ARIS,Aris Mining Corporation,aris mining,TSX,,,,,Gold | Silver,2,True,Operator,False,False,CANADA | LATIN AMERICA,ON | Colombia | Guyana,2,3,True,False,False,,,4365734206.95,206417693,21.15,>2B,3073774196.5,121456804.0,548377.0,6.0,0.7040681019029347,95.46742209631728,84.05797101449275,1.7891487601097,5605.220854448673,False,BC,Canada,TSXV Grad,2010-12-22,5669.0,2010.0,16.0,TSX,Mining,20101222.0,,Y,,NYSE Mkt,,,Composite,,False,True,True,False,False,False,False,False,False,False,False,False,False,False,False,False,False,False,False,False,False,False,False,True,True,False,False,False,,2026-06-30,2026-07-31
V-04422,AMC.TO,AMC,Arizona Metals Corp.,arizona metals,TSX,,,,,Gold | Copper | Zinc,3,True,Operator,False,False,USA,AZ,1,1,False,False,False,,,21865653.28,136660333,0.16,5-25M,21452511.5,47397144.0,13538.0,6.0,0.9811054453891898,98.67799811142586,98.3221476510067,2.4931446069075602,1584.6145294725957,False,ON,Canada,TSXV Grad,2022-10-13,1356.0,2022.0,4.0,TSX,Mining,20221013.0,,Y,,,OTCQX,Y,,,False,True,False,True,False,False,False,False,False,False,True,False,False,False,False,False,False,False,False,False,False,False,False,False,False,False,False,True,,2026-06-30,2026-07-31
V-00604,ATX.TO,ATX,ATEX Resources Inc.,atex resources,TSX,,,,,Gold | Copper,2,True,Operator,False,False,LATIN AMERICA,Chile,1,1,False,False,False,,,914095960.48,374629492,2.44,500M-2B,91019639.5,31162929.0,59735.0,3.0,0.0995733964869561,34.08876298394712,20.253164556962027,0.2530317995987123,1523.723771658157,True,ON,Canada,TSXV Grad,2026-04-27,64.0,2026.0,0.0,TSX,Mining,20260427.0,,Y,,,,,,,False,True,False,True,False,False,False,False,False,False,False,False,False,False,False,False,False,False,False,False,False,False,False,False,True,False,False,False,,2026-06-30,2026-07-31
AVA0002,AVL.TO,AVL,Avalon Advanced Materials Inc.,avalon advanced materials,TSX,,,,,Lithium,1,False,Operator,False,False,CANADA,NS | ON,1,2,True,False,False,,,41781439.8,835628796,0.0499999999999999,25-100M,8643420.5,123764265.0,10675.0,6.0,0.2068722509653676,61.28423040604344,69.56521739130434,0.525695213737743,809.6881030444965,False,ON,Canada,TSXV Grad,2008-02-28,6697.0,2008.0,18.0,TSX,Mining,20080228.0,,Y,,,OTCQB,,,,False,False,False,False,False,False,False,False,False,False,False,False,False,True,False,False,False,False,False,True,False,False,False,True,False,False,False,False,,2026-06-30,2026-07-31
AVI0002,ASM.TO,ASM,Avino Silver & Gold Mines Ltd.,avino silver gold mines,TSX,,,,,Gold | Silver | Copper,3,True,Operator,False,False,LATIN AMERICA,Mexico,1,1,False,False,False,,,1531213416.27,170324073,8.99,500M-2B,1311816648.5,128503396.0,462767.0,6.0,0.8567170549586449,98.11142587346554,100.0,2.1770539703493195,2834.7238426681247,False,BC,Canada,TSXV Grad,2018-01-08,3095.0,2018.0,8.0,TSX,Mining,20180108.0,,Y,,NYSE Mkt,,,Composite,Y,False,True,True,True,False,False,False,False,False,False,False,False,False,False,False,False,False,False,False,False,False,False,False,False,True,False,False,False,,2026-06-30,2026-07-31
MAY0003,AYA.TO,AYA,Aya Gold & Silver Inc.,aya gold silver,TSX,,,,,Silver,1,False,Operator,False,False,AFRICA,Morocco,1,1,False,False,False,,,3850374258.14,143349749,26.86,>2B,4942022760.0,204213601.0,924508.0,6.0,1.28351750470806,99.43342776203966,98.55072463768117,3.2616216327949936,5345.570573753824,False,QC,Canada,TSXV Grad,2018-07-31,2891.0,2018.0,8.0,TSX,Mining,20180731.0,,Y,,NasdaqGS,,,Composite,,False,False,True,False,False,False,False,False,False,False,False,False,False,False,False,False,False,False,False,False,True,False,False,False,False,False,False,False,,2026-06-30,2026-07-31
BTW0001,BTO.TO,BTO,B2Gold Corp.,b2gold,TSX,,,,,Gold,1,False,Operator,False,False,AFRICA | ASIA | CANADA | LATIN AMERICA,Mali | Namibia | Philippines | NU | Colombia,4,5,True,False,False,,,7058009249.76,1326693468,5.32,>2B,5517316801.5,828294181.0,941192.0,6.0,0.781710055379654,97.16713881019831,91.30434782608695,1.9864492831981877,5862.0523777295175,False,BC,Canada,TSXV Grad,2008-10-23,6459.0,2008.0,18.0,TSX,Mining,20081023.0,,Y,,NYSE Mkt,,,Composite,,False,True,False,False,False,False,False,False,False,False,False,False,False,False,False,False,False,False,False,False,True,True,False,True,True,False,False,False,,2026-06-30,2026-07-31
BAR0007,ABX.TO,ABX,Barrick Mining Corporation,barrick mining,TSX,,,,,Gold | Copper,2,True,Operator,False,False,AFRICA | AUS/NZ/PNG | CANADA | LATIN AMERICA | OTHER | USA,Cote D'Ivoire | DRC | Mali | Tanzania | Zambia | Papua New Guinea | ON | Argentina | Dominican Republic | Saudi Arabia | NV,6,11,True,False,False,,,86745601490.1,1663386414,52.150000000000006,>2B,45203085078.0,747793459.0,1695213.0,6.0,0.5210994482891318,89.8961284230406,65.21739130434783,1.3241963799815526,26665.135931590896,False,ON,Canada,,1983-05-02,15765.0,1983.0,43.0,TSX,Mining,19830502.0,Lima (BVL),,,NYSE,,,60,,False,True,False,True,False,False,False,False,False,False,False,False,False,False,False,False,False,False,False,False,True,False,True,True,True,True,False,True,,2026-06-30,2026-07-31
BEL0018,BSX.TO,BSX,Belo Sun Mining Corp.,belo sun mining,TSX,,,,,Gold,1,False,Operator,False,False,LATIN AMERICA,Brazil,1,1,False,False,False,,,590823251.2,568099280,1.04,500M-2B,124884679.5,113860195.0,76638.0,6.0,0.2113740094797406,62.417374881964115,43.037974683544306,0.5371348964084033,1629.5399084005323,False,ON,Canada,TSXV Grad,2012-02-16,5248.0,2012.0,14.0,TSX,Mining,20120216.0,,Y,,,OTCQB,,,,False,True,False,False,False,False,False,False,False,False,False,False,False,False,False,False,False,False,False,False,False,False,False,False,True,False,False,False,,2026-06-30,2026-07-31
BLA0018,BKI.TO,BKI,Black Iron Inc.,black iron,TSX,,,,,Iron,1,False,Operator,False,False,UK/EUROPE,Ukraine,1,1,False,False,False,,,36555248.18,332320438,0.11,25-100M,2669955.0,23217522.0,2868.0,6.0,0.0730388968186728,25.495750708215297,25.217391304347824,0.185603425761965,930.9466527196652,False,ON,Canada,IPO,2011-03-28,5573.0,2011.0,15.0,TSX,Mining,20110328.0,,,,,,,,,False,False,False,False,False,False,False,False,True,False,False,False,False,False,False,False,False,False,False,False,False,False,False,False,False,False,True,False,,2026-06-30,2026-07-31
X-1428,BGAU.TO,BGAU,Blossom Gold Inc.,blossom gold,TSX,,,,,Gold | Silver,2,True,Operator,False,False,USA,NV,1,1,False,False,False,,,254024455.77,131618889,1.93,100-500M,17807414.5,8929412.0,10953.0,5.0,0.0701011815812067,24.268177525967893,16.39344262295082,0.1781382252217586,1625.8024742079797,True,ON,Canada,Other,2026-02-02,148.0,2026.0,0.0,TSX,Mining,20260202.0,,,,,,,,,False,True,True,False,False,False,False,False,False,False,False,False,False,False,False,False,False,False,False,False,False,False,False,False,False,False,False,True,,2026-06-30,2026-07-31
V-04982,BNKR.TO,BNKR,Bunker Hill Mining Corp.,bunker hill mining,TSX,,,,,Silver | Lead | Zinc,3,True,Operator,False,False,USA,ID,1,1,False,False,False,,,215726122.5,45899175,4.7,100-500M,16063282.0,2780292.0,11902.0,4.0,0.0744614598076781,25.87346553352219,17.48633879781421,0.18921838403244715,1349.628801882037,True,BC,Canada,TSXV Grad,2026-03-25,97.0,2026.0,0.0,TSX,Mining,20260325.0,,Y,,,,,,,False,False,True,False,False,False,False,False,False,True,True,False,False,False,False,False,False,False,False,False,False,False,False,False,False,False,False,True,,2026-06-30,2026-07-31
CAM0009,CCO.TO,CCO,Cameco Corporation,cameco,TSX,,,,,Uranium,1,False,Operator,False,False,ASIA | CANADA,Kazakhstan | SK,2,2,True,False,False,,,62960647299.68,435532978,144.56,>2B,19663563834.5,126065774.0,732001.0,6.0,0.3123151472840709,74.5042492917847,33.33333333333333,0.7936423437115308,26862.755425880565,False,SK,Canada,,1991-07-04,12780.0,1991.0,35.0,TSX,Mining,19910704.0,,,,NYSE,,,60,Y,False,False,False,False,False,False,False,False,False,False,False,False,False,False,True,False,False,False,False,False,False,True,False,True,False,False,False,False,,2026-06-30,2026-07-31
CAN0049,CCM.TO,CCM,Canagold Resources Ltd.,canagold resources,TSX,,,,,Gold,1,False,Operator,False,False,CANADA,BC,1,1,True,False,False,,,117672371.3,213949766,0.5499999999999999,100-500M,4227409.5,7435498.0,4588.0,6.0,0.0359252512148533,9.820585457979226,5.46448087431694,0.09129176352963884,921.4057323452485,False,BC,Canada,,1994-11-03,11562.0,1994.0,32.0,TSX,Mining,19941103.0,,,,,OTCQB,,,,False,True,False,False,False,False,False,False,False,False,False,False,False,False,False,False,False,False,False,True,False,False,False,True,False,False,False,False,,2026-06-30,2026-07-31
CAP0012,CS.TO,CS,Capstone Copper Corp.,capstone copper,TSX,,,,,Copper,1,False,Operator,False,False,LATIN AMERICA | USA,Chile | Mexico | AZ,2,3,False,False,False,,,9952201968.06,763791402,13.03,>2B,8084728848.0,610682115.0,1932619.0,6.0,0.8123557855785729,97.82813975448536,94.20289855072464,2.0643249461345707,4183.301958637476,False,BC,Canada,TSXV Grad,2004-07-28,8007.0,2004.0,22.0,TSX,Mining,20040728.0,,Y,,ASX,,,Composite,,False,False,False,True,False,False,False,False,False,False,False,False,False,False,False,False,False,False,False,False,False,False,False,False,True,False,False,True,,2026-06-30,2026-07-31
CEN0015,CG.TO,CG,Centerra Gold Inc.,centerra gold,TSX,,,,,Gold | Copper,2,True,Operator,False,False,CANADA | UK/EUROPE | USA,BC | Turkiye | NV,3,3,True,False,False,,,4451938658.31,197951919,22.49,>2B,2914567579.5,119573241.0,613781.0,6.0,0.6546737956642014,94.3342776203966,81.15942028985508,1.6636299906545091,4748.546435129142,False,ON,Canada,IPO,2004-06-29,8036.0,2004.0,22.0,TSX,Mining,20040629.0,,,,NYSE,,,Composite,,False,True,False,True,False,False,False,False,False,False,False,False,False,False,False,False,False,False,False,False,False,False,False,True,False,False,True,True,,2026-06-30,2026-07-31
CEN0021,CNT.TO,CNT,Century Global Commodities Corporation,century global commodities,TSX,,,,,Iron,1,False,Operator,False,False,CANADA,QC,1,1,False,False,False,,,4137191.975,118205485,0.035,<5M,58026.0,1459118.0,185.0,6.0,0.0140254550310056,3.3050047214353167,7.5,0.035640906626611575,313.65405405405403,False,Hong Kong,Asia,TSXV Grad,2011-09-19,5398.0,2011.0,15.0,TSX,Mining,20110919.0,,Y,,,,Y,,,False,False,False,False,False,False,False,False,True,False,False,False,False,False,False,False,False,False,False,False,False,False,False,True,False,False,False,False,,2026-06-30,2026-07-31
CHA0029,CIA.TO,CIA,Champion Iron Limited,champion iron,TSX,,,,,Iron,1,False,Operator,False,False,CANADA,NL | QC,1,2,False,False,False,,,2189783465.02,560046922,3.91,>2B,222393760.5,44886091.0,170090.0,6.0,0.1015597039856033,35.03305004721435,13.043478260869565,0.25807932211648604,1307.5063819154566,False,Australia,Australia/NZ/PNG,Other,2014-03-31,4474.0,2014.0,12.0,TSX,Mining,20140331.0,,,,ASX,OTCQX,,,,False,False,False,False,False,False,False,False,True,False,False,False,False,False,False,False,False,False,False,False,False,False,False,True,False,False,False,False,,2026-06-30,2026-07-31
JIN0001,CGG.TO,CGG,China Gold International Resources Corp. Ltd.,china gold international resources,TSX,,,,,Gold | Copper,2,True,Operator,False,False,ASIA,China | Mongolia,1,2,True,False,False,,,8911381167.44,396413753,22.48,>2B,357381896.5,11311247.0,90741.0,6.0,0.0401039849811144,11.803588290840414,7.246376811594203,0.10191058906161175,3938.483116782932,False,China,Asia,TSXV Grad,2006-10-06,7207.0,2006.0,20.0,TSX,Mining,20061006.0,,Y,,HKEx,,,,Y,False,True,False,True,False,False,False,False,False,False,False,False,False,False,False,False,False,False,False,False,False,True,False,False,False,False,False,False,,2026-06-30,2026-07-31
X-1471,CLCH.TO,CLCH,Clinch Resources Ltd.,clinch resources,TSX,,,,,Coal,1,False,Operator,False,False,USA,WV,1,1,True,False,False,,,472838818.97,355517909,1.33,100-500M,18078402.0,12734292.0,22647.0,4.0,0.038233751702918,11.048158640226628,7.103825136612022,0.09715802955528391,798.2691747251291,True,TN,USA,Other,2026-03-20,102.0,2026.0,0.0,TSX,Mining,20260320.0,,,,,,,,,False,False,False,False,False,False,False,False,False,False,False,False,False,False,False,True,False,False,False,False,False,False,False,False,False,False,False,True,,2026-06-30,2026-07-31
X-1466,CDE.TO,CDE,"Coeur Mining, Inc.",coeur mining,TSX,,,,,Gold | Silver | Copper,3,True,Operator,False,False,CANADA | LATIN AMERICA | USA,BC | ON | Mexico | AK | NV | SD,3,6,True,False,False,,,14883821324.9,642097555,23.18,>2B,960256504.0,38522514.0,157642.0,4.0,0.064516798679485,21.813031161473088,10.144927536231885,0.16394742220485012,6091.374785907309,True,IL,USA,Other,2026-03-16,106.0,2026.0,0.0,TSX,Mining,20260316.0,,,,NYSE,,,,,False,True,True,True,False,False,False,False,False,False,False,False,False,False,False,False,False,False,False,False,False,False,False,True,True,False,False,True,,2026-06-30,2026-07-31
V-04532,CNL.TO,CNL,Collective Mining Ltd.,collective mining,TSX,,,,,Gold | Silver | Copper | Tungsten,4,True,Operator,False,False,LATIN AMERICA,Colombia,1,1,False,False,False,,,1618339297.15,92741507,17.45,500M-2B,614840583.0,26931795.0,161423.0,6.0,0.3799206903538547,80.73654390934844,75.9493670886076,0.9654387554974492,3808.8784312024927,False,FL,USA,TSXV Grad,2023-09-06,1028.0,2023.0,3.0,TSX,Mining,20230906.0,,Y,,NYSE Mkt,,Y,,,False,True,True,True,False,False,False,False,False,False,False,False,False,False,False,False,True,False,False,False,False,False,False,False,True,False,False,False,,2026-06-30,2026-07-31
X-1494,CTGO.TO,CTGO,Contango Silver & Gold Inc.,contango silver gold,TSX,,,,,Gold | Silver,2,True,Operator,False,False,CANADA | USA,BC | AK,2,2,True,False,False,,,688846156.14,30669909,22.46,500M-2B,18051467.5,635424.0,4582.0,3.0,0.0262053687011229,6.79886685552408,6.329113924050633,0.0665919998265955,3939.648079441292,True,AK,USA,Other,2026-04-13,78.0,2026.0,0.0,TSX,Mining,20260413.0,,,,NYSE Mkt,,,,,False,True,True,False,False,False,False,False,False,False,False,False,False,False,False,False,False,True,False,False,False,False,False,True,False,False,False,True,,2026-06-30,2026-07-31
COP0013,COPR.TO,COPR,Coppernico Metals Inc.,coppernico metals,TSX,,,,,Gold | Copper,2,True,Operator,False,False,LATIN AMERICA,Peru,1,1,False,False,False,,,58870835.87,193019134,0.305,25-100M,10669381.5,26346533.0,8074.0,6.0,0.1812337355555879,55.4296506137866,61.30434782608696,0.46054367806600655,1321.4492816447855,False,BC,Canada,Other,2024-08-13,686.0,2024.0,2.0,TSX,Mining,20240813.0,,,,,OTCQB,,,,False,True,False,True,False,False,False,False,False,False,False,False,False,False,False,False,False,False,False,False,False,False,False,False,True,False,False,False,,2026-06-30,2026-07-31
DEN0006,DML.TO,DML,Denison Mines Corp.,denison mines,TSX,,,,,Uranium,1,False,Operator,False,False,CANADA,SK,1,1,True,False,False,,,3936870181.8,905027628,4.3500000000000005,>2B,2375635538.5,476956167.0,630741.0,6.0,0.6034325311214151,92.44570349386213,75.36231884057972,1.5334178070952853,3766.4200337380953,False,ON,Canada,Other,2004-03-12,8145.0,2004.0,22.0,TSX,Mining,20040312.0,,,,NYSE Mkt,,,Composite,,False,False,False,False,False,False,False,False,False,False,False,False,False,False,True,False,False,False,False,False,False,False,False,True,False,False,False,False,,2026-06-30,2026-07-31
V-02131,DSV.TO,DSV,Discovery Silver Corp.,discovery silver,TSX,,,,,Silver,1,False,Operator,False,False,LATIN AMERICA,Mexico,1,1,False,False,False,,,6891556105.44,812683503,8.479999999999999,>2B,3688020896.0,398002021.0,1174815.0,6.0,0.5351506741835534,90.6515580736544,68.11594202898551,1.359902774461119,3139.2354506879806,False,ON,Canada,TSXV Grad,2023-02-03,1243.0,2023.0,3.0,TSX,Mining,20230203.0,,Y,,,OTCQX,,Composite,,False,False,True,False,False,False,False,False,False,False,False,False,False,False,False,False,False,False,False,False,False,False,False,False,True,False,False,False,,2026-06-30,2026-07-31
DUN0006,DPM.TO,DPM,DPM Metals Inc.,dpm metals,TSX,,,,,Gold | Copper,2,True,Operator,False,False,LATIN AMERICA | UK/EUROPE,Ecuador | Bulgaria | Serbia,2,3,False,False,False,,,10160951933.02,220602517,46.06,>2B,5579084594.5,114795611.0,572002.0,6.0,0.5490710546882595,91.31255901794145,71.01449275362319,1.3952766700444237,9753.61029244653,False,ON,Canada,,1983-11-01,15582.0,1983.0,43.0,TSX,Mining,19831101.0,,,,ASX,,,Composite,Y,False,True,False,True,False,False,False,False,False,False,False,False,False,False,False,False,False,False,False,False,False,False,False,False,True,False,True,False,,2026-06-30,2026-07-31
DYN0019,DNG.TO,DNG,Dynacor Group Inc.,dynacor,TSX,,,,,Copper,1,False,Operator,False,False,LATIN AMERICA,Peru,1,1,False,False,False,,,253790070.6,41948772,6.05,100-500M,70622816.0,11475679.0,49660.0,6.0,0.278272573206022,71.57695939565627,59.56284153005464,0.7071347615073866,1422.1267821184051,False,QC,Canada,Other,2007-10-24,6824.0,2007.0,19.0,TSX,Mining,20071024.0,,,,,,,,,False,False,False,True,False,False,False,False,False,False,False,False,False,False,False,False,False,False,False,False,False,False,False,False,True,False,False,False,,2026-06-30,2026-07-31
ELG0001,ELR.TO,ELR,Eastern Platinum Limited,eastern platinum,TSX,,,,,Platinum/PGM,1,False,Operator,False,False,AFRICA,South Africa,1,1,False,False,False,,,62827384.93,205991426,0.305,25-100M,22079187.5,42113806.0,14955.0,6.0,0.3514261738666957,77.05382436260622,85.21739130434783,0.8930296679317208,1476.3749582079572,False,BC,Canada,TSXV Grad,2005-01-10,7841.0,2005.0,21.0,TSX,Mining,20050110.0,,Y,,JSE,,Y,,,False,False,False,False,False,False,False,True,False,False,False,False,False,False,False,False,False,False,False,False,True,False,False,False,False,False,False,False,,2026-06-30,2026-07-31
ANG0008,ECOR.TO,ECOR,Ecora Royalties PLC,ecora royalties,TSX,,,,,Copper | Nickel | Iron | Rare Earths | Lithium | Coal,6,True,Royalty/Streamer,True,False,,,0,0,False,True,False,,,638978629.12,249601027,2.56,500M-2B,13301666.0,5236727.0,10376.0,6.0,0.0208170749283415,5.099150141643059,3.79746835443038,0.05289949039942119,1281.9647262914418,False,UK,UK/Europe,Other,2010-07-09,5835.0,2010.0,16.0,TSX,Mining,20100709.0,,,,LSE,OTCQX,,,,False,False,False,True,True,False,False,False,True,False,False,True,False,True,False,True,False,False,True,True,False,False,False,False,False,False,False,False,,2026-06-30,2026-07-31
ELD0001,ELD.TO,ELD,Eldorado Gold Corporation,eldorado gold,TSX,,,,,Gold | Silver | Copper,3,True,Operator,False,False,CANADA | UK/EUROPE,BC | QC | Greece | Netherlands | Turkiye,2,5,True,False,False,,,11532705646.1,261275615,44.14,>2B,4882436083.5,97430922.0,577142.0,6.0,0.423355648997344,83.94711992445704,46.3768115942029,1.0758138771545425,8459.679045191651,False,BC,Canada,,1993-10-22,11939.0,1993.0,33.0,TSX,Mining,19931022.0,,,,NYSE,,,Composite,Y,False,True,True,True,False,False,False,False,False,False,False,False,False,False,False,False,False,False,False,False,False,False,False,True,False,False,True,False,,2026-06-30,2026-07-31
V-02730,ELE.TO,ELE,Elemental Royalty Corporation,elemental royalty,TSX,,,,,Gold | Silver | Copper | Platinum/PGM | Iron | Tungsten,6,True,Royalty/Streamer,True,False,,,0,0,False,True,False,,,1602245843.88,64450758,24.860000000000003,500M-2B,70380261.0,2974990.0,22242.0,3.0,0.0439260062797648,13.59773371104816,11.39240506329114,0.111622951614483,3164.295521985433,True,CO,USA,TSXV Grad,2026-04-07,84.0,2026.0,0.0,TSX,Mining,20260407.0,,Y,,NasdaqCM,,,,,False,True,True,True,False,False,False,True,True,False,False,False,False,False,False,False,True,False,True,False,False,False,False,False,False,False,False,False,,2026-06-30,2026-07-31
V-00622,ELO.TO,ELO,Eloro Resources Ltd.,eloro resources,TSX,,,,,Gold | Silver,2,True,Operator,False,False,LATIN AMERICA,Bolivia | Peru,1,2,False,False,False,,,197966153.69,118542607,1.67,100-500M,88803432.5,35209710.0,77085.0,6.0,0.4485788648450454,86.40226628895185,81.9672131147541,1.1399100707442296,1152.0196211973796,False,ON,Canada,TSXV Grad,2023-03-06,1212.0,2023.0,3.0,TSX,Mining,20230306.0,,Y,,,OTCQX,,,,False,True,True,False,False,False,False,False,False,False,False,False,False,False,False,False,False,False,False,True,False,False,False,False,True,False,False,False,,2026-06-30,2026-07-31
END0004,EDV.TO,EDV,Endeavour Mining plc,endeavour mining,TSX,,,,,Gold,1,False,Operator,False,False,AFRICA,Burkina Faso | Cote D'Ivoire | Guinea | Mali | Senegal,1,5,False,False,False,,,17196532153.32,241830012,71.11,>2B,6384613131.5,79109255.0,536444.0,6.0,0.3712732936255042,79.60339943342775,40.57971014492754,0.9434643483443781,11901.732765209415,False,UK,UK/Europe,TSXV Grad,2003-11-20,8258.0,2003.0,23.0,TSX,Mining,20031120.0,,Y,,LSE,OTCQX,,,,False,True,False,False,False,False,False,False,False,False,False,False,False,False,False,False,False,False,False,False,True,False,False,False,False,False,False,False,,2026-06-30,2026-07-31
END0005,EDR.TO,EDR,Endeavour Silver Corp.,endeavour silver,TSX,,,,,Gold | Silver,2,True,Operator,False,False,LATIN AMERICA,Mexico,1,1,False,False,False,,,3485596977.83,296142479,11.77,>2B,2639005918.5,181022871.0,569825.0,6.0,0.7571173418169947,96.78942398489141,89.85507246376811,1.9239552959554154,4631.256821831264,False,BC,Canada,TSXV Grad,2006-02-07,7448.0,2006.0,20.0,TSX,Mining,20060207.0,,Y,,NYSE,,,Composite,,False,True,True,False,False,False,False,False,False,False,False,False,False,False,False,False,False,False,False,False,False,False,False,False,True,False,False,False,,2026-06-30,2026-07-31
ENE0020,EFR.TO,EFR,Energy Fuels Inc.,energy fuels,TSX,,,,,Uranium,1,False,Operator,False,False,USA,UT | WY,1,2,True,False,False,,,5148349672.2,249919887,20.6,>2B,3636051458.5,131622858.0,653487.0,6.0,0.7062557304788192,95.561850802644,85.5072463768116,1.794707871427974,5564.076192028304,False,CO,USA,TSXV Grad,2007-03-19,7043.0,2007.0,19.0,TSX,Mining,20070319.0,,Y,,NYSE Mkt,,,Composite,,False,False,False,False,False,False,False,False,False,False,False,False,False,False,True,False,False,False,False,False,False,False,False,False,False,False,False,True,,2026-06-30,2026-07-31
ENT0005,ETG.TO,ETG,Entree Resources Ltd.,entree resources,TSX,,,,,Gold | Copper,2,True,Operator,False,False,ASIA,Mongolia,1,1,False,False,False,,,642401433.52,208571894,3.08,500M-2B,35806836.5,13400639.0,23014.0,6.0,0.0557390357985327,18.69688385269122,16.455696202531644,0.1416417339730631,1555.8719257843052,False,BC,Canada,TSXV Grad,2006-04-24,7372.0,2006.0,20.0,TSX,Mining,20060424.0,,Y,,,OTCQB,,,,False,True,False,True,False,False,False,False,False,False,False,False,False,False,False,False,False,False,False,False,False,True,False,False,False,False,False,False,,2026-06-30,2026-07-31
V-02583,EQX.TO,EQX,Equinox Gold Corp.,equinox gold,TSX,,,,,Gold,1,False,Operator,False,False,CANADA | LATIN AMERICA | USA,ON | Brazil | Mexico | CA,3,4,True,False,False,,,10906127102.84,789155362,13.82,>2B,8673291897.5,459874946.0,1534014.0,6.0,0.7952678174126028,97.35599622285174,92.7536231884058,2.02090170770876,5653.9848381435895,False,BC,Canada,TSXV Grad,2019-11-25,2409.0,2019.0,7.0,TSX,Mining,20191125.0,,Y,,NYSE Mkt,,Y,Composite,,False,True,False,False,False,False,False,False,False,False,False,False,False,False,False,False,False,False,False,False,False,False,False,True,True,False,False,True,,2026-06-30,2026-07-31
ERD0001,ERD.TO,ERD,Erdene Resource Development Corporation,erdene resource development,TSX,,,,,Gold | Copper,2,True,Operator,False,False,ASIA,Mongolia,1,1,False,False,False,,,343864026.14,65373389,5.26,100-500M,146116395.5,19781038.0,78585.0,6.0,0.424924924948417,84.32483474976394,77.59562841530054,1.0798016563403108,1859.3420563720813,False,NS,Canada,TSXV Grad,2005-12-14,7503.0,2005.0,21.0,TSX,Mining,20051214.0,,Y,,,,,,,False,True,False,True,False,False,False,False,False,False,False,False,False,False,False,False,False,False,False,False,False,True,False,False,False,False,False,False,,2026-06-30,2026-07-31
ERO0001,ERO.TO,ERO,Ero Copper Corp.,ero copper,TSX,,,,,Copper,1,False,Operator,False,False,LATIN AMERICA,Brazil,1,1,False,False,False,,,3949006648.16,104277968,37.87,>2B,2682538906.0,66202439.0,377420.0,6.0,0.6792946036821442,94.99527856468366,82.6086956521739,1.7261953703658517,7107.569567060569,False,BC,Canada,IPO,2017-10-19,3176.0,2017.0,9.0,TSX,Mining,20171019.0,,,,NYSE,,,Composite,,False,False,False,True,False,False,False,False,False,False,False,False,False,False,False,False,False,False,False,False,False,False,False,False,True,False,False,False,,2026-06-30,2026-07-31
EUR0016,ESM.TO,ESM,Euro Sun Mining Inc.,euro sun mining,TSX,,,,,Gold | Copper,2,True,Operator,False,False,UK/EUROPE,Romania,1,1,False,False,False,,,59886625.455,443604633,0.135,25-100M,22630125.5,83971412.0,23566.0,6.0,0.3778827965019456,80.35882908404155,88.26086956521739,0.9602601438709265,960.2870873292032,False,ON,Canada,Other,2016-09-12,3578.0,2016.0,10.0,TSX,Mining,20160912.0,,,,,,,,,False,True,False,True,False,False,False,False,False,False,False,False,False,False,False,False,False,False,False,False,False,False,False,False,False,False,True,False,,2026-06-30,2026-07-31
FAR0008,FDY.TO,FDY,Faraday Copper Corp.,faraday copper,TSX,,,,,Copper,1,False,Operator,False,False,USA,AZ,1,1,False,False,False,,,1751766964.25,292448575,5.99,500M-2B,518855008.5,112943086.0,295574.0,6.0,0.296189515551312,73.18224740321058,63.29113924050633,0.7526645548546386,1755.414916399954,False,BC,Canada,Other,2022-11-03,1335.0,2022.0,4.0,TSX,Mining,20221103.0,,,,,OTCQX,,,,False,False,False,True,False,False,False,False,False,False,False,False,False,False,False,False,False,False,False,False,False,False,False,False,False,False,False,True,,2026-06-30,2026-07-31
X-1028,FFM.TO,FFM,FireFly Metals Ltd.,firefly metals,TSX,,,,,Gold | Copper,2,True,Operator,False,False,CANADA,NL,1,1,False,False,False,,,1391502602.08,768785968,1.81,500M-2B,53150436.0,27963714.0,55584.0,6.0,0.0381964330649122,10.953729933899906,8.860759493670885,0.09706319697483248,956.2182642487048,False,Australia,Australia/NZ/PNG,Other,2024-12-16,561.0,2024.0,2.0,TSX,Mining,20241216.0,,,,ASX,,,,,False,True,False,True,False,False,False,False,False,False,False,False,False,False,False,False,False,False,False,False,False,False,False,True,False,False,False,False,,2026-06-30,2026-07-31
FIR0059,AG.TO,AG,First Majestic Silver Corp.,first majestic silver,TSX,,,,,Gold | Silver,2,True,Operator,False,False,LATIN AMERICA | USA,Mexico | NV,2,2,False,False,False,,,11872122499.44,493028343,24.08,>2B,7241177497.0,244047345.0,977138.0,6.0,0.6099311641487494,92.91784702549575,78.26086956521739,1.5499318647437397,7410.598602244514,False,BC,Canada,TSXV Grad,2008-01-15,6741.0,2008.0,18.0,TSX,Mining,20080115.0,,Y,,NYSE,,,Composite,,False,True,True,False,False,False,False,False,False,False,False,False,False,False,False,False,False,False,False,False,False,False,False,False,True,False,False,True,,2026-06-30,2026-07-31
FIR0127,FF.TO,FF,First Mining Gold Corp.,first mining gold,TSX,,,,,Gold,1,False,Operator,False,False,CANADA,NL | ON | QC,1,3,True,False,False,,,858609494.88,1384854024,0.62,500M-2B,294293888.5,513964084.0,122268.0,6.0,0.3427563872224948,76.67610953729934,68.35443037974683,0.8709983644499075,2406.9575727091305,False,BC,Canada,TSXV Grad,2017-06-22,3295.0,2017.0,9.0,TSX,Mining,20170622.0,,Y,,,OTCQX,Y,,,False,True,False,False,False,False,False,False,False,False,False,False,False,False,False,False,False,False,False,False,False,False,False,True,False,False,False,False,,2026-06-30,2026-07-31
FIR0023,FM.TO,FM,First Quantum Minerals Ltd.,first quantum minerals,TSX,,,,,Gold | Copper | Molybdenum,3,True,Operator,False,False,AFRICA | AUS/NZ/PNG | LATIN AMERICA | UK/EUROPE,Mauritania | Sambia | Australia | Argentina | Panama | Peru | Finland | Spain | Turkiye,4,9,False,False,False,,,32317145708.64,834206136,38.74,>2B,14624107142.5,389541899.0,1745763.0,6.0,0.4525185260587614,86.49669499527857,52.17391304347826,1.149921374986989,8376.914359222872,False,BC,Canada,TSXV Grad,2000-01-11,9667.0,2000.0,26.0,TSX,Mining,20000111.0,,Y,,,,,60,,False,True,False,True,False,False,True,False,False,False,False,False,False,False,False,False,False,False,False,False,True,False,True,False,True,False,True,False,,2026-06-30,2026-07-31
FOR0019,FSY.TO,FSY,Forsys Metals Corp.,forsys metals,TSX,,,,,Uranium,1,False,Operator,False,False,AFRICA,Namibia,1,1,False,False,False,,,110126460.15,244725467,0.45,100-500M,23798776.5,58653688.0,24060.0,6.0,0.216104072241897,63.73937677053825,49.72677595628415,0.5491547363972912,989.1428304239402,False,ON,Canada,TSXV Grad,2006-10-17,7196.0,2006.0,20.0,TSX,Mining,20061017.0,,Y,,,,,,,False,False,False,False,False,False,False,False,False,False,False,False,False,False,True,False,False,False,False,False,True,False,False,False,False,False,False,False,,2026-06-30,2026-07-31
FOR0023,FVI.TO,FVI,Fortuna Mining Corp.,fortuna mining,TSX,,,,,Gold | Silver | Lead | Zinc,4,True,Operator,False,False,AFRICA | LATIN AMERICA,Burkina Faso | Cote D'Ivoire | Argentina | Mexico | Peru,2,5,True,False,False,,,3590387359.13,299448487,11.99,>2B,1929331363.0,136518061.0,472455.0,6.0,0.5373602260753011,91.0292728989613,69.56521739130434,1.365517596403533,4083.62989702723,False,Peru,Latin America,TSXV Grad,2010-01-18,6007.0,2010.0,16.0,TSX,Mining,20100118.0,,Y,,NYSE,,,Composite,,False,True,True,False,False,False,False,False,False,True,True,False,False,False,False,False,False,False,False,False,True,False,False,False,True,False,False,False,,2026-06-30,2026-07-31
FOR0013,FT.TO,FT,Fortune Minerals Limited,fortune minerals,TSX,,,,,,0,False,Operator,False,True,CANADA,NT,1,1,True,False,False,,,98461341.75,656408945,0.15,25-100M,16750313.5,115745815.0,16979.0,6.0,0.170120711360304,52.124645892351275,54.347826086956516,0.43230372030293995,986.5312150303316,False,ON,Canada,,1997-10-31,10469.0,1997.0,29.0,TSX,Mining,19971031.0,,,,,OTCQB,,,,False,False,False,False,False,False,False,False,False,False,False,False,False,False,False,False,False,False,False,True,False,False,False,True,False,False,False,False,,2026-06-30,2026-07-31
FRA0009,FNV.TO,FNV,Franco-Nevada Corporation,franco nevada,TSX,,,,,Oil and Gas | Gold | Silver | Platinum/PGM,4,True,Royalty/Streamer,True,False,,,0,0,False,True,False,,,57071766585.9,192855630,295.93,>2B,16555151495.0,50236059.0,338893.0,6.0,0.2900760303272279,72.52124645892351,28.985507246376812,0.7371292188849272,48850.67409182249,False,ON,Canada,IPO,2007-12-19,6768.0,2007.0,19.0,TSX,Mining,20071219.0,,,,NYSE,,,60,,True,True,True,False,False,False,False,True,False,False,False,False,False,False,False,False,False,True,True,False,False,False,False,False,False,False,False,False,,2026-06-30,2026-07-31
INT0028,FVL.TO,FVL,Freegold Ventures Limited,freegold ventures,TSX,,,,,Gold,1,False,Operator,False,False,USA,AK,1,1,False,False,False,,,554593699.2,577701770,0.96,500M-2B,129507842.0,97519763.0,93332.0,6.0,0.233518415710122,65.43909348441926,48.10126582278481,0.5934073462514933,1387.6038443406335,False,BC,Canada,,1998-05-19,10269.0,1998.0,28.0,TSX,Mining,19980519.0,,,,,OTCQX,,,,False,True,False,False,False,False,False,False,False,False,False,False,False,False,False,False,False,False,False,False,False,False,False,False,False,False,False,True,,2026-06-30,2026-07-31
AUR0018,FURY.TO,FURY,Fury Gold Mines Limited,fury gold mines,TSX,,,,,Gold,1,False,Operator,False,False,CANADA,NU | QC,1,2,True,False,False,,,142592895.75,190123861,0.75,100-500M,26531682.0,28799899.0,20498.0,6.0,0.1860659457152514,56.37393767705382,41.53005464480874,0.472823090799497,1294.3546687481703,False,BC,Canada,TSXV Grad,2016-11-01,3528.0,2016.0,10.0,TSX,Mining,20161101.0,,Y,,NYSE Mkt,,Y,,,False,True,False,False,False,False,False,False,False,False,False,False,False,False,False,False,False,False,False,False,False,False,False,True,False,False,False,False,,2026-06-30,2026-07-31
SUL0004,FMR.TO,FMR,Future Mineral Resources Inc.,future mineral resources,TSX,,,,,Gold,1,False,Operator,False,False,CANADA,QC,1,1,True,False,False,,,6307533.0,17520925,0.36,5-25M,1055824.0,3526518.0,751.0,6.0,0.1673909593497172,51.180358829084035,58.38926174496645,0.42536698731937184,1405.8908122503328,False,ON,Canada,Other,2014-08-11,4341.0,2014.0,12.0,TSX,Mining,20140811.0,,,,,,,,,False,True,False,False,False,False,False,False,False,False,False,False,False,False,False,False,False,False,False,False,False,False,False,True,False,False,False,False,,2026-06-30,2026-07-31
V-04606,GMIN.TO,GMIN,G Mining Ventures Corp.,g mining ventures,TSX,,,,,Gold,1,False,Operator,False,False,LATIN AMERICA,Brazil | Guyana,1,2,False,False,False,,,9876409065.91,237813847,41.53,>2B,4223350472.5,92727215.0,497013.0,6.0,0.4276200433088142,84.6081208687441,47.82608695652174,1.086650379723491,8497.464799713489,False,BC,Canada,TSXV Grad,2024-01-11,901.0,2024.0,2.0,TSX,Mining,20240111.0,,Y,,,OTCQX,,Composite,,False,True,False,False,False,False,False,False,False,False,False,False,False,False,False,False,False,False,False,False,False,False,False,False,True,False,False,False,,2026-06-30,2026-07-31
V-03674,GTWO.TO,GTWO,G2 Goldfields Inc.,g2 goldfields,TSX,,,,,,0,False,Operator,False,True,,,0,0,False,True,True,,,2433843775.77,258644397,9.41,>2B,669508885.5,81581032.0,277408.0,6.0,0.2750829334919765,71.01038715769594,24.637681159420293,0.6990293808998046,2413.444765471796,False,ON,Canada,TSXV Grad,2024-04-09,812.0,2024.0,2.0,TSX,Mining,20240409.0,,Y,,,OTCQX,,,,False,False,False,False,False,False,False,False,False,False,False,False,False,False,False,False,False,False,False,False,False,False,False,False,False,False,False,False,,2026-06-30,2026-07-31
KEE0001,GAU.TO,GAU,Galiano Gold Inc.,galiano gold,TSX,,,,,Gold,1,False,Operator,False,False,AFRICA,Ghana,1,1,False,False,False,,,692492959.7,261318098,2.6500000000000004,500M-2B,251437935.5,69829901.0,177768.0,6.0,0.3630909628437627,78.65911237016053,70.88607594936708,0.9226717475527882,1414.4161800774043,False,BC,Canada,TSXV Grad,2008-12-22,6399.0,2008.0,18.0,TSX,Mining,20081222.0,,Y,,NYSE Mkt,,Y,,Y,False,True,False,False,False,False,False,False,False,False,False,False,False,False,False,False,False,False,False,False,True,False,False,False,False,False,False,False,,2026-06-30,2026-07-31
GEN0033,GENM.TO,GENM,Generation Mining Limited,generation mining,TSX,,,,,Copper | Platinum/PGM,2,True,Operator,False,False,CANADA,ON,1,1,True,False,False,,,216302962.81,322840243,0.67,100-500M,85293260.5,123096029.0,34962.0,6.0,0.3943231261927807,81.30311614730878,72.1311475409836,1.0020376301718292,2439.5990074938504,False,ON,Canada,Other,2020-07-15,2176.0,2020.0,6.0,TSX,Mining,20200715.0,,,,,OTCQB,,,,False,False,False,True,False,False,False,True,False,False,False,False,False,False,False,False,False,False,False,False,False,False,False,True,False,False,False,False,,2026-06-30,2026-07-31
V-00155,GLO.TO,GLO,Global Atomic Corporation,global atomic,TSX,,,,,Zinc | Uranium,2,True,Operator,False,False,AFRICA | UK/EUROPE,Niger | Turkiye,2,2,False,False,False,,,303974955.32,490282186,0.62,100-500M,223684022.0,280619281.0,104435.0,6.0,0.7358633271761608,96.03399433427762,95.08196721311475,1.8699454724181404,2141.8492076411167,False,ON,Canada,TSXV Grad,2019-05-08,2610.0,2019.0,7.0,TSX,Mining,20190508.0,,Y,,,OTCQX,,,,False,False,False,False,False,False,False,False,False,False,True,False,False,False,True,False,False,False,False,False,True,False,False,False,False,False,True,False,,2026-06-30,2026-07-31
GLO0015,GMX.TO,GMX,Globex Mining Enterprises Inc.,globex mining enterprises,TSX,,,,,Gold | Silver | Copper | Nickel | Molybdenum | Platinum/PGM | Iron | Lead | Zinc | Rare Earths | Lithium,11,True,Royalty/Streamer,True,False,CANADA | UK/EUROPE | USA,NB | NS | ON | QC | SK | Germany | AZ | NV | WA,3,9,True,False,False,,,112295586.92,57002836,1.97,100-500M,14968407.5,6367937.0,14875.0,6.0,0.13329470828327,44.57034938621341,29.508196721311474,0.33872300337088007,1006.2794957983192,False,QC,Canada,,1995-12-27,11143.0,1995.0,31.0,TSX,Mining,19951227.0,,,,,OTCQX,,,,False,True,True,True,True,False,True,True,True,True,True,True,False,True,False,False,False,True,True,False,False,False,False,True,False,False,True,True,,2026-06-30,2026-07-31
GOG0001,GGD.TO,GGD,GoGold Resources Inc.,gogold resources,TSX,,,,,Gold | Silver,2,True,Operator,False,False,LATIN AMERICA,Mexico,1,1,False,False,False,,,1378374055.98,433450961,3.18,500M-2B,828999067.5,259185066.0,471540.0,6.0,0.6014325820363733,92.3512747875354,91.13924050632912,1.528335619141998,1758.0673272681004,False,NS,Canada,TSXV Grad,2013-01-22,4907.0,2013.0,13.0,TSX,Mining,20130122.0,,Y,,,OTCQX,Y,,,False,True,True,False,False,False,False,False,False,False,False,False,False,False,False,False,False,False,False,False,False,False,False,False,True,False,False,False,,2026-06-30,2026-07-31
SOU0020,GRC.TO,GRC,Gold Springs Resource Corp.,gold springs resource,TSX,,,,,Gold,1,False,Operator,False,False,USA,NV | UT,1,2,False,False,False,,,21226011.9,283013492,0.075,5-25M,543393.5,6264247.0,1143.0,6.0,0.0256003578326458,6.421152030217186,7.38255033557047,0.06505457121384772,475.409886264217,False,BC,Canada,IPO,2007-02-16,7074.0,2007.0,19.0,TSX,Mining,20070216.0,,,,,OTCQB,,,,False,True,False,False,False,False,False,False,False,False,False,False,False,False,False,False,False,False,False,False,False,False,False,False,False,False,False,True,,2026-06-30,2026-07-31
GOL0062,AUMN.TO,AUMN,Golden Minerals Company,golden minerals,TSX,,,,,Gold,1,False,Operator,False,False,LATIN AMERICA | USA,Argentina | Mexico | NV,2,3,True,False,False,,,5573449.16,18893048,0.295,5-25M,676023.5,2106146.0,1833.0,6.0,0.1212935617771024,41.73748819641171,46.644295302013425,0.3082261858991452,368.8071467539552,False,CO,USA,Other,2009-07-16,6193.0,2009.0,17.0,TSX,Mining,20090716.0,,,,,OTCQB,,,,False,True,False,False,False,False,False,False,False,False,False,False,False,False,False,False,False,False,False,False,False,False,False,False,True,False,False,True,,2026-06-30,2026-07-31
GOL0070,GOLD.TO,GOLD,GoldMining Inc.,goldmining,TSX,,,,,Gold,1,False,Operator,False,False,CANADA | LATIN AMERICA | USA,YT | Brazil | Colombia | Peru | AK,3,5,True,False,False,,,274680535.04,214594168,1.28,100-500M,137386959.5,70784839.0,109037.0,6.0,0.5001699864899171,88.95184135977338,85.24590163934425,1.2710112967110272,1260.0031136219816,False,BC,Canada,TSXV Grad,2018-06-19,2933.0,2018.0,8.0,TSX,Mining,20180619.0,,Y,,NYSE Mkt,,,,,False,True,False,False,False,False,False,False,False,False,False,False,False,False,False,False,False,False,False,False,False,False,False,True,True,False,False,True,,2026-06-30,2026-07-31
X-1325,MOLY.TO,MOLY,Greenland Resources Inc.,greenland resources,TSX,,,,,Molybdenum,1,False,Operator,False,False,UK/EUROPE,Greenland,1,1,False,False,False,,,189848030.4,131838910,1.44,100-500M,41373657.5,24241677.0,34272.0,6.0,0.217930401557645,64.30594900849859,50.81967213114754,0.5537957289688776,1207.2145629084966,False,ON,Canada,Other,2025-12-05,207.0,2025.0,1.0,TSX,Mining,20251205.0,,,,,,,,,False,False,False,False,False,False,True,False,False,False,False,False,False,False,False,False,False,False,False,False,False,False,False,False,False,False,True,False,,2026-06-30,2026-07-31
EXC0014,GCU.TO,GCU,Gunnison Copper Corp.,gunnison copper,TSX,,,,,Copper,1,False,Operator,False,False,USA,AZ,1,1,False,False,False,,,186904797.37,505148101,0.37,100-500M,66640243.0,140812086.0,42317.0,6.0,0.3565464554025214,77.80925401322001,65.57377049180327,0.906041115739788,1574.786563319706,False,BC,Canada,TSXV Grad,2017-02-02,3435.0,2017.0,9.0,TSX,Mining,20170202.0,,Y,,,OTCQB,Y,,,False,False,False,True,False,False,False,False,False,False,False,False,False,False,False,False,False,False,False,False,False,False,False,False,False,False,False,True,,2026-06-30,2026-07-31
V-02897,HMMC.TO,HMMC,Hemlo Mining Corp.,hemlo mining,TSX,,,,,Gold,1,False,Operator,False,False,CANADA,ON,1,1,True,False,False,,,1561869731.36,296369968,5.27,500M-2B,34975472.5,5631529.0,17006.0,1.0,0.022393335242847,5.94900849858357,5.063291139240507,0.05690501796086797,2056.654857109256,True,ON,Canada,TSXV Grad,2026-06-15,15.0,2026.0,0.0,TSX,Mining,20260615.0,,Y,,,OTCQX,,,,False,True,False,False,False,False,False,False,False,False,False,False,False,False,False,False,False,False,False,False,False,False,False,True,False,False,False,False,,2026-06-30,2026-07-31
X-1129,HSLV.TO,HSLV,Highlander Silver Corp.,highlander silver,TSX,,,,,Gold | Silver,2,True,Operator,False,False,LATIN AMERICA,Peru,1,1,False,False,False,,,1354799963.88,203423418,6.66,500M-2B,804462440.5,105194251.0,329676.0,6.0,0.5937868777292457,92.06798866855524,89.87341772151899,1.5089066713679247,2440.160765418168,False,ON,Canada,Other,2025-05-13,413.0,2025.0,1.0,TSX,Mining,20250513.0,,,,NYSE Mkt,,,,,False,True,True,False,False,False,False,False,False,False,False,False,False,False,False,False,False,False,False,False,False,False,False,False,True,False,False,False,,2026-06-30,2026-07-31
HUD0003,HBM.TO,HBM,HudBay Minerals Inc.,hudbay minerals,TSX,,,,,Gold | Silver | Copper | Zinc,4,True,Operator,False,False,CANADA | LATIN AMERICA | USA,BC | MB | Peru | AZ,3,4,True,False,False,,,14873574948.65,444119885,33.49,>2B,9028667326.5,268310036.0,1361538.0,6.0,0.6070273863325297,92.82341831916902,76.81159420289855,1.5425529045757083,6631.22683795825,False,ON,Canada,TSXV Grad,2004-12-24,7858.0,2004.0,22.0,TSX,Mining,20041224.0,,Y,,NYSE,,,Composite,,False,True,True,True,False,False,False,False,False,False,True,False,False,False,False,False,False,False,False,False,False,False,False,True,True,False,False,True,,2026-06-30,2026-07-31
I800001,IAU.TO,IAU,i-80 Gold Corp.,i 80 gold,TSX,,,,,Gold,1,False,Operator,False,False,USA,NV,1,1,True,False,False,,,1783213938.04,865637834,2.06,500M-2B,491896535.0,228561575.0,298980.0,6.0,0.2758483009283017,71.19924457034938,60.75949367088608,0.7009743009949326,1645.2489631413473,False,NV,USA,Other,2021-04-13,1904.0,2021.0,5.0,TSX,Mining,20210413.0,,,,NYSE Mkt,,,Composite,,False,True,False,False,False,False,False,False,False,False,False,False,False,False,False,False,False,False,False,False,False,False,False,False,False,False,False,True,,2026-06-30,2026-07-31
IAM0001,IMG.TO,IMG,IAMGold Corporation,iamgold,TSX,,,,,Gold,1,False,Operator,False,False,AFRICA | CANADA,Burkina Faso | ON | QC,2,3,True,False,False,,,13011594749.45,578036195,22.51,>2B,6649412052.5,257748423.0,1010814.0,6.0,0.5110374385723219,89.51841359773371,63.76811594202898,1.2986272167707982,6578.274591072146,False,ON,Canada,,1996-03-08,11071.0,1996.0,30.0,TSX,Mining,19960308.0,,,,NYSE,,,Composite,Y,False,True,False,False,False,False,False,False,False,False,False,False,False,False,False,False,False,False,False,False,True,False,False,True,False,False,False,False,,2026-06-30,2026-07-31
IMP0004,III.TO,III,Imperial Metals Corporation,imperial metals,TSX,,,,,Gold | Copper,2,True,Operator,False,False,CANADA,BC,1,1,True,False,False,,,1102879517.54,178171166,6.19,500M-2B,323043032.5,35632675.0,150313.0,6.0,0.2929087242644196,72.71010387157696,62.0253164556962,0.7443275436376022,2149.135686866738,False,BC,Canada,,1984-12-27,15160.0,1984.0,42.0,TSX,Mining,19841227.0,,,,,,,,,False,True,False,True,False,False,False,False,False,False,False,False,False,False,False,False,False,False,False,False,False,False,False,True,False,False,False,False,,2026-06-30,2026-07-31
INT0123,ITH.TO,ITH,International Tower Hill Mines Ltd.,international tower hill mines,TSX,,,,,Gold,1,False,Operator,False,False,USA,AK,1,1,True,False,False,,,750899547.51,261637473,2.87,500M-2B,35710879.5,10236330.0,39827.0,6.0,0.04755746573349,15.01416430594901,12.658227848101266,0.12085106628330636,896.6499987445702,False,CO,USA,TSXV Grad,2009-12-01,6055.0,2009.0,17.0,TSX,Mining,20091201.0,,Y,,NYSE Mkt,,,,,False,True,False,False,False,False,False,False,False,False,False,False,False,False,False,False,False,False,False,False,False,False,False,False,False,False,False,True,,2026-06-30,2026-07-31
V-04315,ISO.TO,ISO,IsoEnergy Ltd.,isoenergy,TSX,,,,,Uranium,1,False,Operator,False,False,AUS/NZ/PNG | CANADA | USA,Australia | QC | SK | UT | VA,3,5,True,False,False,,,857634225.98,60653057,14.14,500M-2B,488603093.0,31883997.0,153683.0,6.0,0.5697103476038212,91.5014164305949,88.60759493670885,1.447724388141031,3179.291743393869,False,BC,Canada,TSXV Grad,2024-07-08,722.0,2024.0,2.0,TSX,Mining,20240708.0,,Y,,NYSE Mkt,OTCQX,,,,False,False,False,False,False,False,False,False,False,False,False,False,False,False,True,False,False,False,False,True,False,False,True,True,False,False,False,True,,2026-06-30,2026-07-31
IVA0004,IE.TO,IE,Ivanhoe Electric Inc.,ivanhoe electric,TSX,,,,,Gold | Silver | Copper,3,True,Operator,False,False,USA,AZ | MT | UT,1,3,True,False,False,,,2184017809.54,158376926,13.79,>2B,75379113.5,3953203.0,29800.0,6.0,0.0345139646621638,9.537299338999055,4.3478260869565215,0.08770546047304607,2529.500453020134,False,AZ,USA,IPO,2022-06-28,1463.0,2022.0,4.0,TSX,Mining,20220628.0,,,,NYSE Mkt,,,,,False,True,True,True,False,False,False,False,False,False,False,False,False,False,False,False,False,False,False,False,False,False,False,False,False,False,False,True,,2026-06-30,2026-07-31
IVA0003,IVN.TO,IVN,Ivanhoe Mines Ltd.,ivanhoe mines,TSX,,,,,Copper | Nickel | Platinum/PGM | Zinc,4,True,Operator,False,False,AFRICA,DRC | South Africa,1,2,False,False,False,,,15846995964.14,1426372274,11.11,>2B,7705458265.0,577479547.0,1804373.0,6.0,0.4862409432321811,88.2908404154863,60.86956521739131,1.2356153876977705,4270.435361757242,False,BC,Canada,IPO,2012-10-23,4998.0,2012.0,14.0,TSX,Mining,20121023.0,,,,,OTCQX,,Composite,,False,False,False,True,True,False,False,True,False,False,True,False,False,False,False,False,False,False,False,False,True,False,False,False,False,False,False,False,,2026-06-30,2026-07-31
JAG0003,JAG.TO,JAG,Jaguar Mining Inc.,jaguar mining,TSX,,,,,Gold,1,False,Operator,False,False,LATIN AMERICA,Brazil,1,1,False,False,False,,,441160551.37,85330861,5.17,100-500M,178445649.0,24147946.0,110734.0,6.0,0.4044913998902367,81.86968838526913,73.224043715847,1.027876827018113,1611.4802048151423,False,ON,Canada,TSXV Grad,2016-08-03,3618.0,2016.0,10.0,TSX,Mining,20160803.0,,Y,,,OTCQX,,,,False,True,False,False,False,False,False,False,False,False,False,False,False,False,False,False,False,False,False,False,False,False,False,False,True,False,False,False,,2026-06-30,2026-07-31
V-03719,KNT.TO,KNT,K92 Mining Inc.,k92 mining,TSX,,,,,Gold | Copper,2,True,Operator,False,False,AUS/NZ/PNG,Papua New Guinea,1,1,False,False,False,,,5460171516.24,245290724,22.26,>2B,2647158574.5,104788166.0,503258.0,6.0,0.4848123482250782,88.19641170915958,59.42028985507246,1.231985101112213,5260.042710697097,False,BC,Canada,TSXV Grad,2020-12-09,2029.0,2020.0,6.0,TSX,Mining,20201209.0,,Y,,,OTCQX,,Composite,,False,True,False,True,False,False,False,False,False,False,False,False,False,False,False,False,False,False,False,False,False,False,True,False,False,False,False,False,,2026-06-30,2026-07-31
KAR0003,KRN.TO,KRN,Karnalyte Resources Inc.,karnalyte resources,TSX,,,,,Potash,1,False,Operator,False,False,CANADA,SK,1,1,True,False,False,,,16518034.42,53283982,0.31,5-25M,1731455.0,5509750.0,2138.0,6.0,0.1048220966232857,36.35505193578848,39.59731543624161,0.26636957944660045,809.8479887745557,False,AB,Canada,IPO,2010-12-14,5677.0,2010.0,16.0,TSX,Mining,20101214.0,,,,,,,,,False,False,False,False,False,False,False,False,False,False,False,False,True,False,False,False,False,False,False,False,False,False,False,True,False,False,False,False,,2026-06-30,2026-07-31
KIN0008,K.TO,K,Kinross Gold Corporation,kinross gold,TSX,,,,,Gold,1,False,Operator,False,False,AFRICA | CANADA | LATIN AMERICA | USA,Mauritania | ON | Brazil | Chile | AK | NV,4,6,True,False,False,,,39928728588.94,1189062793,33.580000000000005,>2B,21033704080.0,488299424.0,1675890.0,6.0,0.5267812130092767,90.36827195467421,66.66666666666666,1.338634645650466,12550.766506154938,False,ON,Canada,,1983-07-26,15680.0,1983.0,43.0,TSX,Mining,19830726.0,,,,NYSE,,,60,Y,False,True,False,False,False,False,False,False,False,False,False,False,False,False,False,False,False,False,False,False,True,False,False,True,True,False,False,True,,2026-06-30,2026-07-31
LAB0003,LIF.TO,LIF,Labrador Iron Ore Royalty Corporation,labrador iron ore royalty,TSX,,,,,Gold | Silver | Iron,3,True,Royalty/Streamer,True,False,USA,NV,1,1,False,False,False,,,1785600000.0,64000000,27.9,500M-2B,778305527.5,26769954.0,133243.0,6.0,0.4358789916554659,85.45797922568461,82.27848101265823,1.1076376779042838,5841.248902381363,False,ON,Canada,IPO,1995-11-28,11172.0,1995.0,31.0,TSX,Mining,19951128.0,,,,,,,Composite,,False,True,True,False,False,False,False,False,True,False,False,False,False,False,False,False,False,False,True,False,False,False,False,False,False,False,False,True,,2026-06-30,2026-07-31
LAR0004,LAM.TO,LAM,Laramide Resources Ltd.,laramide resources,TSX,,,,,Uranium,1,False,Operator,False,False,AUS/NZ/PNG | USA,Australia | NM | UT,2,3,False,False,False,,,159267080.0,284405500,0.56,100-500M,39854299.5,53230017.0,29858.0,6.0,0.2502356387773292,68.08309726156752,55.73770491803278,0.6358884625559136,1334.7946781432113,False,ON,Canada,TSXV Grad,2006-08-08,7266.0,2006.0,20.0,TSX,Mining,20060808.0,,Y,,ASX,OTCQX,,,,False,False,False,False,False,False,False,False,False,False,False,False,False,False,True,False,False,False,False,False,False,False,True,False,False,False,False,True,,2026-06-30,2026-07-31
LAR0005,LGO.TO,LGO,Largo Inc.,largo,TSX,,,,,,0,False,Operator,False,True,LATIN AMERICA,Brazil,1,1,False,False,False,,,90566384.48,102916346,0.88,25-100M,42562637.5,24323338.0,44897.0,6.0,0.4699606564221321,87.62983947119925,92.6086956521739,1.1942445957506511,948.0062699066752,False,ON,Canada,TSXV Grad,2016-07-04,3648.0,2016.0,10.0,TSX,Mining,20160704.0,,Y,,NasdaqGS,,,,,False,False,False,False,False,False,False,False,False,False,False,False,False,False,False,False,False,False,False,True,False,False,False,False,True,False,False,False,,2026-06-30,2026-07-31
PIL0001,LGD.TO,LGD,Liberty Gold Corp.,liberty gold,TSX,,,,,Gold,1,False,Operator,False,False,USA,ID | UT,1,2,False,False,False,,,797230348.64,546048184,1.46,500M-2B,258409073.0,197217707.0,191169.0,6.0,0.324133512278881,75.3541076487252,64.55696202531645,0.8236746843613042,1351.7310494902415,False,BC,Canada,Other,2011-04-11,5559.0,2011.0,15.0,TSX,Mining,20110411.0,,,,,OTCQX,,,,False,True,False,False,False,False,False,False,False,False,False,False,False,False,False,False,False,False,False,False,False,False,False,False,False,False,False,True,,2026-06-30,2026-07-31
LIT0005,LAC.TO,LAC,Lithium Americas Corp.,lithium americas,TSX,,,,,Lithium,1,False,Operator,False,False,USA,NV,1,1,False,False,False,,,1935013478.58,354398073,5.46,500M-2B,1359385862.5,199268452.0,471608.0,6.0,0.7025201000137625,95.27856468366383,94.9367088607595,1.7852150416907373,2882.448691498024,False,BC,Canada,Other,2023-10-04,1000.0,2023.0,3.0,TSX,Mining,20231004.0,,,,NYSE,,,Composite,,False,False,False,False,False,False,False,False,False,False,False,False,False,True,False,False,False,False,False,False,False,False,False,False,False,False,False,True,,2026-06-30,2026-07-31
WES0066,LAR.TO,LAR,Lithium Argentina AG,lithium argentina ag,TSX,,,,,Lithium,1,False,Operator,False,False,LATIN AMERICA,Argentina,1,1,False,False,False,,,1923590547.72,163988964,11.73,500M-2B,388018940.5,35082423.0,174245.0,6.0,0.2017159737865796,60.15108593012276,40.50632911392405,0.5125922952895469,2226.858391919424,False,Switzerland,UK/Europe,TSXV Grad,2011-02-02,5627.0,2011.0,15.0,TSX,Mining,20110202.0,,Y,,NYSE,,,,,False,False,False,False,False,False,False,False,False,False,False,False,False,True,False,False,False,False,False,False,False,False,False,False,True,False,False,False,,2026-06-30,2026-07-31
LUC0004,LUC.TO,LUC,Lucara Diamond Corp.,lucara diamond,TSX,,,,,Diamond,1,False,Operator,False,False,AFRICA,Botawana,1,1,False,False,False,,,223652577.45,1491017183,0.15,100-500M,9700998.0,44181457.0,6432.0,6.0,0.0433753015977147,13.408876298394713,8.19672131147541,0.11022352363810749,1508.23973880597,False,BC,Canada,TSXV Grad,2011-08-29,5419.0,2011.0,15.0,TSX,Mining,20110829.0,,Y,,Nasdaq Nordic,,,,,False,False,False,False,False,True,False,False,False,False,False,False,False,False,False,False,False,False,False,False,True,False,False,False,False,False,False,False,,2026-06-30,2026-07-31
X-1509,LMCU.TO,LMCU,Lumina Metals Corp.,lumina metals,TSX,,,,,Silver | Copper,2,True,Operator,False,False,UK/EUROPE,Poland,1,1,False,False,False,,,1115277403.02,109020274,10.23,500M-2B,197730004.0,16869280.0,36752.0,3.0,0.1772922175815429,53.72993389990557,34.177215189873415,0.45052765550064267,5380.115476708751,True,BC,Canada,IPO,2026-04-30,61.0,2026.0,0.0,TSX,Mining,20260430.0,,,,,,,,,False,False,True,True,False,False,False,False,False,False,False,False,False,False,False,False,False,False,False,False,False,False,False,False,False,False,True,False,,2026-06-30,2026-07-31
LUN0005,LUG.TO,LUG,Lundin Gold Inc.,lundin gold,TSX,,,,,Gold,1,False,Operator,False,False,LATIN AMERICA,Ecuador,1,1,False,False,False,,,18502105653.29,241825979,76.51,>2B,8193761521.0,81290985.0,453894.0,6.0,0.4428556227351887,85.93012275731823,49.275362318840585,1.1253664044469185,18052.147684261083,False,BC,Canada,TSXV Grad,2014-12-19,4211.0,2014.0,12.0,TSX,Mining,20141219.0,,Y,,Nasdaq Nordic,OTCQX,,Composite,Y,False,True,False,False,False,False,False,False,False,False,False,False,False,False,False,False,False,False,False,False,False,False,False,False,True,False,False,False,,2026-06-30,2026-07-31
LUN0002,LUN.TO,LUN,Lundin Mining Corporation,lundin mining,TSX,,,,,Gold | Copper | Nickel | Zinc,4,True,Operator,False,False,LATIN AMERICA | UK/EUROPE | USA,Argentina | Brazil | Chile | Portugal | Sweden | MI,3,6,False,False,False,,,29561895025.92,855378907,34.559999999999995,>2B,13139804829.0,362714994.0,1765505.0,6.0,0.4444845236571932,86.11898016997166,50.72463768115942,1.129505700144407,7442.519182330268,False,ON,Canada,TSXV Grad,2004-08-12,7992.0,2004.0,22.0,TSX,Mining,20040812.0,,Y,,Nasdaq Nordic,,,Composite,,False,True,False,True,True,False,False,False,False,False,True,False,False,False,False,False,False,False,False,False,False,False,False,False,True,False,True,True,,2026-06-30,2026-07-31
V-5087,LUNR.TO,LUNR,LunR Royalties Corp.,lunr royalties,TSX,,,,,Gold | Silver | Copper,3,True,Royalty/Streamer,True,False,LATIN AMERICA,Argentina | Chile | Ecuador,1,3,False,False,False,,,2284822247.4,120890066,18.9,>2B,196790373.5,9236625.0,38079.0,1.0,0.0861294018490656,30.68932955618508,11.594202898550725,0.2188684760902441,5167.950143123507,True,BC,Canada,TSXV Grad,2026-06-08,22.0,2026.0,0.0,TSX,Mining,20260608.0,,Y,,,,,,,False,True,True,True,False,False,False,False,False,False,False,False,False,False,False,False,False,False,True,False,False,False,False,False,True,False,False,False,,2026-06-30,2026-07-31
V-03887,NICU.TO,NICU,Magna Mining Inc.,magna mining,TSX,,,,,Copper | Nickel,2,True,Operator,False,False,CANADA,ON,1,1,True,False,False,,,524306869.79,250864531,2.0900000000000003,500M-2B,5970223.5,2849558.0,3962.0,1.0,0.0113868878017777,2.644003777148253,2.5316455696202533,0.02893588864059561,1506.8711509338718,True,ON,Canada,TSXV Grad,2026-06-23,7.0,2026.0,0.0,TSX,Mining,20260623.0,,Y,,,OTCQB,Y,,,False,False,False,True,True,False,False,False,False,False,False,False,False,False,False,False,False,False,False,False,False,False,False,True,False,False,False,False,,2026-06-30,2026-07-31
COR0032,MARI.TO,MARI,Marimaca Copper Corp.,marimaca copper,TSX,,,,,Copper,1,False,Operator,False,False,LATIN AMERICA,Chile,1,1,True,False,False,,,1013701752.6,134980260,7.51,500M-2B,220380435.5,24579730.0,105759.0,6.0,0.2174016518514994,64.11709159584514,44.303797468354425,0.5524520920698305,2083.7984048638887,False,Chile,Latin America,IPO,2007-07-09,6931.0,2007.0,19.0,TSX,Mining,20070709.0,,,,ASX,OTCQX,,,,False,False,False,True,False,False,False,False,False,False,False,False,False,False,False,False,False,False,False,False,False,False,False,False,True,False,False,False,,2026-06-30,2026-07-31
USG0001,MUX.TO,MUX,McEwen Inc.,mcewen,TSX,,,,,Gold | Silver | Copper,3,True,Operator,False,False,CANADA | LATIN AMERICA | USA,ON | Argentina | Mexico | NV,3,4,True,False,False,,,1547518085.2,59934860,25.82,500M-2B,271531461.5,8651213.0,65811.0,6.0,0.1754625448948517,52.880075542965066,32.91139240506329,0.4458781668930031,4125.928211089332,False,ON,Canada,Other,2006-08-30,7244.0,2006.0,20.0,TSX,Mining,20060830.0,,,,NYSE,,,,,False,True,True,True,False,False,False,False,False,False,False,False,False,False,False,False,False,False,False,False,False,False,False,True,True,False,False,True,,2026-06-30,2026-07-31
MEG0005,MGA.TO,MGA,Mega Uranium Ltd.,mega uranium,TSX,,,,,Uranium,1,False,Operator,False,False,AUS/NZ/PNG,Australia,1,1,False,False,False,,,203997338.67,384900639,0.5299999999999999,100-500M,84773342.5,131134041.0,49644.0,6.0,0.4155610217892849,83.0028328611898,74.86338797814209,1.0560064926598831,1707.625141003948,False,ON,Canada,TSXV Grad,2006-09-06,7237.0,2006.0,20.0,TSX,Mining,20060906.0,,Y,,,,,,,False,False,False,False,False,False,False,False,False,False,False,False,False,False,True,False,False,False,False,False,False,False,True,False,False,False,False,False,,2026-06-30,2026-07-31
V-01810,MNO.TO,MNO,Meridian Mining PLC,meridian mining,TSX,,,,,Gold | Copper,2,True,Operator,False,False,LATIN AMERICA,Brazil,1,1,False,False,False,,,776821622.4,485513514,1.6,500M-2B,128216456.5,74308705.0,103292.0,6.0,0.1650526360271405,50.802644003777154,29.11392405063291,0.4194249367392982,1241.3009381171823,False,UK,UK/Europe,TSXV Grad,2022-04-04,1548.0,2022.0,4.0,TSX,Mining,20220404.0,,Y,,,OTCQX,,,,False,True,False,True,False,False,False,False,False,False,False,False,False,False,False,False,False,False,False,False,False,False,False,False,True,False,False,False,,2026-06-30,2026-07-31
MIN0027,MSV.TO,MSV,Minco Silver Corporation,minco silver,TSX,,,,,Silver,1,False,Operator,False,False,ASIA,China,1,1,True,False,False,,,29888165.255,61625083,0.485,25-100M,3020163.0,6046594.0,3052.0,6.0,0.10104879219693,34.372049102927285,37.826086956521735,0.2567810141960453,989.5684796854522,False,China,Asia,IPO,2005-12-01,7516.0,2005.0,21.0,TSX,Mining,20051201.0,,,,,OTCQX,,,,False,False,True,False,False,False,False,False,False,False,False,False,False,False,False,False,False,False,False,False,False,True,False,False,False,False,False,False,,2026-06-30,2026-07-31
MIN0036,MSA.TO,MSA,Mineros S.A.,mineros s a,TSX,,,,,Gold,1,False,Operator,False,False,LATIN AMERICA,Colombia | Nicaragua,1,2,True,False,False,,,1872290672.61,295780517,6.33,500M-2B,241921315.5,40610236.0,130228.0,6.0,0.1292114088047868,43.7204910292729,26.582278481012654,0.32834669150653134,1857.6751197899068,False,Colombia,Latin America,IPO,2021-11-19,1684.0,2021.0,5.0,TSX,Mining,20211119.0,,,,,,,,,False,True,False,False,False,False,False,False,False,False,False,False,False,False,False,False,False,False,False,False,False,False,False,False,True,False,False,False,,2026-06-30,2026-07-31
V-04671,MAU.TO,MAU,Montage Gold Corp.,montage gold,TSX,,,,,Gold,1,False,Operator,False,False,AFRICA,Cote D'Ivoire,1,1,False,False,False,,,6504456550.43,403252111,16.13,>2B,2241673245.5,155347285.0,571138.0,6.0,0.3446365162285243,76.95939565627951,34.78260869565217,0.8757760705707959,3924.92400348077,False,BC,Canada,TSXV Grad,2025-04-29,427.0,2025.0,1.0,TSX,Mining,20250429.0,,Y,,,OTCQX,,Composite,,False,True,False,False,False,False,False,False,False,False,False,False,False,False,False,False,False,False,False,False,True,False,False,False,False,False,False,False,,2026-06-30,2026-07-31
MOU0003,MPVD.TO,MPVD,Mountain Province Diamonds Inc.,mountain province diamonds,TSX,,,,,,0,False,Operator,False,True,,,0,0,False,True,True,,,4252248.86,212612443,0.02,<5M,1202591.5,25713570.0,2255.0,6.0,0.2828130571831113,71.76581680830972,83.0,0.7186728517233061,533.3,False,ON,Canada,,1999-01-22,10021.0,1999.0,27.0,TSX,Mining,19990122.0,,,,,,,,,False,False,False,False,False,False,False,False,False,False,False,False,False,False,False,False,False,False,False,False,False,False,False,False,False,False,False,False,,2026-06-30,2026-07-31
V-01366,NUAG.TO,NUAG,New Pacific Metals Corp.,new pacific metals,TSX,,,,,Gold | Silver,2,True,Operator,False,False,LATIN AMERICA,Bolivia,1,1,False,False,False,,,1061105402.97,185184189,5.73,500M-2B,283595099.0,44578413.0,170697.0,6.0,0.2672638346824231,70.4438149197356,58.22784810126582,0.6791598101828848,1661.3947462462727,False,BC,Canada,TSXV Grad,2020-08-11,2149.0,2020.0,6.0,TSX,Mining,20200811.0,,Y,,NYSE Mkt,,,,,False,True,True,False,False,False,False,False,False,False,False,False,False,False,False,False,False,False,False,False,False,False,False,False,True,False,False,False,,2026-06-30,2026-07-31
NEX0009,NXE.TO,NXE,NexGen Energy Ltd.,nexgen energy,TSX,,,,,Uranium,1,False,Operator,False,False,CANADA,SK,1,1,True,False,False,,,8914824265.32,669281101,13.32,>2B,4249919673.5,262909157.0,991470.0,6.0,0.4767250084819757,87.91312559017942,57.971014492753625,1.211433887621856,4286.483376703279,False,BC,Canada,TSXV Grad,2016-07-15,3637.0,2016.0,10.0,TSX,Mining,20160715.0,ASX,Y,,NYSE,,Y,Composite,,False,False,False,False,False,False,False,False,False,False,False,False,False,False,True,False,False,False,False,False,False,False,False,True,False,False,False,False,,2026-06-30,2026-07-31
ENE0022,NEXT.TO,NEXT,NextSource Materials Inc.,nextsource materials,TSX,,,,,,0,False,Operator,False,True,AFRICA,Madagascar,1,1,False,False,False,,,80654166.12,244406564,0.33,25-100M,8993452.0,25216429.0,7099.0,6.0,0.1115063540129996,38.71576959395656,42.173913043478265,0.2833553380525334,1266.8618115227496,False,ON,Canada,TSXV Grad,2011-06-16,5493.0,2011.0,15.0,TSX,Mining,20110616.0,,Y,,,OTCQB,,,,False,False,False,False,False,False,False,False,False,False,False,False,False,False,False,False,False,False,False,True,True,False,False,False,False,False,False,False,,2026-06-30,2026-07-31
V-04593,NGEX.TO,NGEX,NGEx Minerals Ltd.,ngex minerals,TSX,,,,,Gold | Silver | Copper,3,True,Operator,False,False,LATIN AMERICA,Argentina | Chile,1,2,False,False,False,,,5503875836.4,216858780,25.38,>2B,1318217826.0,48855228.0,261624.0,6.0,0.2395071882403193,66.19452313503305,18.84057971014493,0.6086257674781075,5038.596711310889,False,BC,Canada,TSXV Grad,2024-02-22,859.0,2024.0,2.0,TSX,Mining,20240222.0,,Y,,,OTCQX,,Composite,,False,True,True,True,False,False,False,False,False,False,False,False,False,False,False,False,False,False,False,False,False,False,False,False,True,False,False,False,,2026-06-30,2026-07-31
NOR0082,NCF.TO,NCF,Northcliff Resources Ltd.,northcliff resources,TSX,,,,,Molybdenum | Tungsten,2,True,Operator,False,False,CANADA,NB,1,1,True,False,False,,,188495298.3,628317661,0.3,100-500M,9420363.5,26493721.0,10202.0,6.0,0.0499766497358836,16.147308781869686,10.382513661202186,0.12699859668080815,923.3839933346404,False,BC,Canada,TSXV Grad,2012-02-02,5262.0,2012.0,14.0,TSX,Mining,20120202.0,,Y,,,,Y,,,False,False,False,False,False,False,True,False,False,False,False,False,False,False,False,False,True,False,False,False,False,False,False,True,False,False,False,False,,2026-06-30,2026-07-31
NOR0075,NDM.TO,NDM,Northern Dynasty Minerals Ltd.,northern dynasty minerals,TSX,,,,,Gold,1,False,Operator,False,False,USA,AK,1,1,False,False,False,,,1523061089.02,562015162,2.71,500M-2B,496182457.5,196556435.0,316168.0,6.0,0.3257797478230267,75.54296506137867,65.82278481012658,0.8278580300841059,1569.3633052680852,False,BC,Canada,TSXV Grad,2007-10-30,6818.0,2007.0,19.0,TSX,Mining,20071030.0,,Y,,NYSE Mkt,,,,,False,True,False,False,False,False,False,False,False,False,False,False,False,False,False,False,False,False,False,False,False,False,False,False,False,False,False,True,,2026-06-30,2026-07-31
V-04015,NOU.TO,NOU,Nouveau Monde Graphite Inc.,nouveau monde graphite,TSX,,,,,,0,False,Operator,False,True,CANADA,QC,1,1,True,False,False,,,691140093.0,329114330,2.1,500M-2B,164054573.5,58341522.0,136516.0,6.0,0.237368046162531,65.91123701605288,50.63291139240506,0.6031898680447582,1201.7241458876615,False,QC,Canada,TSXV Grad,2025-01-20,526.0,2025.0,1.0,TSX,Mining,20250120.0,,Y,,NYSE,,Y,,,False,False,False,False,False,False,False,False,False,False,False,False,False,False,False,False,False,False,False,True,False,False,False,True,False,False,False,False,,2026-06-30,2026-07-31
NOV0006,NG.TO,NG,Novagold Resources Inc.,novagold resources,TSX,,,,,Gold,1,False,Operator,False,False,USA,AK,1,1,False,False,False,,,3720859606.72,438780614,8.479999999999999,>2B,1057102423.0,82402023.0,370444.0,6.0,0.2841016686280871,72.14353163361662,27.536231884057973,0.7219474178665675,2853.609244582177,False,BC,Canada,,1987-06-26,14249.0,1987.0,39.0,TSX,Mining,19870626.0,,,,NYSE Mkt,,,Composite,,False,True,False,False,False,False,False,False,False,False,False,False,False,False,False,False,False,False,False,False,False,False,False,False,False,False,False,True,,2026-06-30,2026-07-31
V-04252,NVO.TO,NVO,Novo Resources Corp.,novo resources,TSX,,,,,Gold,1,False,Operator,False,False,AUS/NZ/PNG,Australia,1,1,False,False,False,,,28119163.735,432602519,0.065,25-100M,8400471.5,69878088.0,13175.0,6.0,0.2987454242653706,73.55996222851748,81.30434782608695,0.7591595244383367,637.606944971537,False,BC,Canada,TSXV Grad,2021-01-04,2003.0,2021.0,5.0,TSX,Mining,20210104.0,,Y,,ASX,OTCQB,,,,False,True,False,False,False,False,False,False,False,False,False,False,False,False,False,False,False,False,False,False,False,False,True,False,False,False,False,False,,2026-06-30,2026-07-31
NUT0003,NTR.TO,NTR,Nutrien Ltd.,nutrien,TSX,,,,,Oil and Gas | Potash,2,True,Operator,False,False,CANADA,AB | SK,1,2,True,False,False,,,42823880653.0,479282380,89.35,>2B,21256968299.0,219662505.0,808811.0,6.0,0.4963811773912847,88.85741265344664,62.31884057971014,1.2613833316281198,26281.749752414347,False,SK,Canada,Other,2018-01-02,3101.0,2018.0,8.0,TSX,Mining,20180102.0,,,,NYSE,,,60,,True,False,False,False,False,False,False,False,False,False,False,False,True,False,False,False,False,False,False,True,False,False,False,True,False,False,False,False,,2026-06-30,2026-07-31
OCE0003,OGC.TO,OGC,OceanaGold Corporation,oceanagold,TSX,,,,,Gold,1,False,Operator,False,False,ASIA | AUS/NZ/PNG | USA,Philippines | New Zealand | SC,3,3,True,False,False,,,7913981842.65,222615523,35.55,>2B,4833696597.5,108491957.0,470808.0,6.0,0.6107793388468825,93.10670443814921,79.71014492753623,1.552087211229996,10266.810669105029,False,Australia,Australia/NZ/PNG,Other,2007-06-27,6943.0,2007.0,19.0,TSX,Mining,20070627.0,,,,NYSE,OTCQX,,Composite,,False,True,False,False,False,False,False,False,False,False,False,False,False,False,False,False,False,False,False,False,False,True,True,False,False,False,False,True,,2026-06-30,2026-07-31
OSI0003,OR.TO,OR,OR Royalties Inc.,or royalties,TSX,,,,,Gold | Silver | Copper | Diamond,4,True,Royalty/Streamer,True,False,,,0,0,False,True,False,,,8421494682.15,187519365,44.91,>2B,2970314246.0,55428313.0,312764.0,6.0,0.3527063019223663,77.24268177525968,36.231884057971016,0.8962826764367138,9496.98253635329,False,QC,Canada,Other,2014-06-16,4397.0,2014.0,12.0,TSX,Mining,20140616.0,,,,NYSE,,,Composite,,False,True,True,True,False,True,False,False,False,False,False,False,False,False,False,False,False,False,True,False,False,False,False,False,False,False,False,False,,2026-06-30,2026-07-31
V-04278,ORE.TO,ORE,Orezone Gold Corporation,orezone gold,TSX,,,,,Gold,1,False,Operator,False,False,AFRICA,Burkina Faso,1,1,False,False,False,,,1507505631.4,667037890,2.26,500M-2B,632623545.5,266385758.0,416252.0,6.0,0.4196492088142258,83.56940509915015,78.48101265822784,1.0663952245552786,1519.8090231398287,False,ON,Canada,TSXV Grad,2021-12-23,1650.0,2021.0,5.0,TSX,Mining,20211223.0,,Y,,ASX,OTCQX,,,,False,True,False,False,False,False,False,False,False,False,False,False,False,False,False,False,False,False,False,False,True,False,False,False,False,False,False,False,,2026-06-30,2026-07-31
ORL0003,OLA.TO,OLA,Orla Mining Ltd.,orla mining,TSX,,,,,Gold,1,False,Operator,False,False,CANADA | LATIN AMERICA | USA,ON | Mexico | Panama | NV,3,4,True,False,False,,,4798908998.39,345991997,13.87,>2B,2880332075.0,143202664.0,660411.0,6.0,0.6002056042251126,92.25684608120869,73.91304347826086,1.5252176738413001,4361.423530195591,False,BC,Canada,TSXV Grad,2018-11-01,2798.0,2018.0,8.0,TSX,Mining,20181101.0,,Y,,NYSE Mkt,,Y,Composite,Y,False,True,False,False,False,False,False,False,False,False,False,False,False,False,False,False,False,False,False,False,False,False,False,True,True,False,False,True,,2026-06-30,2026-07-31
ORV0001,ORV.TO,ORV,Orvana Minerals Corp.,orvana minerals,TSX,,,,,Gold | Copper,2,True,Operator,False,False,LATIN AMERICA | UK/EUROPE,Bolivia | Spain,2,2,False,False,False,,,219963305.31,136623171,1.61,100-500M,56822430.0,29479708.0,51359.0,6.0,0.2583268601093199,69.59395656279509,57.92349726775956,0.65644953977952,1106.3772659124984,False,ON,Canada,,1953-04-07,26747.0,1953.0,73.0,TSX,Mining,19530407.0,,,,,,,,,False,True,False,True,False,False,False,False,False,False,False,False,False,False,False,False,False,False,False,False,False,False,False,False,True,False,True,False,,2026-06-30,2026-07-31
V-01531,OM.TO,OM,Osisko Metals Incorporated,osisko metals,TSX,,,,,Copper | Molybdenum | Zinc,3,True,Operator,False,False,CANADA,NT | QC,1,2,True,False,False,,,1357798331.66,758546554,1.79,500M-2B,493168382.0,345986226.0,360692.0,6.0,0.3632118043605697,78.75354107648725,72.15189873417721,0.9229788250206933,1367.2839486320738,False,QC,Canada,TSXV Grad,2025-08-22,312.0,2025.0,1.0,TSX,Mining,20250822.0,,Y,,,,,,,False,False,False,True,False,False,True,False,False,False,True,False,False,False,False,False,False,False,False,False,False,False,False,True,False,False,False,False,,2026-06-30,2026-07-31
V-01295,OCG.TO,OCG,Outcrop Silver & Gold Corporation,outcrop silver gold,TSX,,,,,Gold | Silver | Copper,3,True,Operator,False,False,LATIN AMERICA,Colombia,1,1,False,False,False,,,135566174.975,492967909,0.2749999999999999,100-500M,51390828.0,123987111.0,36979.0,6.0,0.3790829682218081,80.547686496695,71.03825136612022,0.9633099706401084,1389.7300630087348,False,BC,Canada,TSXV Grad,2025-11-18,224.0,2025.0,1.0,TSX,Mining,20251118.0,,Y,,,,,,,False,True,True,True,False,False,False,False,False,False,False,False,False,False,False,False,False,False,False,False,False,False,False,False,True,False,False,False,,2026-06-30,2026-07-31
X-1030,PDN.TO,PDN,Paladin Energy Ltd.,paladin energy,TSX,,,,,Uranium,1,False,Operator,False,False,AFRICA | AUS/NZ/PNG | CANADA,Namibia | Australia | NL | SK,3,4,True,False,False,,,4237449910.03,449358421,9.43,>2B,253036396.0,22020865.0,111091.0,6.0,0.059714309637281,20.018885741265343,8.695652173913043,0.1517435355466183,2277.7398349101186,False,Australia,Australia/NZ/PNG,Other,2024-12-27,550.0,2024.0,2.0,TSX,Mining,20241227.0,,,,ASX,OTCQX,,,,False,False,False,False,False,False,False,False,False,False,False,False,False,False,True,False,False,False,False,False,True,False,True,True,False,False,False,False,,2026-06-30,2026-07-31
PAN0002,PAAS.TO,PAAS,Pan American Silver Corp.,pan american silver,TSX,,,,,Gold | Silver | Copper | Lead | Zinc,5,True,Operator,False,False,CANADA | LATIN AMERICA,ON | Argentina | Bolivia | Brazil | Chile | Guatemala | Mexico | Peru,2,8,True,False,False,,,26697449270.8,419903260,63.58,>2B,10184721275.0,132480575.0,667205.0,6.0,0.3814866795585379,80.83097261567517,42.028985507246375,0.9694181825391395,15264.755622334964,False,BC,Canada,TSXV Grad,1984-10-09,15239.0,1984.0,42.0,TSX,Mining,19841009.0,BMV,Y,,NYSE,,,Composite,,False,True,True,True,False,False,False,False,False,True,True,False,False,False,False,False,False,False,False,False,False,False,False,True,True,False,False,False,,2026-06-30,2026-07-31
MID0012,PPTA.TO,PPTA,Perpetua Resources Corp.,perpetua resources,TSX,,,,,,0,False,Operator,False,True,USA,ID,1,1,True,False,False,,,3682820440.32,125095803,29.44,>2B,830195513.0,21166599.0,146376.0,6.0,0.2254238365549704,65.06137865911236,17.391304347826086,0.5728377362664553,5671.664159425042,False,ID,USA,IPO,2011-07-14,5465.0,2011.0,15.0,TSX,Mining,20110714.0,,,,NasdaqCM,,,Composite,Y,False,False,False,False,False,False,False,False,False,False,False,False,False,False,False,False,False,False,False,True,False,False,False,False,False,False,False,True,,2026-06-30,2026-07-31
PER0013,PRU.TO,PRU,Perseus Mining Limited,perseus mining,TSX,,,,,Gold,1,False,Operator,False,False,AFRICA,Cote D'Ivoire | Ghana | Sudan | Tanzania,1,4,False,False,False,,,6404680457.02,1339891309,4.78,>2B,28411909.0,5395847.0,16491.0,6.0,0.0044361165542394,1.0387157695939566,1.4492753623188406,0.011272876034673343,1722.8736280395367,True,Australia,Australia/NZ/PNG,Other,2010-02-03,5991.0,2010.0,16.0,TSX,Mining,20100203.0,,,,ASX,,,,,False,True,False,False,False,False,False,False,False,False,False,False,False,False,False,False,False,False,False,False,True,False,False,False,False,False,False,False,,2026-06-30,2026-07-31
PLA0024,PTM.TO,PTM,Platinum Group Metals Ltd.,platinum metals,TSX,,,,,Platinum/PGM,1,False,Operator,False,False,AFRICA,South Africa,1,1,True,False,False,,,245539415.04,127885112,1.92,100-500M,102206855.0,31099564.0,87569.0,6.0,0.4162543719644759,83.3805476864967,75.95628415300546,1.0577684054676244,1167.1579554408524,False,South Africa,Africa,TSXV Grad,2005-06-08,7692.0,2005.0,21.0,TSX,Mining,20050608.0,,Y,,NYSE Mkt,,,,,False,False,False,False,False,False,False,True,False,False,False,False,False,False,False,False,False,False,False,False,True,False,False,False,False,False,False,False,,2026-06-30,2026-07-31
V-04908,PMET.TO,PMET,PMET Resources Inc.,pmet resources,TSX,,,,,Lithium,1,False,Operator,False,False,CANADA,QC,1,1,True,False,False,,,1080327673.81,185942801,5.81,500M-2B,269061531.5,45311701.0,177770.0,6.0,0.2490554838339914,67.70538243626062,55.69620253164557,0.6328895015919055,1513.5373319457726,False,BC,Canada,TSXV Grad,2024-02-01,880.0,2024.0,2.0,TSX,Mining,20240201.0,,Y,,ASX,OTCQX,,,,False,False,False,False,False,False,False,False,False,False,False,False,False,True,False,False,False,False,False,False,False,False,False,True,False,False,False,False,,2026-06-30,2026-07-31
X-1500,PDI.TO,PDI,Predictive Discovery Limited,predictive discovery,TSX,,,,,Gold,1,False,Operator,False,False,AFRICA,Guinea | Mali,1,2,False,False,False,,,3226607649.04,4815832312,0.67,>2B,21360549.5,27315078.0,7784.0,3.0,0.0066201260963214,1.5108593012275733,2.898550724637681,0.016822790813829886,2744.1610354573486,True,Australia,Australia/NZ/PNG,Other,2026-04-20,71.0,2026.0,0.0,TSX,Mining,20260420.0,,,,ASX,,,,,False,True,False,False,False,False,False,False,False,False,False,False,False,False,False,False,False,False,False,False,True,False,False,False,False,False,False,False,,2026-06-30,2026-07-31
V-01608,RIO.TO,RIO,Rio2 Limited,rio2,TSX,,,,,Gold,1,False,Operator,False,False,LATIN AMERICA,Chile,1,1,False,False,False,,,1458930686.78,548470183,2.66,500M-2B,629802085.0,202544004.0,398496.0,6.0,0.4316874617189893,85.08026440037771,81.0126582278481,1.0969863352734488,1580.4476958363446,False,ON,Canada,TSXV Grad,2025-09-03,300.0,2025.0,1.0,TSX,Mining,20250903.0,,Y,,Lima (BVL),OTCQX,,,,False,True,False,False,False,False,False,False,False,False,False,False,False,False,False,False,False,False,False,False,False,False,False,False,True,False,False,False,,2026-06-30,2026-07-31
X-1433,RM.TO,RM,Roxmore Resources Inc.,roxmore resources,TSX,,,,,Gold,1,False,Operator,False,False,USA,NV,1,1,False,False,False,,,220871580.16,71711552,3.08,100-500M,71170340.0,17626109.0,27782.0,5.0,0.3222249777379417,75.07082152974505,62.841530054644814,0.8188247952691565,2561.742855086027,True,BC,Canada,Other,2026-02-05,145.0,2026.0,0.0,TSX,Mining,20260205.0,,,,,,,,,False,True,False,False,False,False,False,False,False,False,False,False,False,False,False,False,False,False,False,False,False,False,False,False,False,False,False,True,,2026-06-30,2026-07-31
RAT0002,RTG.TO,RTG,RTG Mining Inc.,rtg mining,TSX,,,,,Gold | Copper,2,True,Operator,False,False,ASIA,Kyrgyzstan | Philippines,1,2,False,False,False,,,57351162.33,1911705411,0.03,25-100M,765140.5,20527486.0,1473.0,6.0,0.0133413250737162,3.0217186024551466,3.0434782608695654,0.03390242385551311,519.4436524100475,False,Australia,Australia/NZ/PNG,Other,2011-01-04,5656.0,2011.0,15.0,TSX,Mining,20110104.0,,,,ASX,,,,,False,True,False,True,False,False,False,False,False,False,False,False,False,False,False,False,False,False,False,False,False,True,False,False,False,False,False,False,,2026-06-30,2026-07-31
V-05019,RUA.TO,RUA,Rua Gold Inc.,rua gold,TSX,,,,,Gold,1,False,Operator,False,False,AUS/NZ/PNG,New Zealand,1,1,False,False,False,,,127568704.71,114926761,1.11,100-500M,14804581.5,10754154.0,11662.0,5.0,0.1160518289627148,40.03777148253069,26.229508196721312,0.2949061111218038,1269.471917338364,True,BC,Canada,TSXV Grad,2026-02-17,133.0,2026.0,0.0,TSX,Mining,20260217.0,,Y,,,,,,,False,True,False,False,False,False,False,False,False,False,False,False,False,False,False,False,False,False,False,False,False,False,True,False,False,False,False,False,,2026-06-30,2026-07-31
SEA0011,SEA.TO,SEA,Seabridge Gold Inc.,seabridge gold,TSX,,,,,Gold | Silver | Copper,3,True,Operator,False,False,CANADA | USA,BC | NT | YT | NV,2,4,True,False,False,,,3938999567.4,107622939,36.6,>2B,1006116305.5,23787283.0,143609.0,6.0,0.2554243249546999,69.02738432483476,20.28985507246377,0.6490737374117838,7005.9418664568375,False,ON,Canada,TSXV Grad,2008-07-14,6560.0,2008.0,18.0,TSX,Mining,20080714.0,,Y,,NYSE,,,Composite,,False,True,True,True,False,False,False,False,False,False,False,False,False,False,False,False,False,False,False,False,False,False,False,True,False,False,False,True,,2026-06-30,2026-07-31
SER0009,SBI.TO,SBI,Serabi Gold plc,serabi gold,TSX,,,,,Gold,1,False,Operator,False,False,LATIN AMERICA,Brazil,1,1,False,False,False,,,399852662.4,76307760,5.239999999999999,100-500M,42508848.0,7208798.0,18682.0,6.0,0.1063112791217968,36.92162417374882,23.497267759562842,0.27015382846113034,2275.390643400064,False,UK,UK/Europe,IPO,2011-03-29,5572.0,2011.0,15.0,TSX,Mining,20110329.0,,,,AIM,OTCQX,,,,False,True,False,False,False,False,False,False,False,False,False,False,False,False,False,False,False,False,False,False,False,False,False,False,True,False,False,False,,2026-06-30,2026-07-31
SHE0006,S.TO,S,Sherritt International Corporation,sherritt international,TSX,,,,,Nickel,1,False,Operator,False,False,CANADA | LATIN AMERICA,AB | Cuba,2,2,True,False,False,,,84476090.88,703967424,0.12,25-100M,26732343.0,124510104.0,17871.0,5.0,0.3164486273160276,74.59867799811143,83.04347826086956,0.8041461723243105,1495.8504280678194,True,ON,Canada,,1996-06-19,10968.0,1996.0,30.0,TSX,Mining,19960619.0,,,,,,,,,False,False,False,False,True,False,False,False,False,False,False,False,False,False,False,False,False,False,False,True,False,False,False,True,True,False,False,False,,2026-06-30,2026-07-31
MET0019,SVB.TO,SVB,"Silver Bull Resources, Inc.",silver bull resources,TSX,,,,,Silver,1,False,Operator,False,False,LATIN AMERICA,Mexico,1,1,False,False,False,,,7147467.89,49292882,0.145,5-25M,4801968.0,17272955.0,4191.0,6.0,0.6718418429998712,94.7119924457035,95.9731543624161,1.7072567229565396,1145.780959198282,False,BC,Canada,Other,2010-08-26,5787.0,2010.0,16.0,TSX,Mining,20100826.0,,,,,OTCQB,,,,False,False,True,False,False,False,False,False,False,False,False,False,False,False,False,False,False,False,False,False,False,False,False,False,True,False,False,False,,2026-06-30,2026-07-31
PRO0047,ELEF.TO,ELEF,Silver Elephant Mining Corp.,silver elephant mining,TSX,,,,,Gold | Silver,2,True,Operator,False,False,LATIN AMERICA,Bolivia,1,1,False,False,False,,,6608094.695,57461693,0.115,5-25M,3574683.0,15486541.0,4503.0,6.0,0.5409551716480056,91.123701605288,94.29530201342283,1.374652923507093,793.8447701532311,False,BC,Canada,TSXV Grad,2011-10-19,5368.0,2011.0,15.0,TSX,Mining,20111019.0,,Y,,,OTCQB,,,,False,True,True,False,False,False,False,False,False,False,False,False,False,False,False,False,False,False,False,False,False,False,False,False,True,False,False,False,,2026-06-30,2026-07-31
V-04853,AGMR.TO,AGMR,Silver Mountain Resources Inc.,silver mountain resources,TSX,,,,,Gold | Silver,2,True,Operator,False,False,LATIN AMERICA,Peru,1,1,False,False,False,,,194546084.38,59676713,3.26,100-500M,71789948.5,26424424.0,59347.0,5.0,0.3690125593058724,79.41454202077432,69.39890710382514,0.9377194637316901,1209.6643217011813,True,ON,Canada,TSXV Grad,2026-02-26,124.0,2026.0,0.0,TSX,Mining,20260226.0,,Y,,,,,,,False,True,True,False,False,False,False,False,False,False,False,False,False,False,False,False,False,False,False,False,False,False,False,False,True,False,False,False,,2026-06-30,2026-07-31
V-03695,SLVR.TO,SLVR,Silver Tiger Metals Inc.,silver tiger metals,TSX,,,,,Gold | Silver,2,True,Operator,False,False,LATIN AMERICA,Mexico,1,1,False,False,False,,,441115332.02,558373838,0.7899999999999999,100-500M,23721629.5,29246244.0,10991.0,2.0,0.0537764792517446,17.658168083097262,10.92896174863388,0.13665456639248294,2158.277636247839,True,NS,Canada,TSXV Grad,2026-05-21,40.0,2026.0,0.0,TSX,Mining,20260521.0,,Y,,,OTCQX,Y,,,False,True,True,False,False,False,False,False,False,False,False,False,False,False,False,False,False,False,False,False,False,False,False,False,True,False,False,False,,2026-06-30,2026-07-31
SIL0011,SVM.TO,SVM,Silvercorp Metals Inc.,silvercorp metals,TSX,,,,,Gold | Silver | Copper,3,True,Operator,False,False,ASIA | LATIN AMERICA | UK/EUROPE,China | Ecuador | Ireland,3,3,True,False,False,,,3176245822.6,221187035,14.36,>2B,2352561184.0,150100542.0,631449.0,6.0,0.7406735232080522,96.22285174693107,86.95652173913044,1.8821689437600218,3725.655094869103,False,China,Asia,TSXV Grad,2005-10-24,7554.0,2005.0,21.0,TSX,Mining,20051024.0,,Y,,NYSE Mkt,,,Composite,,False,True,True,True,False,False,False,False,False,False,False,False,False,False,False,False,False,False,False,False,False,True,False,False,True,False,True,False,,2026-06-30,2026-07-31
V-01797,SKE.TO,SKE,Skeena Resources Limited,skeena resources,TSX,,,,,Gold | Silver,2,True,Operator,False,False,CANADA,BC,1,1,True,False,False,,,4705808184.0,124492280,37.8,>2B,2191697355.5,52568526.0,325434.0,6.0,0.465743028573049,87.25212464589235,55.072463768115945,1.183526934182976,6734.690768327833,False,BC,Canada,TSXV Grad,2020-08-20,2140.0,2020.0,6.0,TSX,Mining,20200820.0,,Y,,NYSE,,,Composite,Y,False,True,True,False,False,False,False,False,False,False,False,False,False,False,False,False,False,False,False,False,False,False,False,True,False,False,False,False,,2026-06-30,2026-07-31
V-04961,SGD.TO,SGD,Snowline Gold Corp.,snowline gold,TSX,,,,,Gold,1,False,Operator,False,False,CANADA,YT,1,1,True,False,False,,,2257682253.2,176106260,12.82,>2B,935968487.5,61731437.0,248408.0,6.0,0.4145705119369098,82.90840415486308,43.47826086956522,1.0534894499626446,3767.867731715565,False,BC,Canada,TSXV Grad,2025-12-02,210.0,2025.0,1.0,TSX,Mining,20251202.0,,Y,,,OTCQB,,,,False,True,False,False,False,False,False,False,False,False,False,False,False,False,False,False,False,False,False,False,False,False,False,True,False,False,False,False,,2026-06-30,2026-07-31
V-04652,SLS.TO,SLS,Solaris Resources Inc.,solaris resources,TSX,,,,,Copper,1,False,Operator,False,False,LATIN AMERICA,Chile | Mexico | Peru,1,3,False,False,False,,,1992844499.79,167044803,11.93,500M-2B,741775082.0,56971360.0,273755.0,6.0,0.3722192484552438,79.79225684608122,74.68354430379746,0.9458681696596373,2709.6311738598383,False,Switzerland,UK/Europe,TSXV Grad,2021-02-09,1967.0,2021.0,5.0,TSX,Mining,20210209.0,,Y,,NYSE Mkt,,,,,False,False,False,True,False,False,False,False,False,False,False,False,False,False,False,False,False,False,False,False,False,False,False,False,True,False,False,False,,2026-06-30,2026-07-31
SOL0007,SLR.TO,SLR,Solitario Resources Corp.,solitario resources,TSX,,,,,Silver | Zinc,2,True,Operator,False,False,LATIN AMERICA | USA,Peru | AK | SD,2,3,True,False,False,,,101316343.32,93811429,1.0799999999999998,100-500M,3753695.0,3505135.0,6382.0,6.0,0.0370492546118076,10.387157695939566,6.557377049180328,0.09414803450482523,588.1690692572861,False,CO,USA,,1994-07-18,11670.0,1994.0,32.0,TSX,Mining,19940718.0,,,,NYSE Mkt,,,,,False,False,True,False,False,False,False,False,False,False,True,False,False,False,False,False,False,False,False,False,False,False,False,False,True,False,False,True,,2026-06-30,2026-07-31
MAW0001,SXGC.TO,SXGC,Southern Cross Gold Consolidated Ltd.,southern cross gold consolidated,TSX,,,,,Gold | Copper | Iron,3,True,Operator,False,False,AUS/NZ/PNG,Australia,1,1,True,False,False,,,2364866449.28,269346976,8.780000000000001,>2B,837771350.5,88093109.0,378468.0,6.0,0.354257362294207,77.52596789423984,37.68115942028986,0.9002241669454214,2213.58569416701,False,Australia,Australia/NZ/PNG,TSXV Grad,2025-07-02,363.0,2025.0,1.0,TSX,Mining,20250702.0,,Y,,ASX,,,Composite,,False,True,False,True,False,False,False,False,True,False,False,False,False,False,False,False,False,False,False,False,False,False,True,False,False,False,False,False,,2026-06-30,2026-07-31
SIL0006,SSRM.TO,SSRM,SSR Mining Inc.,ssr mining,TSX,,,,,Gold | Silver | Copper | Lead | Zinc,5,True,Operator,False,False,CANADA | LATIN AMERICA | UK/EUROPE | USA,SK | Argentina | Turkiye | CO | NV,4,5,True,False,False,,,8321089767.3,207508473,40.1,>2B,2551045195.0,64688948.0,426877.0,6.0,0.3065758532043519,74.1265344664778,30.434782608695656,0.779057886811863,5976.0661619154935,False,BC,Canada,TSXV Grad,2004-11-04,7908.0,2004.0,22.0,TSX,Mining,20041104.0,,Y,,NasdaqGS,,,Composite,,False,True,True,True,False,False,False,False,False,True,True,False,False,False,False,False,False,False,False,False,False,False,False,True,True,False,True,True,,2026-06-30,2026-07-31
RAT0001,SAU.TO,SAU,St. Augustine Gold and Copper Limited,st augustine gold and copper,TSX,,,,,Gold | Silver | Copper,3,True,Operator,False,False,ASIA,Philippines,1,1,True,False,False,,,292216588.865,1579549129,0.185,100-500M,4373276.0,17193569.0,3327.0,6.0,0.0149658717767744,3.777148253068933,1.639344262295082,0.038030654791783455,1314.4803125939284,False,Hong Kong,Asia,Other,2011-01-21,5639.0,2011.0,15.0,TSX,Mining,20110121.0,,,,,,,,,False,True,True,True,False,False,False,False,False,False,False,False,False,False,False,False,False,False,False,False,False,True,False,False,False,False,False,False,,2026-06-30,2026-07-31
SHO0001,DIAM.TO,DIAM,Star Diamond Corporation,star diamond,TSX,,,,,Diamond,1,False,Operator,False,False,CANADA,AB | SK,1,2,True,False,False,,,19347852.25,773914090,0.025,5-25M,877740.5,27142144.0,2562.0,6.0,0.0453663015748944,14.164305949008499,14.429530201342283,0.11528297048837914,342.5997267759563,False,SK,Canada,TSXV Grad,2004-11-26,7886.0,2004.0,22.0,TSX,Mining,20041126.0,,Y,,,,,,,False,False,False,False,False,True,False,False,False,False,False,False,False,False,False,False,False,False,False,False,False,False,False,True,False,False,False,False,,2026-06-30,2026-07-31
STA0034,SAM.TO,SAM,Starcore International Mines Ltd.,starcore international mines,TSX,,,,,Gold | Silver | Copper | Molybdenum,4,True,Operator,False,False,AFRICA | CANADA | LATIN AMERICA,Cote D'Ivoire | BC | Mexico,3,3,True,False,False,,,44661128.16,93044017,0.48,25-100M,41595143.0,46329304.0,31566.0,6.0,0.9313500288435168,98.3947119924457,100.0,2.3667081988657355,1317.7197934486474,False,BC,Canada,TSXV Grad,2007-07-11,6929.0,2007.0,19.0,TSX,Mining,20070711.0,,Y,,,,,,,False,True,True,True,False,False,True,False,False,False,False,False,False,False,False,False,False,False,False,False,True,False,False,True,True,False,False,False,,2026-06-30,2026-07-31
STE0019,STGO.TO,STGO,Steppe Gold Ltd.,steppe gold,TSX,,,,,Gold,1,False,Operator,False,False,ASIA,Mongolia,1,1,True,False,False,,,328675343.1,252827187,1.3,100-500M,112227912.5,66969185.0,98452.0,6.0,0.3414552227784682,76.58168083097262,63.934426229508205,0.8676918991442972,1139.9251665786371,False,Mongolia,Asia,IPO,2018-05-22,2961.0,2018.0,8.0,TSX,Mining,20180522.0,,,,,OTCQX,,,,False,True,False,False,False,False,False,False,False,False,False,False,False,False,False,False,False,False,False,False,False,True,False,False,False,False,False,False,,2026-06-30,2026-07-31
MON0004,STLR.TO,STLR,STLLR Gold Inc.,stllr gold,TSX,,,,,Gold,1,False,Operator,False,False,CANADA,NT | ON,1,2,True,False,False,,,199857765.36,151407398,1.32,100-500M,41589968.5,25581073.0,34532.0,6.0,0.2080978361040151,61.66194523135034,46.994535519125684,0.5288096200363575,1204.3892186957023,False,ON,Canada,,1911-07-01,42003.0,1911.0,115.0,TSX,Mining,19110701.0,,,,,OTCQX,,,,False,True,False,False,False,False,False,False,False,False,False,False,False,False,False,False,False,False,False,False,False,False,False,True,False,False,False,False,,2026-06-30,2026-07-31
TAL0009,TSK.TO,TSK,Talisker Resources Ltd.,talisker resources,TSX,,,,,Gold,1,False,Operator,False,False,CANADA,BC,1,1,True,False,False,,,237766485.9,206753466,1.15,100-500M,145060532.0,86886633.0,112402.0,6.0,0.6100966309482727,93.01227573182247,90.1639344262295,1.5503523421356373,1290.5511645700255,False,BC,Canada,Other,2020-10-14,2085.0,2020.0,6.0,TSX,Mining,20201014.0,,,,,OTCQX,,,,False,True,False,False,False,False,False,False,False,False,False,False,False,False,False,False,False,False,False,False,False,False,False,True,False,False,False,False,,2026-06-30,2026-07-31
BRA0017,TLO.TO,TLO,Talon Metals Corp.,talon metals,TSX,,,,,Nickel,1,False,Operator,False,False,USA,MN,1,1,False,False,False,,,912274641.72,161750823,5.640000000000001,500M-2B,634133593.5,160103219.0,275825.0,6.0,0.6951125949356723,95.08970727101038,93.67088607594937,1.7663913959522768,2299.043210368893,False,Brazil,Latin America,TSXV Grad,2005-04-13,7748.0,2005.0,21.0,TSX,Mining,20050413.0,,Y,,,,,,,False,False,False,False,True,False,False,False,False,False,False,False,False,False,False,False,False,False,False,False,False,False,False,False,False,False,False,True,,2026-06-30,2026-07-31
TEC0009,TECK.TO,TECK,Teck Resources Limited,teck resources,TSX,,,,,Gold | Copper | Molybdenum | Lead | Zinc,5,True,Operator,False,False,CANADA | LATIN AMERICA | USA,BC | Chile | Peru | AK,3,4,True,False,False,,,41424074414.63,490372849,84.47464923701352,>2B,11446594671.0,145299757.0,730522.0,6.0,0.2763271076723765,71.38810198300283,26.08695652173913,0.7021910249030007,15669.062219892076,False,BC,Canada,,1952-03-25,27125.0,1952.0,74.0,TSX,Mining,19520325.0,,,,NYSE,,,60,,False,True,False,True,False,False,True,False,False,True,True,False,False,False,False,False,False,False,False,False,False,False,False,True,True,False,False,True,,2026-06-30,2026-07-31
TIT0006,TI.TO,TI,Titan Mining Corporation,titan mining,TSX,,,,,Zinc,1,False,Operator,False,False,USA,NY,1,1,False,False,False,,,300761598.24,98288104,3.06,100-500M,76507517.0,16277259.0,68164.0,6.0,0.2543792739754926,68.93295561850803,57.377049180327866,0.6464180970573257,1122.4035707998355,False,BC,Canada,IPO,2017-10-19,3176.0,2017.0,9.0,TSX,Mining,20171019.0,,,,NYSE Mkt,OTCQB,,,,False,False,False,False,False,False,False,False,False,False,True,False,False,False,False,False,False,False,False,True,False,False,False,False,False,False,False,True,,2026-06-30,2026-07-31
GLE0009,TXG.TO,TXG,Torex Gold Resources Inc.,torex gold resources,TSX,,,,,Gold,1,False,Operator,False,False,LATIN AMERICA,Mexico,1,1,False,False,False,,,5269405013.85,93346413,56.45,>2B,5449861816.5,83273303.0,536896.0,6.0,1.0342461439528163,98.7724268177526,97.10144927536231,2.6281835536933973,10150.68433458249,False,ON,Canada,TSXV Grad,2010-02-24,5970.0,2010.0,16.0,TSX,Mining,20100224.0,,Y,,,,,Composite,Y,False,True,False,False,False,False,False,False,False,False,False,False,False,False,False,False,False,False,False,False,False,False,False,False,True,False,False,False,,2026-06-30,2026-07-31
TAS0002,TKO.TO,TKO,Trekor Metals Limited,trekor metals,TSX,,,,,Copper,1,False,Operator,False,False,CANADA | USA,BC | AZ,2,2,True,False,False,,,3576568660.26,365702317,9.78,>2B,1674164427.0,170022840.0,544096.0,6.0,0.4680923494079646,87.53541076487252,56.52173913043478,1.1894969311868575,3076.965144018702,False,BC,Canada,TSXV Grad,2006-03-08,7419.0,2006.0,20.0,TSX,Mining,20060308.0,LSE,Y,,NYSE Mkt,,,Composite,Y,False,False,False,True,False,False,False,False,False,False,False,False,False,False,False,False,False,False,False,False,False,False,False,True,False,False,False,True,,2026-06-30,2026-07-31
NOV0021,TMQ.TO,TMQ,Trilogy Metals Inc.,trilogy metals,TSX,,,,,Copper,1,False,Operator,False,False,USA,AK,1,1,False,False,False,,,855826369.44,172545639,4.96,500M-2B,359543850.5,57847080.0,174305.0,6.0,0.4201130782348565,83.66383380547686,79.74683544303798,1.0675739903543982,2062.728266544276,False,BC,Canada,Other,2012-04-25,5179.0,2012.0,14.0,TSX,Mining,20120425.0,,,,NYSE Mkt,,,,,False,False,False,True,False,False,False,False,False,False,False,False,False,False,False,False,False,False,False,False,False,False,False,False,False,False,False,True,,2026-06-30,2026-07-31
TRI0058,TFPM.TO,TFPM,Triple Flag Precious Metals Corp.,triple flag precious metals,TSX,,,,,Gold | Silver | Nickel | Lead | Zinc,5,True,Royalty/Streamer,True,False,,,0,0,False,True,False,,,8778600220.88,206603912,42.49,>2B,1138152962.5,24509941.0,141281.0,6.0,0.1296508479555647,43.90934844192634,15.942028985507244,0.3294633761136496,8055.952056539803,False,ON,Canada,IPO,2021-05-20,1867.0,2021.0,5.0,TSX,Mining,20210520.0,,,,NYSE,,,Composite,,False,True,True,False,True,False,False,False,False,True,True,False,False,False,False,False,False,False,True,False,False,False,False,False,False,False,False,False,,2026-06-30,2026-07-31
TRO0007,TLG.TO,TLG,Troilus Mining Corp.,troilus mining,TSX,,,,,Gold | Copper,2,True,Operator,False,False,CANADA,QC,1,1,True,False,False,,,924332733.85,553492655,1.6700000000000002,500M-2B,455109889.0,246804080.0,292382.0,6.0,0.492365868191632,88.57412653446647,84.81012658227847,1.2511797938501703,1556.5591896902,False,ON,Canada,TSXV Grad,2018-10-17,2813.0,2018.0,8.0,TSX,Mining,20181017.0,,Y,,,OTCQX,,,,False,True,False,True,False,False,False,False,False,False,False,False,False,False,False,False,False,False,False,False,False,False,False,True,False,False,False,False,,2026-06-30,2026-07-31
TAN0001,TRX.TO,TRX,TRX Gold Corporation,trx gold,TSX,,,,,Gold,1,False,Operator,False,False,AFRICA,Tanzania,1,1,False,False,False,,,399510769.68,327467844,1.22,100-500M,81443709.5,40301983.0,82062.0,6.0,0.2038586082804094,60.62322946175638,46.44808743169399,0.5180370695061925,992.4655687163364,False,BC,Canada,Other,2001-10-29,9010.0,2001.0,25.0,TSX,Mining,20011029.0,,,,NYSE Mkt,,,,,False,True,False,False,False,False,False,False,False,False,False,False,False,False,False,False,False,False,False,False,True,False,False,False,False,False,False,False,,2026-06-30,2026-07-31
V-04623,URC.TO,URC,Uranium Royalty Corp.,uranium royalty,TSX,,,,,,0,False,Operator,False,True,,,0,0,False,True,True,,,577574477.58,146592507,3.94,500M-2B,263715748.0,49914073.0,157172.0,6.0,0.4565917612996891,86.77998111425873,83.54430379746836,1.160272112026835,1677.8799531723207,False,BC,Canada,TSXV Grad,2023-07-06,1090.0,2023.0,3.0,TSX,Mining,20230706.0,,Y,,NasdaqCM,,,,,False,False,False,False,False,False,False,False,False,False,False,False,False,False,False,False,False,False,False,False,False,False,False,False,False,False,False,False,,2026-06-30,2026-07-31
URE0001,URE.TO,URE,Ur-Energy Inc.,ur energy,TSX,,,,,Gold | Uranium,2,True,Operator,False,False,USA,NV | WY,1,2,True,False,False,,,762877157.76,397331853,1.92,500M-2B,133095171.0,58178758.0,94354.0,6.0,0.1744647478904743,52.69121813031161,31.645569620253166,0.4433426063862878,1410.5938380990738,False,CO,USA,IPO,2005-11-28,7519.0,2005.0,21.0,TSX,Mining,20051128.0,,,,NYSE Mkt,,,,,False,True,False,False,False,False,False,False,False,False,False,False,False,False,True,False,False,False,False,False,False,False,False,False,False,False,False,True,,2026-06-30,2026-07-31
X-1578,VGC.TO,VGC,Valor Gold Corp.,valor gold,TSX,,,,,Gold,1,False,Operator,False,False,CANADA,NT,1,1,True,False,False,,,203500000.0,55000000,3.7,100-500M,20094132.5,4980849.0,17074.0,1.0,0.0987426658476658,33.80547686496695,21.85792349726776,0.25092078123379247,1176.8848834485182,True,ON,Canada,Other,2026-06-05,25.0,2026.0,0.0,TSX,Mining,20260605.0,,,,,,,,,False,True,False,False,False,False,False,False,False,False,False,False,False,False,False,False,False,False,False,False,False,False,False,True,False,False,False,False,,2026-06-30,2026-07-31
VER0016,NPK.TO,NPK,Verde Agritech Ltd,verde agritech,TSX,,,,,Potash,1,False,Operator,False,False,LATIN AMERICA,Brazil,1,1,True,False,False,,,40639481.28,56443724,0.72,25-100M,24545221.5,20048916.0,25961.0,6.0,0.6039747734693527,92.54013220018886,96.52173913043478,1.5347957309379778,945.4651785370364,False,Brazil,Latin America,TSXV Grad,2012-04-11,5193.0,2012.0,14.0,TSX,Mining,20120411.0,,Y,,,OTCQX,,,,False,False,False,False,False,False,False,False,False,False,False,False,True,False,False,False,False,False,False,False,False,False,False,False,True,False,False,False,,2026-06-30,2026-07-31
V-5062,VMET.TO,VMET,Versamet Royalties Corporation,versamet royalties,TSX,,,,,Gold | Silver | Copper | Molybdenum | Lead | Zinc | Uranium,7,True,Royalty/Streamer,True,False,AFRICA | ASIA | AUS/NZ/PNG | CANADA | LATIN AMERICA | UK/EUROPE | USA,Burkina Faso | Côte d'Ivoire | Ethiopia | Mongolia | Australia | BC | NWT | ON | Brazil | Columbia | Mexico | Nicaragua | Peru | Sweden | NV,7,15,True,False,False,,,1890534333.31,108588991,17.41,500M-2B,214796835.0,13978368.0,79187.0,6.0,0.1136169977002891,39.18791312559018,24.050632911392405,0.28871881855383874,2712.526487933625,False,BC,Canada,TSXV Grad,2025-12-10,202.0,2025.0,1.0,TSX,Mining,20251210.0,,Y,,NasdaqCM,,,,,False,True,True,True,False,False,True,False,False,True,True,False,False,False,True,False,False,True,True,True,True,True,True,True,True,False,True,True,,2026-06-30,2026-07-31
VIS0005,VGZ.TO,VGZ,Vista Gold Corp.,vista gold,TSX,,,,,Gold,1,False,Operator,False,False,AUS/NZ/PNG,Australia,1,1,False,False,False,,,391203207.28,145971346,2.68,100-500M,42730704.0,13259377.0,43814.0,6.0,0.1092289204301331,37.77148253068933,24.59016393442623,0.27756801796232494,975.275117542338,False,CO,USA,,1984-10-19,15229.0,1984.0,42.0,TSX,Mining,19841019.0,,,,NYSE Mkt,,,,,False,True,False,False,False,False,False,False,False,False,False,False,False,False,False,False,False,False,False,False,False,False,True,False,False,False,False,False,,2026-06-30,2026-07-31
V-04494,VZLA.TO,VZLA,Vizsla Silver Corp.,vizsla silver,TSX,,,,,Silver,1,False,Operator,False,False,LATIN AMERICA,Mexico,1,1,False,False,False,,,1635744485.8,351018130,4.66,500M-2B,1300122378.0,235485360.0,520231.0,6.0,0.7948199668630667,97.26156751652503,97.46835443037975,2.0197636484027757,2499.125154018119,False,BC,Canada,TSXV Grad,2024-11-07,600.0,2024.0,2.0,TSX,Mining,20241107.0,,Y,,NYSE Mkt,,,Composite,,False,False,True,False,False,False,False,False,False,False,False,False,False,False,False,False,False,False,False,False,False,False,False,False,True,False,False,False,,2026-06-30,2026-07-31
V-04510,VOXR.TO,VOXR,Vox Royalty Corp.,vox royalty,TSX,,,,,Gold | Silver | Copper | Nickel | Diamond | Platinum/PGM | Iron | Lead | Zinc | Uranium,10,True,Royalty/Streamer,True,False,,,0,0,False,True,False,,,461641698.2,68901746,6.7,100-500M,22451820.5,3066541.0,16279.0,6.0,0.0486347324939287,15.675165250236073,9.836065573770492,0.12358857204949157,1379.1891700964434,False,Cayman Islands,Latin America,TSXV Grad,2023-05-29,1128.0,2023.0,3.0,TSX,Mining,20230529.0,,Y,,NasdaqCM,,Y,,,False,True,True,True,True,True,False,True,True,True,True,False,False,False,True,False,False,True,True,True,False,False,False,False,False,False,False,False,,2026-06-30,2026-07-31
WAL0006,WM.TO,WM,Wallbridge Mining Company Limited,wallbridge mining,TSX,,,,,Gold,1,False,Operator,False,False,CANADA,QC,1,1,True,False,False,,,164776491.09,1830849901,0.09,100-500M,14242161.0,147179219.0,11060.0,6.0,0.0864332096513756,30.878186968838527,19.672131147540984,0.21964049992053178,1287.7179927667269,False,ON,Canada,,2000-07-24,9472.0,2000.0,26.0,TSX,Mining,20000724.0,,,,,OTCQB,,,,False,True,False,False,False,False,False,False,False,False,False,False,False,False,False,False,False,False,False,False,False,False,False,True,False,False,False,False,,2026-06-30,2026-07-31
RIV0002,WDO.TO,WDO,Wesdome Gold Mines Ltd.,wesdome gold mines,TSX,,,,,Gold,1,False,Operator,False,False,CANADA,ON | QC,1,2,True,False,False,,,3588827233.7,147385102,24.35,>2B,2709199092.0,108098673.0,506696.0,6.0,0.7548981646594554,96.60056657223795,88.40579710144928,1.9183160146854015,5346.793919825695,False,ON,Canada,Other,1989-03-09,13627.0,1989.0,37.0,TSX,Mining,19890309.0,,,,,OTCQX,,Composite,,False,True,False,False,False,False,False,False,False,False,False,False,False,False,False,False,False,False,False,False,False,False,False,True,False,False,False,False,,2026-06-30,2026-07-31
WES0062,WRN.TO,WRN,Western Copper and Gold Corporation,western copper and gold,TSX,,,,,Gold | Copper,2,True,Operator,False,False,CANADA,YT,1,1,True,False,False,,,717928413.36,225763652,3.18,500M-2B,276687034.5,68618426.0,201590.0,6.0,0.3853964118860654,81.01983002832861,77.21518987341773,0.9793534327333332,1372.5236098020737,False,BC,Canada,Other,2006-05-15,7351.0,2006.0,20.0,TSX,Mining,20060515.0,,,,NYSE Mkt,,,,,False,True,False,True,False,False,False,False,False,False,False,False,False,False,False,False,False,False,False,False,False,False,False,True,False,False,False,False,,2026-06-30,2026-07-31
WES0067,WRX.TO,WRX,Western Resources Corp.,western resources,TSX,,,,,Lead | Zinc | Potash,3,True,Operator,False,False,CANADA,SK,1,1,True,False,False,,,16356619.12,408915478,0.04,5-25M,,,,,,,,,,True,BC,Canada,TSXV Grad,2011-07-12,5467.0,2011.0,15.0,TSX,Mining,20110712.0,,Y,,,,,,,False,False,False,False,False,False,False,False,False,True,True,False,True,False,False,False,False,False,False,False,False,False,False,True,False,False,False,False,,2026-06-30,2026-07-31
WES0069,WGX.TO,WGX,Westgold Resources Limited,westgold resources,TSX,,,,,Gold,1,False,Operator,False,False,AUS/NZ/PNG,Australia,1,1,True,False,False,,,4369960816.0,941801900,4.64,>2B,151165576.0,25111741.0,92887.0,6.0,0.0345919751606303,9.631728045325778,5.797101449275362,0.08790369752743005,1627.4136962115258,False,Australia,Australia/NZ/PNG,Other,2024-08-06,693.0,2024.0,2.0,TSX,Mining,20240806.0,,,,ASX,,,,,False,True,False,False,False,False,False,False,False,False,False,False,False,False,False,False,False,False,False,False,False,False,True,False,False,False,False,False,,2026-06-30,2026-07-31
CHA0006,WPM.TO,WPM,Wheaton Precious Metals Corp.,wheaton precious metals,TSX,,,,,Gold | Silver | Copper | Nickel,4,True,Royalty/Streamer,True,False,,,0,0,False,True,False,,,72452468002.86,454133559,159.54,>2B,19146998158.0,103849201.0,584225.0,6.0,0.2642697852231091,69.97167138810198,21.73913043478261,0.671551455446517,32773.3290393256,False,BC,Canada,TSXV Grad,2004-10-22,7921.0,2004.0,22.0,TSX,Mining,20041022.0,LSE,Y,,NYSE,,Y,60,,False,True,True,True,True,False,False,False,False,False,False,False,False,False,False,False,False,False,True,False,False,False,False,False,False,False,False,False,,2026-06-30,2026-07-31
XTR0002,XTG.TO,XTG,Xtra-Gold Resources Corp.,xtra gold resources,TSX,,,,,Gold,1,False,Operator,False,False,AFRICA,Ghana,1,1,False,False,False,,,107384316.27,46486717,2.31,100-500M,4703381.5,1526104.0,3878.0,6.0,0.0437995199240653,13.503305004721437,8.743169398907105,0.11130152971529615,1212.8369004641568,False,Bahamas,Latin America,IPO,2010-11-23,5698.0,2010.0,16.0,TSX,Mining,20101123.0,,,,,OTCQB,,,,False,True,False,False,False,False,False,False,False,False,False,False,False,False,False,False,False,False,False,False,True,False,False,False,False,False,False,False,,2026-06-30,2026-07-31
YOR0001,YRB.TO,YRB,Yorbeau Resources Inc.,yorbeau resources,TSX,,,,,Gold,1,False,Operator,False,False,CANADA,QC,1,1,True,False,False,,,26143608.15,475338330,0.055,25-100M,1051080.0,16571829.0,752.0,6.0,0.0402040909567411,11.89801699716714,9.565217391304348,0.10216497422930797,1397.712765957447,False,QC,Canada,,1987-09-17,14166.0,1987.0,39.0,TSX,Mining,19870917.0,,,,,,,,,False,True,False,False,False,False,False,False,False,False,False,False,False,False,False,False,False,True,False,False,False,False,False,True,False,False,False,False,,2026-06-30,2026-07-31
V-02623,EFF.V,EFF,1844 Resources Inc.,1844 resources,TSXV,,,,,Copper | Nickel | Molybdenum,3,True,Operator,False,False,CANADA,QC,1,1,True,False,False,,,4982580.47,142359442,0.0349999999999999,<5M,875360.0,28336865.0,1121.0,6.0,0.1756840667743395,53.16336166194523,72.5,0.44644108913724556,780.8742194469224,False,SK,Canada,QT from NEX,2012-01-03,5292.0,2012.0,14.0,TSXV,Mining,20120103.0,,,1113792.0,,,Y,,,False,False,False,True,True,False,True,False,False,False,False,False,False,False,False,False,False,False,False,False,False,False,False,True,False,False,False,False,,2026-06-30,2026-07-31
V-04468,AUMB.V,AUMB,1911 Gold Corporation,1911 gold,TSXV,,,,,Gold,1,False,Operator,False,False,CANADA,MB | ON,1,2,True,False,False,,,198872888.32,310738888,0.64,100-500M,159764658.5,163171604.0,73530.0,6.0,0.8033506218450843,97.63928234183192,97.81420765027322,2.0414413962552196,2172.7819733442134,False,BC,Canada,Other,2018-07-25,2897.0,2018.0,8.0,TSXV,Mining,20180725.0,,,1181462.0,,,,Y,Y,False,True,False,False,False,False,False,False,False,False,False,False,False,False,False,False,False,False,False,False,False,False,False,True,False,False,False,False,,2026-06-30,2026-07-31
V-00002,AIS.V,AIS,A.I.S. Resources Limited,a i s resources,TSXV,,,,,Gold | Lithium,2,True,Operator,False,False,AUS/NZ/PNG | LATIN AMERICA,Australia | Argentina,2,2,False,False,False,,,8607876.81,44142958,0.195,5-25M,861524.5,8521393.0,855.0,6.0,0.1000855982277934,34.27762039660057,36.91275167785235,0.254333385492276,1007.6309941520468,False,BC,Canada,,,,,,TSXV,Mining,,,,11607.0,,,,,,False,True,False,False,False,False,False,False,False,False,False,False,False,True,False,False,False,False,False,False,False,False,True,False,True,False,False,False,,2026-06-30,2026-07-31
V-04397,AUAU.V,AUAU,A2 Gold Corp.,a2 gold,TSXV,,,,,Gold,1,False,Operator,False,False,USA,NV,1,1,False,False,False,,,85150226.94,123406126,0.69,25-100M,12795935.5,12798400.0,14981.0,6.0,0.1502748255623145,47.96978281397545,50.43478260869565,0.3818721755805139,854.1442827581603,False,BC,Canada,Other,2018-01-30,3073.0,2018.0,8.0,TSXV,Mining,20180130.0,,,1180555.0,,OTCQX,,,,False,True,False,False,False,False,False,False,False,False,False,False,False,False,False,False,False,False,False,False,False,False,False,False,False,False,False,True,,2026-06-30,2026-07-31
V-00015,AME.V,AME,Abacus Mining & Exploration Corporation,abacus mining exploration,TSXV,,,,,Gold | Copper | Molybdenum,3,True,Operator,False,False,CANADA | USA,BC | NV,2,2,True,False,False,,,3749125.26,187456263,0.02,<5M,213545.0,6642152.0,869.0,6.0,0.0569586197288057,19.07459867799811,32.0,0.1447408902489976,245.73647871116225,False,BC,Canada,,,,,,TSXV,Mining,,,,12060.0,,,,,,False,True,False,True,False,False,True,False,False,False,False,False,False,False,False,False,False,False,False,False,False,False,False,True,False,False,False,True,,2026-06-30,2026-07-31
V-04612,ABA.V,ABA,Abasca Resources Inc.,abasca resources,TSXV,,,,,Uranium,1,False,Operator,False,False,CANADA,SK,1,1,True,False,False,,,14243951.2,142439512,0.0999999999999999,5-25M,408358.0,4129693.0,393.0,6.0,0.0286688710362894,7.176581680830972,8.724832214765101,0.07285215013958059,1039.0788804071246,False,SK,Canada,RTO,2023-01-11,1266.0,2023.0,3.0,TSXV,Mining,20230111.0,,,1183465.0,,,,,,False,False,False,False,False,False,False,False,False,False,False,False,False,False,True,False,False,False,False,False,False,False,False,True,False,False,False,False,,2026-06-30,2026-07-31
V-00017,ABI.V,ABI,Abcourt Mines Inc.,abcourt mines,TSXV,,,,,Gold,1,False,Operator,False,False,CANADA,QC,1,1,True,False,False,,,83555410.4,1193648720,0.07,25-100M,14999406.0,150965168.0,8878.0,6.0,0.1795144794118562,54.57979225684608,59.56521739130435,0.45617477541361423,1689.5028159495382,False,QC,Canada,,,,,,TSXV,Mining,,,,1074330.0,,OTCQB,,,,False,True,False,False,False,False,False,False,False,False,False,False,False,False,False,False,False,False,False,False,False,False,False,True,False,False,False,False,,2026-06-30,2026-07-31
V-00450,ABM.V,ABM,Aben Gold Corp.,aben gold,TSXV,,,,,Gold,1,False,Operator,False,False,CANADA,BC | YT,1,2,True,False,False,,,5525134.29,28334022,0.195,5-25M,1588440.5,8042986.0,2516.0,6.0,0.2874935552018953,72.42681775259679,80.53691275167785,0.7305667398349391,631.3356518282989,False,BC,Canada,,,,,,TSXV,Mining,,,,10787.0,,,,,,False,True,False,False,False,False,False,False,False,False,False,False,False,False,False,False,False,False,False,False,False,False,False,True,False,False,False,False,,2026-06-30,2026-07-31
V-00048,ABC.V,ABC,Absolutely Critical Resources Corp.,absolutely critical resources,TSXV,,,,,Nickel,1,False,Operator,False,False,CANADA,NS | ON,1,2,True,False,False,,,674202.22,33710111,0.02,<5M,171008.0,5323439.0,399.0,6.0,0.2536449672325315,68.74409820585457,81.0,0.6445521071123784,428.5914786967418,False,BC,Canada,,,,,,TSXV,Mining,,,,13918.0,,,,,,False,False,False,False,True,False,False,False,False,False,False,False,False,False,False,False,False,False,False,False,False,False,False,True,False,False,False,False,,2026-06-30,2026-07-31
V-05013,ACDC.V,ACDC,AC/DC Battery Metals Inc.,ac dc battery metals,TSXV,,,,,Nickel,1,False,Operator,False,False,CANADA,BC,1,1,True,False,False,,,2853677.42,51885044,0.055,<5M,133471.0,2163944.0,524.0,6.0,0.0467715793889556,14.636449480642117,26.0,0.11885400438672185,254.71564885496184,False,BC,Canada,Other,2024-06-27,733.0,2024.0,2.0,TSXV,Mining,20240627.0,,,1188085.0,,OTCQB,,,,False,False,False,False,True,False,False,False,False,False,False,False,False,False,False,False,False,False,False,False,False,False,False,True,False,False,False,False,,2026-06-30,2026-07-31
V-00554,ADZ.V,ADZ,Adamera Minerals Corp.,adamera minerals,TSXV,,,,,Gold,1,False,Operator,False,False,USA,WA,1,1,False,False,False,,,5151999.34,54231572,0.095,5-25M,790531.0,7096265.0,941.0,6.0,0.1534415957436826,48.44192634560906,55.70469798657718,0.3899194410768966,840.0967056323061,False,BC,Canada,,2013-02-19,4879.0,2013.0,13.0,TSXV,Mining,20130219.0,,,1087218.0,,,,,,False,True,False,False,False,False,False,False,False,False,False,False,False,False,False,False,False,False,False,False,False,False,False,False,False,False,False,True,,2026-06-30,2026-07-31
V-02548,ADE.V,ADE,Adex Mining Inc.,adex mining,TSXV,,,,,Molybdenum | Tungsten,2,True,Operator,False,False,CANADA,NB,1,1,True,False,False,,,94809601.74,677211441,0.1399999999999999,25-100M,2908787.5,25747977.0,3211.0,6.0,0.0306803050178069,8.21529745042493,6.956521739130435,0.0779635230371,905.8821239489256,False,ON,Canada,Other,2007-07-16,6924.0,2007.0,19.0,TSXV,Mining,20070716.0,,,1110524.0,,,,,,False,False,False,False,False,False,True,False,False,False,False,False,False,False,False,False,True,False,False,True,False,False,False,True,False,False,False,False,,2026-06-30,2026-07-31
V-04534,ADY.V,ADY,Adyton Resources Corporation,adyton resources,TSXV,,,,,Gold | Copper,2,True,Operator,False,False,AUS/NZ/PNG,PNG,1,1,True,False,False,,,94512565.5,315041885,0.3,25-100M,26103437.0,71171861.0,5377.0,6.0,0.2761901220425553,71.2936732766761,79.56521739130434,0.7018429226823703,4854.647015064163,False,Australia,Australia/NZ/PNG,QT,2021-02-24,1952.0,2021.0,5.0,TSXV,Mining,20210224.0,,,1181455.0,,,Y,,,False,True,False,True,False,False,False,False,False,False,False,False,False,False,False,False,False,False,False,False,False,False,True,False,False,False,False,False,,2026-06-30,2026-07-31
V-04883,AEF.V,AEF,AE Fuels Corporation,ae fuels,TSXV,,,,,,0,False,Operator,False,True,AUS/NZ/PNG | USA,Australia | NM,2,2,True,False,False,,,7220983.92,42476376,0.1699999999999999,5-25M,609505.5,3261486.0,676.0,6.0,0.0844075415140932,29.933899905571295,31.879194630872483,0.21449295577470695,901.6353550295858,False,Australia,Australia/NZ/PNG,QT,2025-12-29,183.0,2025.0,1.0,TSXV,Mining,20251229.0,,,1186206.0,,,Y,,,False,False,False,False,False,False,False,False,False,False,False,False,False,False,False,False,False,False,False,True,False,False,True,False,False,False,False,True,,2026-06-30,2026-07-31
V-04661,ALTN.V,ALTN,Aeonian Resources Corp.,aeonian resources,TSXV,,,,,Copper,1,False,Operator,False,False,CANADA,BC,1,1,True,False,False,,,8123496.5,70639100,0.115,5-25M,2745232.5,17491312.0,2295.0,6.0,0.3379373032289729,76.29839471199244,83.55704697986577,0.8587523073872869,1196.1797385620914,False,BC,Canada,QT,2025-05-14,412.0,2025.0,1.0,TSXV,Mining,20250514.0,,,1183871.0,,,Y,,,False,False,False,True,False,False,False,False,False,False,False,False,False,False,False,False,False,False,False,False,False,False,False,True,False,False,False,False,,2026-06-30,2026-07-31
V-03817,AAG.V,AAG,Aftermath Silver Ltd.,aftermath silver,TSXV,,,,,Silver,1,False,Operator,False,False,LATIN AMERICA,Argentina | Peru,1,2,False,False,False,,,218643912.32,341631113,0.64,100-500M,115999786.0,123287074.0,66149.0,6.0,0.5305420341647864,90.55712936732768,87.43169398907104,1.3481914889291042,1753.613599600901,False,BC,Canada,Other,2011-07-12,5467.0,2011.0,15.0,TSXV,Mining,20110712.0,,,1148820.0,,OTCQX,,Y,,False,False,True,False,False,False,False,False,False,False,False,False,False,False,False,False,False,False,False,True,False,False,False,False,True,False,False,False,,2026-06-30,2026-07-31
V-03095,AML.V,AML,Akwaaba Mining Ltd.,akwaaba mining,TSXV,,,,,Gold,1,False,Operator,False,False,AFRICA,Ghana,1,1,False,False,False,,,2339694.72,14623092,0.16,<5M,20345.5,138371.0,61.0,5.0,0.008695792586137,2.0774315391879132,6.0,0.022097388706587243,333.5327868852459,True,BC,Canada,QT,2011-03-09,5592.0,2011.0,15.0,TSXV,Mining,20110309.0,,,1126366.0,,,Y,,,False,True,False,False,False,False,False,False,False,False,False,False,False,False,False,False,False,False,False,False,True,False,False,False,False,False,False,False,,2026-06-30,2026-07-31
V-00703,AEMC.V,AEMC,Alaska Energy Metals Corporation,alaska energy metals,TSXV,,,,,Nickel | Iron,2,True,Operator,False,False,CANADA | USA,QC | AK,2,2,True,False,False,,,12359894.8,224725360,0.055,5-25M,4575637.0,42894569.0,5729.0,6.0,0.3702003191807101,79.50897072710103,85.90604026845638,0.9407377500333,798.6798743236167,False,BC,Canada,Other,2005-01-13,7838.0,2005.0,21.0,TSXV,Mining,20050113.0,,,1060962.0,,OTCQB,,,,False,False,False,False,True,False,False,False,True,False,False,False,False,False,False,False,False,False,False,True,False,False,False,True,False,False,False,True,,2026-06-30,2026-07-31
V-04815,WAM.V,WAM,Alaska Silver Corp.,alaska silver,TSXV,,,,,Silver | Copper | Molybdenum | Lead | Zinc,5,True,Operator,False,False,USA,AK,1,1,True,False,False,,,61368013.5,88939150,0.69,25-100M,21890416.0,22039034.0,18781.0,6.0,0.3567072608599266,77.90368271954674,86.08695652173914,0.906449747921757,1165.5617911719291,False,AZ,USA,Other,2021-11-15,1688.0,2021.0,5.0,TSXV,Mining,20211115.0,,,1185020.0,,,,,,False,False,True,True,False,False,True,False,False,True,True,False,False,False,False,False,False,False,False,False,False,False,False,False,False,False,False,True,,2026-06-30,2026-07-31
V-04511,ALDE.V,ALDE,Aldebaran Resources Inc.,aldebaran resources,TSXV,,,,,Gold | Copper,2,True,Operator,False,False,LATIN AMERICA,Argentina,1,1,False,False,False,,,485637525.08,185357834,2.62,100-500M,61587570.5,20559027.0,37369.0,6.0,0.1268179811472652,43.24834749763929,28.96174863387978,0.3222646120680606,1648.092549974578,False,BC,Canada,Other,2018-11-02,2797.0,2018.0,8.0,TSXV,Mining,20181102.0,,,1182095.0,,OTCQX,,Y,,False,True,False,True,False,False,False,False,False,False,False,False,False,False,False,False,False,False,False,False,False,False,False,False,True,False,False,False,,2026-06-30,2026-07-31
V-03724,ALGR.V,ALGR,Algo Grande Copper Corp.,algo grande copper,TSXV,,,,,,0,False,Operator,False,True,,,0,0,False,True,True,,,22863462.84,42339746,0.54,5-25M,6467772.0,9248802.0,5242.0,6.0,0.2828868070100268,71.86024551463645,79.53020134228188,0.7188602617352461,1233.836703548264,False,BC,Canada,QT from NEX,2017-03-31,3378.0,2017.0,9.0,TSXV,Mining,20170331.0,,,1143031.0,,,Y,,,False,False,False,False,False,False,False,False,False,False,False,False,False,False,False,False,False,False,False,False,False,False,False,False,False,False,False,False,,2026-06-30,2026-07-31
V-03928,ALM.V,ALM,Alliance Mining Corp.,alliance mining,TSXV,,,,,Gold,1,False,Operator,False,False,CANADA,MB,1,1,True,False,False,,,2844037.96,9174316,0.31,<5M,96520.5,358055.0,279.0,6.0,0.0339378381574063,9.254013220018887,17.5,0.0862414316115378,345.9516129032258,False,BC,Canada,Other,2012-01-27,5268.0,2012.0,14.0,TSXV,Mining,20120127.0,,,1149926.0,,,,,,False,True,False,False,False,False,False,False,False,False,False,False,False,False,False,False,False,False,False,False,False,False,False,True,False,False,False,False,,2026-06-30,2026-07-31
FAI0002,AMM.V,AMM,Almaden Minerals Ltd.,almaden minerals,TSXV,,,,,Gold | Silver,2,True,Operator,False,False,LATIN AMERICA,Mexico,1,1,False,False,False,,,33653979.345,137363181,0.245,25-100M,1742968.5,6748654.0,2251.0,6.0,0.051790859028353,16.525023607176582,13.91304347826087,0.1316087903501823,774.3085295424256,False,BC,Canada,TSX Comedown,2025-08-13,321.0,2025.0,1.0,TSXV,Mining,20250813.0,,,1188741.0,,OTCQB,,,,False,True,True,False,False,False,False,False,False,False,False,False,False,False,False,False,False,False,False,False,False,False,False,False,True,False,False,False,,2026-06-30,2026-07-31
V-04436,DEX.V,DEX,Almadex Minerals Ltd.,almadex minerals,TSXV,,,,,Gold | Silver | Copper | Lead | Zinc,5,True,Royalty/Streamer,True,False,USA,AZ | NV,1,2,False,False,False,,,24524359.2,61310898,0.3999999999999999,5-25M,2677837.0,4805965.0,1965.0,6.0,0.1091909059952114,37.6770538243626,41.2751677852349,0.2774714172515095,1362.7669211195928,False,BC,Canada,Other,2018-05-25,2958.0,2018.0,8.0,TSXV,Mining,20180525.0,,,1181265.0,,,,,,False,True,True,True,False,False,False,False,False,True,True,False,False,False,False,False,False,False,True,False,False,False,False,False,False,False,False,True,,2026-06-30,2026-07-31
V-02776,AORO.V,AORO,Aloro Mining Corp.,aloro mining,TSXV,,,,,Gold,1,False,Operator,False,False,LATIN AMERICA,Mexico,1,1,False,False,False,,,865938.945,57729263,0.015,<5M,64921.0,2970467.0,236.0,6.0,0.0749717983870098,26.440037771482533,42.5,0.19051523533700082,275.08898305084745,False,BC,Canada,IPO,2008-03-17,6679.0,2008.0,18.0,TSXV,Mining,20080317.0,,,1115533.0,,,,,,False,True,False,False,False,False,False,False,False,False,False,False,False,False,False,False,False,False,False,False,False,False,False,False,True,False,False,False,,2026-06-30,2026-07-31
V-04803,ALEX.V,ALEX,Alpha Exploration Ltd.,alpha exploration,TSXV,,,,,Gold,1,False,Operator,False,False,AFRICA,Eritrea,1,1,True,False,False,,,61423616.67,107760731,0.5700000000000001,25-100M,1462525.5,2612496.0,913.0,6.0,0.0238104751769576,6.137865911237016,5.217391304347826,0.060506195388396834,1601.8899233296825,False,Eritrea,Africa,Other,2021-11-01,1702.0,2021.0,5.0,TSXV,Mining,20211101.0,,,1185453.0,,,,,,False,True,False,False,False,False,False,False,False,False,False,False,False,False,False,False,False,False,False,False,True,False,False,False,False,False,False,False,,2026-06-30,2026-07-31
V-01105,AFM.V,AFM,Alphamin Resources Corp.,alphamin resources,TSXV,,,,,,0,False,Operator,False,True,AFRICA,DRC,1,1,True,False,False,,,1918783973.71,1287774479,1.49,500M-2B,240022575.5,179966200.0,152509.0,6.0,0.1250909840756656,42.77620396600567,25.31645569620253,0.31787603848971724,1573.825646355297,False,Mauritius,Africa,,,,,,TSXV,Mining,,,,30682.0,JSE,,,,,False,False,False,False,False,False,False,False,False,False,False,False,False,False,False,False,False,False,False,True,True,False,False,False,False,False,False,False,,2026-06-30,2026-07-31
V-02342,AVX.V,AVX,Altair Resources Inc.,altair resources,TSXV,,,,,Gold | Silver,2,True,Operator,False,False,USA,NV,1,1,False,False,False,,,286333.12,57266624,0.005,<5M,,,,,,,,,,True,BC,Canada,QT,2007-03-15,7047.0,2007.0,19.0,TSXV,Mining,20070315.0,,,1107986.0,,,Y,,,False,True,True,False,False,False,False,False,False,False,False,False,False,False,False,False,False,False,False,False,False,False,False,False,False,False,False,True,,2026-06-30,2026-07-31
V-02021,ALTA.V,ALTA,Altamira Gold Corp.,altamira gold,TSXV,,,,,Gold,1,False,Operator,False,False,LATIN AMERICA,Brazil,1,1,False,False,False,,,66710561.85,296491386,0.225,25-100M,4098331.0,19461000.0,3702.0,6.0,0.0614345148106408,20.679886685552407,19.565217391304348,0.15611484983387655,1107.0586169638034,False,BC,Canada,,,,,,TSXV,Mining,,,,816867.0,,,,,,False,True,False,False,False,False,False,False,False,False,False,False,False,False,False,False,False,False,False,False,False,False,False,False,True,False,False,False,,2026-06-30,2026-07-31
V-03720,APN.V,APN,Altiplano Metals Inc.,altiplano metals,TSXV,,,,,Gold | Copper | Iron,3,True,Operator,False,False,LATIN AMERICA,Chile,1,1,False,False,False,,,3551236.88,177561844,0.02,<5M,299212.0,7988542.0,463.0,6.0,0.0842557143076302,29.83947119924457,48.0,0.2141071387529442,646.2462203023758,False,AB,Canada,IPO,2011-02-02,5627.0,2011.0,15.0,TSXV,Mining,20110202.0,,,1142260.0,,,,,,False,True,False,True,False,False,False,False,True,False,False,False,False,False,False,False,False,False,False,False,False,False,False,False,True,False,False,False,,2026-06-30,2026-07-31
V-01024,ALT.V,ALT,Alturas Minerals Corp.,alturas minerals,TSXV,,,,,Gold | Copper,2,True,Operator,False,False,LATIN AMERICA,Chile,1,1,True,False,False,,,2184482.145,145632143,0.015,<5M,120184.5,11056552.0,319.0,6.0,0.0550173871986488,18.319169027384323,31.0,0.13980791037811907,376.7539184952978,False,Peru,Latin America,RTO,2006-04-10,7386.0,2006.0,20.0,TSXV,Mining,20060410.0,,,1023320.0,Lima (BVL),,,,,False,True,False,True,False,False,False,False,False,False,False,False,False,False,False,False,False,False,False,False,False,False,False,False,True,False,False,False,,2026-06-30,2026-07-31
V-00093,AHR.V,AHR,Amarc Resources Ltd.,amarc resources,TSXV,,,,,Gold | Copper | Molybdenum,3,True,Operator,False,False,CANADA,BC,1,1,True,False,False,,,214700000.0,226000000,0.95,100-500M,32995552.5,28847964.0,17225.0,6.0,0.1536821262226362,48.63078375826252,33.87978142076503,0.3905306671884406,1915.5618287373004,False,BC,Canada,,,,,,TSXV,Mining,,,,708779.0,,OTCQB,,Y,Y,False,True,False,True,False,False,True,False,False,False,False,False,False,False,False,False,False,False,False,False,False,False,False,True,False,False,False,False,,2026-06-30,2026-07-31
V-04726,AE.V,AE,American Eagle Gold Corp.,american eagle gold,TSXV,,,,,Gold | Copper,2,True,Operator,False,False,CANADA,BC,1,1,True,False,False,,,209021082.6,204922630,1.02,100-500M,30899721.0,31857041.0,15735.0,6.0,0.1478306428023447,47.40321057601511,32.78688524590164,0.3756611193735046,1963.757292659676,False,ON,Canada,Other,2021-05-03,1884.0,2021.0,5.0,TSXV,Mining,20210503.0,,,1184745.0,,OTCQB,,,,False,True,False,True,False,False,False,False,False,False,False,False,False,False,False,False,False,False,False,False,False,False,False,True,False,False,False,False,,2026-06-30,2026-07-31
V-01262,LI.V,LI,American Lithium Corp.,american lithium,TSXV,,,,,Lithium | Uranium,2,True,Operator,False,False,LATIN AMERICA | USA,Peru | NV,2,2,False,False,False,,,112492444.24,255664646,0.44,100-500M,22909542.5,32419000.0,16128.0,6.0,0.2036540556548227,60.52880075542964,45.90163934426229,0.5175172688285925,1420.4825458829366,False,BC,Canada,,,,,,TSXV,Mining,,,,32075.0,,OTCQX,,Y,,False,False,False,False,False,False,False,False,False,False,False,False,False,True,True,False,False,False,False,False,False,False,False,False,True,False,False,True,,2026-06-30,2026-07-31
V-5104,TUNG.V,TUNG,American Tungsten Corp,american tungsten,TSXV,,,,,Molybdenum | Tungsten,2,True,Operator,False,False,USA,ID,1,1,False,False,False,,,129459648.48,63460612,2.04,100-500M,3930760.0,1936265.0,3435.0,2.0,0.0303628199686271,8.120868744098205,3.278688524590164,0.07715674315237281,1144.3260553129548,True,BC,Canada,Other,2026-05-29,32.0,2026.0,0.0,TSXV,Mining,20260529.0,,,1188921.0,,,,,,False,False,False,False,False,False,True,False,False,False,False,False,False,False,False,False,True,False,False,False,False,False,False,False,False,False,False,True,,2026-06-30,2026-07-31
V-02951,AMCO.V,AMCO,Americore Resources Corp.,americore resources,TSXV,,,,,Gold | Uranium,2,True,Operator,False,False,CANADA | USA,NL | QC | UT,2,3,True,False,False,,,6572208.585,23060381,0.285,5-25M,7336019.5,12460120.0,5466.0,6.0,1.116218300913832,99.15014164305948,98.65771812080537,2.8364878109008034,1342.11845956824,False,AB,Canada,QT,2011-04-18,5552.0,2011.0,15.0,TSXV,Mining,20110418.0,,,1120547.0,,OTCQB,Y,,,False,True,False,False,False,False,False,False,False,False,False,False,False,False,True,False,False,False,False,True,False,False,False,True,False,False,False,True,,2026-06-30,2026-07-31
V-00103,AMX.V,AMX,Amex Exploration Inc.,amex exploration,TSXV,,,,,Gold,1,False,Operator,False,False,CANADA,QC,1,1,True,False,False,,,674609560.8,160621324,4.199999999999999,500M-2B,111635587.0,24313463.0,49863.0,6.0,0.1654817741800377,50.89707271010388,30.37974683544304,0.42051544487636133,2238.8461785291697,False,QC,Canada,,,,,,TSXV,Mining,,,,1074354.0,,OTCQX,,Y,Y,False,True,False,False,False,False,False,False,False,False,False,False,False,False,False,False,False,False,False,False,False,False,False,True,False,False,False,False,,2026-06-30,2026-07-31
V-5084,ANDC.V,ANDC,Andina Copper Corporation,andina copper,TSXV,,,,,Gold | Copper,2,True,Operator,False,False,LATIN AMERICA,Argentina | Chile | Colombia,1,3,False,False,False,,,318704234.8,274745030,1.16,100-500M,93910124.5,97100190.0,37483.0,6.0,0.2946623051900532,72.99338999055713,60.10928961748634,0.7487836710070567,2505.4057706160124,False,BC,Canada,Other,2025-11-24,218.0,2025.0,1.0,TSXV,Mining,20251124.0,,,1188815.0,,,,,,False,True,False,True,False,False,False,False,False,False,False,False,False,False,False,False,False,False,False,False,False,False,False,False,True,False,False,False,,2026-06-30,2026-07-31
V-03758,AEC.V,AEC,Anfield Energy Inc.,anfield energy,TSXV,,,,,Uranium,1,False,Operator,False,False,USA,CO | UT,1,2,True,False,False,,,109409856.0,18234976,6.0,100-500M,40744232.5,13670609.0,18503.0,6.0,0.3724000194278658,79.88668555240793,69.94535519125684,0.9463275373836634,2202.033859374156,False,AZ,USA,Other,2011-04-11,5559.0,2011.0,15.0,TSXV,Mining,20110411.0,,,1131425.0,,OTCQB,,,,False,False,False,False,False,False,False,False,False,False,False,False,False,False,True,False,False,False,False,True,False,False,False,False,False,False,False,True,,2026-06-30,2026-07-31
V-00938,AWM.V,AWM,Angel Wing Metals Inc.,angel wing metals,TSXV,,,,,Gold,1,False,Operator,False,False,CANADA | LATIN AMERICA,ON | Mexico,2,2,True,False,False,,,3237977.85,107932595,0.03,<5M,260170.0,7267630.0,798.0,6.0,0.0803495304947808,27.950897072710102,44.5,0.20418090589758406,326.02756892230576,False,ON,Canada,,,,,,TSXV,Mining,,,,1023492.0,,,,,,False,True,False,False,False,False,False,False,False,False,False,False,False,False,False,False,False,False,False,False,False,False,False,True,True,False,False,False,,2026-06-30,2026-07-31
V-03680,ANK.V,ANK,Angkor Resources Corp.,angkor resources,TSXV,,,,,Oil and Gas | Gold | Copper,3,True,Operator,False,False,ASIA,Cambodia,1,1,False,False,False,,,59777636.78,206129782,0.29,25-100M,3109605.5,9415075.0,1979.0,6.0,0.0520195455608976,16.71388101983003,14.347826086956522,0.13218991911464428,1571.3014148559878,False,AB,Canada,QT,2011-10-19,5368.0,2011.0,15.0,TSXV,Mining,20111019.0,,,1121555.0,,OTCQB,Y,,,True,True,False,True,False,False,False,False,False,False,False,False,False,False,False,False,False,False,False,False,False,True,False,False,False,False,False,False,,2026-06-30,2026-07-31
V-00932,ANOR.V,ANOR,Anortech Inc.,anortech,TSXV,,,,,,0,False,Operator,False,True,UK/EUROPE,Greenland,1,1,False,False,False,,,23613529.94,181642538,0.13,5-25M,976023.0,12823620.0,1138.0,6.0,0.0413332103450857,12.653446647780925,13.422818791946309,0.10503424575036177,857.6652021089631,False,BC,Canada,,,,,,TSXV,Mining,,,,1060143.0,,OTCQB,Y,,,False,False,False,False,False,False,False,False,False,False,False,False,False,False,False,False,False,False,False,True,False,False,False,False,False,False,True,False,,2026-06-30,2026-07-31
V-04312,ANTL.V,ANTL,Antler Gold Inc.,antler gold,TSXV,,,,,Gold | Copper | Rare Earths,3,True,Operator,False,False,AFRICA,Namibia | Zambia,1,2,False,False,False,,,2724928.05,90830935,0.03,<5M,92747.0,1695512.0,184.0,6.0,0.0340364950186482,9.442870632672333,18.0,0.0864921343496541,504.0597826086956,False,NS,Canada,QT,2016-11-14,3515.0,2016.0,10.0,TSXV,Mining,20161114.0,,,1177555.0,,,Y,,,False,True,False,True,False,False,False,False,False,False,False,True,False,False,False,False,False,False,False,False,True,False,False,False,False,False,False,False,,2026-06-30,2026-07-31
V-01888,APX.V,APX,Apex Resources Inc.,apex resources,TSXV,,,,,Gold | Silver | Zinc,3,True,Operator,False,False,CANADA,BC | YT,1,2,True,False,False,,,3746874.33,83263874,0.045,<5M,392875.0,7106914.0,418.0,6.0,0.1048540637870819,36.4494806421152,54.50000000000001,0.2664508130819769,939.8923444976076,False,BC,Canada,,1989-06-15,13529.0,1989.0,37.0,TSXV,Mining,19890615.0,,,38385.0,,,,,,False,True,True,False,False,False,False,False,False,False,True,False,False,False,False,False,False,False,False,False,False,False,False,True,False,False,False,False,,2026-06-30,2026-07-31
V-04585,APMI.V,APMI,Apogee Minerals Ltd.,apogee minerals,TSXV,,,,,Gold | Uranium,2,True,Operator,False,False,CANADA,SK,1,1,True,False,False,,,9216600.12,76805001,0.12,5-25M,500180.5,4877163.0,265.0,6.0,0.0542695238469345,18.035882908404155,19.12751677852349,0.13790747093932804,1887.4735849056603,False,BC,Canada,QT,2021-08-04,1791.0,2021.0,5.0,TSXV,Mining,20210804.0,,,1182980.0,,,Y,,,False,True,False,False,False,False,False,False,False,False,False,False,False,False,True,False,False,False,False,False,False,False,False,True,False,False,False,False,,2026-06-30,2026-07-31
V-00100,APGO.V,APGO,Apollo Silver Corp.,apollo silver,TSXV,,,,,Silver,1,False,Operator,False,False,LATIN AMERICA | USA,Mexico | CA,2,2,False,False,False,,,164275277.4,63182799,2.6,100-500M,126737612.5,30612035.0,58559.0,6.0,0.7714953491839301,97.07271010387157,96.72131147540983,1.9604920940064468,2164.2721443330656,False,BC,Canada,,,,,,TSXV,Mining,,,,1045778.0,,OTCQB,Y,Y,Y,False,False,True,False,False,False,False,False,False,False,False,False,False,False,False,False,False,False,False,False,False,False,False,False,True,False,False,True,,2026-06-30,2026-07-31
V-04067,ABR.V,ABR,Arbor Metals Corp.,arbor metals,TSXV,,,,,Lithium,1,False,Operator,False,False,CANADA,ON | QC,1,2,True,False,False,,,12041788.32,100348236,0.12,5-25M,2594289.0,13609342.0,3950.0,6.0,0.2154405085905047,63.550519357884795,72.81879194630872,0.5474685158726946,656.7820253164557,False,BC,Canada,IPO,2012-10-24,4997.0,2012.0,14.0,TSXV,Mining,20121024.0,,,1153745.0,,,,,,False,False,False,False,False,False,False,False,False,False,False,False,False,True,False,False,False,False,False,False,False,False,False,True,False,False,False,False,,2026-06-30,2026-07-31
V-00133,ACS.V,ACS,Archon Minerals Limited,archon minerals,TSXV,,,,,Diamond,1,False,Operator,False,False,CANADA,NT,1,1,True,False,False,,,3537089.27,54416758,0.065,<5M,29050.5,262886.0,42.0,5.0,0.0082131090799413,1.9830028328611897,5.5,0.02087081333085099,691.6785714285714,True,BC,Canada,,,,,,TSXV,Mining,,,,40133.0,,,,,,False,False,False,False,False,True,False,False,False,False,False,False,False,False,False,False,False,False,False,False,False,False,False,True,False,False,False,False,,2026-06-30,2026-07-31
V-00135,ADD.V,ADD,Arctic Star Exploration Corp.,arctic star exploration,TSXV,,,,,Diamond,1,False,Operator,False,False,CANADA | UK/EUROPE,NT | NU | Finland,2,3,True,False,False,,,2387103.7,238710370,0.01,<5M,,,,,,,,,,True,BC,Canada,,,,,,TSXV,Mining,,,,1075697.0,,,,,,False,False,False,False,False,True,False,False,False,False,False,False,False,False,False,False,False,False,False,False,False,False,False,True,False,False,True,False,,2026-06-30,2026-07-31
V-02618,ADG.V,ADG,Arcus Development Group Inc.,arcus development,TSXV,,,,,,0,False,Operator,False,True,,,0,0,False,True,True,,,7427399.0,21221140,0.35,5-25M,564607.5,1293455.0,151.0,6.0,0.0760168532752851,26.912181303116146,28.187919463087248,0.1931708856250211,3739.122516556291,False,BC,Canada,Other,2007-10-23,6825.0,2007.0,19.0,TSXV,Mining,20071023.0,,,1114747.0,,,,,,False,False,False,False,False,False,False,False,False,False,False,False,False,False,False,False,False,False,False,False,False,False,False,False,False,False,False,False,,2026-06-30,2026-07-31
V-04012,AWX.V,AWX,ArcWest Exploration Inc.,arcwest exploration,TSXV,,,,,Gold | Copper,2,True,Operator,False,False,CANADA,BC,1,1,True,False,False,,,6263003.025,83506707,0.075,5-25M,1297577.5,13535326.0,908.0,6.0,0.2071813624902408,61.37865911237016,70.46979865771812,0.5264807151685956,1429.0501101321586,False,BC,Canada,QT,2013-07-31,4717.0,2013.0,13.0,TSXV,Mining,20130731.0,,,1151750.0,,,Y,,,False,True,False,True,False,False,False,False,False,False,False,False,False,False,False,False,False,False,False,False,False,False,False,True,False,False,False,False,,2026-06-30,2026-07-31
V-02136,AGAG.V,AGAG,Argenta Silver Corp.,argenta silver,TSXV,,,,,Silver,1,False,Operator,False,False,LATIN AMERICA,Argentina,1,1,False,False,False,,,127748500.88,290337502,0.44,100-500M,95057235.0,132823771.0,40075.0,6.0,0.7440966770270878,96.41170915958452,96.17486338797814,1.8908677207596318,2371.983406113537,False,BC,Canada,,,,,,TSXV,Mining,,,,1065322.0,,OTCQB,,Y,Y,False,False,True,False,False,False,False,False,False,False,False,False,False,False,False,False,False,False,False,False,False,False,False,False,True,False,False,False,,2026-06-30,2026-07-31
V-00095,LIT.V,LIT,Argentina Lithium & Energy Corp.,argentina lithium energy,TSXV,,,,,Lithium,1,False,Operator,False,False,LATIN AMERICA,Argentina,1,1,False,False,False,,,11693217.95,137567270,0.0849999999999999,5-25M,6108490.5,52895381.0,6754.0,6.0,0.522396018454441,90.08498583569406,93.95973154362416,1.3274911704959764,904.425599644655,False,BC,Canada,,,,,,TSXV,Mining,,,,1092092.0,,OTCQB,,,,False,False,False,False,False,False,False,False,False,False,False,False,False,True,False,False,False,False,False,False,False,False,False,False,True,False,False,False,,2026-06-30,2026-07-31
V-5107,VLLC.V,VLLC,Argentina Metals Corp.,argentina metals,TSXV,,,,,Copper,1,False,Operator,False,False,LATIN AMERICA,Argentina,1,1,False,False,False,,,22545603.045,71573343,0.315,5-25M,269115.0,1040951.0,215.0,1.0,0.0119364737977005,2.927289896128423,2.348993288590604,0.030332473858021868,1251.6976744186047,True,BC,Canada,Other,2026-06-16,14.0,2026.0,0.0,TSXV,Mining,20260616.0,,,1189086.0,,,,,,False,False,False,True,False,False,False,False,False,False,False,False,False,False,False,False,False,False,False,False,False,False,False,False,True,False,False,False,,2026-06-30,2026-07-31
V-02647,ASL.V,ASL,Argentum Silver Corp.,argentum silver,TSXV,,,,,Silver | Lead | Zinc,3,True,Operator,False,False,LATIN AMERICA,Peru,1,1,False,False,False,,,4643868.87,51598543,0.09,<5M,270240.0,1620347.0,837.0,6.0,0.0581928576290742,19.35788479697828,32.5,0.14787728458780863,322.8673835125448,False,BC,Canada,QT from NEX,2011-02-22,5607.0,2011.0,15.0,TSXV,Mining,20110222.0,,,1114572.0,,,Y,,,False,False,True,False,False,False,False,False,False,True,True,False,False,False,False,False,False,False,False,False,False,False,False,False,True,False,False,False,,2026-06-30,2026-07-31
V-02212,DAN.V,DAN,Arianne Phosphate Inc.,arianne phosphate,TSXV,,,,,,0,False,Operator,False,True,CANADA,QC,1,1,True,False,False,,,82109485.73,231294326,0.355,25-100M,14876244.5,43696257.0,9965.0,6.0,0.1811757115239698,55.33522190745986,60.86956521739131,0.4603962297951,1492.8494229804314,False,QC,Canada,,2009-07-03,6206.0,2009.0,17.0,TSXV,Mining,20090703.0,,,1074347.0,,OTCQX,,,,False,False,False,False,False,False,False,False,False,False,False,False,False,False,False,False,False,False,False,True,False,False,False,True,False,False,False,False,,2026-06-30,2026-07-31
V-5060,AZEM.V,AZEM,Arizona Eagle Mining Corp.,arizona eagle mining,TSXV,,,,,Gold | Copper,2,True,Operator,False,False,USA,AZ,1,1,False,False,False,,,54015199.75,56858105,0.95,25-100M,4456800.5,3506049.0,2830.0,4.0,0.0825101179043589,28.706326723323887,28.695652173913043,0.20967130132170197,1574.8411660777383,True,ON,Canada,RTO,2026-03-31,91.0,2026.0,0.0,TSXV,Mining,20260331.0,,,1188780.0,,,,,,False,True,False,True,False,False,False,False,False,False,False,False,False,False,False,False,False,False,False,False,False,False,False,False,False,False,False,True,,2026-06-30,2026-07-31
V-03888,AZS.V,AZS,Arizona Gold & Silver Inc.,arizona gold silver,TSXV,,,,,Gold | Silver,2,True,Operator,False,False,USA,AZ | NV,1,2,False,False,False,,,82214908.2,137024847,0.6,25-100M,10484479.0,13462529.0,6020.0,6.0,0.1275252777086966,43.437204910292735,47.82608695652174,0.3240619648560857,1741.60780730897,False,BC,Canada,QT from NEX,2016-11-21,3508.0,2016.0,10.0,TSXV,Mining,20161121.0,,,1151800.0,,OTCQB,Y,,,False,True,True,False,False,False,False,False,False,False,False,False,False,False,False,False,False,False,False,False,False,False,False,False,False,False,False,True,,2026-06-30,2026-07-31
V-04892,ARK.V,ARK,Arras Minerals Corp.,arras minerals,TSXV,,,,,Gold | Copper,2,True,Operator,False,False,ASIA,Kazakhstan,1,1,False,False,False,,,228818488.36,122362828,1.87,100-500M,30700430.5,27350492.0,12119.0,6.0,0.1341693615757964,44.759206798866856,30.05464480874317,0.34094563616679824,2533.247833979701,False,BC,Canada,Other,2022-06-14,1477.0,2022.0,4.0,TSXV,Mining,20220614.0,,,1186415.0,,OTCQB,,,,False,True,False,True,False,False,False,False,False,False,False,False,False,False,False,False,False,False,False,False,False,True,False,False,False,False,False,False,,2026-06-30,2026-07-31
V-04601,ARTG.V,ARTG,Artemis Gold Inc.,artemis gold,TSXV,,,,,Gold | Silver,2,True,Operator,False,False,CANADA,BC,1,1,True,False,False,,,7273954873.59,233064879,31.21,>2B,1944268544.5,52787144.0,243095.0,6.0,0.2672918073164265,70.53824362606233,23.18840579710145,0.6792308930842533,7997.978339743721,False,BC,Canada,Other,2019-10-02,2463.0,2019.0,7.0,TSXV,Mining,20191002.0,,,1183270.0,,,,Y,,False,True,True,False,False,False,False,False,False,False,False,False,False,False,False,False,False,False,False,False,False,False,False,True,False,False,False,False,,2026-06-30,2026-07-31
V-04518,RBZ.V,RBZ,Arya Resources Ltd.,arya resources,TSXV,,,,,Gold | Copper | Nickel,3,True,Operator,False,False,CANADA,SK,1,1,True,False,False,,,15116952.595,49563779,0.305,5-25M,5387938.5,11634329.0,4046.0,6.0,0.3564169739992493,77.7148253068933,84.8993288590604,0.9057120829495006,1331.6704152249135,False,BC,Canada,QT,2022-12-20,1288.0,2022.0,4.0,TSXV,Mining,20221220.0,,,1180850.0,,,Y,,,False,True,False,True,True,False,False,False,False,False,False,False,False,False,False,False,False,False,False,False,False,False,False,True,False,False,False,False,,2026-06-30,2026-07-31
V-03940,ASE.V,ASE,Asante Gold Corporation,asante gold,TSXV,,,,,Gold,1,False,Operator,False,False,AFRICA,Ghana,1,1,False,False,False,,,723349874.4,904187343,0.7999999999999999,500M-2B,167702511.0,118560141.0,121784.0,6.0,0.2318414876882434,65.25023607176583,46.835443037974684,0.5891460060728537,1377.0487995138935,False,BC,Canada,Other,2025-09-24,279.0,2025.0,1.0,TSXV,Mining,20250924.0,,,1151530.0,,,,Y,,False,True,False,False,False,False,False,False,False,False,False,False,False,False,False,False,False,False,False,False,True,False,False,False,False,False,False,False,,2026-06-30,2026-07-31
V-03038,ABZ.V,ABZ,AsiaBaseMetals Inc.,asiabasemetals,TSXV,,,,,Zinc,1,False,Operator,False,False,CANADA,BC,1,1,True,False,False,,,4518258.39,50202871,0.09,<5M,72997.0,749350.0,149.0,6.0,0.0161560038623643,3.8715769593956564,8.5,0.04105496925730867,489.9127516778523,False,BC,Canada,Other,2009-11-03,6083.0,2009.0,17.0,TSXV,Mining,20091103.0,,,1125635.0,,,,,,False,False,False,False,False,False,False,False,False,False,True,False,False,False,False,False,False,False,False,True,False,False,False,True,False,False,False,False,,2026-06-30,2026-07-31
V-03792,BAY.V,BAY,Aston Bay Holdings Ltd.,aston bay,TSXV,,,,,Gold | Copper,2,True,Operator,False,False,CANADA | USA,NU | VA,2,2,True,False,False,,,12647481.75,252949635,0.05,5-25M,1283486.5,21576712.0,1359.0,6.0,0.1014815854547487,34.844192634560905,37.58389261744966,0.2578808105346627,944.43451066961,False,WA,USA,QT,2013-05-06,4803.0,2013.0,13.0,TSXV,Mining,20130506.0,,,1146870.0,,OTCQB,Y,,,False,True,False,True,False,False,False,False,False,False,False,False,False,False,False,False,False,False,False,False,False,False,False,True,False,False,False,True,,2026-06-30,2026-07-31
V-04733,ASTR.V,ASTR,Astra Exploration Inc.,astra exploration,TSXV,,,,,Gold | Silver,2,True,Operator,False,False,LATIN AMERICA,Argentina | Chile,1,2,False,False,False,,,79712329.0,137435050,0.58,25-100M,16457085.5,24364114.0,9202.0,6.0,0.2064559611600358,61.095372993389994,69.1304347826087,0.5246373552904668,1788.4248532927625,False,BC,Canada,QT,2022-01-26,1616.0,2022.0,4.0,TSXV,Mining,20220126.0,,,1184770.0,,OTCQB,Y,,,False,True,True,False,False,False,False,False,False,False,False,False,False,False,False,False,False,False,False,False,False,False,False,False,True,False,False,False,,2026-06-30,2026-07-31
V-05002,SASK.V,SASK,Atha Energy Corp.,atha energy,TSXV,,,,,Uranium,1,False,Operator,False,False,CANADA,NL | NT | SK,1,3,True,False,False,,,347315338.26,350823574,0.99,100-500M,125627978.0,135891867.0,69859.0,6.0,0.3617115749318131,78.28139754485363,67.21311475409836,0.9191665040036133,1798.307705521121,False,BC,Canada,Other,2024-03-04,848.0,2024.0,2.0,TSXV,Mining,20240304.0,,,1187986.0,,OTCQB,,Y,,False,False,False,False,False,False,False,False,False,False,False,False,False,False,True,False,False,False,False,False,False,False,False,True,False,False,False,False,,2026-06-30,2026-07-31
V-03960,ATY.V,ATY,Atico Mining Corporation,atico mining,TSXV,,,,,Gold | Silver | Copper | Zinc,4,True,Operator,False,False,LATIN AMERICA,Colombia | Ecuador,1,2,False,False,False,,,35363728.53,181352454,0.195,25-100M,6331480.5,21719334.0,4094.0,6.0,0.1790388277251035,54.39093484419264,59.130434782608695,0.45496606900680847,1546.5267464582316,False,BC,Canada,IPO,2012-03-12,5223.0,2012.0,14.0,TSXV,Mining,20120312.0,,,1149831.0,,OTCQX,,,,False,True,True,True,False,False,False,False,False,False,True,False,False,False,False,False,False,False,False,False,False,False,False,False,True,False,False,False,,2026-06-30,2026-07-31
V-04041,SALT.V,SALT,Atlas Salt Inc.,atlas salt,TSXV,,,,,,0,False,Operator,False,True,CANADA,NL,1,1,True,False,False,,,191436052.5,124309125,1.54,100-500M,33332455.0,29787145.0,20720.0,6.0,0.1741179603565007,52.59678942398489,38.79781420765027,0.442461364238329,1608.709218146718,False,NL,Canada,Other,2012-08-17,5065.0,2012.0,14.0,TSXV,Mining,20120817.0,,,1149980.0,,OTCQB,,,,False,False,False,False,False,False,False,False,False,False,False,False,False,False,False,False,False,False,False,True,False,False,False,True,False,False,False,False,,2026-06-30,2026-07-31
V-01679,ATOM.V,ATOM,Atomic Minerals Corporation,atomic minerals,TSXV,,,,,Uranium,1,False,Operator,False,False,USA,CO | UT,1,2,False,False,False,,,3058765.57,87393302,0.0349999999999999,<5M,3393921.5,44916718.0,4105.0,6.0,1.1095722840897546,99.05571293673276,98.5,2.8195992276397117,826.7774665042631,False,BC,Canada,,1981-09-24,16350.0,1981.0,45.0,TSXV,Mining,19810924.0,,,16274.0,,,,,,False,False,False,False,False,False,False,False,False,False,False,False,False,False,True,False,False,False,False,False,False,False,False,False,False,False,False,True,,2026-06-30,2026-07-31
V-02881,AAN.V,AAN,Aton Resources Inc.,aton resources,TSXV,,,,,Gold,1,False,Operator,False,False,AFRICA,Egypt,1,1,False,False,False,,,73923559.54,127454413,0.5800000000000001,25-100M,1060328.0,2046427.0,638.0,6.0,0.0143435733695461,3.493862134088763,3.4782608695652173,0.03644929580008709,1661.9561128526643,False,ON,Canada,QT,2010-10-05,5747.0,2010.0,16.0,TSXV,Mining,20101005.0,,,1119181.0,,,Y,,,False,True,False,False,False,False,False,False,False,False,False,False,False,False,False,False,False,False,False,False,True,False,False,False,False,False,False,False,,2026-06-30,2026-07-31
V-04462,AUGC.V,AUGC,AU Gold Corp.,au gold,TSXV,,,,,Gold,1,False,Operator,False,False,CANADA,BC,1,1,True,False,False,,,10537048.26,58539157,0.18,5-25M,3482584.0,16138153.0,2876.0,6.0,0.330508498591616,75.92067988668555,82.88590604026845,0.8398745360891681,1210.912378303199,False,BC,Canada,QT,2020-12-24,2014.0,2020.0,6.0,TSXV,Mining,20201224.0,,,1181505.0,,,Y,,,False,True,False,False,False,False,False,False,False,False,False,False,False,False,False,False,False,False,False,False,False,False,False,True,False,False,False,False,,2026-06-30,2026-07-31
V-05014,AUM.V,AUM,AuMega Metals Ltd.,aumega metals,TSXV,,,,,Gold,1,False,Operator,False,False,CANADA,NL,1,1,False,False,False,,,30031348.025,858038515,0.0349999999999999,25-100M,2168324.5,52939937.0,1541.0,6.0,0.0722020369580129,24.929178470254957,23.91304347826087,0.18347683207303275,1407.0892277741723,False,Australia,Australia/NZ/PNG,Other,2024-06-26,734.0,2024.0,2.0,TSXV,Mining,20240626.0,,,1187500.0,ASX,OTCQB,,,,False,True,False,False,False,False,False,False,False,False,False,False,False,False,False,False,False,False,False,False,False,False,False,True,False,False,False,False,,2026-06-30,2026-07-31
V-01367,AUQ.V,AUQ,AuQ Gold Mining Inc.,auq gold mining,TSXV,,,,,Gold | Lithium,2,True,Operator,False,False,CANADA,QC,1,1,True,False,False,,,10217255.4,22705012,0.45,5-25M,872839.5,1640587.0,647.0,6.0,0.0854279809820551,30.31161473087819,32.5503355704698,0.2170860543740277,1349.0564142194744,False,BC,Canada,,,,,,TSXV,Mining,,,,17132.0,,,,,,False,True,False,False,False,False,False,False,False,False,False,False,False,True,False,False,False,False,False,False,False,False,False,True,False,False,False,False,,2026-06-30,2026-07-31
V-04112,ARU.V,ARU,Aurania Resources Ltd.,aurania resources,TSXV,,,,,Gold | Silver | Copper,3,True,Operator,False,False,LATIN AMERICA,Ecuador,1,1,False,False,False,,,23977525.425,137014431,0.175,5-25M,1252366.5,6296572.0,2234.0,6.0,0.0522308485884964,16.80830972615675,17.78523489932886,0.1327268736348308,560.5937779767233,False,ON,Canada,IPO,2013-04-17,4822.0,2013.0,13.0,TSXV,Mining,20130417.0,,,1161700.0,,OTCQB,,,,False,True,True,True,False,False,False,False,False,False,False,False,False,False,False,False,False,False,False,False,False,False,False,False,True,False,False,False,,2026-06-30,2026-07-31
V-5093,AURA.V,AURA,Auranova Resources Inc.,auranova resources,TSXV,,,,,Gold,1,False,Operator,False,False,CANADA,ON,1,1,True,False,False,,,19272320.5,77089282,0.25,5-25M,4873110.5,11650564.0,1451.0,4.0,0.2528554099128852,68.36638338054769,77.51677852348993,0.6425457166855677,3358.449689869056,True,BC,Canada,Other,2026-03-17,105.0,2026.0,0.0,TSXV,Mining,20260317.0,,,1188690.0,,,,,,False,True,False,False,False,False,False,False,False,False,False,False,False,False,False,False,False,False,False,False,False,False,False,True,False,False,False,False,,2026-06-30,2026-07-31
V-04110,RES.V,RES,Auric Resources Corp.,auric resources,TSXV,,,,,Gold,1,False,Operator,False,False,CANADA,QC,1,1,True,False,False,,,1576150.345,45032867,0.0349999999999999,<5M,63967.0,744926.0,252.0,6.0,0.040584326363866,12.275731822474032,22.5,0.10313121273005596,253.8373015873016,False,BC,Canada,QT from NEX,2024-02-27,854.0,2024.0,2.0,TSXV,Mining,20240227.0,,,1156585.0,,,Y,,,False,True,False,False,False,False,False,False,False,False,False,False,False,False,False,False,False,False,False,False,False,False,False,True,False,False,False,False,,2026-06-30,2026-07-31
V-03984,AUME.V,AUME,Auriginal Mining Corp.,auriginal mining,TSXV,,,,,Gold | Silver | Copper,3,True,Operator,False,False,CANADA,QC,1,1,True,False,False,,,13233236.85,264664737,0.0499999999999999,5-25M,1469880.0,22257152.0,1613.0,6.0,0.1110748652549055,38.62134088762984,42.281879194630875,0.28225885665469863,911.2709237445752,False,QC,Canada,QT from NEX,2017-04-03,3375.0,2017.0,9.0,TSXV,Mining,20170403.0,,,1153780.0,,,Y,,,False,True,True,True,False,False,False,False,False,False,False,False,False,False,False,False,False,False,False,False,False,False,False,True,False,False,False,False,,2026-06-30,2026-07-31
V-04678,AURO.V,AURO,Auro Metals Inc.,auro metals,TSXV,,,,,Gold,1,False,Operator,False,False,CANADA | LATIN AMERICA,YT | Bolivia,2,2,True,False,False,,,184561058.88,130894368,1.41,100-500M,7909021.0,8392118.0,3710.0,5.0,0.0428531405703647,13.031161473087819,7.650273224043716,0.1088966296172935,2131.811590296496,True,BC,Canada,Other,2020-11-25,2043.0,2020.0,6.0,TSXV,Mining,20201125.0,,,1184200.0,,OTCQX,,,,False,True,False,False,False,False,False,False,False,False,False,False,False,False,False,False,False,False,False,True,False,False,False,True,True,False,False,False,,2026-06-30,2026-07-31
V-04904,ARL.V,ARL,Aurum Lake Mining Corporation,aurum lake mining,TSXV,,,,,Gold,1,False,Operator,False,False,CANADA,BC,1,1,False,False,False,,,1286037.5,23382500,0.055,<5M,9486.0,137448.0,21.0,6.0,0.0073761457189234,1.794145420207743,4.5,0.018743956631086987,451.7142857142857,True,Cayman Islands,Latin America,QT,2024-01-12,900.0,2024.0,2.0,TSXV,Mining,20240112.0,,,1186295.0,,,Y,,,False,True,False,False,False,False,False,False,False,False,False,False,False,False,False,False,False,False,False,False,False,False,False,True,False,False,False,False,,2026-06-30,2026-07-31
V-04307,AGLD.V,AGLD,Austral Gold Limited,austral gold,TSXV,,,,,Gold | Silver,2,True,Operator,False,False,LATIN AMERICA,Argentina | Chile,1,2,False,False,False,,,80172441.48,668103679,0.12,25-100M,3943307.5,23248765.0,2701.0,6.0,0.0491853238744601,15.864022662889518,13.043478260869565,0.12498771210873053,1459.9435394298407,False,Australia,Australia/NZ/PNG,Other,2016-08-22,3599.0,2016.0,10.0,TSXV,Mining,20160822.0,,,1176145.0,ASX,OTCQB,,,,False,True,True,False,False,False,False,False,False,False,False,False,False,False,False,False,False,False,False,False,False,False,False,False,True,False,False,False,,2026-06-30,2026-07-31
V-04792,AVR.V,AVR,Avaron Mining Corp.,avaron mining,TSXV,,,,,,0,False,Operator,False,True,,,0,0,False,True,True,,,752324.85,15046497,0.0499999999999999,<5M,50107.5,615681.0,78.0,6.0,0.0666035423394561,23.040604343720492,38.0,0.16925016894456643,642.4038461538462,False,BC,Canada,QT,2023-06-29,1097.0,2023.0,3.0,TSXV,Mining,20230629.0,,,1185190.0,,,Y,,,False,False,False,False,False,False,False,False,False,False,False,False,False,False,False,False,False,False,False,False,False,False,False,False,False,False,False,False,,2026-06-30,2026-07-31
V-04228,AVG.V,AVG,Avidian Gold Corp.,avidian gold,TSXV,,,,,Gold | Copper,2,True,Operator,False,False,USA,NV,1,1,False,False,False,,,2561410.08,18973408,0.135,<5M,347718.5,2251101.0,466.0,6.0,0.1357527647427701,45.23135033050047,63.5,0.3449693148497097,746.1770386266095,False,ON,Canada,QT from NEX,2017-12-04,3130.0,2017.0,9.0,TSXV,Mining,20171204.0,,,1170560.0,,,Y,,,False,True,False,True,False,False,False,False,False,False,False,False,False,False,False,False,False,False,False,False,False,False,False,False,False,False,False,True,,2026-06-30,2026-07-31
V-02899,AVU.V,AVU,Avrupa Minerals Ltd.,avrupa minerals,TSXV,,,,,Copper | Zinc,2,True,Operator,False,False,UK/EUROPE,Finland | Kosovo | Portugal,1,3,False,False,False,,,3042990.16,76074754,0.04,<5M,480875.5,7601436.0,421.0,6.0,0.158027293785268,49.66949952785647,70.0,0.4015724274047321,1142.2220902612826,False,BC,Canada,QT,2010-07-14,5830.0,2010.0,16.0,TSXV,Mining,20100714.0,,,1119905.0,,,Y,,,False,False,False,True,False,False,False,False,False,False,True,False,False,False,False,False,False,False,False,False,False,False,False,False,False,False,True,False,,2026-06-30,2026-07-31
V-04294,ARIC.V,ARIC,Awale Resources Limited,awale resources,TSXV,,,,,Gold | Copper,2,True,Operator,False,False,AFRICA,Cote D'Ivoire,1,1,False,False,False,,,85677790.32,118996931,0.72,25-100M,16695662.0,20107714.0,6551.0,6.0,0.1948656931702251,58.640226628895185,65.21739130434783,0.49518464532212364,2548.566936345596,False,BC,Canada,QT,2018-01-03,3100.0,2018.0,8.0,TSXV,Mining,20180103.0,,,1176441.0,,,Y,,,False,True,False,True,False,False,False,False,False,False,False,False,False,False,False,False,False,False,False,False,True,False,False,False,False,False,False,False,,2026-06-30,2026-07-31
V-5066,AXO.V,AXO,Axo Metals Corp.,axo metals,TSXV,,,,,Copper,1,False,Operator,False,False,LATIN AMERICA,Mexico,1,1,False,False,False,,,162261264.75,216348353,0.75,100-500M,40454507.0,51032633.0,10275.0,6.0,0.2493170940232055,67.79981114258734,54.644808743169406,0.6335542945919,3937.178296836983,False,NS,Canada,IPO,2025-06-04,391.0,2025.0,1.0,TSXV,Mining,20250604.0,,,1188055.0,,,,,,False,False,False,True,False,False,False,False,False,False,False,False,False,False,False,False,False,False,False,False,False,False,False,False,True,False,False,False,,2026-06-30,2026-07-31
V-01990,AZR.V,AZR,Azarga Metals Corp.,azarga metals,TSXV,,,,,Copper,1,False,Operator,False,False,CANADA,YT,1,1,True,False,False,,,10005153.95,90955945,0.1099999999999999,5-25M,266536.5,1703245.0,353.0,6.0,0.0266399199184736,6.987724268177526,8.389261744966444,0.06769626341931587,755.0609065155808,False,BC,Canada,,,,,,TSXV,Mining,,,,26055.0,,,,,,False,False,False,True,False,False,False,False,False,False,False,False,False,False,False,False,False,False,False,False,False,False,False,True,False,False,False,False,,2026-06-30,2026-07-31
V-00186,AZM.V,AZM,Azimut Exploration Inc.,azimut exploration,TSXV,,,,,Gold | Copper | Nickel | Lithium,4,True,Operator,False,False,CANADA,QC,1,1,True,False,False,,,59554192.9,100939310,0.59,25-100M,8314173.5,10447566.0,3986.0,6.0,0.1396068537770411,45.892351274787536,48.69565217391305,0.35476316660692087,2085.843828399398,False,QC,Canada,,,,,,TSXV,Mining,,,,1074345.0,,OTCQX,,,,False,True,False,True,True,False,False,False,False,False,False,False,False,True,False,False,False,False,False,False,False,False,False,True,False,False,False,False,,2026-06-30,2026-07-31
V-04000,AAZ.V,AAZ,Azincourt Energy Corp.,azincourt energy,TSXV,,,,,Uranium,1,False,Operator,False,False,CANADA,SK,1,1,True,False,False,,,8345497.6,151736320,0.055,5-25M,1610513.0,25657058.0,2523.0,6.0,0.1929798649753371,58.16808309726157,66.77852348993288,0.49039245665806613,638.3325406262386,False,BC,Canada,IPO,2012-05-01,5173.0,2012.0,14.0,TSXV,Mining,20120501.0,,,1153005.0,,OTCQB,,,,False,False,False,False,False,False,False,False,False,False,False,False,False,False,True,False,False,False,False,False,False,False,False,True,False,False,False,False,,2026-06-30,2026-07-31
V-04340,AZT.V,AZT,Aztec Minerals Corp.,aztec minerals,TSXV,,,,,Gold | Copper,2,True,Operator,False,False,LATIN AMERICA,Mexico,1,1,False,False,False,,,40609528.52,188881528,0.215,25-100M,8606196.0,30233083.0,6436.0,6.0,0.2119255335791817,62.51180358829084,71.73913043478261,0.5385364066543848,1337.196395276569,False,BC,Canada,IPO,2017-05-02,3346.0,2017.0,9.0,TSXV,Mining,20170502.0,,,1179245.0,,OTCQB,,,,False,True,False,True,False,False,False,False,False,False,False,False,False,False,False,False,False,False,False,False,False,False,False,False,True,False,False,False,,2026-06-30,2026-07-31
V-03143,BLDS.V,BLDS,Badlands Resources Inc.,badlands resources,TSXV,,,,,Gold,1,False,Operator,False,False,USA,SD,1,1,False,False,False,,,1163032.92,3230647,0.36,<5M,139830.5,761023.0,453.0,6.0,0.1202291849142155,41.170915958451374,60.0,0.30552143540785504,308.6766004415011,False,BC,Canada,IPO,2010-06-30,5844.0,2010.0,16.0,TSXV,Mining,20100630.0,,,1131627.0,,,,,,False,True,False,False,False,False,False,False,False,False,False,False,False,False,False,False,False,False,False,False,False,False,False,False,False,False,False,True,,2026-06-30,2026-07-31
V-03709,BYN.V,BYN,Banyan Gold Corp.,banyan gold,TSXV,,,,,Gold,1,False,Operator,False,False,CANADA,YT,1,1,True,False,False,,,611636844.24,430730172,1.42,500M-2B,133995705.0,104762484.0,73762.0,6.0,0.2190772290156893,64.49480642115203,45.56962025316456,0.5567099995047449,1816.595333640628,False,BC,Canada,QT,2013-02-19,4879.0,2013.0,13.0,TSXV,Mining,20130219.0,,,1141820.0,,OTCQB,Y,Y,Y,False,True,False,False,False,False,False,False,False,False,False,False,False,False,False,False,False,False,False,False,False,False,False,True,False,False,False,False,,2026-06-30,2026-07-31
V-00961,BRO.V,BRO,Barksdale Resources Corp.,barksdale resources,TSXV,,,,,Copper,1,False,Operator,False,False,LATIN AMERICA | USA,Mexico | AZ,2,2,False,False,False,,,87912828.9,225417510,0.39,25-100M,15859968.5,55701444.0,6990.0,6.0,0.1804056210958762,55.0519357884797,60.43478260869565,0.4584393078285003,2268.951144492132,False,BC,Canada,,,,,,TSXV,Mining,,,,42252.0,,OTCQX,,,,False,False,False,True,False,False,False,False,False,False,False,False,False,False,False,False,False,False,False,False,False,False,False,False,True,False,False,True,,2026-06-30,2026-07-31
V-00608,BARU.V,BARU,Baru Gold Corp.,baru gold,TSXV,,,,,Gold,1,False,Operator,False,False,ASIA,Indonesia,1,1,False,False,False,,,15262781.36,381569534,0.04,5-25M,2142400.5,42715691.0,2120.0,6.0,0.1403676334914097,46.1756373937677,52.348993288590606,0.35669642857263173,1010.5662735849056,False,BC,Canada,,,,,,TSXV,Mining,,,,822191.0,,OTCQB,,,,False,True,False,False,False,False,False,False,False,False,False,False,False,False,False,False,False,False,False,False,False,True,False,False,False,False,False,False,,2026-06-30,2026-07-31
V-02954,BAT.V,BAT,Batero Gold Corp.,batero gold,TSXV,,,,,Gold,1,False,Operator,False,False,LATIN AMERICA,Colombia,1,1,False,False,False,,,12670062.13,115182383,0.11,5-25M,1854579.5,11358238.0,1395.0,6.0,0.146374933364277,47.02549575070821,53.02013422818792,0.3719619307166692,1329.447670250896,False,BC,Canada,QT,2010-07-27,5817.0,2010.0,16.0,TSXV,Mining,20100727.0,,,1119109.0,,,Y,,,False,True,False,False,False,False,False,False,False,False,False,False,False,False,False,False,False,False,False,False,False,False,False,False,True,False,False,False,,2026-06-30,2026-07-31
V-02457,BMV.V,BMV,Bathurst Metals Corp.,bathurst metals,TSXV,,,,,,0,False,Operator,False,True,,,0,0,False,True,True,,,3736777.05,49823694,0.075,<5M,546732.5,7522597.0,419.0,6.0,0.1463112443382192,46.93106704438149,66.5,0.3718000867960372,1304.8508353221955,False,BC,Canada,Other,2007-02-20,7070.0,2007.0,19.0,TSXV,Mining,20070220.0,,,1107121.0,,,,,,False,False,False,False,False,False,False,False,False,False,False,False,False,False,False,False,False,False,False,False,False,False,False,False,False,False,False,False,,2026-06-30,2026-07-31
V-04488,BMR.V,BMR,Battery Mineral Resources Corp.,battery mineral resources,TSXV,,,,,Copper | Lithium,2,True,Operator,False,False,ASIA | CANADA | LATIN AMERICA | USA,South Korea | ON | Chile | ID,4,4,True,False,False,,,71047819.33,417928349,0.1699999999999999,25-100M,1214623.5,7554887.0,1005.0,6.0,0.0170958589785615,4.0604343720491025,3.91304347826087,0.04344329023262659,1208.5805970149254,False,BC,Canada,QT,2021-02-23,1953.0,2021.0,5.0,TSXV,Mining,20210223.0,,,1181654.0,,OTCQB,Y,,,False,False,False,True,False,False,False,False,False,False,False,False,False,True,False,False,False,False,False,True,False,True,False,True,True,False,False,True,,2026-06-30,2026-07-31
V-02350,BHS.V,BHS,Bayhorse Silver Inc.,bayhorse silver,TSXV,,,,,Gold | Silver | Copper,3,True,Operator,False,False,CANADA | USA,BC | OR,2,2,True,False,False,,,18794470.5,417654900,0.045,5-25M,6444865.5,78036362.0,5331.0,6.0,0.3429128530117408,76.77053824362606,84.56375838926175,0.8713959688465169,1208.9411930219471,False,BC,Canada,Other,2006-08-30,7244.0,2006.0,20.0,TSXV,Mining,20060830.0,,,1107569.0,,OTCQB,,,,False,True,True,True,False,False,False,False,False,False,False,False,False,False,False,False,False,False,False,False,False,False,False,True,False,False,False,True,,2026-06-30,2026-07-31
V-00438,BM.V,BM,BC Moly Ltd.,bc moly,TSXV,,,,,Molybdenum,1,False,Operator,False,False,CANADA,BC,1,1,True,False,False,,,4329758.375,34638067,0.125,<5M,124589.0,764508.0,153.0,6.0,0.0287750468292586,7.365439093484419,13.5,0.0731219596762308,814.3071895424837,False,BC,Canada,,,,,,TSXV,Mining,,,,1023593.0,,,,,,False,False,False,False,False,False,True,False,False,False,False,False,False,False,False,False,False,False,False,False,False,False,False,True,False,False,False,False,,2026-06-30,2026-07-31
V-02360,B.V,B,BCM Resources Corporation,bcm resources,TSXV,,,,,Gold | Silver | Copper | Molybdenum,4,True,Operator,False,False,CANADA | USA,BC | UT,2,2,True,False,False,,,65054085.475,245487115,0.265,25-100M,4395705.5,19731287.0,3408.0,6.0,0.0675700145179852,23.512747875354105,23.043478260869566,0.17170612809854915,1289.8196889671362,False,BC,Canada,Other,2006-09-27,7216.0,2006.0,20.0,TSXV,Mining,20060927.0,,,1107279.0,,,,,,False,True,True,True,False,False,True,False,False,False,False,False,False,False,False,False,False,False,False,False,False,False,False,True,False,False,False,True,,2026-06-30,2026-07-31
V-04540,BGF.V,BGF,Beauce Gold Fields Inc.,beauce gold fields,TSXV,,,,,Gold,1,False,Operator,False,False,CANADA,QC,1,1,True,False,False,,,6934209.65,138684193,0.05,5-25M,944167.5,19390294.0,1755.0,6.0,0.1361607951960321,45.3257790368272,51.67785234899329,0.34600618497288066,537.9871794871794,False,QC,Canada,Other,2019-02-04,2703.0,2019.0,7.0,TSXV,Mining,20190204.0,,,1181710.0,,,,,,False,True,False,False,False,False,False,False,False,False,False,False,False,False,False,False,False,False,False,True,False,False,False,True,False,False,False,False,,2026-06-30,2026-07-31
V-02516,BFM.V,BFM,Bedford Metals Corp.,bedford metals,TSXV,,,,,Gold | Uranium,2,True,Operator,False,False,CANADA,BC | SK,1,2,True,False,False,,,12676209.075,93897845,0.1349999999999999,5-25M,1425685.0,7782955.0,3527.0,6.0,0.1124693503842354,38.99905571293673,42.61744966442953,0.2858024646286842,404.2203005387015,False,BC,Canada,QT,2009-12-31,6025.0,2009.0,17.0,TSXV,Mining,20091231.0,,,1110951.0,,,Y,,,False,True,False,False,False,False,False,False,False,False,False,False,False,False,True,False,False,False,False,False,False,False,False,True,False,False,False,False,,2026-06-30,2026-07-31
V-00220,BCU.V,BCU,Bell Copper Corporation,bell copper,TSXV,,,,,Copper,1,False,Operator,False,False,USA,AZ,1,1,False,False,False,,,11580829.12,144760364,0.0799999999999999,5-25M,576850.0,7852062.0,1016.0,6.0,0.0498107686438257,16.052880075542966,16.44295302013423,0.1265770665058452,567.7657480314961,False,BC,Canada,Other,2008-05-12,6623.0,2008.0,18.0,TSXV,Mining,20080512.0,,,1023993.0,,OTCQB,,,,False,False,False,True,False,False,False,False,False,False,False,False,False,False,False,False,False,False,False,False,False,False,False,False,False,False,False,True,,2026-06-30,2026-07-31
V-00222,BEA.V,BEA,Belmont Resources Inc.,belmont resources,TSXV,,,,,Gold | Copper | Rare Earths | Uranium,4,True,Operator,False,False,CANADA | USA,BC | SK | NV | WA,2,4,True,False,False,,,4636914.52,132483272,0.0349999999999999,<5M,363773.0,9512572.0,1077.0,6.0,0.0784515216812752,27.384324834749762,43.5,0.1993577643489431,337.7650882079851,False,BC,Canada,,,,,,TSXV,Mining,,,,14473.0,,,,,,False,True,False,True,False,False,False,False,False,False,False,True,False,False,True,False,False,False,False,False,False,False,False,True,False,False,False,True,,2026-06-30,2026-07-31
V-03102,BMET.V,BMET,BeMetals Corp.,bemetals,TSXV,,,,,Gold | Copper,2,True,Operator,False,False,AFRICA | ASIA,Zambia | Japan,2,2,False,False,False,,,14721180.0,29442360,0.5,5-25M,804824.0,7926537.0,1552.0,6.0,0.0546711608716149,18.2247403210576,19.798657718120804,0.13892809434603937,518.5721649484536,False,BC,Canada,QT from NEX,2018-07-25,2897.0,2018.0,8.0,TSXV,Mining,20180725.0,,,1120311.0,,OTCQB,Y,,,False,True,False,True,False,False,False,False,False,False,False,False,False,False,False,False,False,False,False,False,True,True,False,False,False,False,False,False,,2026-06-30,2026-07-31
V-04035,BEX.V,BEX,Benton Resources Inc.,benton resources,TSXV,,,,,Gold | Copper,2,True,Operator,False,False,CANADA,NL,1,1,True,False,False,,,23623094.25,262478825,0.09,5-25M,2313200.0,25706245.0,2030.0,6.0,0.0979211264840972,33.6166194523135,36.241610738255034,0.248833119358844,1139.5073891625616,False,ON,Canada,Other,2012-08-01,5081.0,2012.0,14.0,TSXV,Mining,20120801.0,,,1152375.0,,,,,,False,True,False,True,False,False,False,False,False,False,False,False,False,False,False,False,False,False,False,False,False,False,False,True,False,False,False,False,,2026-06-30,2026-07-31
V-04048,BZ.V,BZ,Benz Mining Corp.,benz mining,TSXV,,,,,Gold,1,False,Operator,False,False,AUS/NZ/PNG,Australia,1,1,False,False,False,,,798350257.6,325857248,2.45,500M-2B,29225983.0,12279510.0,13149.0,6.0,0.0366079709022192,10.103871576959396,7.59493670886076,0.09302666258109663,2222.6772378127616,False,BC,Canada,QT,2013-04-12,4827.0,2013.0,13.0,TSXV,Mining,20130412.0,,,1154550.0,ASX,,Y,Y,Y,False,True,False,False,False,False,False,False,False,False,False,False,False,False,False,False,False,False,False,False,False,False,True,False,False,False,False,False,,2026-06-30,2026-07-31
V-02605,BST.V,BST,Bessor Minerals Inc.,bessor minerals,TSXV,,,,,Gold | Copper | Zinc,3,True,Operator,False,False,CANADA,BC,1,1,True,False,False,,,938568.69,31285623,0.03,<5M,48183.0,1455623.0,114.0,6.0,0.0513366794709506,16.336166194523134,28.499999999999996,0.1304546480309983,422.6578947368421,False,BC,Canada,Other,2007-09-20,6858.0,2007.0,19.0,TSXV,Mining,20070920.0,,,1114699.0,,,,,,False,True,False,True,False,False,False,False,False,False,True,False,False,False,False,False,False,False,False,False,False,False,False,True,False,False,False,False,,2026-06-30,2026-07-31
V-00459,BEAR.V,BEAR,Big Bear Gold Corp.,big bear gold,TSXV,,,,,Gold,1,False,Operator,False,False,CANADA,BC,1,1,True,False,False,,,3023236.395,35567487,0.085,<5M,1289765.0,6629919.0,796.0,6.0,0.4266173171681469,84.41926345609065,90.5,1.0841022934993658,1620.3077889447236,False,BC,Canada,,,,,,TSXV,Mining,,,,34214.0,,,,,,False,True,False,False,False,False,False,False,False,False,False,False,False,False,False,False,False,False,False,False,False,False,False,True,False,False,False,False,,2026-06-30,2026-07-31
V-00089,BRAU.V,BRAU,Big Ridge Gold Corp.,big ridge gold,TSXV,,,,,Gold,1,False,Operator,False,False,CANADA,MB | NL | QC,1,3,True,False,False,,,132450505.2,294334456,0.45,100-500M,12566254.5,33190191.0,6948.0,6.0,0.0948750967844553,32.76676109537299,21.311475409836063,0.24109267458419492,1808.6146373056995,False,BC,Canada,,,,,,TSXV,Mining,,,,13448.0,,OTCQB,,,,False,True,False,False,False,False,False,False,False,False,False,False,False,False,False,False,False,False,False,False,False,False,False,True,False,False,False,False,,2026-06-30,2026-07-31
V-02009,BIGT.V,BIGT,Big Tree Carbon Inc.,big tree carbon,TSXV,,,,,Gold,1,False,Operator,False,False,CANADA,ON,1,1,True,False,False,,,2386397.12,119319856,0.02,<5M,80560.0,8300394.0,361.0,6.0,0.0337580025239051,9.159584513692161,17.0,0.08578444073262635,223.1578947368421,False,ON,Canada,,,,,,TSXV,Mining,,,,1023971.0,,,,,,False,True,False,False,False,False,False,False,False,False,False,False,False,False,False,False,False,False,False,False,False,False,False,True,False,False,False,False,,2026-06-30,2026-07-31
V-00247,BTT.V,BTT,Bitterroot Resources Ltd.,bitterroot resources,TSXV,,,,,Gold | Silver | Copper | Nickel | Platinum/PGM,5,True,Operator,False,False,USA,MI | NV,1,2,False,False,False,,,4436724.46,126763556,0.0349999999999999,<5M,744006.5,11088610.0,1019.0,6.0,0.1676927442097677,51.36921624173749,72.0,0.4261338705324018,730.1339548577037,False,BC,Canada,,,,,,TSXV,Mining,,,,15791.0,,,,,,False,True,True,True,True,False,False,True,False,False,False,False,False,False,False,False,False,False,False,False,False,False,False,False,False,False,False,True,,2026-06-30,2026-07-31
V-02234,BMM.V,BMM,Black Mammoth Metals Corporation,black mammoth metals,TSXV,,,,,Gold | Silver,2,True,Operator,False,False,USA,CA | ID | NV,1,3,False,False,False,,,184712515.13,45834371,4.03,100-500M,12632326.0,2500640.0,5726.0,6.0,0.0683891180362598,23.890462700661,15.846994535519126,0.1737876001041146,2206.134474327628,False,BC,Canada,Other,2005-12-14,7503.0,2005.0,21.0,TSXV,Mining,20051214.0,,,1101035.0,,,,Y,,False,True,True,False,False,False,False,False,False,False,False,False,False,False,False,False,False,False,False,False,False,False,False,False,False,False,False,True,,2026-06-30,2026-07-31
V-03705,BARK.V,BARK,Black Spruce Exploration Inc.,black spruce exploration,TSXV,,,,,Oil and Gas | Lithium,2,True,Operator,False,False,CANADA,ON | QC,1,2,True,False,False,,,1381518.55,27630371,0.05,<5M,114414.0,1947106.0,336.0,6.0,0.0828175633255159,29.084041548630786,46.5,0.21045256891865427,340.5178571428572,False,BC,Canada,QT,2013-02-04,4894.0,2013.0,13.0,TSXV,Mining,20130204.0,,,1129630.0,,,Y,,,True,False,False,False,False,False,False,False,False,False,False,False,False,True,False,False,False,False,False,False,False,False,False,True,False,False,False,False,,2026-06-30,2026-07-31
V-00075,BRC.V,BRC,Blackrock Silver Corp.,blackrock silver,TSXV,,,,,Gold | Silver | Lithium,3,True,Operator,False,False,USA,NV,1,1,False,False,False,,,333998595.69,375279321,0.89,100-500M,216987376.0,149677074.0,137196.0,6.0,0.6496655339275628,94.14542020774316,93.44262295081968,1.6509032029301485,1581.586751800344,False,BC,Canada,QT,2003-12-23,8225.0,2003.0,23.0,TSXV,Mining,20031223.0,,,1015607.0,,OTCQX,Y,Y,Y,False,True,True,False,False,False,False,False,False,False,False,False,False,True,False,False,False,False,False,False,False,False,False,False,False,False,False,True,,2026-06-30,2026-07-31
V-03810,BAG.V,BAG,Blende Silver Corp.,blende silver,TSXV,,,,,Silver | Lead | Zinc,3,True,Operator,False,False,CANADA,YT,1,1,True,False,False,,,11715721.2,86783120,0.1349999999999999,5-25M,3958278.5,20943084.0,3733.0,6.0,0.3378604212602806,76.20396600566572,83.22147651006712,0.858556938106121,1060.3478435574605,False,BC,Canada,Other,2011-07-05,5474.0,2011.0,15.0,TSXV,Mining,20110705.0,,,1114685.0,,,,,,False,False,True,False,False,False,False,False,False,True,True,False,False,False,False,False,False,False,False,False,False,False,False,True,False,False,False,False,,2026-06-30,2026-07-31
V-5105,JAY.V,JAY,Blue Jay Gold Corp.,blue jay gold,TSXV,,,,,Gold,1,False,Operator,False,False,CANADA,ON | YT,1,2,True,False,False,,,34711670.82,47550234,0.73,25-100M,3058163.0,3956462.0,1119.0,1.0,0.0881018668291231,31.350330500472147,33.47826086956522,0.2238808225719146,2732.942806076854,True,BC,Canada,Other,2026-06-04,26.0,2026.0,0.0,TSXV,Mining,20260604.0,,,1188720.0,,,,,,False,True,False,False,False,False,False,False,False,False,False,False,False,False,False,False,False,False,False,False,False,False,False,True,False,False,False,False,,2026-06-30,2026-07-31
V-02541,MOON.V,MOON,Blue Moon Metals Inc.,blue moon metals,TSXV,,,,,Copper | Zinc,2,True,Operator,False,False,USA,CA,1,1,False,False,False,,,898767009.0,99863001,9.0,500M-2B,219041029.5,25913871.0,85136.0,6.0,0.2437128057734482,66.85552407932012,51.89873417721519,0.6193129089272886,2572.836749436196,False,BC,Canada,Other,2007-06-07,6963.0,2007.0,19.0,TSXV,Mining,20070607.0,,,1114125.0,,,,Y,,False,False,False,True,False,False,False,False,False,False,True,False,False,False,False,False,False,False,False,False,False,False,False,False,False,False,False,True,,2026-06-30,2026-07-31
V-02320,BSK.V,BSK,Blue Sky Uranium Corp.,blue sky uranium,TSXV,,,,,Uranium,1,False,Operator,False,False,LATIN AMERICA,Argentina,1,1,False,False,False,,,21711558.3,434231166,0.05,5-25M,2231938.5,36895837.0,3299.0,6.0,0.1027995535447126,35.12747875354108,37.919463087248324,0.26122997657080294,676.5500151561079,False,BC,Canada,QT,2007-02-07,7083.0,2007.0,19.0,TSXV,Mining,20070207.0,,,1107278.0,,OTCQB,Y,,,False,False,False,False,False,False,False,False,False,False,False,False,False,False,True,False,False,False,False,True,False,False,False,False,True,False,False,False,,2026-06-30,2026-07-31
V-03118,BAU.V,BAU,Blue Star Gold Corp.,blue star gold,TSXV,,,,,Gold,1,False,Operator,False,False,CANADA,NU,1,1,True,False,False,,,36288859.95,172804095,0.21,25-100M,1369987.5,5756539.0,1483.0,6.0,0.0377522882197901,10.576015108593012,7.82608695652174,0.09593455445174183,923.7946729602156,False,BC,Canada,IPO,2010-04-20,5915.0,2010.0,16.0,TSXV,Mining,20100420.0,,,1130960.0,,OTCQB,,,,False,True,False,False,False,False,False,False,False,False,False,False,False,False,False,False,False,False,False,False,False,False,False,True,False,False,False,False,,2026-06-30,2026-07-31
V-02871,BOCA.V,BOCA,Bocana Resources Corp.,bocana resources,TSXV,,,,,Gold | Copper,2,True,Operator,False,False,LATIN AMERICA,Bolivia,1,1,False,False,False,,,7733419.575,103112261,0.075,5-25M,3237108.0,24243390.0,4561.0,6.0,0.4185868836684708,83.47497639282342,89.59731543624162,1.0636956878027628,709.736461302346,False,AB,Canada,RTO,2023-01-05,1272.0,2023.0,3.0,TSXV,Mining,20230105.0,,,1118762.0,,,Y,,,False,True,False,True,False,False,False,False,False,False,False,False,False,False,False,False,False,False,False,False,False,False,False,False,True,False,False,False,,2026-06-30,2026-07-31
V-02621,BOL.V,BOL,Bold Ventures Inc.,bold ventures,TSXV,,,,,Gold | Silver | Copper | Nickel | Molybdenum | Platinum/PGM | Lead | Zinc,8,True,Operator,False,False,CANADA,ON,1,1,True,False,False,,,8961038.725,105423985,0.0849999999999999,5-25M,808890.0,8045887.0,1263.0,6.0,0.0902674371603053,31.916902738432483,33.89261744966443,0.2293838803904594,640.4513064133016,False,ON,Canada,Other,2007-10-29,6819.0,2007.0,19.0,TSXV,Mining,20071029.0,,,1111164.0,,,,,,False,True,True,True,True,False,True,True,False,True,True,False,False,False,False,False,False,False,False,False,False,False,False,True,False,False,False,False,,2026-06-30,2026-07-31
V-04354,BNZ.V,BNZ,Bonanza Mining Corporation,bonanza mining,TSXV,,,,,Gold,1,False,Operator,False,False,CANADA,BC,1,1,True,False,False,,,1543884.29,23752066,0.065,<5M,132283.0,2047568.0,255.0,6.0,0.0856819392857479,30.50047214353163,48.5,0.2177314027188021,518.756862745098,False,BC,Canada,QT,2021-03-29,1919.0,2021.0,5.0,TSXV,Mining,20210329.0,,,1179706.0,,,Y,,,False,True,False,False,False,False,False,False,False,False,False,False,False,False,False,False,False,False,False,False,False,False,False,True,False,False,False,False,,2026-06-30,2026-07-31
V-02955,BTR.V,BTR,Bonterra Resources Inc.,bonterra resources,TSXV,,,,,Gold,1,False,Operator,False,False,CANADA,QC,1,1,True,False,False,,,37221272.9,212692988,0.175,25-100M,3159803.5,17103927.0,2228.0,6.0,0.0848924083947704,30.217186024551463,31.30434782608696,0.21572507945143238,1418.2241921005386,False,BC,Canada,IPO,2009-02-04,6355.0,2009.0,17.0,TSXV,Mining,20090204.0,,,1118203.0,,OTCQX,,,,False,True,False,False,False,False,False,False,False,False,False,False,False,False,False,False,False,False,False,False,False,False,False,True,False,False,False,False,,2026-06-30,2026-07-31
V-05020,BOGO.V,BOGO,Borealis Mining Company Limited,borealis mining,TSXV,,,,,Gold,1,False,Operator,False,False,USA,NV,1,1,False,False,False,,,128405237.49,147592227,0.87,100-500M,77807344.5,56517216.0,55786.0,6.0,0.6059514862550643,92.7289896128423,89.61748633879782,1.5398188717678072,1394.7467913096475,False,ON,Canada,Other,2024-08-07,692.0,2024.0,2.0,TSXV,Mining,20240807.0,,,1188222.0,,,,,,False,True,False,False,False,False,False,False,False,False,False,False,False,False,False,False,False,False,False,False,False,False,False,False,False,False,False,True,,2026-06-30,2026-07-31
V-00648,BONE.V,BONE,Boron One Holdings Inc.,boron one,TSXV,,,,,,0,False,Operator,False,True,UK/EUROPE,Serbia,1,1,False,False,False,,,12539349.27,278652206,0.045,5-25M,675253.0,15169217.0,781.0,6.0,0.0538507210749382,17.752596789423986,18.79194630872483,0.13684322664502946,864.6005121638924,False,BC,Canada,,,,,,TSXV,Mining,,,,1023749.0,,,,,,False,False,False,False,False,False,False,False,False,False,False,False,False,False,False,False,False,False,False,True,False,False,False,False,False,False,True,False,,2026-06-30,2026-07-31
V-04541,BPAG.V,BPAG,BP Silver Corp.,bp silver,TSXV,,,,,Silver,1,False,Operator,False,False,LATIN AMERICA,Bolivia,1,1,False,False,False,,,57890211.98,65045182,0.8899999999999999,25-100M,16434970.5,18022430.0,7597.0,6.0,0.2838989517896044,72.0491029272899,80.0,0.7214322822152798,2163.3500723969987,False,BC,Canada,QT,2025-09-29,274.0,2025.0,1.0,TSXV,Mining,20250929.0,,,1181930.0,,,Y,,,False,False,True,False,False,False,False,False,False,False,False,False,False,False,False,False,False,False,False,False,False,False,False,False,True,False,False,False,,2026-06-30,2026-07-31
V-01266,BEM.V,BEM,Brasnova Energy Materials Inc.,brasnova energy materials,TSXV,,,,,,0,False,Operator,False,True,,,0,0,False,True,True,,,3260618.41,46580263,0.07,<5M,212902.0,2053363.0,237.0,6.0,0.0652949757466406,22.47403210576015,37.0,0.16592489360439824,898.3206751054852,False,BC,Canada,QT,2007-02-28,7062.0,2007.0,19.0,TSXV,Mining,20070228.0,,,1096787.0,,,Y,,,False,False,False,False,False,False,False,False,False,False,False,False,False,False,False,False,False,False,False,False,False,False,False,False,False,False,False,False,,2026-06-30,2026-07-31
V-03121,BVA.V,BVA,Bravada Gold Corporation,bravada gold,TSXV,,,,,Gold | Zinc,2,True,Operator,False,False,USA,NV,1,1,False,False,False,,,23346647.01,28823021,0.81,5-25M,5028783.5,26894133.0,2627.0,6.0,0.21539639066141,63.361661945231354,72.48322147651007,0.5473564052147551,1914.268557289684,False,BC,Canada,Other,2010-05-04,5901.0,2010.0,16.0,TSXV,Mining,20100504.0,,,1133804.0,,,,,,False,True,False,False,False,False,False,False,False,False,True,False,False,False,False,False,False,False,False,False,False,False,False,False,False,False,False,True,,2026-06-30,2026-07-31
V-04905,BRVO.V,BRVO,Bravo Mining Corp.,bravo mining,TSXV,,,,,Gold | Nickel | Platinum/PGM,3,True,Operator,False,False,LATIN AMERICA,Brazil,1,1,True,False,False,,,400200564.96,137054988,2.92,100-500M,50197997.0,12754624.0,33181.0,6.0,0.1254320992900579,43.05949008498583,28.415300546448087,0.3187428663736038,1512.8536511859195,False,Brazil,Latin America,IPO,2022-07-21,1440.0,2022.0,4.0,TSXV,Mining,20220721.0,,,1186720.0,,OTCQX,,Y,,False,True,False,False,True,False,False,True,False,False,False,False,False,False,False,False,False,False,False,False,False,False,False,False,True,False,False,False,,2026-06-30,2026-07-31
V-02886,BBB.V,BBB,Brixton Metals Corporation,brixton metals,TSXV,,,,,Gold | Silver | Copper,3,True,Operator,False,False,CANADA,BC,1,1,True,False,False,,,46748934.54,74204658,0.63,25-100M,17187700.5,68837360.0,12268.0,6.0,0.3676597267750265,79.13125590179415,87.39130434782608,0.9342817016193927,1401.0189517443755,False,BC,Canada,QT,2010-12-07,5684.0,2010.0,16.0,TSXV,Mining,20101207.0,,,1118648.0,,OTCQB,Y,,,False,True,True,True,False,False,False,False,False,False,False,False,False,False,False,False,False,False,False,False,False,False,False,True,False,False,False,False,,2026-06-30,2026-07-31
V-01816,BRON.V,BRON,Bronco Resources Corp.,bronco resources,TSXV,,,,,Gold,1,False,Operator,False,False,CANADA | USA,BC | CA,2,2,True,False,False,,,1618731.765,35971817,0.045,<5M,387452.5,6274904.0,424.0,6.0,0.2393555920612949,66.0056657223796,79.5,0.6082405375337231,913.803066037736,False,BC,Canada,,,,,,TSXV,Mining,,,,38008.0,,,,,,False,True,False,False,False,False,False,False,False,False,False,False,False,False,False,False,False,False,False,False,False,False,False,True,False,False,False,True,,2026-06-30,2026-07-31
V-02235,BRW.V,BRW,Brunswick Exploration Inc.,brunswick exploration,TSXV,,,,,Lithium,1,False,Operator,False,False,CANADA | UK/EUROPE,QC | Greenland,2,2,True,False,False,,,39534898.34,282392131,0.14,25-100M,10112884.5,43816732.0,7449.0,6.0,0.2557963957066292,69.21624173748819,75.21739130434783,0.6500192282282095,1357.6163914619412,False,QC,Canada,QT,2007-06-29,6941.0,2007.0,19.0,TSXV,Mining,20070629.0,,,1099696.0,,OTCQB,Y,,,False,False,False,False,False,False,False,False,False,False,False,False,False,True,False,False,False,False,False,False,False,False,False,True,False,False,True,False,,2026-06-30,2026-07-31
V-03022,BTU.V,BTU,BTU Metals Corp.,btu metals,TSXV,,,,,Gold,1,False,Operator,False,False,CANADA,ON,1,1,True,False,False,,,9778230.77,177786014,0.055,5-25M,1285869.0,19456123.0,1254.0,6.0,0.1315032371648557,44.19263456090651,49.328859060402685,0.33417059100960367,1025.4138755980862,False,BC,Canada,QT from NEX,2017-06-20,3297.0,2017.0,9.0,TSXV,Mining,20170620.0,,,1123285.0,,OTCQB,Y,,,False,True,False,False,False,False,False,False,False,False,False,False,False,False,False,False,False,False,False,False,False,False,False,True,False,False,False,False,,2026-06-30,2026-07-31
V-5088,BUFF.V,BUFF,Buffalo Potash Corporation,buffalo potash,TSXV,,,,,Potash,1,False,Operator,False,False,CANADA,SK,1,1,True,False,False,,,39543523.43,81533038,0.485,25-100M,10410964.5,21243125.0,5673.0,6.0,0.2632786255991959,69.87724268177527,76.95652173913044,0.669032761576702,1835.1779481755684,False,SK,Canada,Other,2026-01-06,175.0,2026.0,0.0,TSXV,Mining,20260106.0,,,1189030.0,,,,,,False,False,False,False,False,False,False,False,False,False,False,False,True,False,False,False,False,False,False,False,False,False,False,True,False,False,False,False,,2026-06-30,2026-07-31
V-04879,ZLTO.V,ZLTO,Bulgold Inc.,bulgold,TSXV,,,,,Gold,1,False,Operator,False,False,UK/EUROPE,Bulgaria,1,1,True,False,False,,,3994430.715,72626013,0.055,<5M,448329.5,7416811.0,474.0,6.0,0.1122386472536425,38.81019830028329,56.99999999999999,0.28521621136861147,945.8428270042194,False,Bulgaria,UK/Europe,QT,2023-03-27,1191.0,2023.0,3.0,TSXV,Mining,20230327.0,,,1186165.0,,,Y,,,False,True,False,False,False,False,False,False,False,False,False,False,False,False,False,False,False,False,False,False,False,False,False,False,False,False,True,False,,2026-06-30,2026-07-31
V-04804,FROG.V,FROG,Bullfrog Gold Corporation,bullfrog gold,TSXV,,,,,,0,False,Operator,False,True,ASIA,Sri Lanka,1,1,False,False,False,,,8394490.1,83944901,0.0999999999999999,5-25M,802920.5,7454720.0,723.0,6.0,0.0956485135410428,33.23890462700661,35.23489932885906,0.24305804927928007,1110.5401106500692,False,BC,Canada,QT,2024-03-12,840.0,2024.0,2.0,TSXV,Mining,20240312.0,,,1185455.0,,OTCQB,Y,,,False,False,False,False,False,False,False,False,False,False,False,False,False,False,False,False,False,False,False,True,False,True,False,False,False,False,False,False,,2026-06-30,2026-07-31
V-02260,BGD.V,BGD,Bullion Gold Discoveries Corp.,bullion gold discoveries,TSXV,,,,,Gold,1,False,Operator,False,False,CANADA,QC,1,1,True,False,False,,,8092945.6,101161820,0.08,5-25M,1531372.0,17583230.0,1597.0,6.0,0.1892230685450301,57.129367327667616,64.76510067114094,0.48084584084476384,958.9054477144646,False,QC,Canada,QT,2008-05-21,6614.0,2008.0,18.0,TSXV,Mining,20080521.0,,,1101480.0,,,Y,,,False,True,False,False,False,False,False,False,False,False,False,False,False,False,False,False,False,False,False,False,False,False,False,True,False,False,False,False,,2026-06-30,2026-07-31
V-04113,BWR.V,BWR,BWR Exploration Inc.,bwr exploration,TSXV,,,,,Gold | Zinc,2,True,Operator,False,False,CANADA,MB | ON,1,2,True,False,False,,,1105104.61,110510461,0.01,<5M,53463.0,3324821.0,134.0,6.0,0.0483782254785816,15.486307837582626,27.500000000000004,0.12293674702400406,398.9776119402985,False,ON,Canada,IPO,2013-04-04,4835.0,2013.0,13.0,TSXV,Mining,20130404.0,,,1161890.0,,,,,,False,True,False,False,False,False,False,False,False,False,True,False,False,False,False,False,False,False,False,False,False,False,False,True,False,False,False,False,,2026-06-30,2026-07-31
V-03842,CCCM.V,CCCM,C3 Metals Inc.,c3 metals,TSXV,,,,,Copper,1,False,Operator,False,False,LATIN AMERICA,Jamaica | Peru,1,2,False,False,False,,,98975036.24,125284856,0.7899999999999999,25-100M,5674682.0,5500117.0,3527.0,6.0,0.0573344776175653,19.169027384324835,16.956521739130434,0.1456960047810069,1608.925999432946,False,ON,Canada,RTO,2015-07-07,4011.0,2015.0,11.0,TSXV,Mining,20150707.0,,,1145555.0,,OTCQB,,,,False,False,False,True,False,False,False,False,False,False,False,False,False,False,False,False,False,False,False,False,False,False,False,False,True,False,False,False,,2026-06-30,2026-07-31
V-04244,CBR.V,CBR,Cabral Gold Inc.,cabral gold,TSXV,,,,,Gold,1,False,Operator,False,False,LATIN AMERICA,Brazil,1,1,False,False,False,,,288110579.04,306500616,0.94,100-500M,49508845.5,54003119.0,24373.0,6.0,0.1718397348162852,52.40793201133145,38.25136612021858,0.4366720316588383,2031.2987937471792,False,BC,Canada,RTO from NEX,2017-11-02,3162.0,2017.0,9.0,TSXV,Mining,20171102.0,,,1172165.0,,,,Y,,False,True,False,False,False,False,False,False,False,False,False,False,False,False,False,False,False,False,False,False,False,False,False,False,True,False,False,False,,2026-06-30,2026-07-31
V-5077,CAMB.V,CAMB,Cambria Gold Mines Inc.,cambria gold mines,TSXV,,,,,,0,False,Operator,False,True,,,0,0,False,True,True,,,312864305.39,343806929,0.91,100-500M,55713046.5,44577667.0,51695.0,6.0,0.1780741540028066,54.20207743153919,39.89071038251366,0.45251468001546935,1077.7260179901346,False,BC,Canada,TSX Comedown,2025-10-14,259.0,2025.0,1.0,TSXV,Mining,20251014.0,,,1189006.0,,,,,,False,False,False,False,False,False,False,False,False,False,False,False,False,False,False,False,False,False,False,False,False,False,False,False,False,False,False,False,,2026-06-30,2026-07-31
V-03108,COR.V,COR,Camino Minerals Corporation,camino minerals,TSXV,,,,,Gold | Copper,2,True,Operator,False,False,LATIN AMERICA,Peru,1,1,False,False,False,,,39277201.48,89266367,0.4399999999999999,25-100M,3968936.0,6217987.0,2452.0,6.0,0.1010493581631824,34.466477809254016,38.26086956521739,0.2567824524060935,1618.652528548124,False,BC,Canada,Other,2010-04-22,5913.0,2010.0,16.0,TSXV,Mining,20100422.0,,,1130980.0,,,,,,False,True,False,True,False,False,False,False,False,False,False,False,False,False,False,False,False,False,False,False,False,False,False,False,True,False,False,False,,2026-06-30,2026-07-31
V-02047,CCB.V,CCB,Canada Carbon Inc.,canada carbon,TSXV,,,,,,0,False,Operator,False,True,CANADA,QC,1,1,True,False,False,,,1211407.56,242281512,0.005,<5M,105423.0,10959023.0,331.0,3.0,0.0870252122250252,31.1614730878187,49.0,0.22114487239212113,318.49848942598186,True,ON,Canada,,,,,,TSXV,Mining,,,,40581.0,,,,,,False,False,False,False,False,False,False,False,False,False,False,False,False,False,False,False,False,False,False,True,False,False,False,True,False,False,False,False,,2026-06-30,2026-07-31
V-04626,CNC.V,CNC,Canada Nickel Company Inc.,canada nickel,TSXV,,,,,Nickel,1,False,Operator,False,False,CANADA,ON,1,1,True,False,False,,,332666208.16,244607506,1.36,100-500M,216932695.5,115433181.0,127070.0,6.0,0.652103189860701,94.23984891406988,93.98907103825137,1.65709767343458,1707.1904894939796,False,ON,Canada,Other,2020-02-27,2315.0,2020.0,6.0,TSXV,Mining,20200227.0,,,1183705.0,,OTCQX,,Y,,False,False,False,False,True,False,False,False,False,False,False,False,False,False,False,False,False,False,False,False,False,False,False,True,False,False,False,False,,2026-06-30,2026-07-31
V-00115,CONE.V,CONE,Canada One Mining Corp.,canada one mining,TSXV,,,,,Gold | Copper,2,True,Operator,False,False,CANADA,BC | ON,1,2,True,False,False,,,2978741.09,45826786,0.065,<5M,666406.5,8243122.0,1190.0,6.0,0.2237208538322476,64.87252124645893,78.0,0.5685101869589201,560.005462184874,False,BC,Canada,,,,,,TSXV,Mining,,,,24777.0,,,,,,False,True,False,True,False,False,False,False,False,False,False,False,False,False,False,False,False,False,False,False,False,False,False,True,False,False,False,False,,2026-06-30,2026-07-31
V-00801,LL.V,LL,Canada Rare Earth Corp.,canada rare earth,TSXV,,,,,Rare Earths,1,False,Operator,False,False,LATIN AMERICA,Brazil,1,1,False,False,False,,,4231753.92,211587696,0.02,<5M,,,,,,,,,,True,BC,Canada,,,,,,TSXV,Mining,,,,821435.0,,,,,,False,False,False,False,False,False,False,False,False,False,False,True,False,False,False,False,False,False,False,False,False,False,False,False,True,False,False,False,,2026-06-30,2026-07-31
V-03698,CCMI.V,CCMI,Canadian Critical Minerals Inc.,canadian critical minerals,TSXV,,,,,Gold | Silver | Copper,3,True,Operator,False,False,CANADA,BC,1,1,True,False,False,,,8441986.925,337679477,0.025,5-25M,1617505.0,44872006.0,2111.0,6.0,0.1916024052595888,57.60151085930123,65.43624161073825,0.4868921129613822,766.226906679299,False,ON,Canada,IPO,2010-12-29,5662.0,2010.0,16.0,TSXV,Mining,20101229.0,,,1141460.0,,OTCQB,,,,False,True,True,True,False,False,False,False,False,False,False,False,False,False,False,False,False,False,False,True,False,False,False,True,False,False,False,False,,2026-06-30,2026-07-31
V-02390,CAN.V,CAN,Canadian Gold Resources Ltd.,canadian gold resources,TSXV,,,,,Gold,1,False,Operator,False,False,CANADA,QC,1,1,True,False,False,,,3840821.32,54868876,0.0699999999999999,<5M,2516705.0,17006480.0,2822.0,6.0,0.6552517782837136,94.42870632672332,95.5,1.665098736198115,891.8160878809355,False,NB,Canada,RTO from NEX,2024-12-12,565.0,2024.0,2.0,TSXV,Mining,20241212.0,,,1108163.0,,,,,,False,True,False,False,False,False,False,False,False,False,False,False,False,False,False,False,False,False,False,False,False,False,False,True,False,False,False,False,,2026-06-30,2026-07-31
V-02650,CGM.V,CGM,Canadian Goldfields Discovery Corp.,canadian goldfields discovery,TSXV,,,,,Copper,1,False,Operator,False,False,UK/EUROPE,Albania,1,1,False,False,False,,,30643321.98,107520428,0.285,25-100M,8207843.5,20494444.0,3486.0,5.0,0.2678509694659416,70.63267233238905,78.26086956521739,0.6806518128273882,2354.5162076878946,True,BC,Canada,Other,2007-10-19,6829.0,2007.0,19.0,TSXV,Mining,20071019.0,,,1114336.0,,,,,,False,False,False,True,False,False,False,False,False,False,False,False,False,False,False,False,False,False,False,False,False,False,False,False,False,False,True,False,,2026-06-30,2026-07-31
V-04867,CNRI.V,CNRI,Canadian North Resources Inc.,canadian north resources,TSXV,,,,,Copper | Nickel | Platinum/PGM,3,True,Operator,False,False,CANADA,NU,1,1,True,False,False,,,20578557.06,114325317,0.18,5-25M,198222.0,583022.0,449.0,6.0,0.0096324537926567,2.26628895184136,1.006711409395973,0.02447759345064279,441.47438752783967,True,ON,Canada,IPO,2022-04-07,1545.0,2022.0,4.0,TSXV,Mining,20220407.0,,,1185392.0,,OTCQX,,,,False,False,False,True,True,False,False,True,False,False,False,False,False,False,False,False,False,False,False,True,False,False,False,True,False,False,False,False,,2026-06-30,2026-07-31
V-03109,CPS.V,CPS,Canadian Premium Sand Inc.,canadian premium sand,TSXV,,,,,,0,False,Operator,False,True,CANADA,MB,1,1,True,False,False,,,8799579.82,92627156,0.095,5-25M,233091.0,2628658.0,551.0,6.0,0.0264888784201062,6.8932955618508025,8.053691275167784,0.06731244300649102,423.0326678765881,False,AB,Canada,Other,2010-04-05,5930.0,2010.0,16.0,TSXV,Mining,20100405.0,,,1114282.0,,,,,,False,False,False,False,False,False,False,False,False,False,False,False,False,False,False,False,False,False,False,True,False,False,False,True,False,False,False,False,,2026-06-30,2026-07-31
V-02041,CAF.V,CAF,Canaf Investments Inc.,canaf investments,TSXV,,,,,Coal,1,False,Operator,False,False,AFRICA,South Africa,1,1,False,False,False,,,15176382.4,47426195,0.32,5-25M,983188.5,2876995.0,562.0,6.0,0.0647841148230424,22.001888574126536,22.818791946308725,0.1646267149401839,1749.4457295373666,False,BC,Canada,,,,,,TSXV,Mining,,,,1024021.0,,,,,,False,False,False,False,False,False,False,False,False,False,False,False,False,False,False,True,False,False,False,False,True,False,False,False,False,False,False,False,,2026-06-30,2026-07-31
V-00323,CVV.V,CVV,Canalaska Uranium Ltd.,canalaska uranium,TSXV,,,,,Uranium,1,False,Operator,False,False,CANADA,SK,1,1,True,False,False,,,98318451.745,220940341,0.445,25-100M,57589588.5,85291936.0,35958.0,6.0,0.5857454778617253,91.8791312559018,96.08695652173913,1.4884721983906162,1601.579300850993,False,BC,Canada,TSX Comedown,2013-12-30,4565.0,2013.0,13.0,TSXV,Mining,20131230.0,,,22713.0,,OTCQX,,Y,,False,False,False,False,False,False,False,False,False,False,False,False,False,False,True,False,False,False,False,False,False,False,False,True,False,False,False,False,,2026-06-30,2026-07-31
V-00339,CLZ.V,CLZ,Canasil Resources Inc.,canasil resources,TSXV,,,,,,0,False,Operator,False,True,,,0,0,False,True,True,,,6232571.2,155814280,0.04,5-25M,739802.0,12979173.0,741.0,6.0,0.1186993258897708,40.698772426817754,44.29530201342282,0.30163382088685914,998.38326585695,False,BC,Canada,,,,,,TSXV,Mining,,,,17932.0,,,,,,False,False,False,False,False,False,False,False,False,False,False,False,False,False,False,False,False,False,False,False,False,False,False,False,False,False,False,False,,2026-06-30,2026-07-31
V-01406,CANX.V,CANX,Canex Metals Inc.,canex metals,TSXV,,,,,Gold | Copper,2,True,Operator,False,False,CANADA | USA,BC | AZ,2,2,True,False,False,,,52256965.5,209027862,0.25,25-100M,5690176.0,22092666.0,2856.0,6.0,0.1088883739336146,37.488196411709154,40.43478260869565,0.27670263528079314,1992.358543417367,False,AB,Canada,,,,,,TSXV,Mining,,,,1009811.0,,,,,,False,True,False,True,False,False,False,False,False,False,False,False,False,False,False,False,False,False,False,False,False,False,False,True,False,False,False,True,,2026-06-30,2026-07-31
V-03962,CLV.V,CLV,Canoe Mining Ventures Corp.,canoe mining ventures,TSXV,,,,,Gold,1,False,Operator,False,False,CANADA,ON,1,1,True,False,False,,,4276837.92,35640316,0.12,<5M,271103.5,1938618.0,246.0,6.0,0.0633887711134024,21.34088762983947,36.0,0.16108092517740116,1102.0467479674796,False,ON,Canada,QT,2013-12-09,4586.0,2013.0,13.0,TSXV,Mining,20131209.0,,,1153141.0,,,Y,,,False,True,False,False,False,False,False,False,False,False,False,False,False,False,False,False,False,False,False,False,False,False,False,True,False,False,False,False,,2026-06-30,2026-07-31
V-00349,ROX.V,ROX,Canstar Resources Inc.,canstar resources,TSXV,,,,,Gold,1,False,Operator,False,False,CANADA,NL,1,1,True,False,False,,,9288694.75,185773895,0.05,5-25M,1127745.5,17991635.0,1159.0,6.0,0.1214105458681371,41.83191690273843,46.97986577181208,0.30852346103611217,973.0332182916308,False,ON,Canada,,2005-04-08,7753.0,2005.0,21.0,TSXV,Mining,20050408.0,,,1023254.0,,,,,,False,True,False,False,False,False,False,False,False,False,False,False,False,False,False,False,False,False,False,False,False,False,False,True,False,False,False,False,,2026-06-30,2026-07-31
V-00553,CTM.V,CTM,Canterra Minerals Corporation,canterra minerals,TSXV,,,,,Gold | Silver | Copper | Lead | Zinc,5,True,Operator,False,False,CANADA,NL,1,1,True,False,False,,,57230613.325,394693885,0.145,25-100M,10178314.5,53269204.0,6963.0,6.0,0.1778473776298639,54.01322001888575,58.26086956521739,0.4519384052696372,1461.771434726411,False,BC,Canada,,,,,,TSXV,Mining,,,,1016387.0,,OTCQB,,,,False,True,True,True,False,False,False,False,False,True,True,False,False,False,False,False,False,False,False,False,False,False,False,True,False,False,False,False,,2026-06-30,2026-07-31
V-00350,CD.V,CD,Cantex Mine Development Corp.,cantex mine development,TSXV,,,,,Silver | Lead | Zinc,3,True,Operator,False,False,CANADA,YT,1,1,True,False,False,,,33438579.72,159231332,0.21,25-100M,3650270.5,14217890.0,2991.0,6.0,0.1091634432612199,37.582625118035885,40.869565217391305,0.2774016300869761,1220.4180875961215,False,BC,Canada,,,,,,TSXV,Mining,,,,1023544.0,,OTCQB,,,,False,False,True,False,False,False,False,False,False,True,True,False,False,False,False,False,False,False,False,False,False,False,False,True,False,False,False,False,,2026-06-30,2026-07-31
V-03003,CDA.V,CDA,Canuc Resources Corporation,canuc resources,TSXV,,,,,Gold | Silver,2,True,Operator,False,False,LATIN AMERICA,Mexico,1,1,False,False,False,,,29178563.0,29178563,1.0,25-100M,1654565.5,5581254.0,1298.0,6.0,0.056704831557332,18.885741265344667,16.52173913043478,0.14409597423718634,1274.7037750385207,False,ON,Canada,Other,2009-08-27,6151.0,2009.0,17.0,TSXV,Mining,20090827.0,,,1116366.0,,OTCQB,,,,False,True,True,False,False,False,False,False,False,False,False,False,False,False,False,False,False,False,False,False,False,False,False,False,True,False,False,False,,2026-06-30,2026-07-31
V-01326,CMIL.V,CMIL,Capella Minerals Limited,capella minerals,TSXV,,,,,Gold | Copper,2,True,Operator,False,False,UK/EUROPE,Finland | Norway,1,2,False,False,False,,,4939110.605,75986317,0.065,<5M,569290.5,5317410.0,610.0,6.0,0.1152617435664816,39.754485363550515,57.99999999999999,0.29289837876859687,933.2631147540984,False,BC,Canada,Other,2006-01-12,7474.0,2006.0,20.0,TSXV,Mining,20060112.0,,,33235.0,,OTCQB,,,,False,True,False,True,False,False,False,False,False,False,False,False,False,False,False,False,False,False,False,False,False,False,False,False,False,False,True,False,,2026-06-30,2026-07-31
V-04653,CAPT.V,CAPT,Capitan Silver Corp.,capitan silver,TSXV,,,,,Gold | Silver,2,True,Operator,False,False,LATIN AMERICA,Mexico,1,1,False,False,False,,,225267911.75,128724521,1.75,100-500M,37735654.5,17913596.0,28896.0,6.0,0.1675145572525155,51.27478753541076,37.15846994535519,0.42568106920143145,1305.9127387873757,False,BC,Canada,Other,2020-08-21,2139.0,2020.0,6.0,TSXV,Mining,20200821.0,,,1183860.0,,OTCQB,,Y,Y,False,True,True,False,False,False,False,False,False,False,False,False,False,False,False,False,False,False,False,False,False,False,False,False,True,False,False,False,,2026-06-30,2026-07-31
V-02402,CRB.V,CRB,Cariboo Rose Resources Ltd.,cariboo rose resources,TSXV,,,,,Gold | Copper,2,True,Operator,False,False,CANADA,BC,1,1,True,False,False,,,2901046.96,72526174,0.04,<5M,676670.0,10395030.0,648.0,6.0,0.2332502745836282,65.34466477809254,78.5,0.5927259571036194,1044.2438271604938,False,BC,Canada,Other,2006-12-04,7148.0,2006.0,20.0,TSXV,Mining,20061204.0,,,1111050.0,,,,,,False,True,False,True,False,False,False,False,False,False,False,False,False,False,False,False,False,False,False,False,False,False,False,True,False,False,False,False,,2026-06-30,2026-07-31
V-00365,CGD.V,CGD,Carlin Gold Corporation,carlin gold,TSXV,,,,,Gold | Copper,2,True,Operator,False,False,USA,NV,1,1,False,False,False,,,13678606.98,26820798,0.51,5-25M,420790.5,799584.0,272.0,6.0,0.0307626720041926,8.309726156751653,9.731543624161073,0.07817283061852236,1547.0238970588234,False,BC,Canada,,,,,,TSXV,Mining,,,,17799.0,,,,,,False,True,False,True,False,False,False,False,False,False,False,False,False,False,False,False,False,False,False,False,False,False,False,False,False,False,False,True,,2026-06-30,2026-07-31
V-02513,CPI.V,CPI,Carlton Precious Inc.,carlton precious,TSXV,,,,,Gold,1,False,Operator,False,False,CANADA,ON,1,1,True,False,False,,,6514788.375,86863845,0.075,5-25M,1408004.0,10039533.0,1014.0,6.0,0.2161242881508027,63.83380547686497,73.48993288590604,0.549206108229441,1388.5641025641023,False,BC,Canada,Other,2007-05-08,6993.0,2007.0,19.0,TSXV,Mining,20070508.0,,,1111313.0,,,,,,False,True,False,False,False,False,False,False,False,False,False,False,False,False,False,False,False,False,False,False,False,False,False,True,False,False,False,False,,2026-06-30,2026-07-31
V-00390,RUSH.V,RUSH,Carolina Rush Corporation,carolina rush,TSXV,,,,,Gold | Copper,2,True,Operator,False,False,USA,NC | SC,1,2,False,False,False,,,9079948.2,90799482,0.0999999999999999,5-25M,678541.0,5140265.0,1214.0,6.0,0.0747296113429369,26.156751652502358,27.181208053691275,0.18989979963064446,558.9299835255355,False,BC,Canada,Other,2005-08-12,7627.0,2005.0,21.0,TSXV,Mining,20050812.0,,,1023309.0,,OTCQB,,,,False,True,False,True,False,False,False,False,False,False,False,False,False,False,False,False,False,False,False,False,False,False,False,False,False,False,False,True,,2026-06-30,2026-07-31
V-02425,ECR.V,ECR,Cartier Resources Inc.,cartier resources,TSXV,,,,,Gold,1,False,Operator,False,False,CANADA,QC,1,1,True,False,False,,,109309234.3,446160140,0.245,100-500M,10308559.5,39178840.0,6976.0,6.0,0.0943063920080903,32.67233238904627,20.76502732240437,0.23964750551212408,1477.7178182339449,False,QC,Canada,QT,2007-06-07,6963.0,2007.0,19.0,TSXV,Mining,20070607.0,,,1110123.0,,,Y,,,False,True,False,False,False,False,False,False,False,False,False,False,False,False,False,False,False,False,False,False,False,False,False,True,False,False,False,False,,2026-06-30,2026-07-31
V-03883,CASA.V,CASA,Casa Minerals Inc.,casa minerals,TSXV,,,,,Gold | Molybdenum,2,True,Operator,False,False,CANADA,BC,1,1,True,False,False,,,6792277.35,90563698,0.075,5-25M,4574339.0,24824641.0,3185.0,6.0,0.6734617513815156,94.90084985835693,96.30872483221476,1.7113731671821442,1436.213186813187,False,BC,Canada,QT from NEX,2017-12-07,3127.0,2017.0,9.0,TSXV,Mining,20171207.0,,,1152377.0,,,Y,,,False,True,False,False,False,False,True,False,False,False,False,False,False,False,False,False,False,False,False,False,False,False,False,True,False,False,False,False,,2026-06-30,2026-07-31
V-00370,CCD.V,CCD,Cascadero Copper Corporation,cascadero copper,TSXV,,,,,Copper,1,False,Operator,False,False,LATIN AMERICA,Argentina,1,1,False,False,False,,,3001298.74,300129874,0.01,<5M,180425.0,10762015.0,666.0,6.0,0.0601156418037879,20.302171860245515,34.0,0.1527633842603397,270.90840840840843,False,ON,Canada,,,,,,TSXV,Mining,,,,1097644.0,,,,,,False,False,False,True,False,False,False,False,False,False,False,False,False,False,False,False,False,False,False,False,False,False,False,False,True,False,False,False,,2026-06-30,2026-07-31
V-04968,CAM.V,CAM,Cascadia Minerals Ltd.,cascadia minerals,TSXV,,,,,Gold | Copper,2,True,Operator,False,False,CANADA,YT,1,1,True,False,False,,,59615951.73,209178778,0.285,25-100M,8347686.0,30096236.0,5617.0,6.0,0.1400243686087002,46.081208687440984,49.56521739130435,0.3558241380404673,1486.1466975253695,False,BC,Canada,Other,2023-07-19,1077.0,2023.0,3.0,TSXV,Mining,20230719.0,,,1187495.0,,OTCQB,,,,False,True,False,True,False,False,False,False,False,False,False,False,False,False,False,False,False,False,False,False,False,False,False,True,False,False,False,False,,2026-06-30,2026-07-31
V-03711,GLDC.V,GLDC,Cassiar Gold Corp.,cassiar gold,TSXV,,,,,Gold,1,False,Operator,False,False,CANADA,BC,1,1,True,False,False,,,64601058.0,161502645,0.4,25-100M,23991423.5,50085200.0,11864.0,6.0,0.3713781823820904,79.69782813975449,87.82608695652175,0.9437308873173673,2022.2035991233984,False,AB,Canada,QT,2011-07-05,5474.0,2011.0,15.0,TSXV,Mining,20110705.0,,,1126005.0,,OTCQX,Y,,,False,True,False,False,False,False,False,False,False,False,False,False,False,False,False,False,False,False,False,False,False,False,False,True,False,False,False,False,,2026-06-30,2026-07-31
V-02920,CBLT.V,CBLT,CBLT Inc.,cblt,TSXV,,,,,Gold | Copper | Zinc | Lithium,4,True,Operator,False,False,CANADA,BC | MB | NL | ON | QC,1,5,True,False,False,,,3858853.65,77177073,0.0499999999999999,<5M,78295.0,1607453.0,187.0,6.0,0.0202897044307446,5.004721435316336,10.5,0.0515593582881328,418.6898395721925,False,ON,Canada,QT from NEX,2012-01-16,5279.0,2012.0,14.0,TSXV,Mining,20120116.0,,,1119218.0,,,Y,,,False,True,False,True,False,False,False,False,False,False,True,False,False,True,False,False,False,False,False,True,False,False,False,True,False,False,False,False,,2026-06-30,2026-07-31
V-04767,CTG.V,CTG,Centenario Gold Corp.,centenario gold,TSXV,,,,,,0,False,Operator,False,True,,,0,0,False,True,True,,,2126657.94,19333254,0.11,<5M,610253.0,2796697.0,653.0,6.0,0.2869539988175061,72.33238904627007,83.5,0.7291956414517996,934.5375191424196,False,BC,Canada,QT,2023-10-31,973.0,2023.0,3.0,TSXV,Mining,20231031.0,,,1184955.0,,,Y,,,False,False,False,False,False,False,False,False,False,False,False,False,False,False,False,False,False,False,False,False,False,False,False,False,False,False,False,False,,2026-06-30,2026-07-31
V-02535,CIO.V,CIO,Central Iron Ore Limited,central iron ore,TSXV,,,,,Gold,1,False,Operator,False,False,AUS/NZ/PNG,Australia,1,1,True,False,False,,,4222932.18,70382203,0.06,<5M,30277.0,375291.0,84.0,6.0,0.0071696628573371,1.6052880075542966,3.5000000000000004,0.018219250917545296,360.4404761904762,True,Australia,Australia/NZ/PNG,Other,2007-06-01,6969.0,2007.0,19.0,TSXV,Mining,20070601.0,,,1110160.0,,,,,,False,True,False,False,False,False,False,False,False,False,False,False,False,False,False,False,False,False,False,False,False,False,True,False,False,False,False,False,,2026-06-30,2026-07-31
V-02420,CTN.V,CTN,Centurion Minerals Ltd.,centurion minerals,TSXV,,,,,Gold,1,False,Operator,False,False,CANADA,ON,1,1,True,False,False,,,2951301.525,39350687,0.075,<5M,138880.5,2402522.0,124.0,6.0,0.0470573741190338,14.825306893295561,26.5,0.11958025414236807,1120.0040322580646,False,BC,Canada,Other,2006-12-22,7130.0,2006.0,20.0,TSXV,Mining,20061222.0,,,1109800.0,,,,,,False,True,False,False,False,False,False,False,False,False,False,False,False,False,False,False,False,False,False,False,False,False,False,True,False,False,False,False,,2026-06-30,2026-07-31
V-00515,LCE.V,LCE,Century Lithium Corp.,century lithium,TSXV,,,,,Lithium,1,False,Operator,False,False,USA,NV,1,1,False,False,False,,,47840051.705,180528497,0.265,25-100M,10658652.0,25167803.0,6557.0,6.0,0.2227976689014743,64.7780925401322,72.60869565217392,0.5661642275697915,1625.5378984291597,False,BC,Canada,,,,,,TSXV,Mining,,,,24614.0,,OTCQX,,,,False,False,False,False,False,False,False,False,False,False,False,False,False,True,False,False,False,False,False,False,False,False,False,False,False,False,False,True,,2026-06-30,2026-07-31
V-04512,CERT.V,CERT,Cerrado Gold Inc.,cerrado gold,TSXV,,,,,Gold,1,False,Operator,False,False,CANADA | LATIN AMERICA,QC | Argentina,2,2,True,False,False,,,212436133.23,135309639,1.5699999999999998,100-500M,100900883.0,56016195.0,54099.0,6.0,0.4749704368359821,87.81869688385268,84.15300546448088,1.2069752426747713,1865.115491968428,False,ON,Canada,QT,2021-02-25,1951.0,2021.0,5.0,TSXV,Mining,20210225.0,,,1181990.0,,OTCQX,Y,Y,Y,False,True,False,False,False,False,False,False,False,False,False,False,False,False,False,False,False,False,False,False,False,False,False,True,True,False,False,False,,2026-06-30,2026-07-31
V-5055,CDPR.V,CDPR,Cerro De Pasco Resources Inc.,cerro de pasco resources,TSXV,,,,,Silver,1,False,Operator,False,False,LATIN AMERICA,Peru,1,1,False,False,False,,,388692164.7,637200270,0.61,100-500M,84293673.0,122594618.0,35104.0,6.0,0.216864862879496,64.02266288951841,50.27322404371585,0.5510880261206637,2401.255497948952,False,QC,Canada,Other,2025-03-14,473.0,2025.0,1.0,TSXV,Mining,20250314.0,,,1188710.0,,OTCQB,,Y,,False,False,True,False,False,False,False,False,False,False,False,False,False,False,False,False,False,False,False,False,False,False,False,False,True,False,False,False,,2026-06-30,2026-07-31
V-02013,CYL.V,CYL,Ceylon Graphite Corp.,ceylon graphite,TSXV,,,,,,0,False,Operator,False,True,ASIA,Sri Lanka,1,1,False,False,False,,,3765082.44,188254122,0.02,<5M,,,,,,,,,,True,NS,Canada,RTO,2017-01-03,3465.0,2017.0,9.0,TSXV,Mining,20170103.0,,,23987.0,,,,,,False,False,False,False,False,False,False,False,False,False,False,False,False,False,False,False,False,False,False,True,False,True,False,False,False,False,False,False,,2026-06-30,2026-07-31
V-04088,PERU.V,PERU,Chakana Copper Corp.,chakana copper,TSXV,,,,,Copper,1,False,Operator,False,False,LATIN AMERICA,Peru,1,1,False,False,False,,,5679180.1,51628910,0.1099999999999999,5-25M,927078.5,6045245.0,1738.0,6.0,0.1632416094710573,50.04721435316336,57.04697986577181,0.41482283090808014,533.4168584579977,False,BC,Canada,RTO,2018-01-31,3072.0,2018.0,8.0,TSXV,Mining,20180131.0,,,1158135.0,,OTCQB,,,,False,False,False,True,False,False,False,False,False,False,False,False,False,False,False,False,False,False,False,False,False,False,False,False,True,False,False,False,,2026-06-30,2026-07-31
V-00397,CBA.V,CBA,Champion Bear Resources Ltd.,champion bear resources,TSXV,,,,,Gold | Copper | Nickel | Platinum/PGM | Lead,5,True,Operator,False,False,CANADA,ON,1,1,True,False,False,,,4514686.38,75244773,0.06,<5M,183050.0,4065613.0,377.0,6.0,0.0405454520187513,12.086874409820586,22.0,0.10303242685099956,485.54376657824935,False,AB,Canada,,,,,,TSXV,Mining,,,,1023931.0,,,,,,False,True,False,True,True,False,False,True,False,True,False,False,False,False,False,False,False,False,False,True,False,False,False,True,False,False,False,False,,2026-06-30,2026-07-31
V-00785,NZP.V,NZP,Chatham Rock Phosphate Limited,chatham rock phosphate,TSXV,,,,,,0,False,Operator,False,True,,,0,0,False,True,True,,,5770538.25,115410765,0.05,5-25M,79194.5,1612306.0,213.0,6.0,0.0137239364109578,3.210576015108593,2.684563758389262,0.034874699971672245,371.8051643192488,False,New Zealand,Australia/NZ/PNG,,2005-04-07,7754.0,2005.0,21.0,TSXV,Mining,20050407.0,,,14331.0,NZSE,,,,,False,False,False,False,False,False,False,False,False,False,False,False,False,False,False,False,False,False,False,False,False,False,False,False,False,False,False,False,,2026-06-30,2026-07-31
V-00404,CKG.V,CKG,Chesapeake Gold Corp.,chesapeake gold,TSXV,,,,,Gold,1,False,Operator,False,False,LATIN AMERICA | USA,Mexico | NV,2,2,False,False,False,,,261411070.6,76885609,3.4,100-500M,61327835.5,15634707.0,36834.0,6.0,0.2346030539534464,65.62795089707271,51.91256830601093,0.5961635841253105,1664.9789732312538,False,BC,Canada,,,,,,TSXV,Mining,,,,1087625.0,,OTCQX,,Y,Y,False,True,False,False,False,False,False,False,False,False,False,False,False,False,False,False,False,False,False,False,False,False,False,False,True,False,False,True,,2026-06-30,2026-07-31
V-04094,CBG.V,CBG,Chibougamau Independent Mines Inc.,chibougamau independent mines,TSXV,,,,,Gold | Copper,2,True,Operator,False,False,CANADA,QC,1,1,True,False,False,,,18835333.255,61755191,0.305,5-25M,771188.0,2754105.0,442.0,6.0,0.0409436875663074,12.464589235127479,13.087248322147651,0.10404440656463224,1744.7692307692307,False,QC,Canada,Other,2013-01-25,4904.0,2013.0,13.0,TSXV,Mining,20130125.0,,,1160545.0,,,,,,False,True,False,True,False,False,False,False,False,False,False,False,False,False,False,False,False,False,False,False,False,False,False,True,False,False,False,False,,2026-06-30,2026-07-31
V-5091,CMCG.V,CMCG,Chilean Metals Inc.,chilean metals,TSXV,,,,,Gold | Silver | Copper,3,True,Operator,False,False,CANADA | LATIN AMERICA,BC | Chile,2,2,True,False,False,,,5969403.72,21319299,0.2799999999999999,5-25M,620611.0,1881880.0,1218.0,5.0,0.1039653253675394,35.69405099150141,38.59060402684564,0.26419238774344955,509.5328407224959,True,ON,Canada,Other,2026-02-19,131.0,2026.0,0.0,TSXV,Mining,20260219.0,,,1188890.0,,,,,,False,True,True,True,False,False,False,False,False,False,False,False,False,False,False,False,False,False,False,False,False,False,False,True,True,False,False,False,,2026-06-30,2026-07-31
V-04480,CRI.V,CRI,Churchill Resources Inc.,churchill resources,TSXV,,,,,Nickel | Diamond,2,True,Operator,False,False,CANADA,NL,1,1,True,False,False,,,16034097.0,320681940,0.05,5-25M,2897319.0,22619845.0,1892.0,6.0,0.1806973601319737,55.14636449480642,62.41610738255034,0.4591806630089135,1531.352536997886,False,ON,Canada,QT,2021-06-21,1835.0,2021.0,5.0,TSXV,Mining,20210621.0,,,1181410.0,,,Y,,,False,False,False,False,True,True,False,False,False,False,False,False,False,False,False,False,False,False,False,False,False,False,False,True,False,False,False,False,,2026-06-30,2026-07-31
V-01499,AIR.V,AIR,Clean Air Metals Inc.,clean air metals,TSXV,,,,,Platinum/PGM,1,False,Operator,False,False,CANADA,ON,1,1,True,False,False,,,13780623.12,250556784,0.0549999999999999,5-25M,3954131.0,47168888.0,3814.0,6.0,0.2869341223229099,72.23796033994334,80.20134228187919,0.7291451321252642,1036.7412165705296,False,ON,Canada,RTO from NEX,2020-05-22,2230.0,2020.0,6.0,TSXV,Mining,20200522.0,,,1044479.0,,OTCQB,,,,False,False,False,False,False,False,False,True,False,False,False,False,False,False,False,False,False,False,False,False,False,False,False,True,False,False,False,False,,2026-06-30,2026-07-31
V-00822,TRAN.V,TRAN,Clean Energy Transition Inc.,clean energy transition,TSXV,,,,,Nickel,1,False,Operator,False,False,CANADA,ON | QC,1,2,True,False,False,,,1461034.75,41743850,0.035,<5M,46261.5,1209776.0,141.0,6.0,0.0316635179279616,8.498583569405099,15.5,0.08046202304636428,328.09574468085106,False,BC,Canada,,,,,,TSXV,Mining,,,,17760.0,,,,,,False,False,False,False,True,False,False,False,False,False,False,False,False,False,False,False,False,False,False,True,False,False,False,True,False,False,False,False,,2026-06-30,2026-07-31
V-04856,CTV.V,CTV,Cleantech Vanadium Mining Corp.,cleantech vanadium mining,TSXV,,,,,,0,False,Operator,False,True,USA,NV,1,1,False,False,False,,,18915378.375,151323027,0.125,5-25M,3634959.0,17286608.0,3791.0,6.0,0.1921695103283917,57.88479697828139,66.10738255033557,0.48833321692271536,958.8390925877076,False,BC,Canada,Other,2022-03-04,1579.0,2022.0,4.0,TSXV,Mining,20220304.0,,,1186186.0,,OTCQB,,,,False,False,False,False,False,False,False,False,False,False,False,False,False,False,False,False,False,False,False,True,False,False,False,False,False,False,False,True,,2026-06-30,2026-07-31
V-03667,CZZ.V,CZZ,Cleghorn Minerals Ltd.,cleghorn minerals,TSXV,,,,,Copper | Nickel | Platinum/PGM,3,True,Operator,False,False,CANADA,ON,1,1,True,False,False,,,2515750.51,38703854,0.0649999999999999,<5M,55617.0,981006.0,46.0,6.0,0.0221075181258733,5.476864966949953,11.5,0.05617871131656798,1209.0652173913045,False,QC,Canada,QT from NEX,2016-08-24,3597.0,2016.0,10.0,TSXV,Mining,20160824.0,,,1135050.0,,,Y,,,False,False,False,True,True,False,False,True,False,False,False,False,False,False,False,False,False,False,False,False,False,False,False,True,False,False,False,False,,2026-06-30,2026-07-31
V-04053,COCO.V,COCO,Coast Copper Corp.,coast copper,TSXV,,,,,Gold | Silver | Copper | Molybdenum | Iron | Zinc,6,True,Operator,False,False,CANADA,BC | SK,1,2,True,False,False,,,18001397.15,76601690,0.235,5-25M,2429043.5,12396200.0,2593.0,6.0,0.1349363874236839,44.85363550519358,50.671140939597315,0.3428947705488431,936.769571924412,False,BC,Canada,QT,2014-07-18,4365.0,2014.0,12.0,TSXV,Mining,20140718.0,,,1154435.0,,,Y,,,False,True,True,True,False,False,True,False,True,False,True,False,False,False,False,False,False,False,False,True,False,False,False,True,False,False,False,False,,2026-06-30,2026-07-31
V-00435,CBI.V,CBI,Colibri Resource Corporation,colibri resource,TSXV,,,,,Gold | Silver,2,True,Operator,False,False,LATIN AMERICA,Mexico,1,1,False,False,False,,,3503267.5,36876500,0.095,<5M,988985.5,6618235.0,905.0,6.0,0.2823037350130984,71.671388101983,82.5,0.7173785832761034,1092.8016574585636,False,BC,Canada,Other,2005-08-05,7634.0,2005.0,21.0,TSXV,Mining,20050805.0,,,1102444.0,,,,,,False,True,True,False,False,False,False,False,False,False,False,False,False,False,False,False,False,False,False,False,False,False,False,False,True,False,False,False,,2026-06-30,2026-07-31
V-03080,CAD.V,CAD,Colonial Coal International Corp.,colonial coal international,TSXV,,,,,Coal,1,False,Operator,False,False,CANADA,BC,1,1,True,False,False,,,424069186.79,185183051,2.29,100-500M,63237562.5,22397508.0,32360.0,6.0,0.1491208615713816,47.68649669499528,33.33333333333333,0.37893976998223633,1954.189199629172,False,BC,Canada,QT,2010-10-12,5740.0,2010.0,16.0,TSXV,Mining,20101012.0,,,1128640.0,,,Y,Y,,False,False,False,False,False,False,False,False,False,False,False,False,False,False,False,True,False,False,False,False,False,False,False,True,False,False,False,False,,2026-06-30,2026-07-31
V-04909,CLUS.V,CLUS,Colossus Resources Corp.,colossus resources,TSXV,,,,,Gold | Copper,2,True,Operator,False,False,CANADA,ON,1,1,True,False,False,,,1367973.75,21045750,0.065,<5M,26758.0,349812.0,70.0,6.0,0.0195603168554952,4.910292728989613,10.0,0.04970586872885609,382.25714285714287,False,BC,Canada,IPO,2022-08-04,1426.0,2022.0,4.0,TSXV,Mining,20220804.0,,,1186290.0,,,,,,False,True,False,True,False,False,False,False,False,False,False,False,False,False,False,False,False,False,False,False,False,False,False,True,False,False,False,False,,2026-06-30,2026-07-31
V-04210,CLIC.V,CLIC,Comet Lithium Corporation,comet lithium,TSXV,,,,,Gold | Lithium,2,True,Operator,False,False,CANADA,QC,1,1,True,False,False,,,8913285.9,29710953,0.3,5-25M,1194513.5,3215095.0,830.0,6.0,0.1340149427945534,44.66477809254013,50.33557046979866,0.34055323354231953,1439.172891566265,False,QC,Canada,Other,2014-07-03,4380.0,2014.0,12.0,TSXV,Mining,20140703.0,,,1168410.0,,,,,,False,True,False,False,False,False,False,False,False,False,False,False,False,True,False,False,False,False,False,False,False,False,False,True,False,False,False,False,,2026-06-30,2026-07-31
V-01393,CVB.V,CVB,Compass Gold Corporation,compass gold,TSXV,,,,,Gold,1,False,Operator,False,False,AFRICA,Mali,1,1,False,False,False,,,23135343.15,154235621,0.15,5-25M,3399888.5,20590169.0,1720.0,6.0,0.1469564759838023,47.11992445703494,53.355704697986575,0.3734397227851673,1976.6793604651164,False,BC,Canada,RTO from NEX,2017-11-30,3134.0,2017.0,9.0,TSXV,Mining,20171130.0,,,1023898.0,,,,,,False,True,False,False,False,False,False,False,False,False,False,False,False,False,False,False,False,False,False,False,True,False,False,False,False,False,False,False,,2026-06-30,2026-07-31
V-02269,CN.V,CN,Condor Resources Inc.,condor resources,TSXV,,,,,Gold | Silver | Copper,3,True,Operator,False,False,LATIN AMERICA,Peru,1,1,False,False,False,,,18991934.25,151935474,0.125,5-25M,1325499.5,8178277.0,1205.0,6.0,0.0697927595236909,24.07932011331445,25.16778523489933,0.17735447583685748,1099.9995850622406,False,BC,Canada,Other,2006-03-03,7424.0,2006.0,20.0,TSXV,Mining,20060303.0,,,1104436.0,,,,,,False,True,True,True,False,False,False,False,False,False,False,False,False,False,False,False,False,False,False,False,False,False,False,False,True,False,False,False,,2026-06-30,2026-07-31
V-05003,COS.V,COS,Coniagas Battery Metals Inc.,coniagas battery metals,TSXV,,,,,Copper | Nickel,2,True,Operator,False,False,CANADA,QC,1,1,True,False,False,,,1891755.03,34395546,0.055,<5M,153046.5,2095514.0,661.0,6.0,0.0809018596874036,28.42304060434372,45.0,0.2055844620130827,231.5378214826021,False,BC,Canada,Other,2024-03-18,834.0,2024.0,2.0,TSXV,Mining,20240318.0,,,1187000.0,,,,,,False,False,False,True,True,False,False,False,False,False,False,False,False,False,False,False,False,False,False,True,False,False,False,True,False,False,False,False,,2026-06-30,2026-07-31
V-00448,CQR.V,CQR,Conquest Resources Limited,conquest resources,TSXV,,,,,Copper,1,False,Operator,False,False,,,0,0,False,True,False,,,10060511.89,154777106,0.065,5-25M,840533.5,12252247.0,668.0,6.0,0.0835477865530359,29.461756373937675,31.543624161073826,0.2123081820029419,1258.2836826347304,False,ON,Canada,,,,,,TSXV,Mining,,,,1061422.0,,,,,,False,False,False,True,False,False,False,False,False,False,False,False,False,False,False,False,False,False,False,True,False,False,False,False,False,False,False,False,,2026-06-30,2026-07-31
V-01051,CLM.V,CLM,Consolidated Lithium Metals Inc.,consolidated lithium metals,TSXV,,,,,Lithium,1,False,Operator,False,False,CANADA,QC,1,1,True,False,False,,,32809335.9,546822265,0.06,25-100M,5359750.5,77946330.0,4087.0,6.0,0.163360529952086,50.2360717658168,53.04347826086957,0.4151250267192653,1311.4143626131638,False,ON,Canada,,,,,,TSXV,Mining,,,,1074388.0,,OTCQB,,,,False,False,False,False,False,False,False,False,False,False,False,False,False,True,False,False,False,False,False,False,False,False,False,True,False,False,False,False,,2026-06-30,2026-07-31
V-01015,CPAU.V,CPAU,CopAur Minerals Inc.,copaur minerals,TSXV,,,,,Gold | Copper,2,True,Operator,False,False,CANADA | USA,BC | NV,2,2,True,False,False,,,16268797.215,120509609,0.135,5-25M,2004118.0,10992020.0,1756.0,6.0,0.1231878407183158,42.20963172804532,47.651006711409394,0.3130398492504796,1141.2972665148063,False,BC,Canada,,,,,,TSXV,Mining,,,,31077.0,,OTCQX,,,,False,True,False,True,False,False,False,False,False,False,False,False,False,False,False,False,False,False,False,False,False,False,False,True,False,False,False,True,,2026-06-30,2026-07-31
V-00481,CUU.V,CUU,Copper Fox Metals Inc.,copper fox metals,TSXV,,,,,Gold | Copper | Molybdenum,3,True,Operator,False,False,CANADA | USA,BC | AZ,2,2,True,False,False,,,363474991.32,586249986,0.62,100-500M,13394958.0,19656861.0,8337.0,6.0,0.0368524886715168,10.198300283286118,6.0109289617486334,0.09364802103006109,1606.6880172724002,False,AB,Canada,QT,2005-07-21,7649.0,2005.0,21.0,TSXV,Mining,20050721.0,,,1094937.0,,OTCQX,Y,Y,,False,True,False,True,False,False,True,False,False,False,False,False,False,False,False,False,False,False,False,False,False,False,False,True,False,False,False,True,,2026-06-30,2026-07-31
V-02917,CGNT.V,CGNT,Copper Giant Resources Corp.,copper giant resources,TSXV,,,,,Gold | Copper | Molybdenum,3,True,Operator,False,False,CANADA | LATIN AMERICA,BC | Argentina | Colombia,2,3,True,False,False,,,152503342.56,211810198,0.72,100-500M,102688950.0,137944673.0,47803.0,6.0,0.6733554050436545,94.80642115203023,94.53551912568307,1.7111029242638638,2148.16957094743,False,BC,Canada,QT,2010-10-01,5751.0,2010.0,16.0,TSXV,Mining,20101001.0,,,1119741.0,,OTCQB,Y,,,False,True,False,True,False,False,True,False,False,False,False,False,False,False,False,False,False,False,False,False,False,False,False,True,True,False,False,False,,2026-06-30,2026-07-31
V-00191,CPL.V,CPL,Copper Lake Resources Ltd.,copper lake resources,TSXV,,,,,Silver | Copper | Nickel | Platinum/PGM | Zinc,5,True,Operator,False,False,CANADA,ON,1,1,True,False,False,,,4471533.99,13550103,0.33,<5M,687109.5,24016021.0,1489.0,6.0,0.1536630385761643,48.536355051935786,68.5,0.39048216245015416,461.4570181329752,False,BC,Canada,,,,,,TSXV,Mining,,,,42352.0,,,,,,False,False,True,True,True,False,False,True,False,False,True,False,False,False,False,False,False,False,False,True,False,False,False,True,False,False,False,False,,2026-06-30,2026-07-31
V-02178,CRD.V,CRD,Copper Road Resources Inc.,copper road resources,TSXV,,,,,Gold | Copper,2,True,Operator,False,False,CANADA,ON,1,1,True,False,False,,,4568097.195,101513271,0.045,<5M,963011.5,11574005.0,1015.0,6.0,0.2108123927516388,62.3229461756374,76.5,0.5357077391916166,948.779802955665,False,ON,Canada,QT,2004-09-16,7957.0,2004.0,22.0,TSXV,Mining,20040916.0,,,1093376.0,,,Y,,,False,True,False,True,False,False,False,False,False,False,False,False,False,False,False,False,False,False,False,False,False,False,False,True,False,False,False,False,,2026-06-30,2026-07-31
V-04832,CPER.V,CPER,CopperCorp Resources Inc.,coppercorp resources,TSXV,,,,,Gold | Copper,2,True,Operator,False,False,AUS/NZ/PNG,Australia,1,1,False,False,False,,,4758285.84,118957146,0.04,<5M,2392946.0,36574507.0,2667.0,6.0,0.502900851370459,89.04627006610009,93.0,1.2779508576737286,897.2425946756655,False,BC,Canada,IPO,2022-01-11,1631.0,2022.0,4.0,TSXV,Mining,20220111.0,,,1185842.0,,OTCQB,,,,False,True,False,True,False,False,False,False,False,False,False,False,False,False,False,False,False,False,False,False,False,False,True,False,False,False,False,False,,2026-06-30,2026-07-31
V-04772,CUEX.V,CUEX,CopperEx Resources Corporation,copperex resources,TSXV,,,,,Gold | Copper,2,True,Operator,False,False,LATIN AMERICA,Chile | Peru,1,2,False,False,False,,,2228310.98,31833014,0.0699999999999999,<5M,720332.5,6116904.0,464.0,6.0,0.3232639009838743,75.2596789423985,85.5,0.8214648640810878,1552.4407327586207,False,BC,Canada,QT,2024-02-14,867.0,2024.0,2.0,TSXV,Mining,20240214.0,,,1185091.0,,,Y,,,False,True,False,True,False,False,False,False,False,False,False,False,False,False,False,False,False,False,False,False,False,False,False,False,True,False,False,False,,2026-06-30,2026-07-31
V-03662,CDB.V,CDB,Cordoba Minerals Corp.,cordoba minerals,TSXV,,,,,Gold | Silver | Copper,3,True,Operator,False,False,LATIN AMERICA | USA,Colombia | AZ,2,2,False,False,False,,,22436176.85,97548595,0.23,5-25M,9075424.5,11729606.0,2399.0,6.0,0.404499597265387,81.96411709159584,88.25503355704699,1.0278976578490322,3783.003126302626,False,ON,Canada,IPO,2010-10-14,5738.0,2010.0,16.0,TSXV,Mining,20101014.0,,,1138681.0,,OTCQB,,,,False,True,True,True,False,False,False,False,False,False,False,False,False,False,False,False,False,False,False,False,False,False,False,False,True,False,False,True,,2026-06-30,2026-07-31
V-04220,CCMC.V,CCMC,Core Critical Metals Corp.,core critical metals,TSXV,,,,,Gold | Nickel,2,True,Operator,False,False,CANADA,ON | QC,1,2,True,False,False,,,21351865.5,42703731,0.5,5-25M,1712983.5,1578281.0,925.0,6.0,0.0802264092568398,27.856468366383382,29.53020134228188,0.2038680352965585,1851.874054054054,False,BC,Canada,IPO,2014-09-25,4296.0,2014.0,12.0,TSXV,Mining,20140925.0,,,1157930.0,,,,,,False,True,False,False,True,False,False,False,False,False,False,False,False,False,False,False,False,False,False,False,False,False,False,True,False,False,False,False,,2026-06-30,2026-07-31
V-04985,COSA.V,COSA,Cosa Resources Corp.,cosa resources,TSXV,,,,,Uranium,1,False,Operator,False,False,CANADA,SK,1,1,True,False,False,,,73454464.66,118474943,0.62,25-100M,18562406.5,30612714.0,11657.0,6.0,0.2527063070423309,68.27195467422096,74.78260869565217,0.6421668226336145,1592.3828171913872,False,BC,Canada,Other,2023-10-18,986.0,2023.0,3.0,TSXV,Mining,20231018.0,,,1187800.0,,OTCQB,,,,False,False,False,False,False,False,False,False,False,False,False,False,False,False,True,False,False,False,False,False,False,False,False,True,False,False,False,False,,2026-06-30,2026-07-31
V-00928,CSG.V,CSG,Cosigo Resources Ltd.,cosigo resources,TSXV,,,,,,0,False,Operator,False,True,,,0,0,False,True,True,,,8416688.4,112222512,0.075,5-25M,305351.0,3897609.0,318.0,6.0,0.0362792330532279,9.91501416430595,10.738255033557047,0.09219128754658759,960.2232704402516,False,BC,Canada,RTO,2011-04-25,5545.0,2011.0,15.0,TSXV,Mining,20110425.0,,,1023948.0,,,,,,False,False,False,False,False,False,False,False,False,False,False,False,False,False,False,False,False,False,False,False,False,False,False,False,False,False,False,False,,2026-06-30,2026-07-31
V-04833,CCMM.V,CCMM,Coyote Copper Mines Inc.,coyote copper mines,TSXV,,,,,Copper,1,False,Operator,False,False,USA,AZ,1,1,False,False,False,,,30498196.0,121992784,0.25,25-100M,5396374.0,22791597.0,2618.0,3.0,0.1769407606928619,53.54107648725213,56.95652173913044,0.4496345477814944,2061.25821237586,True,ON,Canada,QT,2026-04-13,78.0,2026.0,0.0,TSXV,Mining,20260413.0,,,1185666.0,,,Y,,,False,False,False,True,False,False,False,False,False,False,False,False,False,False,False,False,False,False,False,False,False,False,False,False,False,False,False,True,,2026-06-30,2026-07-31
V-02461,CRE.V,CRE,Critical Elements Lithium Corporation,critical elements lithium,TSXV,,,,,Lithium,1,False,Operator,False,False,CANADA,QC,1,1,True,False,False,,,82374083.56,232039672,0.355,25-100M,10174226.0,23179338.0,7702.0,6.0,0.1235124636329246,42.39848914069878,46.08695652173913,0.313864767583814,1320.9849389768892,False,QC,Canada,Other,2007-02-22,7068.0,2007.0,19.0,TSXV,Mining,20070222.0,,,1111955.0,,OTCQX,,,,False,False,False,False,False,False,False,False,False,False,False,False,False,True,False,False,False,False,False,True,False,False,False,True,False,False,False,False,,2026-06-30,2026-07-31
V-5092,CRG.V,CRG,Crossroads Gold Corp.,crossroads gold,TSXV,,,,,Gold,1,False,Operator,False,False,AUS/NZ/PNG,Australia,1,1,False,False,False,,,14420800.68,65549094,0.22,5-25M,1323826.0,6285237.0,932.0,4.0,0.0917997571269392,32.3890462700661,34.56375838926174,0.23327774855603117,1420.4141630901288,True,BC,Canada,Other,2026-03-04,118.0,2026.0,0.0,TSXV,Mining,20260304.0,,,1189040.0,,,,,,False,True,False,False,False,False,False,False,False,False,False,False,False,False,False,False,False,False,False,False,False,False,True,False,False,False,False,False,,2026-06-30,2026-07-31
V-05021,CLCO.V,CLCO,Culico Metals Inc.,culico metals,TSXV,,,,,Lithium,1,False,Royalty/Streamer,True,False,,,0,0,False,True,False,,,34715413.17,80733519,0.43,25-100M,3965423.0,10593582.0,3512.0,6.0,0.1142265823132071,39.376770538243626,43.913043478260875,0.2902678697769184,1129.1067767653758,False,ON,Canada,Other,2024-08-16,683.0,2024.0,2.0,TSXV,Mining,20240816.0,,,1188330.0,,,,,,False,False,False,False,False,False,False,False,False,False,False,False,False,True,False,False,False,False,True,False,False,False,False,False,False,False,False,False,,2026-06-30,2026-07-31
V-04537,CYG.V,CYG,Cygnus Metals Limited,cygnus metals,TSXV,,,,,Gold | Copper | Rare Earths | Lithium,4,True,Operator,False,False,CANADA,QC,1,1,False,False,False,,,146509600.8,1220913340,0.12,100-500M,4289135.5,28784145.0,3141.0,6.0,0.0292754568750418,7.64872521246459,2.73224043715847,0.07439358100169575,1365.5318369945878,False,Australia,Australia/NZ/PNG,QT,2019-12-17,2387.0,2019.0,7.0,TSXV,Mining,20191217.0,,,1182090.0,ASX,,Y,,,False,True,False,True,False,False,False,False,False,False,False,True,False,True,False,False,False,False,False,False,False,False,False,True,False,False,False,False,,2026-06-30,2026-07-31
V-00525,DTWO.V,DTWO,D2 Lithium Corp.,d2 lithium,TSXV,,,,,Lithium,1,False,Operator,False,False,USA,NV,1,1,False,False,False,,,1630431.18,36231804,0.045,<5M,144671.0,3368251.0,565.0,6.0,0.0887317427283254,31.539187913125588,49.5,0.22548143717302327,256.0548672566372,False,BC,Canada,,2005-01-19,7832.0,2005.0,21.0,TSXV,Mining,20050119.0,,,25220.0,,,,,,False,False,False,False,False,False,False,False,False,False,False,False,False,True,False,False,False,False,False,False,False,False,False,False,False,False,False,True,,2026-06-30,2026-07-31
V-04599,DGC.V,DGC,Daura Gold Corp.,daura gold,TSXV,,,,,Gold,1,False,Operator,False,False,LATIN AMERICA,Peru,1,1,False,False,False,,,19081884.375,84808375,0.225,5-25M,4610012.0,13830000.0,2734.0,6.0,0.2415910247333736,66.57223796033995,76.51006711409396,0.6139211266454132,1686.1784930504757,False,BC,Canada,QT,2025-01-27,519.0,2025.0,1.0,TSXV,Mining,20250127.0,,,1182295.0,,,Y,,,False,True,False,False,False,False,False,False,False,False,False,False,False,False,False,False,False,False,False,False,False,False,False,False,True,False,False,False,,2026-06-30,2026-07-31
V-02689,DEC.V,DEC,Decade Resources Ltd.,decade resources,TSXV,,,,,Gold | Silver | Copper,3,True,Operator,False,False,CANADA,BC,1,1,True,False,False,,,14759504.16,245991736,0.06,5-25M,7443345.0,89331548.0,5588.0,6.0,0.5043086081558447,89.32955618508026,92.9530201342282,1.2815281910315406,1332.023085182534,False,BC,Canada,IPO,2007-12-18,6769.0,2007.0,19.0,TSXV,Mining,20071218.0,,,1113868.0,,,,,,False,True,True,True,False,False,False,False,False,False,False,False,False,False,False,False,False,False,False,False,False,False,False,True,False,False,False,False,,2026-06-30,2026-07-31
V-04400,DEFN.V,DEFN,Defense Metals Corp.,defense metals,TSXV,,,,,Rare Earths,1,False,Operator,False,False,CANADA,BC,1,1,True,False,False,,,59272207.5,395148050,0.15,25-100M,10583592.5,45160794.0,10354.0,6.0,0.1785591079934048,54.296506137865904,58.69565217391305,0.4537470250523257,1022.1742804713156,False,BC,Canada,IPO,2018-01-19,3084.0,2018.0,8.0,TSXV,Mining,20180119.0,,,1179545.0,,OTCQB,,,,False,False,False,False,False,False,False,False,False,False,False,True,False,False,False,False,False,False,False,False,False,False,False,True,False,False,False,False,,2026-06-30,2026-07-31
V-02819,DEF.V,DEF,Defiance Silver Corp.,defiance silver,TSXV,,,,,Gold | Silver | Copper,3,True,Operator,False,False,LATIN AMERICA,Mexico,1,1,False,False,False,,,65828228.025,376161303,0.175,25-100M,50465738.0,164424687.0,31206.0,6.0,0.7666276233477576,96.88385269121812,99.56521739130434,1.9481224303037405,1617.1806062936614,False,BC,Canada,QT,2009-08-11,6167.0,2009.0,17.0,TSXV,Mining,20090811.0,,,1118104.0,,OTCQX,Y,,,False,True,True,True,False,False,False,False,False,False,False,False,False,False,False,False,False,False,False,False,False,False,False,False,True,False,False,False,,2026-06-30,2026-07-31
V-00828,DLTA.V,DLTA,Delta Resources Limited,delta resources,TSXV,,,,,Gold | Copper,2,True,Operator,False,False,CANADA,ON | QC,1,2,True,False,False,,,27753857.62,163257986,0.17,25-100M,5107697.5,25994914.0,3654.0,6.0,0.1840355877706632,55.996222851746936,62.60869565217392,0.46766362910918513,1397.8373015873017,False,QC,Canada,,,,,,TSXV,Mining,,,,1062313.0,,,,,,False,True,False,True,False,False,False,False,False,False,False,False,False,False,False,False,False,False,False,False,False,False,False,True,False,False,False,False,,2026-06-30,2026-07-31
V-00542,DAU.V,DAU,Desert Gold Ventures Inc.,desert gold ventures,TSXV,,,,,Gold,1,False,Operator,False,False,AFRICA,Mali,1,1,False,False,False,,,36063909.9,360639099,0.0999999999999999,25-100M,9707290.0,90374447.0,4302.0,6.0,0.2691690952788233,70.72710103871577,78.69565217391305,0.6840013796624881,2256.459786145979,False,BC,Canada,RTO,2012-05-18,5156.0,2012.0,14.0,TSXV,Mining,20120518.0,,,1096190.0,,OTCQB,,,,False,True,False,False,False,False,False,False,False,False,False,False,False,False,False,False,False,False,False,False,True,False,False,False,False,False,False,False,,2026-06-30,2026-07-31
V-04124,DFR.V,DFR,DFR Gold Inc.,dfr gold,TSXV,,,,,Gold,1,False,Operator,False,False,AFRICA,Burkina Faso | Madagascar | Nigeria,1,3,False,False,False,,,10156985.0,203139700,0.05,5-25M,115268.0,2303622.0,215.0,6.0,0.011348643322797,2.5495750708215295,1.6778523489932886,0.028838703351325587,536.1302325581395,False,BC,Canada,TSX Comedown,2013-05-21,4788.0,2013.0,13.0,TSXV,Mining,20130521.0,,,1009834.0,,,,,,False,True,False,False,False,False,False,False,False,False,False,False,False,False,False,False,False,False,False,False,True,False,False,False,False,False,False,False,,2026-06-30,2026-07-31
V-00551,DMI.V,DMI,Diamcor Mining Inc.,diamcor mining,TSXV,,,,,Diamond,1,False,Operator,False,False,AFRICA,South Africa,1,1,False,False,False,,,1686389.37,168638937,0.01,<5M,,,,,,,,,,True,BC,Canada,,,,,,TSXV,Mining,,,,26224.0,,OTCQB,,,,False,False,False,False,False,True,False,False,False,False,False,False,False,False,False,False,False,False,False,False,True,False,False,False,False,False,False,False,,2026-06-30,2026-07-31
V-04910,DNO.V,DNO,Dinero Ventures Ltd.,dinero ventures,TSXV,,,,,Gold,1,False,Operator,False,False,CANADA,BC,1,1,True,False,False,,,8596743.25,34386973,0.25,5-25M,5871.0,37002.0,15.0,6.0,0.000682933039788,0.09442870632672333,0.33557046979865773,0.0017354412138148678,391.4,True,BC,Canada,IPO,2022-08-10,1420.0,2022.0,4.0,TSXV,Mining,20220810.0,,,1185275.0,,,,,,False,True,False,False,False,False,False,False,False,False,False,False,False,False,False,False,False,False,False,False,False,False,False,True,False,False,False,False,,2026-06-30,2026-07-31
V-00557,DOS.V,DOS,Dios Exploration Inc.,dios exploration,TSXV,,,,,Gold | Lithium,2,True,Operator,False,False,CANADA,QC,1,1,True,False,False,,,4057711.98,135257066,0.03,<5M,488238.0,14401967.0,516.0,6.0,0.1203234735255901,41.359773371104815,60.5,0.3057610377299564,946.1976744186046,False,QC,Canada,,,,,,TSXV,Mining,,,,1080961.0,,,,,,False,True,False,False,False,False,False,False,False,False,False,False,False,True,False,False,False,False,False,False,False,False,False,True,False,False,False,False,,2026-06-30,2026-07-31
V-00562,DCY.V,DCY,Discovery-Corp Enterprises Inc.,discovery enterprises,TSXV,,,,,Gold | Copper,2,True,Operator,False,False,CANADA | USA,BC | NV,2,2,True,False,False,,,673354.8,13467096,0.05,<5M,3435.0,68700.0,5.0,1.0,0.0051013225122921,1.13314447592068,2.0,0.012963269921075821,687.0,True,BC,Canada,,,,,,TSXV,Mining,,,,20993.0,,,,,,False,True,False,True,False,False,False,False,False,False,False,False,False,False,False,False,False,False,False,False,False,False,False,True,False,False,False,True,,2026-06-30,2026-07-31
V-00368,DCOP.V,DCOP,District Copper Corp.,district copper,TSXV,,,,,Copper,1,False,Operator,False,False,CANADA,BC | NL,1,2,True,False,False,,,3793337.075,44627495,0.085,<5M,1549942.5,19257732.0,1989.0,6.0,0.4085960380939782,82.43626062322946,88.0,1.0383073639691187,779.2571644042232,False,BC,Canada,,,,,,TSXV,Mining,,,,1092236.0,,,,,,False,False,False,True,False,False,False,False,False,False,False,False,False,False,False,False,False,False,False,False,False,False,False,True,False,False,False,False,,2026-06-30,2026-07-31
V-00458,DMX.V,DMX,District Metals Corp.,district metals,TSXV,,,,,Copper | Uranium,2,True,Operator,False,False,CANADA | UK/EUROPE,BC | Sweden,2,2,True,False,False,,,129749046.28,190807421,0.68,100-500M,57449292.5,84828766.0,34897.0,6.0,0.4427723682532797,85.8356940509915,81.4207650273224,1.125154841598554,1646.2530446743274,False,BC,Canada,,,,,,TSXV,Mining,,,,1023857.0,Nasdaq Nordic,OTCQB,,,,False,False,False,True,False,False,False,False,False,False,False,False,False,False,True,False,False,False,False,True,False,False,False,True,False,False,True,False,,2026-06-30,2026-07-31
V-03926,DG.V,DG,Dixie Gold Inc.,dixie gold,TSXV,,,,,Lithium,1,False,Operator,False,False,CANADA,NT,1,1,True,False,False,,,1110801.58,31737188,0.035,<5M,688432.5,20411363.0,547.0,6.0,0.619761902031144,93.29556185080264,94.5,1.5749133295277737,1258.5603290676418,False,BC,Canada,Other,2011-12-22,5304.0,2011.0,15.0,TSXV,Mining,20111222.0,,,1154355.0,,,,,,False,False,False,False,False,False,False,False,False,False,False,False,False,True,False,False,False,False,False,False,False,False,False,True,False,False,False,False,,2026-06-30,2026-07-31
V-04429,DLP.V,DLP,DLP Resources Inc.,dlp resources,TSXV,,,,,Copper | Molybdenum | Lead | Zinc,4,True,Operator,False,False,CANADA | LATIN AMERICA,BC | Peru,2,2,True,False,False,,,34691006.22,177902596,0.195,25-100M,7196438.5,29065534.0,3710.0,6.0,0.20744392521688,61.47308781869688,70.0,0.5271479287173246,1939.7408355795149,False,BC,Canada,QT,2019-11-22,2412.0,2019.0,7.0,TSXV,Mining,20191122.0,,,1180915.0,,OTCQB,Y,,,False,False,False,True,False,False,True,False,False,True,True,False,False,False,False,False,False,False,False,False,False,False,False,True,True,False,False,False,,2026-06-30,2026-07-31
V-04379,DMCU.V,DMCU,Domestic Metals Corp.,domestic metals,TSXV,,,,,Gold | Copper,2,True,Operator,False,False,USA,MT,1,1,False,False,False,,,18698131.14,71915889,0.26,5-25M,4242459.5,13395068.0,2579.0,6.0,0.226892167363417,65.15580736543909,75.16778523489933,0.5765689978280326,1645.0017448623498,False,BC,Canada,Other,2017-11-21,3143.0,2017.0,9.0,TSXV,Mining,20171121.0,,,1179986.0,,,,,,False,True,False,True,False,False,False,False,False,False,False,False,False,False,False,False,False,False,False,False,False,False,False,False,False,False,False,True,,2026-06-30,2026-07-31
V-03670,DBG.V,DBG,Doubleview Gold Corp.,doubleview gold,TSXV,,,,,,0,False,Operator,False,True,,,0,0,False,True,True,,,565420294.3,234614230,2.41,500M-2B,153277151.5,68627592.0,75154.0,6.0,0.271085337836626,70.82152974504248,59.49367088607595,0.6888708560485022,2039.5075644676265,False,BC,Canada,QT,2011-07-22,5457.0,2011.0,15.0,TSXV,Mining,20110722.0,,,1133420.0,,OTCQB,Y,Y,,False,False,False,False,False,False,False,False,False,False,False,False,False,False,False,False,False,False,False,False,False,False,False,False,False,False,False,False,,2026-06-30,2026-07-31
V-04992,DRY.V,DRY,Dryden Gold Corp.,dryden gold,TSXV,,,,,Gold,1,False,Operator,False,False,CANADA,ON,1,1,True,False,False,,,68049518.6,243033995,0.2799999999999999,25-100M,17463907.0,49661529.0,13238.0,6.0,0.2566352761825416,69.40509915014165,75.65217391304347,0.6521509566211054,1319.2254872337212,False,ON,Canada,Other,2023-12-29,914.0,2023.0,3.0,TSXV,Mining,20231229.0,,,1187615.0,,OTCQB,,,,False,True,False,False,False,False,False,False,False,False,False,False,False,False,False,False,False,False,False,False,False,False,False,True,False,False,False,False,,2026-06-30,2026-07-31
V-00586,DYG.V,DYG,Dynasty Gold Corp.,dynasty gold,TSXV,,,,,Gold,1,False,Operator,False,False,CANADA | USA,ON | NV,2,2,True,False,False,,,9983346.255,73950713,0.135,5-25M,2524663.0,14622528.0,2095.0,6.0,0.2528874523144544,68.46081208687441,77.85234899328859,0.6426271415120633,1205.0897374701672,False,BC,Canada,,2003-05-14,8448.0,2003.0,23.0,TSXV,Mining,20030514.0,,,30240.0,,,,,,False,True,False,False,False,False,False,False,False,False,False,False,False,False,False,False,False,False,False,False,False,False,False,True,False,False,False,True,,2026-06-30,2026-07-31
V-04681,ETU.V,ETU,E2Gold Inc.,e2gold,TSXV,,,,,Gold,1,False,Operator,False,False,CANADA,ON,1,1,True,False,False,,,1147521.835,229504367,0.005,<5M,,,,,,,,,,True,ON,Canada,IPO,2020-12-30,2008.0,2020.0,6.0,TSXV,Mining,20201230.0,,,1184500.0,,,,,,False,True,False,False,False,False,False,False,False,False,False,False,False,False,False,False,False,False,False,False,False,False,False,True,False,False,False,False,,2026-06-30,2026-07-31
V-00189,ETL.V,ETL,E3 Lithium Ltd.,e3 lithium,TSXV,,,,,Lithium,1,False,Operator,False,False,CANADA,AB,1,1,True,False,False,,,98205031.68,87683064,1.12,25-100M,20510838.5,18031806.0,19402.0,6.0,0.2088573075036963,62.13408876298395,71.30434782608695,0.5307395573668597,1057.150731883311,False,AB,Canada,,,,,,TSXV,Mining,,,,1009474.0,,OTCQX,,,,False,False,False,False,False,False,False,False,False,False,False,False,False,True,False,False,False,False,False,False,False,False,False,True,False,False,False,False,,2026-06-30,2026-07-31
V-00603,EPL.V,EPL,Eagle Plains Resources Ltd.,eagle plains resources,TSXV,,,,,Gold | Silver | Copper | Lead | Zinc | Uranium,6,True,Royalty/Streamer,True,False,CANADA,BC | SK | YT,1,3,True,False,False,,,23040445.4,115202227,0.1999999999999999,5-25M,2920773.0,14396999.0,2455.0,6.0,0.1267672108456723,43.153918791312556,48.322147651006716,0.3221355966760836,1189.7242362525458,False,BC,Canada,,1994-04-06,11773.0,1994.0,32.0,TSXV,Mining,19940406.0,,,1023673.0,,,,,,False,True,True,True,False,False,False,False,False,True,True,False,False,False,True,False,False,False,True,False,False,False,False,True,False,False,False,False,,2026-06-30,2026-07-31
V-04137,EAM.V,EAM,East Africa Metals Inc.,east africa metals,TSXV,,,,,Gold | Copper,2,True,Operator,False,False,AFRICA,Ethiopia | Tanzania,1,2,False,False,False,,,22862753.365,268973569,0.0849999999999999,5-25M,395191.5,3426761.0,385.0,6.0,0.0172853852591957,4.1548630783758265,3.691275167785235,0.043924906583500116,1026.4714285714283,False,BC,Canada,Other,2013-07-11,4737.0,2013.0,13.0,TSXV,Mining,20130711.0,,,1163480.0,,,,,,False,True,False,True,False,False,False,False,False,False,False,False,False,False,False,False,False,False,False,False,True,False,False,False,False,False,False,False,,2026-06-30,2026-07-31
V-00611,ETF.V,ETF,Eastfield Resources Ltd.,eastfield resources,TSXV,,,,,Gold | Copper,2,True,Operator,False,False,CANADA,BC,1,1,True,False,False,,,5583079.25,111661585,0.05,5-25M,788304.5,13671697.0,2540.0,6.0,0.1411952911110835,46.27006610009443,52.68456375838926,0.35879963790711583,310.35610236220475,False,BC,Canada,,,,,,TSXV,Mining,,,,29141.0,,,,,,False,True,False,True,False,False,False,False,False,False,False,False,False,False,False,False,False,False,False,True,False,False,False,True,False,False,False,False,,2026-06-30,2026-07-31
V-04837,EVI.V,EVI,Eastport Critical Metals Corp.,eastport critical metals,TSXV,,,,,Copper | Nickel | Diamond | Platinum/PGM | Rare Earths | Uranium,6,True,Operator,False,False,AFRICA,Botswana,1,1,False,False,False,,,22103910.84,33490774,0.66,5-25M,3693464.5,4543106.0,2274.0,6.0,0.1670955210928637,51.08593012275732,58.053691275167786,0.4246162318320692,1624.2148197009674,False,BC,Canada,QT,2025-11-20,222.0,2025.0,1.0,TSXV,Mining,20251120.0,,,1185690.0,,,Y,,,False,False,False,True,True,True,False,True,False,False,False,True,False,False,True,False,False,False,False,True,True,False,False,False,False,False,False,False,,2026-06-30,2026-07-31
V-03990,EDCU.V,EDCU,Edge Copper Corporation,edge copper,TSXV,,,,,Silver,1,False,Royalty/Streamer,True,False,LATIN AMERICA,Mexico,1,1,False,False,False,,,92089552.5,167435550,0.55,25-100M,15058873.5,21281965.0,6154.0,6.0,0.1635242336528891,50.330500472143534,53.47826086956522,0.41554102379756735,2447.005768605785,False,BC,Canada,IPO,2012-04-09,5195.0,2012.0,14.0,TSXV,Mining,20120409.0,,,1147435.0,,,,,,False,False,True,False,False,False,False,False,False,False,False,False,False,False,False,False,False,False,True,False,False,False,False,False,True,False,False,False,,2026-06-30,2026-07-31
V-03851,EDDY.V,EDDY,Edison Lithium Corp.,edison lithium,TSXV,,,,,Lithium,1,False,Operator,False,False,CANADA | LATIN AMERICA,ON | Argentina,2,2,True,False,False,,,1355763.735,30128083,0.045,<5M,1272481.0,13412481.0,1174.0,6.0,0.9385713507080936,98.48914069877243,97.5,2.385058723517315,1083.8850085178876,False,BC,Canada,IPO,2011-08-03,5445.0,2011.0,15.0,TSXV,Mining,20110803.0,,,1142415.0,,,,,,False,False,False,False,False,False,False,False,False,False,False,False,False,True,False,False,False,False,False,True,False,False,False,True,True,False,False,False,,2026-06-30,2026-07-31
V-01489,EDM.V,EDM,EDM Resources Inc.,edm resources,TSXV,,,,,Lead | Zinc,2,True,Operator,False,False,CANADA,NS,1,1,True,False,False,,,41239807.23,72350539,0.57,25-100M,8052760.5,25702883.0,3948.0,6.0,0.1952666862647699,58.73465533522191,65.65217391304347,0.49620363240018955,2039.7063069908816,False,NS,Canada,,,,,,TSXV,Mining,,,,1099330.0,,,,,,False,False,False,False,False,False,False,False,False,True,True,False,False,False,False,False,False,False,False,False,False,False,False,True,False,False,False,False,,2026-06-30,2026-07-31
V-03631,EGR.V,EGR,EGR Exploration Ltd.,egr exploration,TSXV,,,,,Gold,1,False,Operator,False,False,CANADA,ON | QC,1,2,True,False,False,,,1250976.06,41699202,0.03,<5M,126447.0,3699958.0,174.0,6.0,0.1010786729204074,34.56090651558073,52.0,0.25685694585552005,726.7068965517242,False,BC,Canada,Other,2010-09-29,5753.0,2010.0,16.0,TSXV,Mining,20100929.0,,,1122448.0,,,,,,False,True,False,False,False,False,False,False,False,False,False,False,False,False,False,False,False,False,False,False,False,False,False,True,False,False,False,False,,2026-06-30,2026-07-31
V-04004,ERA.V,ERA,Elcora Advanced Materials Corp.,elcora advanced materials,TSXV,,,,,Copper,1,False,Operator,False,False,AFRICA,Morocco,1,1,False,False,False,,,11768316.84,42029703,0.2799999999999999,5-25M,950051.0,3008284.0,830.0,5.0,0.0807295565641823,28.13975448536355,29.86577181208054,0.2051466124379619,1144.6397590361446,True,NS,Canada,QT,2013-03-12,4858.0,2013.0,13.0,TSXV,Mining,20130312.0,,,1149985.0,,,Y,,,False,False,False,True,False,False,False,False,False,False,False,False,False,False,False,False,False,False,False,True,True,False,False,False,False,False,False,False,,2026-06-30,2026-07-31
V-04064,ELBM.V,ELBM,Electra Battery Materials Corporation,electra battery materials,TSXV,,,,,Copper,1,False,Operator,False,False,USA,ID,1,1,False,False,False,,,92870434.62,106747626,0.87,25-100M,24771832.0,23020269.0,25463.0,6.0,0.2667353943303856,70.34938621340888,77.82608695652173,0.6778169594017113,972.855987118564,False,BC,Canada,Other,2012-10-03,5018.0,2012.0,14.0,TSXV,Mining,20121003.0,,,1159475.0,NasdaqCM,,,,,False,False,False,True,False,False,False,False,False,False,False,False,False,False,False,False,False,False,False,True,False,False,False,False,False,False,False,True,,2026-06-30,2026-07-31
V-04530,EML.V,EML,Electric Metals (USA) Limited,electric metals usa,TSXV,,,,,Silver,1,False,Operator,False,False,USA,MN | NV,1,2,True,False,False,,,52489690.24,201883424,0.26,25-100M,3261374.0,8822225.0,2036.0,6.0,0.0621336110974923,21.0576015108593,20.0,0.15789136442307186,1601.853634577603,False,MN,USA,QT,2021-05-07,1880.0,2021.0,5.0,TSXV,Mining,20210507.0,,,1182338.0,,OTCQB,Y,,,False,False,True,False,False,False,False,False,False,False,False,False,False,False,False,False,False,False,False,True,False,False,False,False,False,False,False,True,,2026-06-30,2026-07-31
V-04387,ELEC.V,ELEC,Electric Royalties Ltd.,electric royalties,TSXV,,,,,Copper | Nickel | Zinc | Lithium,4,True,Royalty/Streamer,True,False,,,0,0,False,True,False,,,15084106.905,131166147,0.1149999999999999,5-25M,1087046.0,7692622.0,1216.0,6.0,0.0720656520698399,24.834749763928237,25.838926174496645,0.18313025643224887,893.952302631579,False,BC,Canada,QT,2020-06-29,2192.0,2020.0,6.0,TSXV,Mining,20200629.0,,,1179975.0,,OTCQB,Y,,,False,False,False,True,True,False,False,False,False,False,True,False,False,True,False,False,False,False,True,True,False,False,False,False,False,False,False,False,,2026-06-30,2026-07-31
V-04682,ECU.V,ECU,Element 29 Resources Inc.,element 29 resources,TSXV,,,,,Copper,1,False,Operator,False,False,LATIN AMERICA,Peru,1,1,False,False,False,,,301916107.2,188697567,1.6,100-500M,17010602.0,13130018.0,8399.0,6.0,0.0563421480150827,18.791312559017943,11.475409836065573,0.1431743378100089,2025.3127753303968,False,BC,Canada,IPO,2020-12-07,2031.0,2020.0,6.0,TSXV,Mining,20201207.0,,,1184140.0,,OTCQB,,Y,,False,False,False,True,False,False,False,False,False,False,False,False,False,False,False,False,False,False,False,False,False,False,False,False,True,False,False,False,,2026-06-30,2026-07-31
V-00627,EMR.V,EMR,Emergent Metals Corp.,emergent metals,TSXV,,,,,Gold | Silver,2,True,Operator,False,False,CANADA | USA,QC | NV,2,2,True,False,False,,,4409300.48,67835392,0.065,<5M,3336408.0,30165860.0,2363.0,6.0,0.75667512684461,96.69499527856469,97.0,1.9228315575451598,1411.9373677528563,False,BC,Canada,,,,,,TSXV,Mining,,,,28733.0,,OTCQB,,,,False,True,True,False,False,False,False,False,False,False,False,False,False,False,False,False,False,False,False,False,False,False,False,True,False,False,False,True,,2026-06-30,2026-07-31
V-03654,EMO.V,EMO,Emerita Resources Corp.,emerita resources,TSXV,,,,,Gold | Silver | Copper | Zinc,4,True,Operator,False,False,UK/EUROPE,Spain,1,1,False,False,False,,,99369025.93,296623958,0.335,25-100M,29421970.5,67035835.0,17517.0,6.0,0.2960879431456453,73.08781869688386,80.8695652173913,0.7524064432555352,1679.6238225723582,False,BC,Canada,QT,2013-01-11,4918.0,2013.0,13.0,TSXV,Mining,20130111.0,,,1139180.0,,OTCQB,Y,,,False,True,True,True,False,False,False,False,False,False,True,False,False,False,False,False,False,False,False,False,False,False,False,False,False,False,True,False,,2026-06-30,2026-07-31
V-04062,EMNT.V,EMNT,Eminent Gold Corp.,eminent gold,TSXV,,,,,Gold,1,False,Operator,False,False,USA,NV,1,1,False,False,False,,,34010703.76,82952936,0.41,25-100M,8938922.0,14692563.0,4313.0,6.0,0.2628267284052225,69.78281397544853,76.52173913043478,0.6678844191051297,2072.5532112218875,False,BC,Canada,IPO,2012-10-19,5002.0,2012.0,14.0,TSXV,Mining,20121019.0,,,1153365.0,,OTCQB,,,,False,True,False,False,False,False,False,False,False,False,False,False,False,False,False,False,False,False,False,False,False,False,False,False,False,False,False,True,,2026-06-30,2026-07-31
V-04683,EMPR.V,EMPR,Empress Royalty Corp.,empress royalty,TSXV,,,,,Gold | Silver,2,True,Royalty/Streamer,True,False,,,0,0,False,True,False,,,116156795.46,133513558,0.87,100-500M,48282406.0,46093230.0,33586.0,6.0,0.4156657887194093,83.09726156751653,75.40983606557377,1.0562727220525028,1437.5753587804445,False,BC,Canada,Other,2020-12-29,2009.0,2020.0,6.0,TSXV,Mining,20201229.0,,,1183985.0,,OTCQX,,,,False,True,True,False,False,False,False,False,False,False,False,False,False,False,False,False,False,False,True,False,False,False,False,False,False,False,False,False,,2026-06-30,2026-07-31
V-03124,EU.V,EU,enCore Energy Corp.,encore energy,TSXV,,,,,Uranium,1,False,Operator,False,False,USA,SD | TX | WY,1,3,True,False,False,,,359357166.45,194247117,1.85,100-500M,193051107.5,63374049.0,112462.0,6.0,0.537212348948273,90.84041548630783,87.97814207650273,1.3651418171603664,1716.5896702886307,False,NV,USA,RTO,2013-05-21,4788.0,2013.0,13.0,TSXV,Mining,20130521.0,,,1133795.0,NasdaqCM,,Y,Y,,False,False,False,False,False,False,False,False,False,False,False,False,False,False,True,False,False,False,False,False,False,False,False,False,False,False,False,True,,2026-06-30,2026-07-31
V-00633,EDG.V,EDG,Endurance Gold Corporation,endurance gold,TSXV,,,,,Gold | Rare Earths,2,True,Operator,False,False,CANADA | USA,BC | ON | YT | AK,2,4,True,False,False,,,86053596.06,200124642,0.43,25-100M,7831884.0,14163665.0,5624.0,6.0,0.0910116992035905,32.01133144475921,34.34782608695652,0.23127516833311917,1392.5825035561877,False,BC,Canada,Other,2005-08-04,7635.0,2005.0,21.0,TSXV,Mining,20050804.0,,,1101624.0,,,,,,False,True,False,False,False,False,False,False,False,False,False,True,False,False,False,False,False,False,False,True,False,False,False,True,False,False,False,True,,2026-06-30,2026-07-31
V-03100,ENDR.V,ENDR,Enduro Metals Corporation,enduro metals,TSXV,,,,,Gold | Copper,2,True,Operator,False,False,CANADA,BC,1,1,True,False,False,,,18752102.24,117200639,0.1599999999999999,5-25M,3009520.0,16500609.0,3880.0,6.0,0.1604897393093565,49.76392823418319,56.375838926174495,0.4078298921930855,775.6494845360825,False,BC,Canada,QT,2010-11-10,5711.0,2010.0,16.0,TSXV,Mining,20101110.0,,,1126300.0,,OTCQB,Y,,,False,True,False,True,False,False,False,False,False,False,False,False,False,False,False,False,False,False,False,False,False,False,False,True,False,False,False,False,,2026-06-30,2026-07-31
V-01517,ENEV.V,ENEV,Enerev5 Metals Inc.,enerev5 metals,TSXV,,,,,,0,False,Operator,False,True,,,0,0,False,True,True,,,1715484.205,343096841,0.005,<5M,65165.5,6010463.0,303.0,6.0,0.0379866511216289,10.670443814919736,20.0,0.09653010777123931,215.06765676567656,False,ON,Canada,,,,,,TSXV,Mining,,,,1061527.0,,,,,,False,False,False,False,False,False,False,False,False,False,False,False,False,False,False,False,False,False,False,False,False,False,False,False,False,False,False,False,,2026-06-30,2026-07-31
V-04454,EAU.V,EAU,Engineer Gold Mines Ltd.,engineer gold mines,TSXV,,,,,Gold,1,False,Operator,False,False,CANADA,BC,1,1,True,False,False,,,2479645.635,26101533,0.0949999999999999,<5M,370993.5,2592230.0,491.0,6.0,0.1496155316564014,47.875354107648725,67.0,0.38019680515665244,755.5875763747454,False,BC,Canada,Other,2018-06-26,2926.0,2018.0,8.0,TSXV,Mining,20180626.0,,,1181465.0,,,,,,False,True,False,False,False,False,False,False,False,False,False,False,False,False,False,False,False,False,False,False,False,False,False,True,False,False,False,False,,2026-06-30,2026-07-31
V-00752,EGM.V,EGM,Engold Mines Ltd.,engold mines,TSXV,,,,,Gold | Copper,2,True,Operator,False,False,CANADA,BC,1,1,True,False,False,,,2482892.76,41381546,0.06,<5M,100479.0,1521992.0,248.0,6.0,0.0404685218865433,11.992445703493862,21.5,0.10283693517869837,405.15725806451616,False,BC,Canada,,,,,,TSXV,Mining,,,,24893.0,,,,,,False,True,False,True,False,False,False,False,False,False,False,False,False,False,False,False,False,False,False,False,False,False,False,True,False,False,False,False,,2026-06-30,2026-07-31
V-01739,EON.V,EON,EON Lithium Corp.,eon lithium,TSXV,,,,,Lithium,1,False,Operator,False,False,LATIN AMERICA,Argentina,1,1,False,False,False,,,347557.14,17377857,0.02,<5M,,,,,,,,,,True,BC,Canada,,,,,,TSXV,Mining,,,,12311.0,,,,,,False,False,False,False,False,False,False,False,False,False,False,False,False,True,False,False,False,False,False,False,False,False,False,False,True,False,False,False,,2026-06-30,2026-07-31
V-01364,EQTY.V,EQTY,Equity Metals Corporation,equity metals,TSXV,,,,,Gold | Silver | Diamond,3,True,Operator,False,False,CANADA,BC | NT,1,2,True,False,False,,,64530555.45,243511530,0.265,25-100M,47597100.0,130997045.0,28758.0,6.0,0.7375901178609798,96.12842304060433,98.69565217391305,1.8743335215349277,1655.0907573544753,False,BC,Canada,,,,,,TSXV,Mining,,,,28030.0,,OTCQB,,,,False,True,True,False,False,True,False,False,False,False,False,False,False,False,False,False,False,False,False,False,False,False,False,True,False,False,False,False,,2026-06-30,2026-07-31
V-04568,NOVA.V,NOVA,EraNova Metals Inc.,eranova metals,TSXV,,,,,,0,False,Operator,False,True,,,0,0,False,True,True,,,9202364.82,55771908,0.165,5-25M,1245160.0,7077660.0,1405.0,6.0,0.135308697748412,44.9480642115203,51.006711409395976,0.34384087015776293,886.2348754448399,False,BC,Canada,IPO,2019-05-21,2597.0,2019.0,7.0,TSXV,Mining,20190521.0,,,1180976.0,,OTCQB,,,,False,False,False,False,False,False,False,False,False,False,False,False,False,False,False,False,False,False,False,False,False,False,False,False,False,False,False,False,,2026-06-30,2026-07-31
V-5099,EM.V,EM,Errington Metals Corp.,errington metals,TSXV,,,,,Gold | Silver | Copper | Zinc,4,True,Operator,False,False,CANADA,ON,1,1,True,False,False,,,182141641.16,46823044,3.89,100-500M,13757658.0,4114764.0,4802.0,3.0,0.0755327442554158,26.628895184135974,18.0327868852459,0.19194068779285656,2864.985006247397,True,ON,Canada,Other,2026-04-22,69.0,2026.0,0.0,TSXV,Mining,20260422.0,,,1189045.0,,,,,,False,True,True,True,False,False,False,False,False,False,True,False,False,False,False,False,False,True,False,False,False,False,False,True,False,False,False,False,,2026-06-30,2026-07-31
V-01075,ESK.V,ESK,Eskay Mining Corp.,eskay mining,TSXV,,,,,Gold | Silver | Copper | Nickel,4,True,Operator,False,False,CANADA,BC,1,1,True,False,False,,,69962671.125,186567123,0.375,25-100M,7909730.0,16685950.0,5665.0,6.0,0.1130564324204824,39.09348441926346,43.04347826086957,0.2872943332340009,1396.2453662842013,False,BC,Canada,,,,,,TSXV,Mining,,,,27392.0,,,,,,False,True,True,True,True,False,False,False,False,False,False,False,False,False,False,False,False,False,False,True,False,False,False,True,False,False,False,False,,2026-06-30,2026-07-31
V-5078,ESXR.V,ESXR,Essex Resources Corp.,essex resources,TSXV,,,,,,0,False,Operator,False,True,CANADA,BC,1,1,True,False,False,,,1015875.0,9675000,0.105,<5M,22499.0,129488.0,26.0,4.0,0.0221474098683401,5.6657223796034,12.0,0.056280082563724604,865.3461538461538,True,BC,Canada,IPO,2025-10-23,250.0,2025.0,1.0,TSXV,Mining,20251023.0,,,1188927.0,,,,,,False,False,False,False,False,False,False,False,False,False,False,False,False,False,False,False,False,True,False,False,False,False,False,True,False,False,False,False,,2026-06-30,2026-07-31
V-04504,EMN.V,EMN,Euro Manganese Inc.,euro manganese,TSXV,,,,,,0,False,Operator,False,True,UK/EUROPE,Czech Republic,1,1,False,False,False,,,12865905.36,142954504,0.09,5-25M,3091484.5,16154987.0,2726.0,6.0,0.2402850334661563,66.28895184135978,76.1744966442953,0.6106023956162123,1134.0735509904623,False,BC,Canada,IPO,2018-10-02,2828.0,2018.0,8.0,TSXV,Mining,20181002.0,,,1181146.0,ASX,OTCQB,,,,False,False,False,False,False,False,False,False,False,False,False,False,False,False,False,False,False,False,False,True,False,False,False,False,False,False,True,False,,2026-06-30,2026-07-31
EUR0015,EOX.V,EOX,Euromax Resources Ltd.,euromax resources,TSXV,,,,,Gold | Copper,2,True,Operator,False,False,UK/EUROPE,Macedonia,1,1,True,False,False,,,65612226.61,937317523,0.0699999999999999,25-100M,406536.0,8586266.0,652.0,6.0,0.0061960402962157,1.41643059490085,2.1739130434782608,0.015745121506857404,623.5214723926381,True,UK,UK/Europe,TSX Comedown,2024-01-09,903.0,2024.0,2.0,TSXV,Mining,20240109.0,,,1187750.0,,,,,,False,True,False,True,False,False,False,False,False,False,False,False,False,False,False,False,False,False,False,False,False,False,False,False,False,False,True,False,,2026-06-30,2026-07-31
V-04820,EVNI.V,EVNI,EV Nickel Inc.,ev nickel,TSXV,,,,,,0,False,Operator,False,True,,,0,0,False,True,True,,,21609572.4,144063816,0.15,5-25M,1442319.0,7076863.0,701.0,6.0,0.0667444488628567,23.135033050047216,24.161073825503358,0.1696082347779029,2057.5164051355205,False,ON,Canada,IPO,2021-12-03,1670.0,2021.0,5.0,TSXV,Mining,20211203.0,,,1185425.0,,,,,,False,False,False,False,False,False,False,False,False,False,False,False,False,False,False,False,False,False,False,False,False,False,False,False,False,False,False,False,,2026-06-30,2026-07-31
V-04603,EVER.V,EVER,Evergold Corp.,evergold,TSXV,,,,,Gold | Silver | Copper,3,True,Operator,False,False,CANADA,BC,1,1,True,False,False,,,10141142.88,23048052,0.44,5-25M,2702198.0,5059711.0,1268.0,6.0,0.2664589220342391,70.25495750708215,79.19463087248322,0.6771143994298588,2131.070977917981,False,ON,Canada,IPO,2019-10-04,2461.0,2019.0,7.0,TSXV,Mining,20191004.0,,,1183256.0,,,,,,False,True,True,True,False,False,False,False,False,False,False,False,False,False,False,False,False,False,False,False,False,False,False,True,False,False,False,False,,2026-06-30,2026-07-31
V-04936,EXCL.V,EXCL,Excalibur Metals Corp.,excalibur metals,TSXV,,,,,Gold | Silver,2,True,Operator,False,False,USA,NV,1,1,True,False,False,,,7636545.96,63637883,0.12,5-25M,1501634.0,6874055.0,720.0,6.0,0.1966378527498576,58.92351274787535,67.4496644295302,0.49968798399922953,2085.6027777777776,False,NV,USA,QT,2025-09-11,292.0,2025.0,1.0,TSXV,Mining,20250911.0,,,1186950.0,,,Y,,,False,True,True,False,False,False,False,False,False,False,False,False,False,False,False,False,False,False,False,False,False,False,False,False,False,False,False,True,,2026-06-30,2026-07-31
EXC0010,EXN.V,EXN,Excellon Resources Inc.,excellon resources,TSXV,,,,,Gold | Silver | Lead | Zinc,4,True,Operator,False,False,LATIN AMERICA | USA,Mexico | ID,2,2,False,False,False,,,132776914.935,384860623,0.345,100-500M,82122052.0,162694684.0,42139.0,6.0,0.6184964610768541,93.20113314447592,90.7103825136612,1.571697643277764,1948.8372291701276,False,ON,Canada,TSX Comedown,2025-05-07,419.0,2025.0,1.0,TSXV,Mining,20250507.0,,,29329.0,,,,,,False,True,True,False,False,False,False,False,False,True,True,False,False,False,False,False,False,False,False,False,False,False,False,False,True,False,False,True,,2026-06-30,2026-07-31
V-00268,EXG.V,EXG,ExGen Resources Inc.,exgen resources,TSXV,,,,,Gold | Copper,2,True,Operator,False,False,CANADA | USA,ON | NV,2,2,True,False,False,,,10369231.76,109149808,0.095,5-25M,1756847.0,14076086.0,1728.0,6.0,0.1694288487964126,51.652502360717655,59.395973154362416,0.4305455877515477,1016.6938657407408,False,AB,Canada,,,,,,TSXV,Mining,,,,1091464.0,,,,,,False,True,False,True,False,False,False,False,False,False,False,False,False,False,False,False,False,False,False,False,False,False,False,True,False,False,False,True,,2026-06-30,2026-07-31
V-04169,FUU.V,FUU,F3 Uranium Corp.,f3 uranium,TSXV,,,,,Uranium,1,False,Operator,False,False,CANADA,SK,1,1,True,False,False,,,85512921.345,633429047,0.135,25-100M,33507963.0,171680612.0,28045.0,6.0,0.3918467814333328,81.11425873465534,89.13043478260869,0.9957448452210614,1194.7927616330896,False,BC,Canada,Other,2013-12-10,4585.0,2013.0,13.0,TSXV,Mining,20131210.0,,,1167790.0,,OTCQB,,,,False,False,False,False,False,False,False,False,False,False,False,False,False,False,True,False,False,False,False,False,False,False,False,True,False,False,False,False,,2026-06-30,2026-07-31
V-5057,FFU.V,FFU,F4 Uranium Corp.,f4 uranium,TSXV,,,,,Uranium,1,False,Operator,False,False,CANADA,SK,1,1,True,False,False,,,9519110.51,82774874,0.1149999999999999,5-25M,3119456.0,25705602.0,6141.0,6.0,0.3277045682706335,75.63739376770539,82.5503355704698,0.8327493042491501,507.9719915323237,False,BC,Canada,Other,2025-03-25,462.0,2025.0,1.0,TSXV,Mining,20250325.0,,,1188680.0,,,,,,False,False,False,False,False,False,False,False,False,False,False,False,False,False,True,False,False,False,False,False,False,False,False,True,False,False,False,False,,2026-06-30,2026-07-31
V-04745,FAIR.V,FAIR,Fairchild Gold Corp.,fairchild gold,TSXV,,,,,Gold | Copper,2,True,Operator,False,False,CANADA | USA,ON | NV,2,2,True,False,False,,,7184577.88,179614447,0.04,5-25M,2822971.0,35965878.0,1682.0,6.0,0.3929209269007186,81.20868744098206,86.91275167785236,0.9984744192863492,1678.3418549346018,False,BC,Canada,IPO,2021-06-16,1840.0,2021.0,5.0,TSXV,Mining,20210616.0,,,1184780.0,,,,,,False,True,False,True,False,False,False,False,False,False,False,False,False,False,False,False,False,False,False,False,False,False,False,True,False,False,False,True,,2026-06-30,2026-07-31
V-03634,FPC.V,FPC,Falco Resources Ltd.,falco resources,TSXV,,,,,Gold,1,False,Operator,False,False,CANADA,QC,1,1,True,False,False,,,169921282.6,350353160,0.485,100-500M,32183390.0,67468695.0,19342.0,6.0,0.189401760082995,57.22379603399433,43.71584699453552,0.48129992439538616,1663.9122117671388,False,QC,Canada,QT,2012-09-25,5026.0,2012.0,14.0,TSXV,Mining,20120925.0,,,1135105.0,,,Y,,,False,True,False,False,False,False,False,False,False,False,False,False,False,False,False,False,False,False,False,False,False,False,False,True,False,False,False,False,,2026-06-30,2026-07-31
V-01758,FLCN.V,FLCN,Falcon Energy Materials PLC,falcon energy materials,TSXV,,,,,,0,False,Operator,False,True,AFRICA,Guinea,1,1,False,False,False,,,136224314.4,170280393,0.8,100-500M,14811055.0,21166194.0,3360.0,6.0,0.1087254875551056,37.39376770538244,24.043715846994534,0.2762887151481235,4408.052083333333,False,UAE,Other,RTO,2017-01-16,3452.0,2017.0,9.0,TSXV,Mining,20170116.0,,,1023402.0,,,,,,False,False,False,False,False,False,False,False,False,False,False,False,False,False,False,False,False,False,False,True,True,False,False,False,False,False,False,False,,2026-06-30,2026-07-31
V-02688,FG.V,FG,Falcon Gold Corp.,falcon gold,TSXV,,,,,Gold,1,False,Operator,False,False,CANADA | LATIN AMERICA,BC | NL | ON | QC | Chile,2,5,True,False,False,,,2372455.08,59311377,0.04,<5M,720836.5,39692346.0,1613.0,6.0,0.3038356789457105,73.93767705382436,84.0,0.7720946692423093,446.89181649101056,False,ON,Canada,QT from NEX,2011-05-03,5537.0,2011.0,15.0,TSXV,Mining,20110503.0,,,1115788.0,,,Y,,,False,True,False,False,False,False,False,False,False,False,False,False,False,False,False,False,False,False,False,False,False,False,False,True,True,False,False,False,,2026-06-30,2026-07-31
V-00690,FNC.V,FNC,Fancamp Exploration Ltd.,fancamp exploration,TSXV,,,,,Gold | Rare Earths,2,True,Operator,False,False,CANADA,QC,1,1,True,False,False,,,36000000.0,240000000,0.15,25-100M,3350309.5,25974209.0,2388.0,6.0,0.0930641527777777,32.48347497639282,35.21739130434783,0.23649077852411482,1402.9771775544389,False,BC,Canada,,,,,,TSXV,Mining,,,,29799.0,,,,,,False,True,False,False,False,False,False,False,False,False,False,True,False,False,False,False,False,True,False,False,False,False,False,True,False,False,False,False,,2026-06-30,2026-07-31
V-02386,FMN.V,FMN,Fidelity Minerals Corp.,fidelity minerals,TSXV,,,,,Gold | Copper,2,True,Operator,False,False,CANADA | LATIN AMERICA,BC | Peru,2,2,True,False,False,,,8650381.2,43251906,0.1999999999999999,5-25M,405724.5,2204105.0,344.0,6.0,0.0469024995106574,14.730878186968837,15.436241610738255,0.11918669318881799,1179.4316860465117,False,BC,Canada,Other,2006-10-25,7188.0,2006.0,20.0,TSXV,Mining,20061025.0,,,1107688.0,SSEV,,,,,False,True,False,True,False,False,False,False,False,False,False,False,False,False,False,False,False,False,False,False,False,False,False,True,True,False,False,False,,2026-06-30,2026-07-31
V-5068,FINX.V,FINX,FinEx Metals Ltd.,finex metals,TSXV,,,,,Gold,1,False,Operator,False,False,UK/EUROPE,Finland,1,1,False,False,False,,,7371796.8,73717968,0.0999999999999999,5-25M,889164.5,7101134.0,825.0,6.0,0.1206170658420753,41.45420207743154,45.97315436241611,0.30650710238989115,1077.7751515151515,False,BC,Canada,Other,2025-06-18,377.0,2025.0,1.0,TSXV,Mining,20250618.0,,,1188870.0,,,,,,False,True,False,False,False,False,False,False,False,False,False,False,False,False,False,False,False,False,False,False,False,False,False,False,False,False,True,False,,2026-06-30,2026-07-31
V-00698,FYL.V,FYL,Finlay Minerals Ltd.,finlay minerals,TSXV,,,,,Gold | Copper,2,True,Operator,False,False,CANADA,BC,1,1,True,False,False,,,15291088.65,169900985,0.09,5-25M,1394642.0,12256648.0,991.0,6.0,0.0912061941384402,32.200188857412655,34.22818791946309,0.2317694108227214,1407.3077699293642,False,BC,Canada,,,,,,TSXV,Mining,,,,1084835.0,,OTCQB,,,,False,True,False,True,False,False,False,False,False,False,False,False,False,False,False,False,False,False,False,False,False,False,False,True,False,False,False,False,,2026-06-30,2026-07-31
V-04525,FFOX.V,FFOX,FireFox Gold Corp.,firefox gold,TSXV,,,,,Gold,1,False,Operator,False,False,UK/EUROPE,Finland,1,1,False,False,False,,,21879911.52,45583149,0.48,5-25M,4708246.0,7379626.0,2973.0,6.0,0.2151857879176652,63.26723323890463,72.14765100671141,0.5468212302269547,1583.6683484695593,False,BC,Canada,IPO,2018-12-21,2748.0,2018.0,8.0,TSXV,Mining,20181221.0,,,1181195.0,,OTCQB,,,,False,True,False,False,False,False,False,False,False,False,False,False,False,False,False,False,False,False,False,False,False,False,False,False,False,False,True,False,,2026-06-30,2026-07-31
V-04341,FWZ.V,FWZ,Fireweed Metals Corp.,fireweed metals,TSXV,,,,,Zinc | Tungsten,2,True,Operator,False,False,CANADA,NT | YT,1,2,True,False,False,,,790145480.52,227053299,3.48,500M-2B,163444872.5,42284318.0,84351.0,6.0,0.2068541509500704,61.18980169971672,41.77215189873418,0.525649218726977,1937.675575867506,False,BC,Canada,IPO,2017-05-29,3319.0,2017.0,9.0,TSXV,Mining,20170529.0,,,1179135.0,,OTCQX,,Y,,False,False,False,False,False,False,False,False,False,False,True,False,False,False,False,False,True,False,False,False,False,False,False,True,False,False,False,False,,2026-06-30,2026-07-31
V-02983,FAS.V,FAS,First Andes Silver Ltd.,first andes silver,TSXV,,,,,Silver,1,False,Operator,False,False,LATIN AMERICA,Peru,1,1,False,False,False,,,6921256.24,86515703,0.08,5-25M,3945031.0,27633724.0,3438.0,6.0,0.5699877107858674,91.59584513692162,94.96644295302013,1.4484292119953097,1147.478475858057,False,BC,Canada,QT from NEX,2021-06-01,1855.0,2021.0,5.0,TSXV,Mining,20210601.0,,,1118539.0,,,Y,,,False,False,True,False,False,False,False,False,False,False,False,False,False,False,False,False,False,False,False,False,False,False,False,False,True,False,False,False,,2026-06-30,2026-07-31
V-04132,FAN.V,FAN,First Atlantic Nickel & Cobalt Corp.,first atlantic nickel cobalt,TSXV,,,,,Nickel,1,False,Operator,False,False,CANADA,NL,1,1,True,False,False,,,131505611.72,152913502,0.86,100-500M,68706954.0,106647702.0,36119.0,6.0,0.522464046221008,90.17941454202078,86.33879781420765,1.327664039844662,1902.238544810211,False,BC,Canada,IPO,2013-06-19,4759.0,2013.0,13.0,TSXV,Mining,20130619.0,,,1162070.0,,OTCQB,,,,False,False,False,False,True,False,False,False,False,False,False,False,False,False,False,False,False,False,False,False,False,False,False,True,False,False,False,False,,2026-06-30,2026-07-31
V-00466,FCI.V,FCI,First Canadian Graphite Inc.,first canadian graphite,TSXV,,,,,Gold,1,False,Operator,False,False,CANADA,BC | QC,1,2,True,False,False,,,12268695.78,45439614,0.2699999999999999,5-25M,2365913.5,6728475.0,2014.0,6.0,0.1928414839217734,57.97922568460812,66.44295302013423,0.4900408084442969,1174.7336146971202,False,BC,Canada,,,,,,TSXV,Mining,,,,14196.0,,OTCQB,,,,False,True,False,False,False,False,False,False,False,False,False,False,False,False,False,False,False,False,False,True,False,False,False,True,False,False,False,False,,2026-06-30,2026-07-31
V-00457,FTZ.V,FTZ,Fitzroy Minerals Inc.,fitzroy minerals,TSXV,,,,,,0,False,Operator,False,True,,,0,0,False,True,True,,,170668861.48,328209349,0.52,100-500M,11589912.0,23912897.0,5943.0,6.0,0.0679087673023363,23.701605288007556,15.300546448087433,0.17256695267285885,1950.178697627461,False,BC,Canada,,,,,,TSXV,Mining,,,,17446.0,,OTCQB,,,,False,False,False,False,False,False,False,False,False,False,False,False,False,False,False,False,False,False,False,False,False,False,False,False,False,False,False,False,,2026-06-30,2026-07-31
V-00713,FEX.V,FEX,Fjordland Exploration Inc.,fjordland exploration,TSXV,,,,,Nickel,1,False,Operator,False,False,CANADA,BC | NL | QC,1,3,True,False,False,,,2073388.275,82935531,0.0249999999999999,<5M,108424.0,4030613.0,215.0,6.0,0.0522931480356712,16.997167138810198,28.999999999999996,0.13288518641503902,504.29767441860463,False,BC,Canada,,,,,,TSXV,Mining,,,,28805.0,,,,,,False,False,False,False,True,False,False,False,False,False,False,False,False,False,False,False,False,False,False,False,False,False,False,True,False,False,False,False,,2026-06-30,2026-07-31
V-03127,FMS.V,FMS,Focus Graphite Inc.,focus graphite,TSXV,,,,,,0,False,Operator,False,True,CANADA,QC,1,1,True,False,False,,,45363109.71,110641731,0.41,25-100M,9665901.0,22945361.0,7428.0,6.0,0.2130784477032714,62.98394711992445,72.17391304347827,0.5414661443744333,1301.2790791599357,False,ON,Canada,Other,2010-05-25,5880.0,2010.0,16.0,TSXV,Mining,20100525.0,,,1128422.0,,OTCQB,,,,False,False,False,False,False,False,False,False,False,False,False,False,False,False,False,False,False,False,False,True,False,False,False,True,False,False,False,False,,2026-06-30,2026-07-31
V-00177,FTJ.V,FTJ,Fort St. James Nickel Corp.,fort st james nickel,TSXV,,,,,Gold,1,False,Operator,False,False,CANADA,BC | NB,1,2,True,False,False,,,1049930.48,26248262,0.04,<5M,21945.0,487346.0,57.0,6.0,0.020901383870673,5.193578847969783,11.0,0.053113732799028375,385.0,False,BC,Canada,,,,,,TSXV,Mining,,,,1023933.0,,,,,,False,True,False,False,False,False,False,False,False,False,False,False,False,False,False,False,False,False,False,True,False,False,False,True,False,False,False,False,,2026-06-30,2026-07-31
V-04300,FOR.V,FOR,Fortune Bay Corp.,fortune bay,TSXV,,,,,Gold | Uranium,2,True,Operator,False,False,CANADA | LATIN AMERICA,SK | Mexico,2,2,True,False,False,,,44054336.34,69927518,0.63,25-100M,7805291.0,10330355.0,3398.0,6.0,0.1771741818957566,53.63550519357885,57.391304347826086,0.45022770809455714,2297.025014714538,False,NS,Canada,Other,2016-07-05,3647.0,2016.0,10.0,TSXV,Mining,20160705.0,,,1176910.0,,OTCQB,,,,False,True,False,False,False,False,False,False,False,False,False,False,False,False,True,False,False,False,False,False,False,False,False,True,True,False,False,False,,2026-06-30,2026-07-31
V-04700,FDR.V,FDR,Founders Metals Inc.,founders metals,TSXV,,,,,Gold,1,False,Operator,False,False,LATIN AMERICA,Suriname,1,1,False,False,False,,,445890685.44,116117366,3.84,100-500M,132423783.5,30427207.0,76425.0,6.0,0.2969871042928956,73.46553352219075,61.20218579234973,0.7546913543989225,1732.7286032057573,False,AB,Canada,Other,2021-03-03,1945.0,2021.0,5.0,TSXV,Mining,20210303.0,,,1184627.0,,OTCQB,,Y,,False,True,False,False,False,False,False,False,False,False,False,False,False,False,False,False,False,False,False,False,False,False,False,False,True,False,False,False,,2026-06-30,2026-07-31
V-02348,FOXT.V,FOXT,Fox Tungsten Ltd.,fox tungsten,TSXV,,,,,Copper | Tungsten,2,True,Operator,False,False,CANADA,BC,1,1,True,False,False,,,48105137.5,274886500,0.175,25-100M,6117243.0,34158968.0,3791.0,6.0,0.1271640269191622,43.342776203966004,47.391304347826086,0.32314396928088884,1613.6225270377208,False,BC,Canada,Other,2006-08-09,7265.0,2006.0,20.0,TSXV,Mining,20060809.0,,,1107290.0,,,,,,False,False,False,True,False,False,False,False,False,False,False,False,False,False,False,False,True,False,False,False,False,False,False,True,False,False,False,False,,2026-06-30,2026-07-31
V-00708,FPX.V,FPX,FPX Nickel Corp.,fpx nickel,TSXV,,,,,Nickel,1,False,Operator,False,False,CANADA,BC | YT,1,2,True,False,False,,,118500000.0,316000000,0.375,100-500M,7708015.5,14509327.0,7755.0,6.0,0.0650465443037974,22.285174693106704,13.661202185792352,0.16529358988997944,993.9413926499032,False,BC,Canada,TSX Comedown,2016-10-17,3543.0,2016.0,10.0,TSXV,Mining,20161017.0,,,1023511.0,,OTCQB,,,,False,False,False,False,True,False,False,False,False,False,False,False,False,False,False,False,False,False,False,False,False,False,False,True,False,False,False,False,,2026-06-30,2026-07-31
V-04076,FRED.V,FRED,Fredonia Mining Inc.,fredonia mining,TSXV,,,,,Gold | Silver,2,True,Operator,False,False,LATIN AMERICA,Argentina,1,1,True,False,False,,,27237441.42,64851051,0.42,25-100M,12637910.0,23018092.0,5692.0,6.0,0.4639903508234878,87.15769593956563,92.17391304347827,1.179073101927227,2220.293394237526,False,Argentina,Latin America,QT from NEX,2021-07-14,1812.0,2021.0,5.0,TSXV,Mining,20210714.0,,,1160860.0,,,Y,,,False,True,True,False,False,False,False,False,False,False,False,False,False,False,False,False,False,False,False,False,False,False,False,False,True,False,False,False,,2026-06-30,2026-07-31
V-04845,FMAN.V,FMAN,Freeman Gold Corp.,freeman gold,TSXV,,,,,Gold,1,False,Operator,False,False,USA,NV,1,1,False,False,False,,,103934247.14,310251484,0.335,100-500M,12860607.0,38772010.0,4463.0,6.0,0.1237379146324761,42.58734655335222,27.86885245901639,0.3144376743455644,2881.6058704907014,False,BC,Canada,Other,2022-02-08,1603.0,2022.0,4.0,TSXV,Mining,20220208.0,,,1186030.0,,OTCQB,,,,False,True,False,False,False,False,False,False,False,False,False,False,False,False,False,False,False,False,False,False,False,False,False,False,False,False,False,True,,2026-06-30,2026-07-31
V-00734,FRI.V,FRI,Freeport Resources Inc.,freeport resources,TSXV,,,,,Copper,1,False,Operator,False,False,AUS/NZ/PNG,Papua New Guinea,1,1,False,False,False,,,17088540.84,379745352,0.045,5-25M,3365578.0,46034139.0,3399.0,6.0,0.1969494078816854,59.20679886685553,68.12080536912751,0.5004796950230765,990.1671079729332,False,BC,Canada,,,,,,TSXV,Mining,,,,29960.0,,OTCQB,,,,False,False,False,True,False,False,False,False,False,False,False,False,False,False,False,False,False,False,False,False,False,False,True,False,False,False,False,False,,2026-06-30,2026-07-31
V-00930,FL.V,FL,Frontier Lithium Inc.,frontier lithium,TSXV,,,,,Lithium,1,False,Operator,False,False,CANADA,ON,1,1,True,False,False,,,115260838.86,250567041,0.46,100-500M,29188286.0,42318072.0,18041.0,6.0,0.2532368000154255,68.55524079320114,56.830601092896174,0.6435148894505799,1617.886259076548,False,ON,Canada,,1995-04-10,11404.0,1995.0,31.0,TSXV,Mining,19950410.0,,,1023563.0,,OTCQX,,Y,,False,False,False,False,False,False,False,False,False,False,False,False,False,True,False,False,False,False,False,False,False,False,False,True,False,False,False,False,,2026-06-30,2026-07-31
V-00740,FMM.V,FMM,Full Metal Minerals Ltd.,full metal minerals,TSXV,,,,,Gold,1,False,Operator,False,False,USA,AK,1,1,False,False,False,,,2075935.96,59312456,0.0349999999999999,<5M,59903.0,1330883.0,111.0,6.0,0.0288558997744805,7.459867799811143,14.000000000000002,0.0733274198388257,539.6666666666666,False,BC,Canada,,,,,,TSXV,Mining,,,,1094723.0,,,,,,False,True,False,False,False,False,False,False,False,False,False,False,False,False,False,False,False,False,False,False,False,False,False,False,False,False,False,True,,2026-06-30,2026-07-31
V-02165,FUSE.V,FUSE,Fuse Battery Metals Inc.,fuse battery metals,TSXV,,,,,Lithium,1,False,Operator,False,False,CANADA | USA,ON | NV,2,2,True,False,False,,,940743.625,37629745,0.025,<5M,,,,,,,,,,True,BC,Canada,,,,,,TSXV,Mining,,,,1065762.0,,OTCQB,,,,False,False,False,False,False,False,False,False,False,False,False,False,False,True,False,False,False,False,False,True,False,False,False,True,False,False,False,True,,2026-06-30,2026-07-31
V-01749,FTUR.V,FTUR,Future Fuels Inc.,future fuels,TSXV,,,,,Uranium,1,False,Operator,False,False,CANADA,NU | QC,1,2,True,False,False,,,41846662.135,94037443,0.4449999999999999,25-100M,4702098.0,7599938.0,3125.0,6.0,0.1123649476469767,38.904627006610006,42.608695652173914,0.285537160707922,1504.67136,False,BC,Canada,,,,,,TSXV,Mining,,,,14495.0,,,,,,False,False,False,False,False,False,False,False,False,False,False,False,False,False,True,False,False,False,False,False,False,False,False,True,False,False,False,False,,2026-06-30,2026-07-31
V-04407,GBU.V,GBU,Gabriel Resources Ltd.,gabriel resources,TSXV,,,,,Gold | Silver,2,True,Operator,False,False,UK/EUROPE,Romania,1,1,True,False,False,,,48514102.175,277223441,0.175,25-100M,559262.5,4117451.0,988.0,6.0,0.011527833659224,2.7384324834749765,2.608695652173913,0.029294054427983485,566.0551619433198,False,England,UK/Europe,TSX Comedown,2018-02-01,3071.0,2018.0,8.0,TSXV,Mining,20180201.0,,,1180667.0,,,,,,False,True,True,False,False,False,False,False,False,False,False,False,False,False,False,False,False,False,False,False,False,False,False,False,False,False,True,False,,2026-06-30,2026-07-31
V-04620,GGAU.V,GGAU,Galactic Gold Corp.,galactic gold,TSXV,,,,,Gold,1,False,Operator,False,False,CANADA,ON,1,1,True,False,False,,,10370383.38,49382778,0.21,5-25M,1856808.5,6896340.0,929.0,6.0,0.1790491664542492,54.48536355051936,61.74496644295302,0.45499234135799455,1998.7174381054897,False,BC,Canada,QT,2025-11-05,237.0,2025.0,1.0,TSXV,Mining,20251105.0,,,1183050.0,,,Y,,,False,True,False,False,False,False,False,False,False,False,False,False,False,False,False,False,False,False,False,False,False,False,False,True,False,False,False,False,,2026-06-30,2026-07-31
V-00754,GAL.V,GAL,Galantas Gold Corporation,galantas gold,TSXV,,,,,Gold,1,False,Operator,False,False,UK/EUROPE,Ireland,1,1,False,False,False,,,338947642.0,736842700,0.46,100-500M,30220675.0,63262566.0,10588.0,3.0,0.089160304587692,31.633616619452315,20.21857923497268,0.2265704808567859,2854.2382886286364,True,ON,Canada,,,,,,TSXV,Mining,,,,1062292.0,AIM,OTCQX,,,,False,True,False,False,False,False,False,False,False,False,False,False,False,False,False,False,False,False,False,False,False,False,False,False,False,False,True,False,,2026-06-30,2026-07-31
V-01357,GGO.V,GGO,Galleon Gold Corp.,galleon gold,TSXV,,,,,Gold,1,False,Operator,False,False,CANADA | USA,ON | ID,2,2,True,False,False,,,136469682.98,135118498,1.01,100-500M,48690411.0,44014298.0,32235.0,6.0,0.3567855507302359,77.99811142587346,66.12021857923497,0.9066486949043209,1510.4827361563518,False,ON,Canada,TSX Comedown,2013-10-10,4646.0,2013.0,13.0,TSXV,Mining,20131010.0,,,27626.0,,,,,Y,False,True,False,False,False,False,False,False,False,False,False,False,False,False,False,False,False,False,False,False,False,False,False,True,False,False,False,True,,2026-06-30,2026-07-31
V-02474,GRI.V,GRI,Galore Resources Inc.,galore resources,TSXV,,,,,Gold,1,False,Operator,False,False,LATIN AMERICA,Mexico,1,1,False,False,False,,,1773006.69,177300669,0.01,<5M,52153.0,3570245.0,194.0,6.0,0.0294150046326108,7.837582625118037,15.0,0.07474819399546127,268.8298969072165,False,BC,Canada,Other,2007-03-19,7043.0,2007.0,19.0,TSXV,Mining,20070319.0,,,1106069.0,,OTCQB,,,,False,True,False,False,False,False,False,False,False,False,False,False,False,False,False,False,False,False,False,False,False,False,False,False,True,False,False,False,,2026-06-30,2026-07-31
V-04096,GWM.V,GWM,Galway Metals Inc.,galway metals,TSXV,,,,,Gold | Zinc,2,True,Operator,False,False,CANADA,NB | QC,1,2,True,False,False,,,76089876.8,135874780,0.5599999999999999,25-100M,43643022.0,62618975.0,23252.0,6.0,0.5735719892767654,91.69027384324835,95.21739130434783,1.4575374323514736,1876.9577670738,False,ON,Canada,Other,2013-01-04,4925.0,2013.0,13.0,TSXV,Mining,20130104.0,,,1161505.0,,OTCQB,,,,False,True,False,False,False,False,False,False,False,False,True,False,False,False,False,False,False,False,False,False,False,False,False,True,False,False,False,False,,2026-06-30,2026-07-31
V-01247,GAMA.V,GAMA,Gamma Resources Ltd.,gamma resources,TSXV,,,,,Iron,1,False,Operator,False,False,CANADA,QC,1,1,True,False,False,,,3351389.195,35277781,0.095,<5M,721950.0,6879198.0,931.0,6.0,0.2154181320024217,63.45609065155807,77.5,0.5474116534119242,775.4564983888292,False,BC,Canada,,,,,,TSXV,Mining,,,,22311.0,,,,,,False,False,False,False,False,False,False,False,True,False,False,False,False,False,False,False,False,False,False,False,False,False,False,True,False,False,False,False,,2026-06-30,2026-07-31
V-00761,GGI.V,GGI,Garibaldi Resources Corp.,garibaldi resources,TSXV,,,,,Gold | Copper | Nickel | Platinum/PGM,4,True,Operator,False,False,CANADA | LATIN AMERICA,BC | Mexico,2,2,True,False,False,,,13683649.95,152040555,0.09,5-25M,1106135.5,8373463.0,1351.0,6.0,0.0808362903203322,28.328611898016998,30.536912751677853,0.20541783984758505,818.7531458179127,False,BC,Canada,,,,,,TSXV,Mining,,,,1023604.0,,,,,,False,True,False,True,True,False,False,True,False,False,False,False,False,False,False,False,False,False,False,True,False,False,False,True,True,False,False,False,,2026-06-30,2026-07-31
V-04446,BEEP.V,BEEP,Geiger Energy Corporation,geiger energy,TSXV,,,,,,0,False,Operator,False,True,,,0,0,False,True,True,,,16740986.45,88110455,0.19,5-25M,2813373.5,10633511.0,3265.0,6.0,0.1680530301128103,51.55807365439094,59.06040268456376,0.4270494141779263,861.6764165390506,False,AB,Canada,QT,2020-06-10,2211.0,2020.0,6.0,TSXV,Mining,20200610.0,,,1181245.0,,OTCQB,Y,,,False,False,False,False,False,False,False,False,False,False,False,False,False,False,False,False,False,False,False,False,False,False,False,False,False,False,False,False,,2026-06-30,2026-07-31
V-5090,GEMG.V,GEMG,Gemdale Gold Inc.,gemdale gold,TSXV,,,,,Gold | Silver,2,True,Operator,False,False,UK/EUROPE,Finland,1,1,False,False,False,,,33154246.32,21252722,1.56,25-100M,985097.0,712772.0,908.0,5.0,0.0297125439224884,8.026440037771483,6.521739130434782,0.07550428854104516,1084.90859030837,True,BC,Canada,Other,2026-02-11,139.0,2026.0,0.0,TSXV,Mining,20260211.0,,,1188575.0,,,,,,False,True,True,False,False,False,False,False,False,False,False,False,False,False,False,False,False,False,False,False,False,False,False,False,False,False,True,False,,2026-06-30,2026-07-31
V-04605,GEN.V,GEN,Generation Uranium Inc.,generation uranium,TSXV,,,,,,0,False,Operator,False,True,,,0,0,False,True,True,,,4958341.15,70833445,0.07,<5M,1218627.5,15218607.0,1378.0,6.0,0.2457732259911159,67.04438149197355,80.5,0.6245487636234205,884.3450653120465,False,BC,Canada,QT,2022-12-28,1280.0,2022.0,4.0,TSXV,Mining,20221228.0,,,1183281.0,,OTCQB,Y,,,False,False,False,False,False,False,False,False,False,False,False,False,False,False,False,False,False,False,False,False,False,False,False,False,False,False,False,False,,2026-06-30,2026-07-31
V-00161,GSP.V,GSP,Gensource Potash Corporation,gensource potash,TSXV,,,,,Potash,1,False,Operator,False,False,CANADA,SK,1,1,True,False,False,,,57401592.12,478346601,0.12,25-100M,3801440.0,28097484.0,3769.0,6.0,0.0662253407893801,22.6628895184136,21.73913043478261,0.16828909879728784,1008.6070575749536,False,ON,Canada,,,,,,TSXV,Mining,,,,1011549.0,AIM,,,,,False,False,False,False,False,False,False,False,False,False,False,False,True,False,False,False,False,False,False,False,False,False,False,True,False,False,False,False,,2026-06-30,2026-07-31
V-03636,GMA.V,GMA,Geomega Resources Inc.,geomega resources,TSXV,,,,,Rare Earths,1,False,Operator,False,False,CANADA,QC,1,1,True,False,False,,,48467220.92,167128348,0.29,25-100M,5729642.5,17860753.0,4673.0,6.0,0.1182168564906444,40.50991501416431,44.78260869565218,0.3004077895911581,1226.1165204365504,False,QC,Canada,IPO,2010-09-30,5752.0,2010.0,16.0,TSXV,Mining,20100930.0,,,1137321.0,,OTCQB,,,,False,False,False,False,False,False,False,False,False,False,False,True,False,False,False,False,False,False,False,True,False,False,False,True,False,False,False,False,,2026-06-30,2026-07-31
V-00782,GTC.V,GTC,Getty Copper Inc.,getty copper,TSXV,,,,,Gold | Copper,2,True,Operator,False,False,CANADA,BC,1,1,True,False,False,,,61940214.85,364354205,0.17,25-100M,4500992.0,24560627.0,2326.0,4.0,0.0726667159760425,25.30689329556185,24.782608695652176,0.18465765518760008,1935.0782459157351,True,BC,Canada,,,,,,TSXV,Mining,,,,22045.0,,,,,,False,True,False,True,False,False,False,False,False,False,False,False,False,False,False,False,False,False,False,False,False,False,False,True,False,False,False,False,,2026-06-30,2026-07-31
V-04020,GFG.V,GFG,GFG Resources Inc.,gfg resources,TSXV,,,,,Gold,1,False,Operator,False,False,CANADA | USA,ON | WY,2,2,True,False,False,,,68446191.375,304205295,0.225,25-100M,4409721.0,26592224.0,2329.0,6.0,0.0644260975141803,21.718602455146367,20.869565217391305,0.16371693615242586,1893.3967367969085,False,SK,Canada,QT from NEX,2016-10-27,3533.0,2016.0,10.0,TSXV,Mining,20161027.0,,,1155600.0,,OTCQB,Y,,,False,True,False,False,False,False,False,False,False,False,False,False,False,False,False,False,False,False,False,False,False,False,False,True,False,False,False,True,,2026-06-30,2026-07-31
V-00748,GGL.V,GGL,GGL Resources Corp.,ggl resources,TSXV,,,,,Gold,1,False,Operator,False,False,CANADA | USA,BC | NV,2,2,True,False,False,,,5739661.125,104357475,0.055,5-25M,106409.0,1793583.0,202.0,6.0,0.0185392478201402,4.4381491973559966,4.3624161073825505,0.0471111702988971,526.7772277227723,False,BC,Canada,,,,,,TSXV,Mining,,,,20855.0,,,,,,False,True,False,False,False,False,False,False,False,False,False,False,False,False,False,False,False,False,False,False,False,False,False,True,False,False,False,True,,2026-06-30,2026-07-31
V-03735,GGX.V,GGX,GGX Gold Corp.,ggx gold,TSXV,,,,,Gold | Silver,2,True,Operator,False,False,CANADA,BC,1,1,True,False,False,,,1919719.0,38394380,0.05,<5M,130094.0,1859686.0,320.0,6.0,0.0677672096801667,23.60717658168083,39.0,0.17220723229424154,406.54375,False,BC,Canada,IPO,2011-02-16,5613.0,2011.0,15.0,TSXV,Mining,20110216.0,,,1138395.0,,,,,,False,True,True,False,False,False,False,False,False,False,False,False,False,False,False,False,False,False,False,True,False,False,False,True,False,False,False,False,,2026-06-30,2026-07-31
V-00899,GIGA.V,GIGA,Giga Metals Corporation,giga metals,TSXV,,,,,Nickel,1,False,Operator,False,False,CANADA,BC,1,1,True,False,False,,,11855979.075,158079721,0.075,5-25M,2079717.5,18625993.0,2666.0,6.0,0.1754150784885726,52.785646836638335,60.40268456375839,0.4457575472232417,780.0890847711928,False,BC,Canada,TSX Comedown,2014-10-20,4271.0,2014.0,12.0,TSXV,Mining,20141020.0,,,15138.0,,OTCQX,,,,False,False,False,False,True,False,False,False,False,False,False,False,False,False,False,False,False,False,False,False,False,False,False,True,False,False,False,False,,2026-06-30,2026-07-31
V-02725,EMM.V,EMM,Giyani Metals Corp.,giyani metals,TSXV,,,,,,0,False,Operator,False,True,AFRICA,Botswana,1,1,False,False,False,,,30045332.25,333837025,0.09,25-100M,1020062.0,11382141.0,992.0,6.0,0.0339507645151768,9.34844192634561,7.391304347826087,0.08627427953763397,1028.288306451613,False,ON,Canada,QT,2009-11-20,6066.0,2009.0,17.0,TSXV,Mining,20091120.0,,,1116051.0,,,Y,,,False,False,False,False,False,False,False,False,False,False,False,False,False,False,False,False,False,False,False,True,True,False,False,False,False,False,False,False,,2026-06-30,2026-07-31
V-03855,GLAD.V,GLAD,Gladiator Metals Corp.,gladiator metals,TSXV,,,,,Gold | Copper,2,True,Operator,False,False,AUS/NZ/PNG | CANADA,Australia | YT,2,2,True,False,False,,,392802916.87,105876797,3.71,100-500M,40601297.0,23528389.0,23340.0,6.0,0.1033630231759129,35.316336166194525,22.404371584699454,0.26266184230835976,1739.5585689802913,False,BC,Canada,QT from NEX,2021-10-14,1720.0,2021.0,5.0,TSXV,Mining,20211014.0,,,1148670.0,,OTCQB,Y,,,False,True,False,True,False,False,False,False,False,False,False,False,False,False,False,False,False,False,False,False,False,False,True,True,False,False,False,False,,2026-06-30,2026-07-31
V-01436,GER.V,GER,Glen Eagle Resources Inc.,glen eagle resources,TSXV,,,,,Gold,1,False,Operator,False,False,LATIN AMERICA,Honduras,1,1,False,False,False,,,729009.925,145801985,0.005,<5M,,,,,,,,,,True,QC,Canada,,,,,,TSXV,Mining,,,,1079919.0,,,,,,False,True,False,False,False,False,False,False,False,False,False,False,False,False,False,False,False,False,False,False,False,False,False,False,True,False,False,False,,2026-06-30,2026-07-31
V-04194,GBML.V,GBML,Global Battery Metals Ltd.,global battery metals,TSXV,,,,,Copper | Lithium,2,True,Operator,False,False,LATIN AMERICA | UK/EUROPE | USA,Peru | Ireland | UT,3,3,False,False,False,,,2153819.415,14853927,0.145,<5M,224079.0,1259731.0,668.0,6.0,0.1040379701470933,35.88290840415486,54.0,0.2643769896547079,335.4476047904192,False,BC,Canada,TSX Comedown,2014-04-28,4446.0,2014.0,12.0,TSXV,Mining,20140428.0,,,1169135.0,,OTCQB,,,,False,False,False,True,False,False,False,False,False,False,False,False,False,True,False,False,False,False,False,False,False,False,False,False,True,False,True,True,,2026-06-30,2026-07-31
V-02157,CUCU.V,CUCU,Global Copper Corp.,global copper,TSXV,,,,,Copper,1,False,Operator,False,False,USA,NV,1,1,False,False,False,,,906454.76,45322738,0.02,<5M,179018.0,6389832.0,564.0,6.0,0.1974924815883806,59.39565627950897,75.5,0.5018597314802825,317.4078014184397,False,ON,Canada,,,,,,TSXV,Mining,,,,1023879.0,,,,,,False,False,False,True,False,False,False,False,False,False,False,False,False,False,False,False,False,False,False,False,False,False,False,False,False,False,False,True,,2026-06-30,2026-07-31
V-04330,GEMC.V,GEMC,Global Energy Metals Corporation,global energy metals,TSXV,,,,,Gold | Copper | Nickel,3,True,Operator,False,False,AUS/NZ/PNG | UK/EUROPE | USA,Australia | Norway | ID | NV,3,4,False,False,False,,,1689303.175,67572127,0.025,<5M,81267.0,2687758.0,305.0,6.0,0.0481068177711795,15.29745042492918,27.0,0.12224705697573995,266.4491803278689,False,BC,Canada,Other,2017-03-01,3408.0,2017.0,9.0,TSXV,Mining,20170301.0,,,1175125.0,,OTCQB,,,,False,True,False,True,True,False,False,False,False,False,False,False,False,False,False,False,False,False,False,True,False,False,True,False,False,False,True,True,,2026-06-30,2026-07-31
V-02411,GMV.V,GMV,GMV Minerals Inc.,gmv minerals,TSXV,,,,,Gold,1,False,Operator,False,False,USA,AZ,1,1,False,False,False,,,15331293.25,122650346,0.125,5-25M,7888109.0,35282979.0,4805.0,6.0,0.5145103463466789,89.61284230406044,93.28859060402685,1.3074524264652472,1641.6459937565037,False,BC,Canada,QT,2008-01-04,6752.0,2008.0,18.0,TSXV,Mining,20080104.0,,,1109065.0,,OTCQB,Y,,,False,True,False,False,False,False,False,False,False,False,False,False,False,False,False,False,False,False,False,False,False,False,False,False,False,False,False,True,,2026-06-30,2026-07-31
V-02849,GG.V,GG,Golconda Gold Ltd.,golconda gold,TSXV,,,,,Gold,1,False,Operator,False,False,AFRICA | USA,South Africa | NM,2,2,False,False,False,,,155654969.16,71401362,2.18,100-500M,33210298.0,11234572.0,14956.0,6.0,0.2133584181682157,63.078375826251175,49.18032786885246,0.5421775937482489,2220.5334313987696,False,ON,Canada,QT from NEX,2011-09-06,5411.0,2011.0,15.0,TSXV,Mining,20110906.0,,,1118764.0,,OTCQB,Y,Y,Y,False,True,False,False,False,False,False,False,False,False,False,False,False,False,False,False,False,False,False,False,True,False,False,False,False,False,False,True,,2026-06-30,2026-07-31
V-01371,GLD.V,GLD,Gold Finder Resources Ltd.,gold finder resources,TSXV,,,,,Gold,1,False,Operator,False,False,CANADA,ON,1,1,True,False,False,,,4126512.06,68775201,0.06,<5M,1690951.5,17694905.0,2541.0,6.0,0.4097774283495005,82.53068932955618,88.5,1.0413094640573923,665.4669421487604,False,BC,Canada,,,,,,TSXV,Mining,,,,35273.0,,,,,,False,True,False,False,False,False,False,False,False,False,False,False,False,False,False,False,False,False,False,False,False,False,False,True,False,False,False,False,,2026-06-30,2026-07-31
V-5056,HART.V,HART,Gold Hart Copper Corp.,gold hart copper,TSXV,,,,,Gold | Silver | Copper,3,True,Operator,False,False,LATIN AMERICA,Chile,1,1,False,False,False,,,48535080.24,211022088,0.23,25-100M,9661338.0,30587389.0,4166.0,6.0,0.1990588653037323,59.773371104815865,66.95652173913044,0.5058401610361777,2319.09217474796,False,ON,Canada,Other,2025-03-21,466.0,2025.0,1.0,TSXV,Mining,20250321.0,,,1188475.0,,,,,,False,True,True,True,False,False,False,False,False,False,False,False,False,False,False,False,False,False,False,False,False,False,False,False,True,False,False,False,,2026-06-30,2026-07-31
V-03959,GRZ.V,GRZ,Gold Reserve Inc.,gold reserve,TSXV,,,,,Gold,1,False,Operator,False,False,USA,AK,1,1,True,False,False,,,961148714.5,147869033,6.5,500M-2B,40735599.5,7321328.0,16712.0,6.0,0.042382202551445,12.936732766761095,10.126582278481013,0.10769990138836023,2437.5059538056485,False,WA,USA,TSX Comedown,2012-02-01,5263.0,2012.0,14.0,TSXV,Mining,20120201.0,,,1154445.0,SSEV,,,,,False,True,False,False,False,False,False,False,False,False,False,False,False,False,False,False,False,False,False,False,False,False,False,False,False,False,False,True,,2026-06-30,2026-07-31
V-01289,GST.V,GST,Gold Strategy Inc.,gold strategy,TSXV,,,,,Gold,1,False,Operator,False,False,CANADA,BC,1,1,True,False,False,,,3340401.12,2061976,1.62,<5M,339074.5,180256.0,494.0,6.0,0.1015071207975166,34.938621340887636,52.5,0.2579456998922813,686.3856275303643,False,BC,Canada,,,,,,TSXV,Mining,,,,15667.0,,,,,,False,True,False,False,False,False,False,False,False,False,False,False,False,False,False,False,False,False,False,False,False,False,False,True,False,False,False,False,,2026-06-30,2026-07-31
V-02307,GSR.V,GSR,Gold Strike Resources Corp.,gold strike resources,TSXV,,,,,Gold | Copper,2,True,Operator,False,False,CANADA,BC | QC | YT,1,3,True,False,False,,,70220885.85,156046413,0.4499999999999999,25-100M,10849795.0,19254413.0,4617.0,6.0,0.1545095147785009,48.725212464589234,51.30434782608696,0.3926331927890938,2349.9664284167206,False,BC,Canada,Other,2006-05-17,7349.0,2006.0,20.0,TSXV,Mining,20060517.0,,,1104541.0,,,,,,False,True,False,True,False,False,False,False,False,False,False,False,False,False,False,False,False,False,False,False,False,False,False,True,False,False,False,False,,2026-06-30,2026-07-31
V-02870,YGT.V,YGT,Gold Terra Resource Corp.,gold terra resource,TSXV,,,,,,0,False,Operator,False,True,,,0,0,False,True,True,,,86736784.54,468847484,0.185,25-100M,10867038.0,51292355.0,7938.0,6.0,0.1252875358203819,42.870632672332384,46.52173913043478,0.31837550765954054,1368.989417989418,False,BC,Canada,IPO,2008-07-03,6571.0,2008.0,18.0,TSXV,Mining,20080703.0,,,1117336.0,,OTCQX,,,,False,False,False,False,False,False,False,False,False,False,False,False,False,False,False,False,False,False,False,False,False,False,False,False,False,False,False,False,,2026-06-30,2026-07-31
V-03701,AUXX.V,AUXX,Gold X2 Mining Inc.,gold x2 mining,TSXV,,,,,Gold,1,False,Operator,False,False,CANADA,ON,1,1,True,False,False,,,651337713.04,547342616,1.19,500M-2B,215451877.5,163672606.0,106408.0,6.0,0.330783667499334,76.01510859301227,67.08860759493672,0.8405737839442177,2024.771422261484,False,BC,Canada,RTO from NEX,2021-06-04,1852.0,2021.0,5.0,TSXV,Mining,20210604.0,,,1135745.0,,OTCQB,,Y,,False,True,False,False,False,False,False,False,False,False,False,False,False,False,False,False,False,False,False,False,False,False,False,True,False,False,False,False,,2026-06-30,2026-07-31
V-00199,GLB.V,GLB,Goldbank Mining Corporation,goldbank mining,TSXV,,,,,Gold,1,False,Operator,False,False,CANADA,YT,1,1,True,False,False,,,51980731.02,192521226,0.27,25-100M,87627.0,245201.0,89.0,6.0,0.0016857592858069,0.4721435316336166,0.8695652173913043,0.004283781821521551,984.5730337078652,True,BC,Canada,,,,,,TSXV,Mining,,,,14380.0,,,,,,False,True,False,False,False,False,False,False,False,False,False,False,False,False,False,False,False,False,False,False,False,False,False,True,False,False,False,False,,2026-06-30,2026-07-31
V-00816,GCN.V,GCN,Goldcliff Resource Corporation,goldcliff resource,TSXV,,,,,Gold | Silver | Copper,3,True,Operator,False,False,CANADA | USA,BC | NV,2,2,True,False,False,,,2829676.745,80847907,0.035,<5M,349017.5,6372907.0,521.0,6.0,0.1233418271598369,42.30406043437205,61.0,0.31343115323112664,669.8992322456813,False,BC,Canada,,,,,,TSXV,Mining,,,,20469.0,,,,,,False,True,True,True,False,False,False,False,False,False,False,False,False,False,False,False,False,False,False,False,False,False,False,True,False,False,False,True,,2026-06-30,2026-07-31
V-00819,GRG.V,GRG,Golden Arrow Resources Corporation,golden arrow resources,TSXV,,,,,Gold | Copper,2,True,Operator,False,False,LATIN AMERICA,Argentina | Chile,1,2,False,False,False,,,15247493.64,169416596,0.09,5-25M,1592015.0,18620803.0,1332.0,6.0,0.1044115864277874,35.977337110481585,38.92617449664429,0.26532640790495116,1195.2064564564564,False,BC,Canada,,,,,,TSXV,Mining,,,,1096692.0,,OTCQB,,,,False,True,False,True,False,False,False,False,False,False,False,False,False,False,False,False,False,False,False,True,False,False,False,False,True,False,False,False,,2026-06-30,2026-07-31
V-04245,AUX.V,AUX,Golden Cross Resources Inc.,golden cross resources,TSXV,,,,,Gold,1,False,Operator,False,False,AUS/NZ/PNG,Australia,1,1,False,False,False,,,11498296.65,76655311,0.15,5-25M,5040309.0,19714915.0,4564.0,6.0,0.4383526667839101,85.74126534466477,90.93959731543623,1.1139236788990856,1104.3621822962314,False,BC,Canada,TSX Comedown,2015-03-31,4109.0,2015.0,11.0,TSXV,Mining,20150331.0,,,1174396.0,,,,,,False,True,False,False,False,False,False,False,False,False,False,False,False,False,False,False,False,False,False,False,False,False,True,False,False,False,False,False,,2026-06-30,2026-07-31
V-00825,GNG.V,GNG,Golden Goliath Resources Ltd.,golden goliath resources,TSXV,,,,,Rare Earths,1,False,Operator,False,False,CANADA,ON | QC,1,2,True,False,False,,,5437065.2,54370652,0.1,5-25M,393113.5,3142851.0,444.0,6.0,0.0723025171741549,25.02360717658168,26.174496644295303,0.18373216824525818,885.3907657657658,False,BC,Canada,,,,,,TSXV,Mining,,,,1023020.0,,,,,,False,False,False,False,False,False,False,False,False,False,False,True,False,False,False,False,False,False,False,False,False,False,False,True,False,False,False,False,,2026-06-30,2026-07-31
V-00245,GDP.V,GDP,Golden Pursuit Resources Ltd.,golden pursuit resources,TSXV,,,,,Gold | Silver,2,True,Operator,False,False,CANADA | USA,NT | NV,2,2,True,False,False,,,14837394.0,44961800,0.33,5-25M,643531.5,2077047.0,370.0,6.0,0.0433722727859083,13.314447592067987,14.093959731543624,0.1102158269467316,1739.2743243243244,False,BC,Canada,RTO,2005-01-19,7832.0,2005.0,21.0,TSXV,Mining,20050119.0,,,1023713.0,,,,,,False,True,True,False,False,False,False,False,False,False,False,False,False,False,False,False,False,False,False,False,False,False,False,True,False,False,False,True,,2026-06-30,2026-07-31
V-03870,GLDN.V,GLDN,Golden Ridge Resources Ltd.,golden ridge resources,TSXV,,,,,Gold | Silver,2,True,Operator,False,False,CANADA,BC | NL,1,2,True,False,False,,,3512479.2,58541320,0.06,<5M,404746.5,7141409.0,427.0,6.0,0.115231002649069,39.6600566572238,57.49999999999999,0.2928202612198474,947.884074941452,False,BC,Canada,RTO,2017-10-19,3176.0,2017.0,9.0,TSXV,Mining,20171019.0,,,1148995.0,,,Y,,,False,True,True,False,False,False,False,False,False,False,False,False,False,False,False,False,False,False,False,False,False,False,False,True,False,False,False,False,,2026-06-30,2026-07-31
V-04474,AUEN.V,AUEN,Golden Sky Minerals Corp.,golden sky minerals,TSXV,,,,,Gold,1,False,Operator,False,False,CANADA,BC | YT,1,2,True,False,False,,,5061968.73,24104613,0.21,5-25M,996092.5,3291386.0,848.0,6.0,0.1967796628407856,59.017941454202074,67.78523489932886,0.5000483459410207,1174.6373820754718,False,BC,Canada,Other,2018-08-14,2877.0,2018.0,8.0,TSXV,Mining,20180814.0,,,1181925.0,,,,,,False,True,False,False,False,False,False,False,False,False,False,False,False,False,False,False,False,False,False,False,False,False,False,True,False,False,False,False,,2026-06-30,2026-07-31
V-00836,GDX.V,GDX,Goldex Resources Corporation,goldex resources,TSXV,,,,,Gold,1,False,Operator,False,False,LATIN AMERICA,Guatemala,1,1,False,False,False,,,1820649.71,33102722,0.055,<5M,,,,,,,,,,True,BC,Canada,,,,,,TSXV,Mining,,,,19421.0,,,,,,False,True,False,False,False,False,False,False,False,False,False,False,False,False,False,False,False,False,False,False,False,False,False,False,True,False,False,False,,2026-06-30,2026-07-31
V-02034,GOFL.V,GOFL,Goldflare Exploration Inc.,goldflare exploration,TSXV,,,,,Gold,1,False,Operator,False,False,CANADA,QC,1,1,True,False,False,,,789091.15,31563646,0.025,<5M,140353.0,3244799.0,280.0,6.0,0.1778666507665179,54.107648725212464,73.0,0.4519873813679076,501.2607142857143,False,QC,Canada,,,,,,TSXV,Mining,,,,1081442.0,,,Y,,,False,True,False,False,False,False,False,False,False,False,False,False,False,False,False,False,False,False,False,False,False,False,False,True,False,False,False,False,,2026-06-30,2026-07-31
SIE0004,GGA.V,GGA,Goldgroup Mining Inc.,goldgroup mining,TSXV,,,,,Gold,1,False,Operator,False,False,LATIN AMERICA,Mexico,1,1,False,False,False,,,497855437.2,301730568,1.65,100-500M,71954492.5,46598862.0,50760.0,6.0,0.1445288875515368,46.64778092540132,31.693989071038253,0.36727083539784566,1417.543193459417,False,BC,Canada,TSX Comedown,2024-02-20,861.0,2024.0,2.0,TSXV,Mining,20240220.0,,,1187885.0,,,,Y,Y,False,True,False,False,False,False,False,False,False,False,False,False,False,False,False,False,False,False,False,False,False,False,False,False,True,False,False,False,,2026-06-30,2026-07-31
V-01197,GHL.V,GHL,Goldhills Holding Ltd.,goldhills,TSXV,,,,,Copper | Molybdenum,2,True,Operator,False,False,CANADA,BC,1,1,True,False,False,,,1572600.3,31452006,0.05,<5M,83469.0,1616290.0,106.0,6.0,0.0530770596953339,17.37488196411709,30.0,0.13487723032404483,787.4433962264151,False,BC,Canada,RTO,2005-04-22,7739.0,2005.0,21.0,TSXV,Mining,20050422.0,,,821224.0,,,,,,False,False,False,True,False,False,True,False,False,False,False,False,False,False,False,False,False,False,False,False,False,False,False,True,False,False,False,False,,2026-06-30,2026-07-31
V-00813,GQC.V,GQC,GoldQuest Mining Corp.,goldquest mining,TSXV,,,,,Gold,1,False,Operator,False,False,LATIN AMERICA,Dominican Republic,1,1,False,False,False,,,269097077.2,384424396,0.7,100-500M,114314105.0,77997058.0,45404.0,6.0,0.4248061933241986,84.13597733711048,76.50273224043715,1.0794999404442462,2517.7100035239187,False,ON,Canada,,,,,,TSXV,Mining,,,,1094412.0,,,,Y,Y,False,True,False,False,False,False,False,False,False,False,False,False,False,False,False,False,False,False,False,False,False,False,False,False,True,False,False,False,,2026-06-30,2026-07-31
V-04263,GSKR.V,GSKR,Goldsky Resources Corp.,goldsky resources,TSXV,,,,,Gold,1,False,Operator,False,False,UK/EUROPE,Finland | Sweden,1,2,False,False,False,,,857144470.0,263736760,3.25,500M-2B,172146277.5,47963296.0,74474.0,6.0,0.2008369458418135,59.962228517469306,39.24050632911392,0.5103585458081694,2311.49498482692,False,BC,Canada,Other,2015-09-29,3927.0,2015.0,11.0,TSXV,Mining,20150929.0,,,1175665.0,Nasdaq Nordic,OTCQB,,Y,,False,True,False,False,False,False,False,False,False,False,False,False,False,False,False,False,False,False,False,False,False,False,False,False,False,False,True,False,,2026-06-30,2026-07-31
V-04928,GSTM.V,GSTM,Goldstorm Metals Corp.,goldstorm metals,TSXV,,,,,Gold | Copper,2,True,Operator,False,False,CANADA,BC,1,1,True,False,False,,,25609607.28,142275596,0.18,25-100M,7464888.0,37042155.0,7040.0,6.0,0.2914877966844011,72.61567516525024,80.43478260869566,0.740716741200843,1060.353409090909,False,BC,Canada,Other,2022-11-11,1327.0,2022.0,4.0,TSXV,Mining,20221111.0,,,1185755.0,,,,,,False,True,False,True,False,False,False,False,False,False,False,False,False,False,False,False,False,False,False,False,False,False,False,True,False,False,False,False,,2026-06-30,2026-07-31
V-02469,GOT.V,GOT,Goliath Resources Limited,goliath resources,TSXV,,,,,Gold,1,False,Operator,False,False,CANADA,BC,1,1,True,False,False,,,242989001.95,177364235,1.37,100-500M,104109606.0,53329241.0,65975.0,6.0,0.428453984190703,84.70254957507082,78.14207650273224,1.0887695558242165,1578.0160060629023,False,QC,Canada,QT from NEX,2017-10-18,3177.0,2017.0,9.0,TSXV,Mining,20171018.0,,,1111374.0,,OTCQB,Y,Y,,False,True,False,False,False,False,False,False,False,False,False,False,False,False,False,False,False,False,False,False,False,False,False,True,False,False,False,False,,2026-06-30,2026-07-31
V-00847,GSS.V,GSS,Gossan Resources Limited,gossan resources,TSXV,,,,,Silver | Copper | Iron | Zinc | Lithium,5,True,Royalty/Streamer,True,False,CANADA,MB | ON,1,2,True,False,False,,,1686486.775,67459471,0.0249999999999999,<5M,88685.5,2753153.0,236.0,6.0,0.0525859445295679,17.186024551463642,29.5,0.13362922876350503,375.78601694915255,False,MB,Canada,,,,,,TSXV,Mining,,,,21848.0,,,,,,False,False,True,True,False,False,False,False,True,False,True,False,False,True,False,False,False,False,True,True,False,False,False,True,False,False,False,False,,2026-06-30,2026-07-31
V-00490,GPM.V,GPM,GPM Metals Inc.,gpm metals,TSXV,,,,,Zinc,1,False,Operator,False,False,AUS/NZ/PNG,Australia,1,1,False,False,False,,,19167357.36,159727978,0.12,5-25M,3251022.0,26526873.0,1352.0,6.0,0.1696124269475195,51.84135977337111,59.73154362416108,0.43101208896151344,2404.602071005917,False,ON,Canada,,,,,,TSXV,Mining,,,,1023685.0,,,,,,False,False,False,False,False,False,False,False,False,False,True,False,False,False,False,False,False,True,False,False,False,False,True,False,False,False,False,False,,2026-06-30,2026-07-31
V-04323,GRSL.V,GRSL,GR Silver Mining Ltd.,gr silver mining,TSXV,,,,,Gold | Silver,2,True,Operator,False,False,LATIN AMERICA,Mexico,1,1,False,False,False,,,157903315.23,509365533,0.31,100-500M,117012404.0,278487395.0,62986.0,6.0,0.7410382982115429,96.3172804532578,95.62841530054644,1.883095894922062,1857.752579938399,False,BC,Canada,QT,2018-03-06,3038.0,2018.0,8.0,TSXV,Mining,20180306.0,,,1178611.0,,OTCQB,Y,Y,,False,True,True,False,False,False,False,False,False,False,False,False,False,False,False,False,False,False,False,False,False,False,False,False,True,False,False,False,,2026-06-30,2026-07-31
V-00452,GGM.V,GGM,Granada Gold Mine Inc.,granada gold mine,TSXV,,,,,Gold,1,False,Operator,False,False,CANADA,QC,1,1,True,False,False,,,7954308.215,227265949,0.0349999999999999,5-25M,2333605.5,44004676.0,2217.0,6.0,0.2933762983435009,72.80453257790369,80.87248322147651,0.7455157235616561,1052.5960757780786,False,BC,Canada,,,,,,TSXV,Mining,,,,1023974.0,,,,,,False,True,False,False,False,False,False,False,False,False,False,False,False,False,False,False,False,False,False,False,False,False,False,True,False,False,False,False,,2026-06-30,2026-07-31
V-00853,GPG.V,GPG,Grande Portage Resources Ltd.,grande portage resources,TSXV,,,,,Gold,1,False,Operator,False,False,USA,AK,1,1,False,False,False,,,61979975.42,185014852,0.335,25-100M,12233061.0,29497395.0,6385.0,6.0,0.1973711818551734,59.301227573182246,66.08695652173913,0.5015514896118004,1915.9061863743148,False,BC,Canada,,,,,,TSXV,Mining,,,,21630.0,,,,,,False,True,False,False,False,False,False,False,False,False,False,False,False,False,False,False,False,False,False,False,False,False,False,False,False,False,False,True,,2026-06-30,2026-07-31
V-04786,GEL.V,GEL,Graphano Energy Ltd.,graphano energy,TSXV,,,,,,0,False,Operator,False,True,CANADA,QC,1,1,True,False,False,,,2927916.18,21688268,0.135,<5M,400797.0,2926677.0,695.0,6.0,0.1368881400149918,45.51463644948065,64.5,0.3478544835643047,576.6863309352518,False,BC,Canada,Other,2021-09-30,1734.0,2021.0,5.0,TSXV,Mining,20210930.0,,,1185100.0,,,,,,False,False,False,False,False,False,False,False,False,False,False,False,False,False,False,False,False,False,False,True,False,False,False,True,False,False,False,False,,2026-06-30,2026-07-31
V-02624,GPH.V,GPH,Graphite One Inc.,graphite one,TSXV,,,,,,0,False,Operator,False,True,USA,AK,1,1,False,False,False,,,208967736.0,208967736,1.0,100-500M,58076118.5,40470935.0,36781.0,6.0,0.277919068329285,71.48253068932956,59.01639344262295,0.7062364495256376,1578.9706234197004,False,BC,Canada,Other,2007-10-29,6819.0,2007.0,19.0,TSXV,Mining,20071029.0,,,1112804.0,,OTCQX,,Y,,False,False,False,False,False,False,False,False,False,False,False,False,False,False,False,False,False,False,False,True,False,False,False,False,False,False,False,True,,2026-06-30,2026-07-31
V-00926,GR.V,GR,Great Atlantic Resources Corp.,great atlantic resources,TSXV,,,,,Gold | Copper | Tungsten,3,True,Operator,False,False,CANADA,NB | NL,1,2,True,False,False,,,4646438.72,66377696,0.0699999999999999,<5M,1422994.0,12035063.0,2255.0,6.0,0.3062547653700682,74.0321057601511,84.5,0.7782419516785394,631.0394678492239,False,BC,Canada,,,,,,TSXV,Mining,,,,1051020.0,,,Y,,,False,True,False,True,False,False,False,False,False,False,False,False,False,False,False,False,True,False,False,True,False,False,False,True,False,False,False,False,,2026-06-30,2026-07-31
V-04639,GPAC.V,GPAC,Great Pacific Gold Corp.,great pacific gold,TSXV,,,,,Gold | Copper,2,True,Operator,False,False,AUS/NZ/PNG,Australia | PNG,1,2,False,False,False,,,66639478.1,195998465,0.34,25-100M,13880836.5,30750919.0,6974.0,6.0,0.2082974971558188,61.756373937677054,70.43478260869566,0.5293169904488377,1990.3694436478347,False,BC,Canada,Other,2020-04-14,2268.0,2020.0,6.0,TSXV,Mining,20200414.0,,,1183655.0,,OTCQX,,,,False,True,False,True,False,False,False,False,False,False,False,False,False,False,False,False,False,False,False,False,False,False,True,False,False,False,False,False,,2026-06-30,2026-07-31
V-04595,GPS.V,GPS,Great Plains Metals Corp.,great plains metals,TSXV,,,,,Gold,1,False,Operator,False,False,UK/EUROPE,Sweden,1,1,False,False,False,,,11541107.85,76940719,0.15,5-25M,1602804.5,8944900.0,631.0,6.0,0.1388778721099985,45.79792256846081,52.013422818791945,0.3529107085248023,2540.1022187004755,False,BC,Canada,QT,2021-07-21,1805.0,2021.0,5.0,TSXV,Mining,20210721.0,,,1183025.0,,,Y,,,False,True,False,False,False,False,False,False,False,False,False,False,False,False,False,False,False,False,False,False,False,False,False,False,False,False,True,False,,2026-06-30,2026-07-31
V-04632,GCOM.V,GCOM,Green Shift Commodities Ltd.,green shift commodities,TSXV,,,,,,0,False,Operator,False,True,,,0,0,False,True,True,,,11018097.44,137726218,0.08,5-25M,919047.0,16681249.0,849.0,6.0,0.0834124952156894,29.272898961284234,31.20805369127517,0.21196438524831998,1082.505300353357,False,ON,Canada,TSX Comedown,2020-02-27,2315.0,2020.0,6.0,TSXV,Mining,20200227.0,,,1183875.0,,OTCQB,,,,False,False,False,False,False,False,False,False,False,False,False,False,False,False,False,False,False,False,False,False,False,False,False,False,False,False,False,False,,2026-06-30,2026-07-31
V-00869,VGN.V,VGN,Greencastle Resources Ltd.,greencastle resources,TSXV,,,,,Gold,1,False,Operator,False,False,USA,NV,1,1,False,False,False,,,1327766.775,53110671,0.0249999999999999,<5M,89430.5,2864006.0,139.0,6.0,0.0673540727813437,23.418319169027384,38.5,0.17115738588266993,643.384892086331,False,ON,Canada,,,,,,TSXV,Mining,,,,1063002.0,,,,,,False,True,False,False,False,False,False,False,False,False,False,False,False,False,False,False,False,False,False,False,False,False,False,False,False,False,False,True,,2026-06-30,2026-07-31
V-05027,GHRT.V,GHRT,Greenheart Gold Inc.,greenheart gold,TSXV,,,,,Gold,1,False,Operator,False,False,LATIN AMERICA,Guyana | Suriname,1,2,False,False,False,,,179996351.64,214281371,0.84,100-500M,11439572.5,11803694.0,7323.0,6.0,0.0635544687198972,21.435316336166192,12.568306010928962,0.1615019890864351,1562.1429059128773,False,QC,Canada,Other,2024-09-06,662.0,2024.0,2.0,TSXV,Mining,20240906.0,,,1188340.0,,,,Y,,False,True,False,False,False,False,False,False,False,False,False,False,False,False,False,False,False,False,False,False,False,False,False,False,True,False,False,False,,2026-06-30,2026-07-31
V-5058,GRL.V,GRL,GreenLight Metals Inc.,greenlight metals,TSXV,,,,,Gold | Copper,2,True,Operator,False,False,USA,AZ | NV | WI,1,3,True,False,False,,,24830920.5,99323682,0.25,5-25M,3661345.5,9413960.0,2723.0,6.0,0.1474510580467607,47.30878186968839,54.0268456375839,0.37469653428155925,1344.5998898273965,False,WI,USA,Other,2025-04-14,442.0,2025.0,1.0,TSXV,Mining,20250414.0,,,1185650.0,,,,,,False,True,False,True,False,False,False,False,False,False,False,False,False,False,False,False,False,False,False,False,False,False,False,False,False,False,False,True,,2026-06-30,2026-07-31
V-04120,CELL.V,CELL,Grid Battery Metals Inc.,grid battery metals,TSXV,,,,,Copper | Lithium,2,True,Operator,False,False,CANADA | USA,BC | NV,2,2,True,False,False,,,2900711.925,193380795,0.015,<5M,321660.0,11022383.0,1052.0,6.0,0.1108900188356346,38.52691218130311,56.49999999999999,0.2817891325740943,305.76045627376425,False,BC,Canada,QT,2013-10-28,4628.0,2013.0,13.0,TSXV,Mining,20131028.0,,,1159886.0,,OTCQB,Y,,,False,False,False,True,False,False,False,False,False,False,False,False,False,True,False,False,False,False,False,False,False,False,False,True,False,False,False,True,,2026-06-30,2026-07-31
V-01324,GRDM.V,GRDM,Grid Metals Corp.,grid metals,TSXV,,,,,Copper | Nickel | Lithium,3,True,Operator,False,False,CANADA,MB,1,1,True,False,False,,,24468892.035,233037067,0.105,5-25M,2394332.5,18420473.0,1950.0,6.0,0.0978521012138668,33.52219074598678,35.90604026845637,0.2486577151950775,1227.8628205128205,False,ON,Canada,,,,,,TSXV,Mining,,,,1052374.0,,OTCQB,,,,False,False,False,True,True,False,False,False,False,False,False,False,False,True,False,False,False,False,False,False,False,False,False,True,False,False,False,False,,2026-06-30,2026-07-31
V-04885,FIN.V,FIN,Grit Metals Corp.,grit metals,TSXV,,,,,Gold | Lithium,2,True,Operator,False,False,UK/EUROPE,Finland,1,1,False,False,False,,,7954657.8,66288815,0.12,5-25M,960516.5,5709651.0,719.0,6.0,0.1207489403252519,41.54863078375826,46.308724832214764,0.30684221637592163,1335.9061196105702,False,BC,Canada,Other,2022-05-03,1519.0,2022.0,4.0,TSXV,Mining,20220503.0,,,1185841.0,,OTCQB,,,,False,True,False,False,False,False,False,False,False,False,False,False,False,True,False,False,False,False,False,False,False,False,False,False,False,False,True,False,,2026-06-30,2026-07-31
V-00880,GZD.V,GZD,Grizzly Discoveries Inc.,grizzly discoveries,TSXV,,,,,Gold,1,False,Operator,False,False,CANADA,BC,1,1,True,False,False,,,14796615.73,227640242,0.065,5-25M,808179.0,16043990.0,1505.0,6.0,0.0546191787870401,18.13031161473088,19.463087248322147,0.13879599962123426,536.9960132890366,False,AB,Canada,,,,,,TSXV,Mining,,,,1098534.0,,OTCQB,,,,False,True,False,False,False,False,False,False,False,False,False,False,False,False,False,False,False,False,False,False,False,False,False,True,False,False,False,False,,2026-06-30,2026-07-31
V-01130,GVR.V,GVR,Grosvenor Resource Corporation,grosvenor resource,TSXV,,,,,Gold,1,False,Operator,False,False,CANADA,BC,1,1,True,False,False,,,2171045.24,33400696,0.065,<5M,79299.0,818886.0,85.0,6.0,0.0365257243557025,10.009442870632672,19.0,0.09281766105649136,932.9294117647058,False,BC,Canada,,,,,,TSXV,Mining,,,,1044318.0,,,,,,False,True,False,False,False,False,False,False,False,False,False,False,False,False,False,False,False,False,False,False,False,False,False,True,False,False,False,False,,2026-06-30,2026-07-31
V-00468,GRD.V,GRD,Grounded Lithium Corp.,grounded lithium,TSXV,,,,,Lithium,1,False,Operator,False,False,CANADA,AB | SK,1,2,True,False,False,,,4828783.56,80479726,0.06,<5M,726555.5,9250839.0,1319.0,6.0,0.1504634637216997,48.064211520302166,67.5,0.3823515350743769,550.8381349507202,False,AB,Canada,RTO,2022-08-25,1405.0,2022.0,4.0,TSXV,Mining,20220825.0,,,24145.0,,,,,,False,False,False,False,False,False,False,False,False,False,False,False,False,True,False,False,False,False,False,False,False,False,False,True,False,False,False,False,,2026-06-30,2026-07-31
V-04391,ZNG.V,ZNG,Group Eleven Resources Corp.,eleven resources,TSXV,,,,,Zinc,1,False,Operator,False,False,UK/EUROPE,Ireland,1,1,True,False,False,,,225886168.8,282357711,0.8,100-500M,32771729.5,34990934.0,17066.0,6.0,0.1450807266071086,46.83663833805477,32.240437158469945,0.36867314599732887,1920.2935368569083,False,Ireland,UK/Europe,IPO,2017-12-13,3121.0,2017.0,9.0,TSXV,Mining,20171213.0,,,1179300.0,,,,Y,,False,False,False,False,False,False,False,False,False,False,True,False,False,False,False,False,False,False,False,False,False,False,False,False,False,False,True,False,,2026-06-30,2026-07-31
V-04517,GSPR.V,GSPR,GSP Resource Corp.,gsp resource,TSXV,,,,,Copper,1,False,Operator,False,False,CANADA,BC,1,1,True,False,False,,,6657294.8,57889520,0.1149999999999999,5-25M,1316149.0,9370142.0,1371.0,6.0,0.1977002730899043,59.490084985835686,68.45637583892618,0.5023877626555449,959.9919766593728,False,BC,Canada,IPO,2018-11-29,2770.0,2018.0,8.0,TSXV,Mining,20181129.0,,,1182010.0,,,,,,False,False,False,True,False,False,False,False,False,False,False,False,False,False,False,False,False,False,False,False,False,False,False,True,False,False,False,False,,2026-06-30,2026-07-31
V-02685,GT.V,GT,GT Resources Inc.,gt resources,TSXV,,,,,Copper | Nickel | Platinum/PGM,3,True,Operator,False,False,CANADA | UK/EUROPE,ON | YT | Finland,2,3,True,False,False,,,11673531.78,389117726,0.03,5-25M,1224901.0,34240422.0,1844.0,6.0,0.1049297695919752,36.54390934844193,39.93288590604027,0.26664319354430965,664.2630151843817,False,BC,Canada,QT from NEX,2016-02-29,3774.0,2016.0,10.0,TSXV,Mining,20160229.0,,,1114811.0,,OTCQB,Y,,,False,False,False,True,True,False,False,True,False,False,False,False,False,False,False,False,False,False,False,False,False,False,False,True,False,False,True,False,,2026-06-30,2026-07-31
V-02080,GSVR.V,GSVR,Guanajuato Silver Company Ltd.,guanajuato silver,TSXV,,,,,Gold | Silver,2,True,Operator,False,False,LATIN AMERICA,Mexico,1,1,False,False,False,,,342163760.52,743834262,0.4599999999999999,100-500M,280402365.5,406170351.0,99724.0,6.0,0.8194975560061103,97.92256846081209,98.90710382513662,2.082473317962355,2811.7841793349644,False,BC,Canada,,,,,,TSXV,Mining,,,,34882.0,,OTCQX,,Y,Y,False,True,True,False,False,False,False,False,False,False,False,False,False,False,False,False,False,False,False,False,False,False,False,False,True,False,False,False,,2026-06-30,2026-07-31
V-00113,GUG.V,GUG,Gungnir Resources Inc.,gungnir resources,TSXV,,,,,Gold,1,False,Operator,False,False,UK/EUROPE,Sweden,1,1,False,False,False,,,5265191.44,131629786,0.04,5-25M,1232791.0,24483232.0,1128.0,6.0,0.234139824553084,65.53352219074598,75.50335570469798,0.5949864447192433,1092.8998226950357,False,BC,Canada,,,,,,TSXV,Mining,,,,1067751.0,,,,,,False,True,False,False,False,False,False,False,False,False,False,False,False,False,False,False,False,True,False,False,False,False,False,False,False,False,True,False,,2026-06-30,2026-07-31
V-00412,GUN.V,GUN,Gunpoint Exploration Ltd.,gunpoint exploration,TSXV,,,,,Gold | Silver,2,True,Operator,False,False,LATIN AMERICA | USA,Guatemala | Mexico | NV,2,3,False,False,False,,,46620547.74,59769933,0.78,25-100M,906358.0,941806.0,364.0,6.0,0.0194411701264151,4.815864022662889,4.3478260869565215,0.049403097985474084,2489.9945054945056,False,BC,Canada,,,,,,TSXV,Mining,,,,821862.0,,,,,,False,True,True,False,False,False,False,False,False,False,False,False,False,False,False,False,False,False,False,False,False,False,False,False,True,False,False,True,,2026-06-30,2026-07-31
V-02723,GYA.V,GYA,Guyana Goldstrike Inc.,guyana goldstrike,TSXV,,,,,,0,False,Operator,False,True,,,0,0,False,True,True,,,4750332.0,38002656,0.125,<5M,,,,,,,,,,True,BC,Canada,IPO,2008-01-30,6726.0,2008.0,18.0,TSXV,Mining,20080130.0,,,1112057.0,,,,,,False,False,False,False,False,False,False,False,False,False,False,False,False,False,False,False,False,False,False,False,False,False,False,False,False,False,False,False,,2026-06-30,2026-07-31
V-04560,HPM.V,HPM,Halcones Precious Metals Corp.,halcones precious metals,TSXV,,,,,Gold,1,False,Operator,False,False,LATIN AMERICA,Chile,1,1,False,False,False,,,5719409.725,228776389,0.0249999999999999,5-25M,2377692.5,40535996.0,993.0,6.0,0.4157234075409766,83.28611898016997,89.26174496644296,1.0564191406203765,2394.4536757301107,False,ON,Canada,QT,2022-09-22,1377.0,2022.0,4.0,TSXV,Mining,20220922.0,,,1182390.0,,,Y,,,False,True,False,False,False,False,False,False,False,False,False,False,False,False,False,False,False,False,False,False,False,False,False,False,True,False,False,False,,2026-06-30,2026-07-31
V-00391,HAN.V,HAN,Hannan Metals Ltd.,hannan metals,TSXV,,,,,Gold | Silver | Copper,3,True,Operator,False,False,LATIN AMERICA,Peru,1,1,False,False,False,,,95579459.58,144817363,0.66,25-100M,5684883.0,8502433.0,3811.0,6.0,0.0594780826861837,19.8300283286119,18.695652173913043,0.15114324538218987,1491.7037522959854,False,BC,Canada,RTO,2005-09-15,7593.0,2005.0,21.0,TSXV,Mining,20050915.0,,,1056713.0,,,Y,,,False,True,True,True,False,False,False,False,False,False,False,False,False,False,False,False,False,False,False,False,False,False,False,False,True,False,False,False,,2026-06-30,2026-07-31
V-04556,HANS.V,HANS,Hanstone Gold Corp.,hanstone gold,TSXV,,,,,Gold,1,False,Operator,False,False,CANADA,BC,1,1,True,False,False,,,1033862.5,51693125,0.02,<5M,63874.0,2824819.0,228.0,6.0,0.0617819100702462,20.868744098205855,35.0,0.15699763630909266,280.14912280701753,False,BC,Canada,QT,2020-08-24,2136.0,2020.0,6.0,TSXV,Mining,20200824.0,,,1182945.0,,,Y,,,False,True,False,False,False,False,False,False,False,False,False,False,False,False,False,False,False,False,False,False,False,False,False,True,False,False,False,False,,2026-06-30,2026-07-31
V-03754,HAR.V,HAR,Harfang Exploration Inc.,harfang exploration,TSXV,,,,,Gold | Nickel | Platinum/PGM | Lithium,4,True,Operator,False,False,CANADA,ON | QC,1,2,True,False,False,,,5021785.85,100435717,0.0499999999999999,5-25M,843800.0,13949346.0,1095.0,6.0,0.1680278739882944,51.463644948064214,58.7248322147651,0.42698548847405593,770.5936073059361,False,QC,Canada,QT from NEX,2017-06-30,3287.0,2017.0,9.0,TSXV,Mining,20170630.0,,,1138440.0,,,Y,,,False,True,False,False,True,False,False,True,False,False,False,False,False,True,False,False,False,False,False,True,False,False,False,True,False,False,False,False,,2026-06-30,2026-07-31
V-02233,HVG.V,HVG,Harvest Gold Corp.,harvest gold,TSXV,,,,,Gold,1,False,Operator,False,False,CANADA,QC,1,1,True,False,False,,,5579090.595,123979791,0.045,5-25M,1163487.5,19826368.0,1808.0,6.0,0.2085442923337221,61.9452313503305,71.14093959731544,0.5299441361544215,643.5218473451328,False,BC,Canada,Other,2005-12-13,7504.0,2005.0,21.0,TSXV,Mining,20051213.0,,,1103569.0,,,,,,False,True,False,False,False,False,False,False,False,False,False,False,False,False,False,False,False,False,False,False,False,False,False,True,False,False,False,False,,2026-06-30,2026-07-31
V-00905,HAWK.V,HAWK,Hawkeye Gold & Diamond Inc.,hawkeye gold diamond,TSXV,,,,,Gold,1,False,Operator,False,False,CANADA,BC,1,1,True,False,False,,,689037.885,15311953,0.045,<5M,125530.5,2977225.0,296.0,6.0,0.1821822903104957,55.80736543909348,74.0,0.4629541062036435,424.08952702702703,False,BC,Canada,,,,,,TSXV,Mining,,,,29422.0,,,,,,False,True,False,False,False,False,False,False,False,False,False,False,False,False,False,False,False,False,False,False,False,False,False,True,False,False,False,False,,2026-06-30,2026-07-31
V-02895,HAY.V,HAY,Hayasa Metals Inc.,hayasa metals,TSXV,,,,,Gold | Copper,2,True,Operator,False,False,UK/EUROPE,Armenia,1,1,False,False,False,,,5437435.425,72499139,0.075,5-25M,601287.5,8846931.0,638.0,6.0,0.1105829224629366,38.33805476864967,41.946308724832214,0.2810087519646593,942.4568965517242,False,BC,Canada,IPO,2008-09-24,6488.0,2008.0,18.0,TSXV,Mining,20080924.0,,,1117273.0,,OTCQB,,,,False,True,False,True,False,False,False,False,False,False,False,False,False,False,False,False,False,False,False,False,False,False,False,False,False,False,True,False,,2026-06-30,2026-07-31
V-01669,HSTR.V,HSTR,Heliostar Metals Ltd.,heliostar metals,TSXV,,,,,Gold,1,False,Operator,False,False,LATIN AMERICA | USA,Mexico | AK,2,2,False,False,False,,,497188665.5,279319475,1.78,100-500M,180080264.0,74430032.0,132610.0,6.0,0.3621970420803971,78.37582625118036,67.75956284153006,0.9204001530563336,1357.968961616771,False,BC,Canada,,,,,,TSXV,Mining,,,,40626.0,,OTCQX,,Y,Y,False,True,False,False,False,False,False,False,False,False,False,False,False,False,False,False,False,False,False,False,False,False,False,False,True,False,False,True,,2026-06-30,2026-07-31
V-03016,HHH.V,HHH,Helius Minerals Limited,helius minerals,TSXV,,,,,Gold | Copper,2,True,Operator,False,False,USA,NV,1,1,False,False,False,,,244618014.36,41043291,5.96,100-500M,26846500.0,5523248.0,7453.0,6.0,0.1097486629111888,37.960339943342774,25.136612021857925,0.27888876607325896,3602.1065342814973,False,BC,Canada,QT,2011-12-20,5306.0,2011.0,15.0,TSXV,Mining,20111220.0,,,1123005.0,,,Y,Y,,False,True,False,True,False,False,False,False,False,False,False,False,False,False,False,False,False,False,False,False,False,False,False,False,False,False,False,True,,2026-06-30,2026-07-31
V-04479,BIG.V,BIG,Hercules Metals Corp.,hercules metals,TSXV,,,,,Silver | Copper,2,True,Operator,False,False,USA,ID,1,1,False,False,False,,,182503115.76,325898421,0.5599999999999999,100-500M,34255680.0,47700677.0,17056.0,6.0,0.1876991516410481,56.94050991501416,43.169398907103826,0.47697332619468874,2008.4240150093808,False,ON,Canada,QT,2021-03-24,1924.0,2021.0,5.0,TSXV,Mining,20210324.0,,,1181820.0,,OTCQB,Y,Y,,False,False,True,True,False,False,False,False,False,False,False,False,False,False,False,False,False,False,False,False,False,False,False,False,False,False,False,True,,2026-06-30,2026-07-31
V-02361,HI.V,HI,Highland Copper Company Inc.,highland copper,TSXV,,,,,Copper,1,False,Operator,False,False,USA,MI,1,1,False,False,False,,,110728218.3,738188122,0.15,100-500M,7067676.5,43376638.0,5776.0,6.0,0.0638290456444561,21.529745042492916,13.114754098360656,0.16219973261834844,1223.6282029085874,False,BC,Canada,QT,2008-09-26,6486.0,2008.0,18.0,TSXV,Mining,20080926.0,,,1109312.0,,OTCQB,Y,,,False,False,False,True,False,False,False,False,False,False,False,False,False,False,False,False,False,False,False,False,False,False,False,False,False,False,False,True,,2026-06-30,2026-07-31
V-01934,HWY.V,HWY,Highway 50 Gold Corp.,highway 50 gold,TSXV,,,,,Gold | Silver | Lead | Zinc,4,True,Operator,False,False,CANADA | USA,BC | NV,2,2,True,False,False,,,16922270.96,44532292,0.38,5-25M,1063733.5,2433118.0,391.0,6.0,0.0628599732573954,21.152030217186024,22.14765100671141,0.15973716592191667,2720.5460358056266,False,BC,Canada,Other,2005-09-22,7586.0,2005.0,21.0,TSXV,Mining,20050922.0,,,1101461.0,,,,,,False,True,True,False,False,False,False,False,False,True,True,False,False,False,False,False,False,False,False,False,False,False,False,True,False,False,False,True,,2026-06-30,2026-07-31
V-04544,ESPN.V,ESPN,Hispania Resources Inc.,hispania resources,TSXV,,,,,Copper | Zinc,2,True,Operator,False,False,UK/EUROPE,Spain,1,1,False,False,False,,,6511100.635,100170779,0.065,5-25M,211326.5,3071782.0,256.0,6.0,0.0324563406168272,8.687440982058545,10.06711409395973,0.082476711294471,825.494140625,False,ON,Canada,QT,2022-04-04,1548.0,2022.0,4.0,TSXV,Mining,20220404.0,,,1182760.0,,,Y,,,False,False,False,True,False,False,False,False,False,False,True,False,False,False,False,False,False,False,False,False,False,False,False,False,False,False,True,False,,2026-06-30,2026-07-31
V-01842,SHL.V,SHL,Homeland Nickel Inc.,homeland nickel,TSXV,,,,,Gold | Silver | Copper,3,True,Operator,False,False,CANADA,NL,1,1,True,False,False,,,89787421.165,227309927,0.395,25-100M,37323871.0,100454441.0,16516.0,6.0,0.4156915358044519,83.19169027384325,90.8695652173913,1.056338149480838,2259.8614071203683,False,ON,Canada,,,,,,TSXV,Mining,,,,1062245.0,,OTCQB,,,,False,True,True,True,False,False,False,False,False,False,False,False,False,False,False,False,False,False,False,False,False,False,False,True,False,False,False,False,,2026-06-30,2026-07-31
V-05008,HLU.V,HLU,Homeland Uranium Corp.,homeland uranium,TSXV,,,,,Uranium,1,False,Operator,False,False,USA,CO,1,1,False,False,False,,,13662154.44,113851287,0.12,5-25M,12070692.5,49173589.0,12260.0,6.0,0.8835131057118982,98.20585457979226,97.98657718120806,2.2451469869927996,984.5589314845024,False,BC,Canada,RTO,2025-03-12,475.0,2025.0,1.0,TSXV,Mining,20250312.0,,,1187865.0,,,,,,False,False,False,False,False,False,False,False,False,False,False,False,False,False,True,False,False,False,False,False,False,False,False,False,False,False,False,True,,2026-06-30,2026-07-31
V-02202,HMR.V,HMR,Homerun Resources Inc.,homerun resources,TSXV,,,,,,0,False,Operator,False,True,LATIN AMERICA,Brazil,1,1,False,False,False,,,47173303.85,77333285,0.61,25-100M,8590903.5,10071757.0,6765.0,6.0,0.1821136702088336,55.712936732766764,61.73913043478261,0.4627797316374962,1269.9044345898003,False,BC,Canada,,,,,,TSXV,Mining,,,,42502.0,,OTCQB,,,,False,False,False,False,False,False,False,False,False,False,False,False,False,False,False,False,False,False,False,True,False,False,False,False,True,False,False,False,,2026-06-30,2026-07-31
V-01944,TUF.V,TUF,Honey Badger Silver Inc.,honey badger silver,TSXV,,,,,Silver | Lead | Zinc,3,True,Operator,False,False,CANADA,NT | NU | YT,1,3,True,False,False,,,116704307.52,162089316,0.72,100-500M,59154721.5,98847847.0,27263.0,6.0,0.5068769333116728,89.42398489140699,85.79234972677595,1.2880547127638684,2169.780343322452,False,ON,Canada,,,,,,TSXV,Mining,,,,1023561.0,,OTCQB,,,,False,False,True,False,False,False,False,False,False,True,True,False,False,False,False,False,False,False,False,False,False,False,False,True,False,False,False,False,,2026-06-30,2026-07-31
V-04834,HCH.V,HCH,Hot Chili Limited,hot chili,TSXV,,,,,Gold | Copper,2,True,Operator,False,False,LATIN AMERICA,Chile,1,1,False,False,False,,,388184845.44,202179607,1.92,100-500M,18690869.5,11353796.0,12746.0,6.0,0.0481494054174481,15.3918791312559,9.289617486338798,0.12235527894221097,1466.4105994037343,False,Australia,Australia/NZ/PNG,Other,2022-01-04,1638.0,2022.0,4.0,TSXV,Mining,20220104.0,,,1185566.0,ASX,OTCQX,,,,False,True,False,True,False,False,False,False,False,False,False,False,False,False,False,False,False,False,False,False,False,False,False,False,True,False,False,False,,2026-06-30,2026-07-31
V-04714,IMC.V,IMC,Ibero Mining Corp.,ibero mining,TSXV,,,,,Gold | Copper,2,True,Operator,False,False,UK/EUROPE,Portugal,1,1,False,False,False,,,2381220.75,95248830,0.025,<5M,,,,,,,,,,True,BC,Canada,Other,2021-04-21,1896.0,2021.0,5.0,TSXV,Mining,20210421.0,,,1184535.0,,OTCQB,,,,False,True,False,True,False,False,False,False,False,False,False,False,False,False,False,False,False,False,False,False,False,False,False,False,False,False,True,False,,2026-06-30,2026-07-31
V-00265,ICM.V,ICM,Iconic Minerals Ltd.,iconic minerals,TSXV,,,,,Gold | Lithium,2,True,Operator,False,False,USA,NV,1,1,False,False,False,,,10216747.805,185759051,0.055,5-25M,12682916.0,70528414.0,17823.0,6.0,1.2413848557359002,99.33899905571295,98.99328859060402,3.154555886647799,711.6038826235763,False,BC,Canada,,,,,,TSXV,Mining,,,,15928.0,,,,,,False,True,False,False,False,False,False,False,False,False,False,False,False,True,False,False,False,False,False,False,False,False,False,False,False,False,False,True,,2026-06-30,2026-07-31
V-04942,IDEX.V,IDEX,IDEX Metals Corp.,idex metals,TSXV,,,,,Gold | Copper,2,True,Operator,False,False,USA,ID,1,1,False,False,False,,,18657892.175,57408899,0.325,5-25M,5528648.5,13102492.0,3564.0,6.0,0.2963168855380096,73.37110481586402,81.54362416107382,0.7529882222003957,1551.2481762065097,False,BC,Canada,QT,2025-06-10,385.0,2025.0,1.0,TSXV,Mining,20250610.0,,,1186755.0,,,Y,,,False,True,False,True,False,False,False,False,False,False,False,False,False,False,False,False,False,False,False,False,False,False,False,False,False,False,False,True,,2026-06-30,2026-07-31
V-02960,IRI.V,IRI,IEMR Resources Inc.,iemr resources,TSXV,,,,,Copper,1,False,Operator,False,False,USA,NV,1,1,False,False,False,,,948071.41,94807141,0.01,<5M,1393.0,89420.0,15.0,4.0,0.0014692986048382,0.3777148253068933,1.0,0.0037337208857668443,92.86666666666666,True,China,Asia,QT,2010-07-02,5842.0,2010.0,16.0,TSXV,Mining,20100702.0,,,1119147.0,,,Y,,,False,False,False,True,False,False,False,False,False,False,False,False,False,False,False,False,False,False,False,False,False,False,False,False,False,False,False,True,,2026-06-30,2026-07-31
V-03771,ILC.V,ILC,ILC Critical Minerals Ltd.,ilc critical minerals,TSXV,,,,,Lithium,1,False,Operator,False,False,CANADA,ON,1,1,True,False,False,,,5448065.08,272403254,0.02,5-25M,444476.5,20240792.0,896.0,6.0,0.0815842860673022,28.611898016997166,30.87248322147651,0.2073186157237278,496.06752232142856,False,BC,Canada,Other,2011-05-24,5516.0,2011.0,15.0,TSXV,Mining,20110524.0,,,1134376.0,,OTCQB,,,,False,False,False,False,False,False,False,False,False,False,False,False,False,True,False,False,False,False,False,True,False,False,False,True,False,False,False,False,,2026-06-30,2026-07-31
V-01330,ILI.V,ILI,Imagine Lithium Inc.,imagine lithium,TSXV,,,,,Lithium,1,False,Operator,False,False,CANADA,ON,1,1,True,False,False,,,5109420.45,340628030,0.015,5-25M,551525.5,22450679.0,1710.0,6.0,0.107942868549798,37.29933899905571,40.939597315436245,0.27429995607893704,322.5295321637427,False,BC,Canada,QT,2007-06-28,6942.0,2007.0,19.0,TSXV,Mining,20070628.0,,,1098024.0,,OTCQB,Y,,,False,False,False,False,False,False,False,False,False,False,False,False,False,True,False,False,False,False,False,False,False,False,False,True,False,False,False,False,,2026-06-30,2026-07-31
V-00038,IMR.V,IMR,iMetal Resources Inc.,imetal resources,TSXV,,,,,Gold,1,False,Operator,False,False,CANADA,ON | QC,1,2,True,False,False,,,4036106.8,40361068,0.0999999999999999,<5M,1664666.5,15409450.0,1870.0,6.0,0.4124436201737774,82.81397544853635,89.0,1.0480846805225705,890.1959893048129,False,BC,Canada,,,,,,TSXV,Mining,,,,30196.0,,OTCQB,,,,False,True,False,False,False,False,False,False,False,False,False,False,False,False,False,False,False,False,False,True,False,False,False,True,False,False,False,False,,2026-06-30,2026-07-31
V-00951,IPT.V,IPT,IMPACT Silver Corp.,impact silver,TSXV,,,,,Silver,1,False,Operator,False,False,LATIN AMERICA,Mexico,1,1,False,False,False,,,103111673.91,349531098,0.295,100-500M,64906290.0,167926475.0,36112.0,6.0,0.6294756698126422,93.48441926345609,91.80327868852459,1.5995975547260022,1797.360711120957,False,BC,Canada,,,,,,TSXV,Mining,,,,25723.0,,OTCQB,,,,False,False,True,False,False,False,False,False,False,False,False,False,False,False,False,False,False,False,False,False,False,False,False,False,True,False,False,False,,2026-06-30,2026-07-31
V-03917,IGO.V,IGO,Independence Gold Corp.,independence gold,TSXV,,,,,Gold,1,False,Operator,False,False,CANADA,BC | YT,1,2,True,False,False,,,26394785.2,263947852,0.0999999999999999,25-100M,4662845.0,45628491.0,3687.0,6.0,0.1766578119377914,53.4466477809254,56.52173913043478,0.44891553009990814,1264.671819907784,False,BC,Canada,,2011-12-29,5297.0,2011.0,15.0,TSXV,Mining,20111229.0,,,1153630.0,,OTCQB,,,,False,True,False,False,False,False,False,False,False,False,False,False,False,False,False,False,False,False,False,False,False,False,False,True,False,False,False,False,,2026-06-30,2026-07-31
V-04428,IN.V,IN,Infield Minerals Corp.,infield minerals,TSXV,,,,,Gold,1,False,Operator,False,False,USA,NV | UT,1,2,False,False,False,,,4053670.005,73703091,0.055,<5M,527514.0,8968644.0,355.0,6.0,0.1301324477200506,44.00377714825307,62.5,0.3306871975297459,1485.9549295774648,False,BC,Canada,QT,2021-06-10,1846.0,2021.0,5.0,TSXV,Mining,20210610.0,,,1181079.0,,,Y,,,False,True,False,False,False,False,False,False,False,False,False,False,False,False,False,False,False,False,False,False,False,False,False,False,False,False,False,True,,2026-06-30,2026-07-31
V-04805,INFM.V,INFM,Infinico Metals Corp.,infinico metals,TSXV,,,,,Nickel,1,False,Operator,False,False,CANADA,QC,1,1,True,False,False,,,732534.79,5634883,0.13,<5M,90503.5,3694357.0,249.0,6.0,0.1235483982951854,42.492917847025495,61.5,0.31395608326230434,363.46787148594376,False,BC,Canada,IPO,2021-11-22,1681.0,2021.0,5.0,TSXV,Mining,20211122.0,,,1185555.0,,,,,,False,False,False,False,True,False,False,False,False,False,False,False,False,False,False,False,False,False,False,False,False,False,False,True,False,False,False,False,,2026-06-30,2026-07-31
V-00210,INFI.V,INFI,Infinitum Copper Corp.,infinitum copper,TSXV,,,,,Gold | Copper,2,True,Operator,False,False,LATIN AMERICA | USA,Mexico | AZ,2,2,False,False,False,,,1041919.63,6128939,0.17,<5M,741047.5,6921288.0,805.0,6.0,0.7112328807933104,95.84513692162417,96.5,1.8073556000922661,920.555900621118,False,BC,Canada,RTO,2022-03-16,1567.0,2022.0,4.0,TSXV,Mining,20220316.0,,,1097782.0,,OTCQB,Y,,,False,True,False,True,False,False,False,False,False,False,False,False,False,False,False,False,False,False,False,False,False,False,False,False,True,False,False,True,,2026-06-30,2026-07-31
V-04171,MINE.V,MINE,Inomin Mines Inc.,inomin mines,TSXV,,,,,Gold | Silver | Copper | Nickel,4,True,Operator,False,False,CANADA | LATIN AMERICA,BC | Mexico,2,2,True,False,False,,,5282137.94,55601452,0.095,5-25M,1138505.5,11983830.0,1370.0,6.0,0.2155387672439315,63.64494806421151,73.15436241610739,0.5477182067015697,831.0259124087592,False,BC,Canada,QT,2017-02-02,3435.0,2017.0,9.0,TSXV,Mining,20170202.0,,,1161935.0,,,Y,,,False,True,True,True,True,False,False,False,False,False,False,False,False,False,False,False,False,False,False,False,False,False,False,True,True,False,False,False,,2026-06-30,2026-07-31
V-04384,ITR.V,ITR,Integra Resources Corp.,integra resources,TSXV,,,,,Gold | Silver,2,True,Operator,False,False,USA,AZ | ID | NV,1,3,False,False,False,,,638734732.65,202772931,3.15,500M-2B,224494036.0,50503344.0,123319.0,6.0,0.3514667741154658,77.14825306893296,69.62025316455697,0.8931328396058112,1820.4334774041308,False,BC,Canada,Other,2017-11-07,3157.0,2017.0,9.0,TSXV,Mining,20171107.0,,,1180485.0,NYSE Mkt,,,Y,Y,False,True,True,False,False,False,False,False,False,False,False,False,False,False,False,False,False,False,False,False,False,False,False,False,False,False,False,True,,2026-06-30,2026-07-31
V-01223,ICON.V,ICON,International Iconic Gold Exploration Corp.,international iconic gold exploration,TSXV,,,,,Gold,1,False,Operator,False,False,LATIN AMERICA,Argentina,1,1,False,False,False,,,904952.76,15082546,0.06,<5M,117116.5,828167.0,399.0,6.0,0.1294172526751562,43.814919735599624,62.0,0.32886977344200347,293.5250626566416,False,BC,Canada,Other,2005-02-03,7817.0,2005.0,21.0,TSXV,Mining,20050203.0,,,1097884.0,,,,,,False,True,False,False,False,False,False,False,False,False,False,False,False,False,False,False,False,False,False,False,False,False,False,False,True,False,False,False,,2026-06-30,2026-07-31
V-00378,IMM.V,IMM,International Metals Mining Corp.,international metals mining,TSXV,,,,,Gold | Copper | Lithium,3,True,Operator,False,False,LATIN AMERICA,Brazil | Peru,1,2,False,False,False,,,1686878.475,22491713,0.075,<5M,75330.0,645204.0,87.0,6.0,0.0446564474657843,13.786591123701605,25.0,0.11347911856590118,865.8620689655172,False,BC,Canada,,,,,,TSXV,Mining,,,,30748.0,,,,,,False,True,False,True,False,False,False,False,False,False,False,False,False,True,False,False,False,False,False,False,False,False,False,False,True,False,False,False,,2026-06-30,2026-07-31
V-03827,IZZ.V,IZZ,International Prospect Ventures Ltd.,international prospect ventures,TSXV,,,,,Gold,1,False,Operator,False,False,AUS/NZ/PNG | CANADA,Australia | ON | SK,2,3,True,False,False,,,2552425.47,72926442,0.035,<5M,169544.0,3892444.0,188.0,6.0,0.0664246623428342,22.757318224740324,37.5,0.16879560649059425,901.8297872340426,False,QC,Canada,Other,2011-07-15,5464.0,2011.0,15.0,TSXV,Mining,20110715.0,,,1135692.0,,,,,,False,True,False,False,False,False,False,False,False,False,False,False,False,False,False,False,False,False,False,False,False,False,True,True,False,False,False,False,,2026-06-30,2026-07-31
V-00992,IRO.V,IRO,Inter-Rock Minerals Inc.,inter rock minerals,TSXV,,,,,,0,False,Operator,False,True,USA,NV,1,1,False,False,False,,,22573315.44,21705111,1.04,5-25M,254947.5,244878.0,223.0,6.0,0.0112941982615558,2.4551463644948064,1.342281879194631,0.028700349812015205,1143.262331838565,False,ON,Canada,,,,,,TSXV,Mining,,,,1055264.0,,,,,,False,False,False,False,False,False,False,False,False,False,False,False,False,False,False,False,False,False,False,True,False,False,False,False,False,False,False,True,,2026-06-30,2026-07-31
V-01147,INTR.V,INTR,Intrepid Metals Corp.,intrepid metals,TSXV,,,,,Copper,1,False,Operator,False,False,USA,AZ,1,1,True,False,False,,,88352913.935,123570509,0.715,25-100M,32244307.5,46661789.0,14406.0,6.0,0.3649489990077937,78.9423984891407,86.95652173913044,0.9273933122567283,2238.255414410662,False,NV,USA,COB,2022-05-02,1520.0,2022.0,4.0,TSXV,Mining,20220502.0,,,17561.0,,OTCQB,,,,False,False,False,True,False,False,False,False,False,False,False,False,False,False,False,False,False,False,False,False,False,False,False,False,False,False,False,True,,2026-06-30,2026-07-31
V-02607,IVS.V,IVS,Inventus Mining Corp.,inventus mining,TSXV,,,,,Gold,1,False,Operator,False,False,CANADA,ON,1,1,True,False,False,,,55260195.25,221040781,0.25,25-100M,3963339.5,14610587.0,2816.0,6.0,0.0717214168728439,24.740321057601513,23.47826086956522,0.1822555001775245,1407.4359019886365,False,ON,Canada,Other,2007-09-05,6873.0,2007.0,19.0,TSXV,Mining,20070905.0,,,1114355.0,,,,,,False,True,False,False,False,False,False,False,False,False,False,False,False,False,False,False,False,False,False,False,False,False,False,True,False,False,False,False,,2026-06-30,2026-07-31
V-01146,IZN.V,IZN,InZinc Mining Ltd.,inzinc mining,TSXV,,,,,Silver | Copper | Lead | Zinc,4,True,Royalty/Streamer,True,False,CANADA,BC,1,1,True,False,False,,,7742052.12,140764584,0.055,5-25M,387499.5,6263137.0,518.0,6.0,0.0500512647026716,16.24173748819641,16.778523489932887,0.1271882051504343,748.0685328185328,False,BC,Canada,,,,,,TSXV,Mining,,,,1004693.0,,,,,,False,False,True,True,False,False,False,False,False,True,True,False,False,False,False,False,False,False,True,True,False,False,False,True,False,False,False,False,,2026-06-30,2026-07-31
V-04305,IFOS.V,IFOS,Itafos Inc.,itafos,TSXV,,,,,Rare Earths,1,False,Operator,False,False,AFRICA | LATIN AMERICA,Guinea-Bissau | Brazil,2,2,False,False,False,,,476377847.1,186814842,2.5500000000000003,100-500M,88546657.0,26202672.0,40506.0,6.0,0.1858748418698246,56.2795089707271,40.98360655737705,0.4723374656061764,2186.013356046018,False,TX,USA,TSX Comedown,2016-07-12,3640.0,2016.0,10.0,TSXV,Mining,20160712.0,,,1177295.0,,,,,,False,False,False,False,False,False,False,False,False,False,False,True,False,False,False,False,False,False,False,True,True,False,False,False,True,False,False,False,,2026-06-30,2026-07-31
V-04758,JTWO.V,JTWO,J2 Metals Inc.,j2 metals,TSXV,,,,,Gold | Copper,2,True,Operator,False,False,CANADA | USA,BC | QC | AK,2,3,True,False,False,,,6660279.6,44401864,0.15,5-25M,1957439.0,7471201.0,1615.0,6.0,0.2938974213635115,72.8989612842304,81.20805369127517,0.746839979841122,1212.03653250774,False,BC,Canada,QT,2025-03-27,460.0,2025.0,1.0,TSXV,Mining,20250327.0,,,1185112.0,,,Y,,,False,True,False,True,False,False,False,False,False,False,False,False,False,False,False,False,False,False,False,False,False,False,False,True,False,False,False,True,,2026-06-30,2026-07-31
V-04775,JJJJ.V,JJJJ,J4 Ventures Resources Corp.,j4 ventures resources,TSXV,,,,,Gold | Copper,2,True,Operator,False,False,CANADA,BC,1,1,True,False,False,,,2862300.0,19740000,0.145,<5M,177401.0,1163304.0,108.0,6.0,0.0619784788456835,20.96317280453258,35.5,0.15749714875668022,1642.601851851852,False,BC,Canada,QT,2025-12-30,182.0,2025.0,1.0,TSXV,Mining,20251230.0,,,1185290.0,,,Y,,,False,True,False,True,False,False,False,False,False,False,False,False,False,False,False,False,False,False,False,False,False,False,False,True,False,False,False,False,,2026-06-30,2026-07-31
V-01216,JADE.V,JADE,Jade Leader Corp.,jade leader,TSXV,,,,,,0,False,Operator,False,True,USA,WA | WY,1,2,False,False,False,,,1120609.395,74707293,0.015,<5M,54936.0,3075570.0,98.0,6.0,0.0490233262768602,15.769593956562794,28.000000000000004,0.12457605050937226,560.5714285714286,False,AB,Canada,,,,,,TSXV,Mining,,,,1056390.0,,,,,,False,False,False,False,False,False,False,False,False,False,False,False,False,False,False,False,False,False,False,True,False,False,False,False,False,False,False,True,,2026-06-30,2026-07-31
V-01732,JG.V,JG,Japan Gold Corp.,japan gold,TSXV,,,,,Gold,1,False,Operator,False,False,ASIA,Japan,1,1,False,False,False,,,29206944.875,307441525,0.095,25-100M,1290629.5,12066444.0,1523.0,6.0,0.0441891305483555,13.692162417374881,10.434782608695652,0.11229159213040969,847.4258043335522,False,BC,Canada,RTO from NEX,2016-09-19,3571.0,2016.0,10.0,TSXV,Mining,20160919.0,,,19509.0,,OTCQB,,,,False,True,False,False,False,False,False,False,False,False,False,False,False,False,False,False,False,False,False,False,False,True,False,False,False,False,False,False,,2026-06-30,2026-07-31
V-01558,JDN.V,JDN,Jayden Resources Inc.,jayden resources,TSXV,,,,,Gold | Silver,2,True,Operator,False,False,CANADA,MB | QC,1,2,True,False,False,,,1872571.2,5851785,0.32,<5M,179411.5,1466326.0,169.0,6.0,0.0958102420885251,33.33333333333333,50.5,0.24346902717959998,1061.6065088757396,False,BC,Canada,TSX Comedown,2015-10-15,3911.0,2015.0,11.0,TSXV,Mining,20151015.0,,,1175655.0,,OTCQB,,,,False,True,True,False,False,False,False,False,False,False,False,False,False,False,False,False,False,False,False,False,False,False,False,True,False,False,False,False,,2026-06-30,2026-07-31
V-03129,JHC.V,JHC,Jinhua Capital Corporation,jinhua capital,TSXV,,,,,,0,False,Operator,False,True,,,0,0,False,True,True,,,152597.975,6103919,0.025,<5M,,,,,,,,,,True,BC,Canada,QT from NEX,2023-08-11,1054.0,2023.0,3.0,TSXV,Mining,20230811.0,,,1133635.0,,,Y,,,False,False,False,False,False,False,False,False,False,False,False,False,False,False,False,False,False,False,False,False,False,False,False,False,False,False,False,False,,2026-06-30,2026-07-31
V-02404,JUGR.V,JUGR,Juggernaut Exploration Ltd.,juggernaut exploration,TSXV,,,,,Gold | Silver | Copper,3,True,Operator,False,False,CANADA,BC,1,1,True,False,False,,,43649663.68,41178928,1.06,25-100M,25038763.0,18529678.0,13836.0,6.0,0.573630147154435,91.78470254957507,95.65217391304348,1.4576852207464344,1809.6822058398384,False,BC,Canada,QT,2007-09-27,6851.0,2007.0,19.0,TSXV,Mining,20070927.0,,,1109937.0,,,Y,,,False,True,True,True,False,False,False,False,False,False,False,False,False,False,False,False,False,False,False,False,False,False,False,True,False,False,False,False,,2026-06-30,2026-07-31
V-02715,JZR.V,JZR,JZR Gold Inc.,jzr gold,TSXV,,,,,Gold,1,False,Operator,False,False,LATIN AMERICA,Brazil,1,1,False,False,False,,,20208255.3,79248060,0.255,5-25M,5039704.5,14403018.0,4549.0,6.0,0.2493884021744321,67.89423984891407,77.18120805369128,0.6337354999184983,1107.8708507364256,False,BC,Canada,IPO,2008-01-29,6727.0,2008.0,18.0,TSXV,Mining,20080129.0,,,1105900.0,,,,,,False,True,False,False,False,False,False,False,False,False,False,False,False,False,False,False,False,False,False,False,False,False,False,False,True,False,False,False,,2026-06-30,2026-07-31
V-04033,KTO.V,KTO,K2 Gold Corporation,k2 gold,TSXV,,,,,Gold,1,False,Operator,False,False,CANADA | USA,YT | CA,2,2,True,False,False,,,176834361.23,242238851,0.73,100-500M,27370699.0,36228873.0,8121.0,6.0,0.1547815639993193,48.81964117091596,34.42622950819672,0.3933245130247366,3370.360669868243,False,BC,Canada,IPO,2012-07-23,5090.0,2012.0,14.0,TSXV,Mining,20120723.0,,,1156380.0,,OTCQB,,Y,Y,False,True,False,False,False,False,False,False,False,False,False,False,False,False,False,False,False,False,False,False,False,False,False,True,False,False,False,True,,2026-06-30,2026-07-31
V-5096,KIRO.V,KIRO,Kairos Gold Inc.,kairos gold,TSXV,,,,,Gold,1,False,Operator,False,False,LATIN AMERICA,Chile,1,1,False,False,False,,,25464970.88,39789017,0.64,25-100M,5157438.5,8972355.0,3403.0,4.0,0.2025307047985126,60.3399433427762,67.3913043478261,0.5146626560627205,1515.556420805172,True,AB,Canada,Other,2026-03-26,96.0,2026.0,0.0,TSXV,Mining,20260326.0,,,1188440.0,,,,,,False,True,False,False,False,False,False,False,False,False,False,False,False,False,False,False,False,False,False,False,False,False,False,False,True,False,False,False,,2026-06-30,2026-07-31
V-04627,KALO.V,KALO,Kalo Gold Corp.,kalo gold,TSXV,,,,,Gold,1,False,Operator,False,False,ASIA,Fiji,1,1,False,False,False,,,20021688.63,117774639,0.1699999999999999,5-25M,3748226.0,16623722.0,2738.0,6.0,0.1872082854382098,56.75165250236071,64.42953020134227,0.4757259572884506,1368.964937910884,False,BC,Canada,QT,2021-03-01,1947.0,2021.0,5.0,TSXV,Mining,20210301.0,,,1183330.0,,,Y,,,False,True,False,False,False,False,False,False,False,False,False,False,False,False,False,False,False,False,False,False,False,True,False,False,False,False,False,False,,2026-06-30,2026-07-31
V-04489,KAPA.V,KAPA,KAPA Gold Inc.,kapa gold,TSXV,,,,,Gold,1,False,Operator,False,False,USA,CA,1,1,False,False,False,,,12054501.6,80363344,0.15,5-25M,1037016.0,4553784.0,828.0,6.0,0.0860272812938197,30.59490084985836,32.88590604026846,0.21860897155608583,1252.4347826086955,False,BC,Canada,QT,2022-05-25,1497.0,2022.0,4.0,TSXV,Mining,20220525.0,,,1181876.0,,,Y,,,False,True,False,False,False,False,False,False,False,False,False,False,False,False,False,False,False,False,False,False,False,False,False,False,False,False,False,True,,2026-06-30,2026-07-31
V-04594,KLD.V,KLD,Kenorland Minerals Ltd.,kenorland minerals,TSXV,,,,,Gold | Copper | Nickel | Lithium,4,True,Operator,False,False,CANADA | USA,MB | ON | QC | AK,2,4,True,False,False,,,172891601.28,80042408,2.16,100-500M,11325020.0,4490878.0,7534.0,6.0,0.0655035867338575,22.568460812086872,14.207650273224044,0.1664550072228332,1503.1882134324396,False,BC,Canada,RTO,2021-01-13,1994.0,2021.0,5.0,TSXV,Mining,20210113.0,,,1183285.0,,OTCQX,,Y,,False,True,False,True,True,False,False,False,False,False,False,False,False,True,False,False,False,False,False,False,False,False,False,True,False,False,False,True,,2026-06-30,2026-07-31
V-02658,KGC.V,KGC,Kestrel Gold Inc.,kestrel gold,TSXV,,,,,Gold,1,False,Operator,False,False,CANADA,BC | YT,1,2,True,False,False,,,2718025.65,108721026,0.0249999999999999,<5M,226862.5,6151730.0,696.0,6.0,0.0834659157833922,29.367327667610954,47.0,0.21210013538699482,325.951867816092,False,AB,Canada,QT,2010-06-28,5846.0,2010.0,16.0,TSXV,Mining,20100628.0,,,1114295.0,,,Y,,,False,True,False,False,False,False,False,False,False,False,False,False,False,False,False,False,False,False,False,False,False,False,False,True,False,False,False,False,,2026-06-30,2026-07-31
V-04899,KIB.V,KIB,Kiboko Gold Inc.,kiboko gold,TSXV,,,,,Gold,1,False,Operator,False,False,CANADA,QC,1,1,True,False,False,,,3003649.075,17163709,0.175,<5M,312087.5,3393300.0,427.0,6.0,0.1039027836499175,35.59962228517469,53.0,0.2640334593155946,730.884074941452,False,BC,Canada,IPO,2022-06-29,1462.0,2022.0,4.0,TSXV,Mining,20220629.0,,,1184935.0,,,,,,False,True,False,False,False,False,False,False,False,False,False,False,False,False,False,False,False,False,False,False,False,False,False,True,False,False,False,False,,2026-06-30,2026-07-31
V-02984,KCC.V,KCC,Kincora Copper Limited,kincora copper,TSXV,,,,,Copper,1,False,Operator,False,False,AUS/NZ/PNG,Australia,1,1,False,False,False,,,40051104.24,47679886,0.8400000000000001,25-100M,6245364.5,5776679.0,4383.0,6.0,0.1559348891500126,49.008498583569406,51.73913043478261,0.39625529522860164,1424.906342687657,False,BC,Canada,RTO,2011-07-18,5461.0,2011.0,15.0,TSXV,Mining,20110718.0,,,1118003.0,ASX,,,,,False,False,False,True,False,False,False,False,False,False,False,False,False,False,False,False,False,False,False,False,False,False,True,False,False,False,False,False,,2026-06-30,2026-07-31
V-04622,KCP.V,KCP,King Copper Discovery Corp.,king copper discovery,TSXV,,,,,Gold | Silver | Copper,3,True,Operator,False,False,LATIN AMERICA,Argentina | Peru,1,2,False,False,False,,,230321281.68,319890669,0.72,100-500M,92171360.5,91607026.0,44090.0,6.0,0.4001860350363087,81.49197355996223,72.6775956284153,1.0169362118000596,2090.527568609662,False,BC,Canada,Other,2019-12-03,2401.0,2019.0,7.0,TSXV,Mining,20191203.0,,,1183317.0,,OTCQB,,Y,,False,True,True,True,False,False,False,False,False,False,False,False,False,False,False,False,False,False,False,False,False,False,False,False,True,False,False,False,,2026-06-30,2026-07-31
V-04507,KFR.V,KFR,Kingfisher Metals Corp.,kingfisher metals,TSXV,,,,,Gold,1,False,Operator,False,False,CANADA,BC,1,1,True,False,False,,,138953498.1,107715890,1.29,100-500M,38266295.0,47447954.0,22924.0,6.0,0.2753892167037139,71.10481586402267,58.46994535519126,0.6998076951382161,1669.2677979410223,False,BC,Canada,QT,2021-03-18,1930.0,2021.0,5.0,TSXV,Mining,20210318.0,,,1180885.0,,OTCQB,Y,,,False,True,False,False,False,False,False,False,False,False,False,False,False,False,False,False,False,False,False,False,False,False,False,True,False,False,False,False,,2026-06-30,2026-07-31
V-02705,KGS.V,KGS,Kingman Minerals Ltd.,kingman minerals,TSXV,,,,,Gold | Silver,2,True,Operator,False,False,USA,AZ,1,1,False,False,False,,,2621251.26,43687521,0.06,<5M,2713383.5,24533897.0,1913.0,6.0,1.035148191020803,98.86685552407933,98.0,2.6304757984192793,1418.3917929952954,False,BC,Canada,QT,2009-05-21,6249.0,2009.0,17.0,TSXV,Mining,20090521.0,,,1116713.0,,OTCQB,Y,,,False,True,True,False,False,False,False,False,False,False,False,False,False,False,False,False,False,False,False,False,False,False,False,False,False,False,False,True,,2026-06-30,2026-07-31
V-02027,KNG.V,KNG,Kingsmen Resources Ltd.,kingsmen resources,TSXV,,,,,Gold | Silver,2,True,Operator,False,False,LATIN AMERICA,Mexico,1,1,False,False,False,,,36939702.02,34523086,1.07,25-100M,18267266.5,11569336.0,13255.0,6.0,0.4945158055175887,88.6685552407932,93.47826086956522,1.2566431257219772,1378.1415692191626,False,BC,Canada,,,,,,TSXV,Mining,,,,1049952.0,,OTCQB,Y,,,False,True,True,False,False,False,False,False,False,False,False,False,False,False,False,False,False,False,False,False,False,False,False,False,True,False,False,False,,2026-06-30,2026-07-31
V-00016,KIP.V,KIP,Kiplin Metals Inc.,kiplin metals,TSXV,,,,,Uranium,1,False,Operator,False,False,CANADA,SK,1,1,True,False,False,,,3926548.78,17847949,0.22,<5M,216573.5,827325.0,471.0,6.0,0.0551561974992196,18.602455146364495,31.5,0.14016064937664133,459.8163481953291,False,BC,Canada,,,,,,TSXV,Mining,,,,29623.0,,,,,,False,False,False,False,False,False,False,False,False,False,False,False,False,False,True,False,False,False,False,False,False,False,False,True,False,False,False,False,,2026-06-30,2026-07-31
V-02124,KLDC.V,KLDC,Kirkland Lake Discoveries Corp.,kirkland lake discoveries,TSXV,,,,,Gold,1,False,Operator,False,False,CANADA,ON,1,1,True,False,False,,,65801345.92,205629206,0.32,25-100M,27036296.5,71807601.0,14149.0,6.0,0.4108775606637317,82.71954674220963,90.43478260869566,1.0441050748237992,1910.82737295922,False,BC,Canada,,,,,,TSXV,Mining,,,,41452.0,,,,,,False,True,False,False,False,False,False,False,False,False,False,False,False,False,False,False,False,False,False,False,False,False,False,True,False,False,False,False,,2026-06-30,2026-07-31
V-5064,KSM.V,KSM,Kirkstone Metals Corp.,kirkstone metals,TSXV,,,,,Uranium,1,False,Operator,False,False,CANADA,SK,1,1,True,False,False,,,10127749.83,39716666,0.255,5-25M,33174415.5,62009311.0,25408.0,6.0,3.275595868465483,100.0,100.0,8.32380883446617,1305.6681163413098,False,BC,Canada,Other,2025-05-23,403.0,2025.0,1.0,TSXV,Mining,20250523.0,,,1188805.0,,,,,,False,False,False,False,False,False,False,False,False,False,False,False,False,False,True,False,False,False,False,False,False,False,False,True,False,False,False,False,,2026-06-30,2026-07-31
V-01088,KG.V,KG,Klondike Gold Corp.,klondike gold,TSXV,,,,,Gold,1,False,Operator,False,False,CANADA,YT,1,1,True,False,False,,,45893412.675,278141895,0.1649999999999999,25-100M,5311873.0,28583762.0,3709.0,6.0,0.1157436915318697,39.94334277620396,44.34782608695652,0.29412308501843404,1432.1577244540308,False,BC,Canada,,,,,,TSXV,Mining,,,,12471.0,,OTCQB,,,,False,True,False,False,False,False,False,False,False,False,False,False,False,False,False,False,False,False,False,False,False,False,False,True,False,False,False,False,,2026-06-30,2026-07-31
V-02288,KS.V,KS,Klondike Silver Corp.,klondike silver,TSXV,,,,,Silver,1,False,Operator,False,False,CANADA,BC,1,1,True,False,False,,,4033226.7,26888178,0.15,<5M,1502168.0,30177563.0,2214.0,6.0,0.3724481938989444,79.98111425873465,87.0,0.9464499563584279,678.4859981933153,False,BC,Canada,Other,2006-04-17,7379.0,2006.0,20.0,TSXV,Mining,20060417.0,,,1105156.0,,,,,,False,False,True,False,False,False,False,False,False,False,False,False,False,False,False,False,False,False,False,False,False,False,False,True,False,False,False,False,,2026-06-30,2026-07-31
V-04506,KRI.V,KRI,Kobo Resources Inc.,kobo resources,TSXV,,,,,Gold,1,False,Operator,False,False,AFRICA,Cote D'Ivoire,1,1,False,False,False,,,32478205.44,135325856,0.24,25-100M,6328382.0,24293316.0,3352.0,6.0,0.1948501129993468,58.54579792256847,64.78260869565217,0.49514505363584516,1887.942124105012,False,QC,Canada,QT,2023-03-31,1187.0,2023.0,3.0,TSXV,Mining,20230331.0,,,1181701.0,,,Y,,,False,True,False,False,False,False,False,False,False,False,False,False,False,False,False,False,False,False,False,False,True,False,False,False,False,False,False,False,,2026-06-30,2026-07-31
V-02217,KDK.V,KDK,Kodiak Copper Corp.,kodiak copper,TSXV,,,,,Gold | Copper | Diamond | Molybdenum,4,True,Operator,False,False,CANADA | USA,BC | NU | AZ,2,3,True,False,False,,,67268188.76,98923807,0.68,25-100M,21640964.0,21890135.0,19806.0,6.0,0.3217117094859029,74.97639282341831,83.91304347826087,0.8175204992014085,1092.6468746844391,False,BC,Canada,,,,,,TSXV,Mining,,,,38326.0,,OTCQB,,,,False,True,False,True,False,True,True,False,False,False,False,False,False,False,False,False,False,False,False,False,False,False,False,True,False,False,False,True,,2026-06-30,2026-07-31
V-05011,KTRI.V,KTRI,Kootenay Resources Inc.,kootenay resources,TSXV,,,,,Silver,1,False,Operator,False,False,LATIN AMERICA,Mexico,1,1,False,False,False,,,3488116.48,43601456,0.08,<5M,208787.5,2372587.0,449.0,6.0,0.0598568027177808,20.20774315391879,33.5,0.15210563307327996,465.0055679287305,False,BC,Canada,Other,2024-05-01,790.0,2024.0,2.0,TSXV,Mining,20240501.0,,,1187230.0,,,,,,False,False,True,False,False,False,False,False,False,False,False,False,False,False,False,False,False,False,False,False,False,False,False,False,True,False,False,False,,2026-06-30,2026-07-31
V-01099,KTN.V,KTN,Kootenay Silver Inc.,kootenay silver,TSXV,,,,,Silver,1,False,Operator,False,False,LATIN AMERICA,Mexico,1,1,False,False,False,,,132500025.42,102713198,1.29,100-500M,105778000.5,57226089.0,74338.0,6.0,0.7983243789176927,97.45042492917847,97.26775956284153,2.0286689154721143,1422.933096128494,False,BC,Canada,QT,2005-03-14,7778.0,2005.0,21.0,TSXV,Mining,20050314.0,,,1059092.0,,,Y,Y,,False,False,True,False,False,False,False,False,False,False,False,False,False,False,False,False,False,False,False,False,False,False,False,False,True,False,False,False,,2026-06-30,2026-07-31
V-00655,KORE.V,KORE,KORE Mining Ltd.,kore mining,TSXV,,,,,Gold,1,False,Operator,False,False,USA,CA,1,1,False,False,False,,,12322790.1,82151934,0.15,5-25M,1043443.0,3249902.0,919.0,6.0,0.0846758722279948,30.122757318224743,32.21476510067114,0.21517482669426546,1135.411316648531,False,BC,Canada,RTO,2018-11-02,2797.0,2018.0,8.0,TSXV,Mining,20181102.0,,,29225.0,,,,,,False,True,False,False,False,False,False,False,False,False,False,False,False,False,False,False,False,False,False,False,False,False,False,False,False,False,False,True,,2026-06-30,2026-07-31
V-01047,KRY.V,KRY,Koryx Copper S.A.,koryx copper s a,TSXV,,,,,Copper,1,False,Operator,False,False,AFRICA,Namibia | Zambia,1,2,False,False,False,,,403390225.6,121503080,3.3200000000000003,100-500M,75471664.0,25274920.0,36129.0,6.0,0.1870934375956778,56.657223796033996,42.62295081967213,0.4754341106978835,2088.9497079908106,False,BC,Canada,,,,,,TSXV,Mining,,,,41266.0,,OTCQB,,,,False,False,False,True,False,False,False,False,False,False,False,False,False,False,False,False,False,False,False,False,True,False,False,False,False,False,False,False,,2026-06-30,2026-07-31
V-05005,KBRA.V,KBRA,Kubera Gold Corp.,kubera gold,TSXV,,,,,Gold,1,False,Operator,False,False,CANADA,ON,1,1,True,False,False,,,4028606.4,19183840,0.21,<5M,3293.0,13508.0,12.0,5.0,0.0008174042517531,0.18885741265344666,0.5,0.0020771538997149267,274.4166666666667,True,BC,Canada,IPO,2024-03-13,839.0,2024.0,2.0,TSXV,Mining,20240313.0,,,1187920.0,,,,,,False,True,False,False,False,False,False,False,False,False,False,False,False,False,False,False,False,False,False,False,False,False,False,True,False,False,False,False,,2026-06-30,2026-07-31
V-01028,KC.V,KC,Kutcho Copper Corp.,kutcho copper,TSXV,,,,,Copper,1,False,Operator,False,False,CANADA,BC,1,1,True,False,False,,,56828238.08,177588244,0.32,25-100M,6483491.0,19171168.0,4554.0,6.0,0.114089248920103,39.2823418319169,43.47826086956522,0.2899188838346073,1423.691480017567,False,BC,Canada,,,,,,TSXV,Mining,,,,22572.0,,OTCQX,,,,False,False,False,True,False,False,False,False,False,False,False,False,False,False,False,False,False,False,False,False,False,False,False,True,False,False,False,False,,2026-06-30,2026-07-31
V-01386,LAB.V,LAB,Labrador Gold Corp.,labrador gold,TSXV,,,,,Gold,1,False,Operator,False,False,CANADA,NL | ON,1,2,True,False,False,,,11900698.53,170009979,0.0699999999999999,5-25M,901864.0,12986811.0,1186.0,4.0,0.0757824423269379,26.7233238904627,27.85234899328859,0.19257521021172216,760.424957841484,True,BC,Canada,,,,,,TSXV,Mining,,,,24564.0,,OTCQB,,,,False,True,False,False,False,False,False,False,False,False,False,False,False,False,False,False,False,False,False,False,False,False,False,True,False,False,False,False,,2026-06-30,2026-07-31
V-04870,LG.V,LG,Lahontan Gold Corp.,lahontan gold,TSXV,,,,,,0,False,Operator,False,True,,,0,0,False,True,True,,,153424427.885,432181487,0.355,100-500M,74760917.0,212136401.0,41617.0,6.0,0.4872817062484821,88.38526912181302,84.69945355191257,1.2382601316581205,1796.403320758344,False,BC,Canada,Other,2022-04-13,1539.0,2022.0,4.0,TSXV,Mining,20220413.0,,,1184505.0,,OTCQB,,,,False,False,False,False,False,False,False,False,False,False,False,False,False,False,False,False,False,False,False,False,False,False,False,False,False,False,False,False,,2026-06-30,2026-07-31
V-03957,LVG.V,LVG,Lake Victoria Gold Ltd.,lake victoria gold,TSXV,,,,,Gold,1,False,Operator,False,False,AFRICA,Tanzania,1,1,False,False,False,,,51890629.18,199579343,0.26,25-100M,10661990.5,35748452.0,8804.0,6.0,0.2054704417442178,60.81208687440982,67.82608695652173,0.5221329940843432,1211.0393571104044,False,ON,Canada,Other,2012-02-22,5242.0,2012.0,14.0,TSXV,Mining,20120222.0,,,1062173.0,,OTCQB,,,,False,True,False,False,False,False,False,False,False,False,False,False,False,False,False,False,False,False,False,False,True,False,False,False,False,False,False,False,,2026-06-30,2026-07-31
V-03816,LWR.V,LWR,Lake Winn Resources Corp.,lake winn resources,TSXV,,,,,Gold | Lithium,2,True,Operator,False,False,CANADA,MB | YT,1,2,True,False,False,,,1367923.35,27358467,0.05,<5M,1795778.0,22813834.0,1525.0,6.0,1.312776772178061,99.52785646836638,99.5,3.335974073949737,1177.559344262295,False,BC,Canada,QT,2013-05-24,4785.0,2013.0,13.0,TSXV,Mining,20130524.0,,,1141630.0,,,Y,,,False,True,False,False,False,False,False,False,False,False,False,False,False,True,False,False,False,False,False,False,False,False,False,True,False,False,False,False,,2026-06-30,2026-07-31
V-01120,LRA.V,LRA,Lara Exploration Ltd.,lara exploration,TSXV,,,,,Gold | Silver | Copper | Zinc,4,True,Royalty/Streamer,True,False,LATIN AMERICA,Brazil | Peru,1,2,False,False,False,,,236389606.28,59997362,3.94,100-500M,7389558.5,2191350.0,2457.0,6.0,0.0312600821004252,8.404154863078375,3.825136612021858,0.07943682859618291,3007.553317053317,False,BC,Canada,Other,2005-05-30,7701.0,2005.0,21.0,TSXV,Mining,20050530.0,,,1098699.0,,,,Y,,False,True,True,True,False,False,False,False,False,False,True,False,False,False,False,False,False,False,True,True,False,False,False,False,True,False,False,False,,2026-06-30,2026-07-31
V-04232,LALI.V,LALI,LatAm Lithium Corp.,latam lithium,TSXV,,,,,Gold | Lithium,2,True,Operator,False,False,CANADA | LATIN AMERICA,ON | Argentina,2,2,True,False,False,,,1159885.285,17844389,0.065,<5M,95948.0,7384153.0,330.0,6.0,0.0827219736648353,28.98961284230406,46.0,0.21020966042383135,290.75151515151515,False,BC,Canada,IPO,2014-12-05,4225.0,2014.0,12.0,TSXV,Mining,20141205.0,,,1170845.0,,,,,,False,True,False,False,False,False,False,False,False,False,False,False,False,True,False,False,False,False,False,False,False,False,False,True,True,False,False,False,,2026-06-30,2026-07-31
V-5097,LXE.V,LXE,Latin Explore Inc.,latin explore,TSXV,,,,,Copper,1,False,Operator,False,False,LATIN AMERICA,Peru,1,1,False,False,False,,,7862400.0,43680000,0.18,5-25M,192720.0,1156345.0,316.0,3.0,0.0245115995115995,6.232294617563739,6.7114093959731544,0.06228786356881395,609.873417721519,True,BC,Canada,Other,2026-03-30,92.0,2026.0,0.0,TSXV,Mining,20260330.0,,,1189096.0,,,,,,False,False,False,True,False,False,False,False,False,False,False,False,False,False,False,False,False,False,False,False,False,False,False,False,True,False,False,False,,2026-06-30,2026-07-31
V-02310,LMS.V,LMS,Latin Metals Inc.,latin metals,TSXV,,,,,Gold | Silver | Copper,3,True,Royalty/Streamer,True,False,LATIN AMERICA,Argentina | Peru,1,2,False,False,False,,,27800000.0,139000000,0.2,25-100M,2404239.0,10130579.0,1638.0,6.0,0.086483417266187,30.97261567516525,32.17391304347826,0.2197680854361163,1467.7893772893774,False,BC,Canada,RTO,2015-06-22,4026.0,2015.0,11.0,TSXV,Mining,20150622.0,,,1106967.0,,OTCQB,Y,,,False,True,True,True,False,False,False,False,False,False,False,False,False,False,False,False,False,False,True,False,False,False,False,False,True,False,False,False,,2026-06-30,2026-07-31
V-01127,LME.V,LME,Laurion Mineral Exploration Inc.,laurion mineral exploration,TSXV,,,,,Gold,1,False,Operator,False,False,CANADA,ON,1,1,True,False,False,,,55112204.94,282626692,0.1949999999999999,25-100M,2514861.5,10903609.0,3120.0,6.0,0.0456316618567139,14.258734655335223,11.73913043478261,0.11595729306870416,806.0453525641026,False,ON,Canada,,,,,,TSXV,Mining,,,,1062275.0,,,,,,False,True,False,False,False,False,False,False,False,False,False,False,False,False,False,False,False,True,False,False,False,False,False,True,False,False,False,False,,2026-06-30,2026-07-31
V-04871,LGC.V,LGC,Lavras Gold Corp.,lavras gold,TSXV,,,,,Gold,1,False,Operator,False,False,LATIN AMERICA,Brazil,1,1,False,False,False,,,112648758.23,62236883,1.81,100-500M,23933232.5,8722736.0,14770.0,6.0,0.2124589110084502,62.700661000944294,48.08743169398907,0.5398918033321594,1620.3948882870684,False,ON,Canada,Other,2022-04-12,1540.0,2022.0,4.0,TSXV,Mining,20220412.0,,,1186170.0,,OTCQX,,,,False,True,False,False,False,False,False,False,False,False,False,False,False,False,False,False,False,False,False,False,False,False,False,False,True,False,False,False,,2026-06-30,2026-07-31
V-03802,LEM.V,LEM,Leading Edge Materials Corp.,leading edge materials,TSXV,,,,,Nickel | Rare Earths,2,True,Operator,False,False,UK/EUROPE,Romania | Sweden,1,2,False,False,False,,,82409743.68,257530449,0.32,25-100M,4845992.0,15969369.0,4664.0,6.0,0.0588036290807693,19.452313503305003,17.391304347826086,0.1494293517565346,1039.0205831903943,False,BC,Canada,QT,2016-08-26,3595.0,2016.0,10.0,TSXV,Mining,20160826.0,,,1145095.0,Nasdaq Nordic,OTCQB,Y,,,False,False,False,False,True,False,False,False,False,False,False,True,False,False,False,False,False,False,False,True,False,False,False,False,False,False,True,False,,2026-06-30,2026-07-31
V-04974,LEGY.V,LEGY,Legacy Gold Mines Ltd.,legacy gold mines,TSXV,,,,,Gold,1,False,Operator,False,False,USA,ID,1,1,False,False,False,,,61722537.23,61111423,1.01,25-100M,1595377.5,2475576.0,654.0,6.0,0.0258475683534372,6.704438149197356,5.6521739130434785,0.06568277237161142,2439.4151376146788,False,AB,Canada,QT,2024-10-08,630.0,2024.0,2.0,TSXV,Mining,20241008.0,,,1187365.0,,,Y,,,False,True,False,False,False,False,False,False,False,False,False,False,False,False,False,False,False,False,False,False,False,False,False,False,False,False,False,True,,2026-06-30,2026-07-31
V-04696,LVX.V,LVX,Leviathan Metals Corp.,leviathan metals,TSXV,,,,,Gold,1,False,Operator,False,False,AUS/NZ/PNG,Australia,1,1,False,False,False,,,80217512.16,116257264,0.69,25-100M,7613246.5,9945644.0,4345.0,6.0,0.0949075369579499,32.86118980169972,36.08695652173913,0.2411751102122667,1752.1856156501726,False,BC,Canada,Other,2021-02-10,1966.0,2021.0,5.0,TSXV,Mining,20210210.0,,,1184231.0,,OTCQB,,,,False,True,False,False,False,False,False,False,False,False,False,False,False,False,False,False,False,False,False,False,False,False,True,False,False,False,False,False,,2026-06-30,2026-07-31
V-01754,LIB.V,LIB,Libertystream Infrastructure Partners Inc.,libertystream infrastructure partners,TSXV,,,,,Lithium,1,False,Operator,False,False,CANADA,AB,1,1,True,False,False,,,209090566.45,215557285,0.97,100-500M,112350118.5,98221311.0,66696.0,6.0,0.5373275342236273,90.93484419263456,88.52459016393442,1.365434521221275,1684.5105928391508,False,ON,Canada,,,,,,TSXV,Mining,,,,1062262.0,,OTCQB,,,,False,False,False,False,False,False,False,False,False,False,False,False,False,True,False,False,False,False,False,False,False,False,False,True,False,False,False,False,,2026-06-30,2026-07-31
V-04991,LIFT.V,LIFT,Li-FT Power Ltd.,li ft power,TSXV,,,,,Lithium,1,False,Operator,False,False,CANADA,NT | QC | YT,1,3,True,False,False,,,385904075.65,86720017,4.449999999999999,100-500M,46662881.0,7663659.0,17284.0,6.0,0.1209183420035227,41.64305949008499,26.775956284153008,0.3072726929190564,2699.773258504976,False,BC,Canada,Other,2023-11-01,972.0,2023.0,3.0,TSXV,Mining,20231101.0,,,1187375.0,ASX,OTCQX,,Y,,False,False,False,False,False,False,False,False,False,False,False,False,False,True,False,False,False,False,False,False,False,False,False,True,False,False,False,False,,2026-06-30,2026-07-31
V-02515,LMG.V,LMG,Lincoln Gold Mining Inc.,lincoln gold mining,TSXV,,,,,Gold | Silver,2,True,Operator,False,False,USA,NV,1,1,False,False,False,,,9565088.67,25851591,0.37,5-25M,1902985.0,4237062.0,931.0,6.0,0.1989511091484738,59.67894239848914,68.79194630872483,0.5055663355481973,2044.0225563909771,False,BC,Canada,QT,2009-08-21,6157.0,2009.0,17.0,TSXV,Mining,20090821.0,,,1112263.0,,,Y,,,False,True,True,False,False,False,False,False,False,False,False,False,False,False,False,False,False,False,False,False,False,False,False,False,False,False,False,True,,2026-06-30,2026-07-31
V-02184,LIO.V,LIO,Lion One Metals Limited,lion one metals,TSXV,,,,,Gold,1,False,Operator,False,False,ASIA,Fiji,1,1,False,False,False,,,54385343.325,402854395,0.135,25-100M,22002205.0,94256199.0,15202.0,6.0,0.4045612963867411,82.05854579792256,90.0,1.0280544451060776,1447.323049598737,False,BC,Canada,RTO from NEX,2011-01-31,5629.0,2011.0,15.0,TSXV,Mining,20110131.0,,,1003733.0,,OTCQX,,,,False,True,False,False,False,False,False,False,False,False,False,False,False,False,False,False,False,False,False,False,False,True,False,False,False,False,False,False,,2026-06-30,2026-07-31
V-01084,ROAR.V,ROAR,Lion Rock Resources Inc.,lion rock resources,TSXV,,,,,Gold | Copper,2,True,Operator,False,False,CANADA,ON,1,1,True,False,False,,,28387357.67,115866766,0.245,25-100M,8595516.5,29428906.0,6741.0,6.0,0.3027938211059289,73.65439093484419,81.73913043478261,0.7694471431617814,1275.1099985165406,False,BC,Canada,,,,,,TSXV,Mining,,,,1084821.0,,,,,,False,True,False,True,False,False,False,False,False,False,False,False,False,False,False,False,False,False,False,False,False,False,False,True,False,False,False,False,,2026-06-30,2026-07-31
V-5036,LAF.V,LAF,Lithium Africa Corp.,lithium africa,TSXV,,,,,Lithium,1,False,Operator,False,False,AFRICA,Cote D'Ivoire | Guinea | Mali | Morocco | South Africa | Zimbabwe,1,6,False,False,False,,,34969643.8,24978317,1.4,25-100M,3065456.5,1545205.0,1498.0,5.0,0.0876605011344153,31.25590179414542,33.04347826086956,0.22275924231098937,2046.3661548731643,True,Cayman Islands,Latin America,QT,2026-02-19,131.0,2026.0,0.0,TSXV,Mining,20260219.0,,,1188420.0,,,Y,,,False,False,False,False,False,False,False,False,False,False,False,False,False,True,False,False,False,False,False,False,True,False,False,False,False,False,False,False,,2026-06-30,2026-07-31
V-03725,LITH.V,LITH,Lithium Chile Inc.,lithium chile,TSXV,,,,,Lithium,1,False,Operator,False,False,LATIN AMERICA,Argentina | Chile,1,2,False,False,False,,,125065106.88,223330548,0.5599999999999999,100-500M,17792295.0,29178928.0,8532.0,6.0,0.1422642609426761,46.45892351274787,31.147540983606557,0.3615160598606447,2085.3604078762305,False,AB,Canada,QT,2013-06-10,4768.0,2013.0,13.0,TSXV,Mining,20130610.0,,,1142290.0,,,Y,,,False,False,False,False,False,False,False,False,False,False,False,False,False,True,False,False,False,False,False,False,False,False,False,False,True,False,False,False,,2026-06-30,2026-07-31
V-04721,LTH.V,LTH,Lithium Ionic Corp.,lithium ionic,TSXV,,,,,Lithium,1,False,Operator,False,False,LATIN AMERICA,Brazil,1,1,False,False,False,,,147975906.75,197301209,0.75,100-500M,63610445.5,60576698.0,46900.0,6.0,0.4298702869749436,84.89140698772427,79.23497267759562,1.0923686059210969,1356.2994776119403,False,ON,Canada,QT,2022-05-24,1498.0,2022.0,4.0,TSXV,Mining,20220524.0,,,1184670.0,,OTCQX,Y,Y,,False,False,False,False,False,False,False,False,False,False,False,False,False,True,False,False,False,False,False,False,False,False,False,False,True,False,False,False,,2026-06-30,2026-07-31
V-04872,LBNK.V,LBNK,LithiumBank Resources Corp.,lithiumbank resources,TSXV,,,,,Lithium,1,False,Operator,False,False,CANADA,AB,1,1,True,False,False,,,29916890.52,67992933,0.44,25-100M,6743957.0,11170476.0,4423.0,6.0,0.2254230597759328,64.96694995278564,73.04347826086956,0.5728357623476709,1524.7472303866157,False,BC,Canada,Other,2022-04-01,1551.0,2022.0,4.0,TSXV,Mining,20220401.0,,,1186055.0,,OTCQX,,,,False,False,False,False,False,False,False,False,False,False,False,False,False,True,False,False,False,False,False,False,False,False,False,True,False,False,False,False,,2026-06-30,2026-07-31
V-01872,LOD.V,LOD,Lode Gold Resources Inc.,lode gold resources,TSXV,,,,,Gold | Copper,2,True,Operator,False,False,CANADA | USA,NB | ON | YT | CA,2,4,True,False,False,,,17570753.778,58962261,0.298,5-25M,8215559.5,20549382.0,3678.0,6.0,0.4675701227050681,87.4409820585458,91.94630872483222,1.1881698702740593,2233.702963567156,False,ON,Canada,,,,,,TSXV,Mining,,,,1023965.0,,OTCQB,,,,False,True,False,True,False,False,False,False,False,False,False,False,False,False,False,False,False,False,False,False,False,False,False,True,False,False,False,True,,2026-06-30,2026-07-31
V-04158,LSTR.V,LSTR,Lodestar Metals Corp.,lodestar metals,TSXV,,,,,Lithium,1,False,Operator,False,False,CANADA,MB,1,1,True,False,False,,,3606277.36,51518248,0.0699999999999999,<5M,1816197.0,12760769.0,1514.0,6.0,0.503620997138168,89.23512747875354,93.5,1.2797808623336646,1199.601717305152,False,BC,Canada,QT from NEX,2021-03-05,1943.0,2021.0,5.0,TSXV,Mining,20210305.0,,,1166601.0,,OTCQB,Y,,,False,False,False,False,False,False,False,False,False,False,False,False,False,True,False,False,False,False,False,False,False,False,False,True,False,False,False,False,,2026-06-30,2026-07-31
V-01150,LMR.V,LMR,Lomiko Metals Inc.,lomiko metals,TSXV,,,,,Lithium,1,False,Operator,False,False,CANADA,QC,1,1,True,False,False,,,6803433.575,80040395,0.085,5-25M,1681707.0,15190651.0,2033.0,6.0,0.2471850399450692,67.233238904627,76.84563758389261,0.628136406890306,827.2046237088048,False,BC,Canada,,,,,,TSXV,Mining,,,,19485.0,,OTCQB,,,,False,False,False,False,False,False,False,False,False,False,False,False,False,True,False,False,False,False,False,True,False,False,False,True,False,False,False,False,,2026-06-30,2026-07-31
V-00749,LA.V,LA,Los Andes Copper Limited,los andes copper,TSXV,,,,,Copper,1,False,Operator,False,False,LATIN AMERICA,Chile,1,1,True,False,False,,,371699431.13,30392431,12.23,100-500M,21898793.0,1547874.0,4640.0,6.0,0.0589153255721314,19.54674220963173,12.021857923497267,0.14971319026375982,4719.567456896551,False,Chile,Latin America,,,,,,TSXV,Mining,,,,39153.0,,OTCQX,,Y,,False,False,False,True,False,False,False,False,False,False,False,False,False,False,False,False,False,False,False,False,False,False,False,False,True,False,False,False,,2026-06-30,2026-07-31
V-01809,LUCA.V,LUCA,Luca Mining Corp.,luca mining,TSXV,,,,,Gold | Silver,2,True,Operator,False,False,LATIN AMERICA,Mexico,1,1,False,False,False,,,267012727.41,275270853,0.97,100-500M,108174463.5,75342443.0,101311.0,6.0,0.4051284916239117,82.15297450424929,73.77049180327869,1.0294957781995397,1067.7464786647058,False,BC,Canada,,,,,,TSXV,Mining,,,,37278.0,,OTCQX,,Y,Y,False,True,True,False,False,False,False,False,False,False,False,False,False,False,False,False,False,True,False,False,False,False,False,False,True,False,False,False,,2026-06-30,2026-07-31
V-02988,LKY.V,LKY,Lucky Minerals Inc.,lucky minerals,TSXV,,,,,Gold | Copper,2,True,Operator,False,False,CANADA,QC,1,1,True,False,False,,,1011271.35,20225427,0.0499999999999999,<5M,,,,,,,,,,True,BC,Canada,Other,2009-06-15,6224.0,2009.0,17.0,TSXV,Mining,20090615.0,,,1122256.0,,,,,,False,True,False,True,False,False,False,False,False,False,False,False,False,False,False,False,False,False,False,False,False,False,False,True,False,False,False,False,,2026-06-30,2026-07-31
V-04239,LPK.V,LPK,Lupaka Gold Corp.,lupaka gold,TSXV,,,,,Gold,1,False,Operator,False,False,LATIN AMERICA | USA,Peru | OR,2,2,False,False,False,,,7910085.48,22927784,0.345,5-25M,638663.5,1675383.0,441.0,6.0,0.0807404043375774,28.234183191690278,30.201342281879196,0.20517417835135465,1448.216553287982,False,BC,Canada,TSX Comedown,2015-02-18,4150.0,2015.0,11.0,TSXV,Mining,20150218.0,,,1173135.0,,,,,,False,True,False,False,False,False,False,False,False,False,False,False,False,False,False,False,False,False,False,False,False,False,False,False,True,False,False,True,,2026-06-30,2026-07-31
V-04116,LXM.V,LXM,Lux Metals Corp.,lux metals,TSXV,,,,,Nickel,1,False,Operator,False,False,AUS/NZ/PNG,Australia,1,1,False,False,False,,,11151256.32,76905216,0.145,5-25M,2249495.5,10238805.0,1800.0,6.0,0.2017257460009671,60.245514636449485,69.46308724832215,0.5126171280368444,1249.719722222222,False,BC,Canada,IPO,2013-04-10,4829.0,2013.0,13.0,TSXV,Mining,20130410.0,,,1162145.0,,,,,,False,False,False,False,True,False,False,False,False,False,False,False,False,False,False,False,False,False,False,True,False,False,True,False,False,False,False,False,,2026-06-30,2026-07-31
V-5065,LUXR.V,LUXR,Luxor Metals Ltd.,luxor metals,TSXV,,,,,Gold,1,False,Operator,False,False,CANADA,BC,1,1,True,False,False,,,2791099.2,19248960,0.145,<5M,180489.5,799672.0,453.0,6.0,0.0646661000081974,21.907459867799812,36.5,0.16432682057047207,398.43156732891833,False,BC,Canada,Other,2025-05-30,396.0,2025.0,1.0,TSXV,Mining,20250530.0,,,1188880.0,,,,,,False,True,False,False,False,False,False,False,False,False,False,False,False,False,False,False,False,False,False,False,False,False,False,True,False,False,False,False,,2026-06-30,2026-07-31
V-02708,MT.V,MT,M3 Metals Corp.,m3 metals,TSXV,,,,,Lithium,1,False,Operator,False,False,USA,CA | NV,1,2,False,False,False,,,4109889.6,10274724,0.4,<5M,245707.5,840664.0,146.0,6.0,0.0597844526042743,20.113314447592067,33.0,0.15192177995520226,1682.9280821917807,False,BC,Canada,QT,2010-08-20,5793.0,2010.0,16.0,TSXV,Mining,20100820.0,,,1115735.0,,OTCQB,Y,,,False,False,False,False,False,False,False,False,False,False,False,False,False,True,False,False,False,False,False,False,False,False,False,False,False,False,False,True,,2026-06-30,2026-07-31
V-04523,MACK.V,MACK,Mackay Gold & Silver Corp.,mackay gold silver,TSXV,,,,,Gold | Silver,2,True,Operator,False,False,USA,NV,1,1,False,False,False,,,291439408.2,85717473,3.4,100-500M,9488207.5,3758951.0,6383.0,3.0,0.0325563641465011,8.78186968838527,4.918032786885246,0.08273088695391966,1486.4808867303775,True,BC,Canada,QT,2026-04-24,67.0,2026.0,0.0,TSXV,Mining,20260424.0,,,1182030.0,,,Y,,,False,True,True,False,False,False,False,False,False,False,False,False,False,False,False,False,False,False,False,False,False,False,False,False,False,False,False,True,,2026-06-30,2026-07-31
V-01257,MDM.V,MDM,Madoro Metals Corp.,madoro metals,TSXV,,,,,Zinc,1,False,Operator,False,False,CANADA,BC,1,1,True,False,False,,,1400950.74,93396716,0.015,<5M,148438.5,3398906.0,167.0,1.0,0.1059555455889905,36.827195467422094,55.00000000000001,0.26924985311069244,888.8532934131737,True,BC,Canada,,,,,,TSXV,Mining,,,,32714.0,,,,,,False,False,False,False,False,False,False,False,False,False,True,False,False,False,False,False,False,False,False,False,False,False,False,True,False,False,False,False,,2026-06-30,2026-07-31
V-03088,MGMA.V,MGMA,Magma Silver Corp.,magma silver,TSXV,,,,,Gold | Silver,2,True,Operator,False,False,LATIN AMERICA,Peru,1,1,False,False,False,,,12125506.1,83624180,0.145,5-25M,9347877.0,37586617.0,9927.0,6.0,0.7709267491935863,96.97828139754485,97.31543624161074,1.9590471912122815,941.6618313689936,False,BC,Canada,IPO,2010-02-17,5977.0,2010.0,16.0,TSXV,Mining,20100217.0,,,1124165.0,,,,,,False,True,True,False,False,False,False,False,False,False,False,False,False,False,False,False,False,False,False,False,False,False,False,False,True,False,False,False,,2026-06-30,2026-07-31
V-01396,MTT.V,MTT,Magna Terra Minerals Inc.,magna terra minerals,TSXV,,,,,Gold | Copper,2,True,Operator,False,False,CANADA,NB | NL,1,2,True,False,False,,,16253612.7,108357418,0.15,5-25M,1906137.0,11802054.0,1707.0,6.0,0.1172746659578027,40.32105760151086,43.624161073825505,0.29801353395159036,1116.659050966608,False,ON,Canada,RTO,2020-08-14,2146.0,2020.0,6.0,TSXV,Mining,20200814.0,,,1074410.0,,,,,,False,True,False,True,False,False,False,False,False,False,False,False,False,False,False,False,False,False,False,True,False,False,False,True,False,False,False,False,,2026-06-30,2026-07-31
V-01204,MJS.V,MJS,Majestic Gold Corp.,majestic gold,TSXV,,,,,Gold,1,False,Operator,False,False,ASIA,China,1,1,False,False,False,,,104266438.1,1042664381,0.0999999999999999,100-500M,19281174.0,117225042.0,9747.0,6.0,0.1849221508987176,56.185080264400376,40.43715846994536,0.4699165266868916,1978.164973838104,False,BC,Canada,,,,,,TSXV,Mining,,,,38513.0,,,,Y,,False,True,False,False,False,False,False,False,False,False,False,False,False,False,False,False,False,False,False,False,False,True,False,False,False,False,False,False,,2026-06-30,2026-07-31
V-02395,MKO.V,MKO,Mako Mining Corp.,mako mining,TSXV,,,,,Gold,1,False,Operator,False,False,LATIN AMERICA,Guyana | Nicaragua,1,2,False,False,False,,,913507868.21,87584647,10.43,500M-2B,173690774.0,17356057.0,62258.0,6.0,0.1901360459438007,57.412653446647774,36.708860759493675,0.4831658612754632,2789.854701403836,False,BC,Canada,Other,2018-11-14,2785.0,2018.0,8.0,TSXV,Mining,20181114.0,,,1101079.0,,OTCQX,,Y,,False,True,False,False,False,False,False,False,False,False,False,False,False,False,False,False,False,False,False,False,False,False,False,False,True,False,False,False,,2026-06-30,2026-07-31
V-03773,MTH.V,MTH,Mammoth Resources Corp.,mammoth resources,TSXV,,,,,Gold,1,False,Operator,False,False,LATIN AMERICA,Mexico,1,1,False,False,False,,,3196707.99,106556933,0.03,<5M,260361.0,5311515.0,300.0,6.0,0.081446600945243,28.517469310670446,45.5,0.20696873598233345,867.87,False,ON,Canada,QT,2011-12-28,5298.0,2011.0,15.0,TSXV,Mining,20111228.0,,,1146400.0,,,Y,,,False,True,False,False,False,False,False,False,False,False,False,False,False,False,False,False,False,False,False,False,False,False,False,False,True,False,False,False,,2026-06-30,2026-07-31
V-02863,MN.V,MN,Manganese X Energy Corp.,manganese x energy,TSXV,,,,,Copper | Nickel,2,True,Operator,False,False,CANADA,NB | QC,1,2,True,False,False,,,26817325.04,243793864,0.11,25-100M,1948453.0,15133004.0,3346.0,6.0,0.0726565008662773,25.21246458923513,24.347826086956523,0.1846316969728743,582.3230723251644,False,QC,Canada,QT,2010-12-13,5678.0,2010.0,16.0,TSXV,Mining,20101213.0,,,1118681.0,,OTCQB,Y,,,False,False,False,True,True,False,False,False,False,False,False,False,False,False,False,False,False,False,False,True,False,False,False,True,False,False,False,False,,2026-06-30,2026-07-31
V-00936,MANU.V,MANU,Manhattan Uranium Discovery Corp.,manhattan uranium discovery,TSXV,,,,,Gold,1,False,Operator,False,False,LATIN AMERICA,Chile,1,1,False,False,False,,,38528181.3,110080518,0.35,25-100M,4044295.0,10265412.0,3430.0,6.0,0.1049697874007875,36.73276676109538,39.565217391304344,0.26674488514605316,1179.094752186589,False,BC,Canada,RTO from NEX,2020-12-31,2007.0,2020.0,6.0,TSXV,Mining,20201231.0,,,1099280.0,,,Y,,,False,True,False,False,False,False,False,False,False,False,False,False,False,False,False,False,False,False,False,False,False,False,False,False,True,False,False,False,,2026-06-30,2026-07-31
V-03831,MGM.V,MGM,Maple Gold Mines Ltd.,maple gold mines,TSXV,,,,,Gold,1,False,Operator,False,False,CANADA,QC,1,1,True,False,False,,,203143449.3,74139945,2.74,100-500M,37928598.0,14210046.0,20371.0,6.0,0.1867084473099965,56.56279508970727,42.07650273224044,0.4744557892962757,1861.8918069805115,False,ON,Canada,IPO,2011-08-09,5439.0,2011.0,15.0,TSXV,Mining,20110809.0,,,1145850.0,,OTCQB,,,,False,True,False,False,False,False,False,False,False,False,False,False,False,False,False,False,False,False,False,False,False,False,False,True,False,False,False,False,,2026-06-30,2026-07-31
V-03859,MASS.V,MASS,Masivo Silver Corp.,masivo silver,TSXV,,,,,Gold | Silver,2,True,Operator,False,False,LATIN AMERICA | USA,Mexico | NV,2,2,True,False,False,,,7356980.5,77441900,0.095,5-25M,2957694.5,24183807.0,2575.0,6.0,0.4020256000406688,81.68083097261567,87.91946308724832,1.0216108383564917,1148.6192233009708,False,AZ,USA,QT,2013-10-03,4653.0,2013.0,13.0,TSXV,Mining,20131003.0,,,1146290.0,,,Y,,,False,True,True,False,False,False,False,False,False,False,False,False,False,False,False,False,False,False,False,False,False,False,False,False,True,False,False,True,,2026-06-30,2026-07-31
V-01231,MCM.V,MCM,"Matachewan Consolidated Mines, Limited",matachewan consolidated mines,TSXV,,,,,Gold,1,False,Operator,False,False,CANADA,ON,1,1,True,False,False,,,4229957.75,13645025,0.31,<5M,439829.0,1008657.0,623.0,6.0,0.1039795255638191,35.78847969782814,53.5,0.26422847269531513,705.9855537720706,False,ON,Canada,,,,,,TSXV,Mining,,,,1063108.0,,,,,,False,True,False,False,False,False,False,False,False,False,False,False,False,False,False,False,False,False,False,False,False,False,False,True,False,False,False,False,,2026-06-30,2026-07-31
V-01175,MAX.V,MAX,MAX Resource Corp.,max resource,TSXV,,,,,Silver | Copper,2,True,Operator,False,False,LATIN AMERICA,Colombia,1,1,False,False,False,,,13876833.75,55507335,0.25,5-25M,2715763.5,9451608.0,1819.0,6.0,0.1957048379281765,58.829084041548626,67.11409395973155,0.497317045297614,1492.9980758658603,False,BC,Canada,,,,,,TSXV,Mining,,,,1023635.0,,,,,,False,False,True,True,False,False,False,False,False,False,False,False,False,False,False,False,False,False,False,False,False,False,False,False,True,False,False,False,,2026-06-30,2026-07-31
V-04701,MFG.V,MFG,Mayfair Gold Corp.,mayfair gold,TSXV,,,,,Gold,1,False,Operator,False,False,CANADA,ON,1,1,True,False,False,,,234313351.04,67138496,3.49,100-500M,56338596.0,12152762.0,21365.0,6.0,0.2404412542005869,66.3833805476865,52.459016393442624,0.6109993772896535,2636.957453779546,False,ON,Canada,IPO,2021-03-22,1926.0,2021.0,5.0,TSXV,Mining,20210322.0,,,1184640.0,NYSE Mkt,,,Y,,False,True,False,False,False,False,False,False,False,False,False,False,False,False,False,False,False,False,False,False,False,False,False,True,False,False,False,False,,2026-06-30,2026-07-31
V-01259,MKR.V,MKR,Melkior Resources Inc.,melkior resources,TSXV,,,,,Gold | Copper,2,True,Royalty/Streamer,True,False,CANADA,ON | QC,1,2,True,False,False,,,6246025.2,52050210,0.12,5-25M,1133423.0,8594190.0,927.0,6.0,0.18146308471506,55.524079320113316,63.08724832214765,0.46112649067062916,1222.678532901834,False,QC,Canada,,,,,,TSXV,Mining,,,,1074399.0,,,,,,False,True,False,True,False,False,False,False,False,False,False,False,False,False,False,False,False,False,True,False,False,False,False,True,False,False,False,False,,2026-06-30,2026-07-31
V-04723,MERG.V,MERG,Metal Energy Corp.,metal energy,TSXV,,,,,Copper | Nickel,2,True,Operator,False,False,CANADA,BC | MB,1,2,True,False,False,,,33577346.88,46635204,0.7200000000000001,25-100M,5963247.5,6748582.0,2698.0,6.0,0.1775973402934925,53.82436260623229,57.826086956521735,0.451303020724959,2210.2474054855447,False,ON,Canada,QT,2021-11-29,1674.0,2021.0,5.0,TSXV,Mining,20211129.0,,,1184805.0,,OTCQB,Y,,,False,False,False,True,True,False,False,False,False,False,False,False,False,False,False,False,False,False,False,False,False,False,False,True,False,False,False,False,,2026-06-30,2026-07-31
V-04609,MLO.V,MLO,Metalero Mining Corp.,metalero mining,TSXV,,,,,Gold | Silver | Copper,3,True,Operator,False,False,USA,NV,1,1,False,False,False,,,5242545.0,30838500,0.17,5-25M,1072410.5,6005862.0,775.0,6.0,0.2045591406463845,60.7176581680831,70.13422818791946,0.5198172334003008,1383.7554838709675,False,AB,Canada,QT,2020-09-10,2119.0,2020.0,6.0,TSXV,Mining,20200910.0,,,1183045.0,,,Y,,,False,True,True,True,False,False,False,False,False,False,False,False,False,False,False,False,False,False,False,False,False,False,False,False,False,False,False,True,,2026-06-30,2026-07-31
V-01269,MTX.V,MTX,Metalex Ventures Ltd.,metalex ventures,TSXV,,,,,Gold | Diamond,2,True,Operator,False,False,CANADA,ON | QC,1,2,True,False,False,,,4146718.77,276447918,0.015,<5M,155147.5,13596973.0,656.0,6.0,0.0374145218437371,10.48158640226629,19.5,0.09507623649742947,236.50533536585365,False,BC,Canada,,,,,,TSXV,Mining,,,,18225.0,,,,,,False,True,False,False,False,True,False,False,False,False,False,False,False,False,False,False,False,False,False,False,False,False,False,True,False,False,False,False,,2026-06-30,2026-07-31
V-04409,MTA.V,MTA,Metalla Royalty & Streaming Ltd.,metalla royalty streaming,TSXV,,,,,Gold | Silver | Copper | Nickel | Molybdenum,5,True,Royalty/Streamer,True,False,,,0,0,False,True,False,,,1008247401.98,93442762,10.79,500M-2B,48454704.0,4619117.0,24146.0,6.0,0.0480583474897574,15.203021718602455,13.924050632911392,0.12212388629995717,2006.738341754328,False,BC,Canada,Other,2018-02-02,3070.0,2018.0,8.0,TSXV,Mining,20180202.0,,,1179915.0,NYSE Mkt,,,Y,,False,True,True,True,True,False,True,False,False,False,False,False,False,False,False,False,False,False,True,False,False,False,False,False,False,False,False,False,,2026-06-30,2026-07-31
V-03775,MMG.V,MMG,Metallic Minerals Corp.,metallic minerals,TSXV,,,,,Gold | Silver,2,True,Royalty/Streamer,True,False,CANADA,YT,1,1,True,False,False,,,40144420.012,213534149,0.188,25-100M,15176797.0,48435857.0,10999.0,6.0,0.3780549574626645,80.45325779036827,88.69565217391305,0.9606976321885721,1379.8342576597872,False,BC,Canada,IPO,2011-05-19,5521.0,2011.0,15.0,TSXV,Mining,20110519.0,,,1141470.0,,OTCQB,,,,False,True,True,False,False,False,False,False,False,False,False,False,False,False,False,False,False,False,True,False,False,False,False,True,False,False,False,False,,2026-06-30,2026-07-31
V-02627,MTS.V,MTS,Metallis Resources Inc.,metallis resources,TSXV,,,,,Silver,1,False,Operator,False,False,USA,ID,1,1,False,False,False,,,12089025.39,92992503,0.13,5-25M,1268635.0,7705640.0,1210.0,6.0,0.1049410485190485,36.638338054768646,40.26845637583892,0.26667185508760943,1048.4586776859503,False,BC,Canada,QT,2009-05-04,6266.0,2009.0,17.0,TSXV,Mining,20090504.0,,,1115907.0,,OTCQB,Y,,,False,False,True,False,False,False,False,False,False,False,False,False,False,False,False,False,False,False,False,False,False,False,False,False,False,False,False,True,,2026-06-30,2026-07-31
V-00617,MQM.V,MQM,Metalquest Mining Inc.,metalquest mining,TSXV,,,,,Iron,1,False,Operator,False,False,CANADA,QC,1,1,True,False,False,,,7337928.6,48919524,0.15,5-25M,1526021.5,5282472.0,1699.0,6.0,0.2079635252924102,61.5675165250236,70.80536912751678,0.528468314953223,898.1880517951736,False,BC,Canada,,,,,,TSXV,Mining,,,,42136.0,,OTCQB,,,,False,False,False,False,False,False,False,False,True,False,False,False,False,False,False,False,False,False,False,False,False,False,False,True,False,False,False,False,,2026-06-30,2026-07-31
V-00632,MEK.V,MEK,Metals Creek Resources Corp.,metals creek resources,TSXV,,,,,Gold,1,False,Operator,False,False,CANADA,ON | YT,1,2,True,False,False,,,13164077.63,239346866,0.055,5-25M,1782668.0,40781773.0,1636.0,6.0,0.1354191345649182,45.04249291784703,51.34228187919463,0.34412150763130916,1089.6503667481663,False,ON,Canada,QT from NEX,2008-01-28,6728.0,2008.0,18.0,TSXV,Mining,20080128.0,,,1099221.0,,,Y,,,False,True,False,False,False,False,False,False,False,False,False,False,False,False,False,False,False,False,False,False,False,False,False,True,False,False,False,False,,2026-06-30,2026-07-31
V-02841,MEX.V,MEX,Mexican Gold Mining Corp.,mexican gold mining,TSXV,,,,,Gold | Copper,2,True,Operator,False,False,LATIN AMERICA,Mexico,1,1,False,False,False,,,6182495.85,41216639,0.15,5-25M,1119595.5,7826526.0,738.0,6.0,0.1810911850430114,55.240793201133144,62.751677852349,0.4601814345953253,1517.0670731707316,False,BC,Canada,IPO,2008-06-02,6602.0,2008.0,18.0,TSXV,Mining,20080602.0,,,1114745.0,,OTCQB,,,,False,True,False,True,False,False,False,False,False,False,False,False,False,False,False,False,False,False,False,False,False,False,False,False,True,False,False,False,,2026-06-30,2026-07-31
V-5100,MMET.V,MMET,Miata Metals Corp.,miata metals,TSXV,,,,,Gold,1,False,Operator,False,False,LATIN AMERICA,Suriname,1,1,False,False,False,,,40182671.36,105743872,0.38,25-100M,2683387.0,5279025.0,1841.0,3.0,0.0667797065048091,23.229461756373937,22.17391304347826,0.16969783004036834,1457.5703422053232,True,BC,Canada,Other,2026-04-23,68.0,2026.0,0.0,TSXV,Mining,20260423.0,,,1189120.0,,OTCQX,,,,False,True,False,False,False,False,False,False,False,False,False,False,False,False,False,False,False,False,False,False,False,False,False,False,True,False,False,False,,2026-06-30,2026-07-31
V-02479,MD.V,MD,Midland Exploration Inc.,midland exploration,TSXV,,,,,Gold | Silver | Copper | Nickel | Platinum/PGM | Zinc,6,True,Operator,False,False,CANADA,QC,1,1,True,False,False,,,52417221.78,124802909,0.42,25-100M,3109563.0,6544455.0,2239.0,6.0,0.0593233081495835,19.64117091595845,17.82608695652174,0.15074993872690115,1388.817775792765,False,QC,Canada,Other,2007-03-02,7060.0,2007.0,19.0,TSXV,Mining,20070302.0,,,1112078.0,,,,,,False,True,True,True,True,False,False,True,False,False,True,False,False,False,False,False,False,False,False,True,False,False,False,True,False,False,False,False,,2026-06-30,2026-07-31
V-02718,MMA.V,MMA,Midnight Sun Mining Corp.,midnight sun mining,TSXV,,,,,Copper,1,False,Operator,False,False,AFRICA,Zambia,1,1,False,False,False,,,134896251.38,217574599,0.62,100-500M,84508313.5,70755250.0,58864.0,6.0,0.6264689539959254,93.38999055712937,91.2568306010929,1.591957012765726,1435.6535998233217,False,BC,Canada,QT,2010-05-12,5893.0,2010.0,16.0,TSXV,Mining,20100512.0,,,1113692.0,,,Y,Y,,False,False,False,True,False,False,False,False,False,False,False,False,False,False,False,False,False,False,False,False,True,False,False,False,False,False,False,False,,2026-06-30,2026-07-31
V-04291,MLP.V,MLP,Millennial Potash Corp.,millennial potash,TSXV,,,,,Potash,1,False,Operator,False,False,AFRICA,Gabon,1,1,False,False,False,,,220478757.95,119177707,1.85,100-500M,142032594.0,59638619.0,84456.0,6.0,0.6442008079173326,93.95656279508971,92.34972677595628,1.6370164670602563,1681.7347968172776,False,BC,Canada,QT from NEX,2020-11-10,2058.0,2020.0,6.0,TSXV,Mining,20201110.0,,,1176010.0,,OTCQB,Y,Y,Y,False,False,False,False,False,False,False,False,False,False,False,False,True,False,False,False,False,False,False,False,True,False,False,False,False,False,False,False,,2026-06-30,2026-07-31
V-02465,MSC.V,MSC,Millennium Silver Corp.,millennium silver,TSXV,,,,,Gold | Silver | Lead | Zinc,4,True,Operator,False,False,USA,NV,1,1,False,False,False,,,10915175.625,436607025,0.025,5-25M,1309906.0,72044790.0,2638.0,6.0,0.1200077804519979,41.07648725212464,45.302013422818796,0.3049588115395267,496.5526914329037,False,BC,Canada,Other,2007-02-26,7064.0,2007.0,19.0,TSXV,Mining,20070226.0,,,1109122.0,,,,,,False,True,True,False,False,False,False,False,False,True,True,False,False,False,False,False,False,False,False,False,False,False,False,False,False,False,False,True,,2026-06-30,2026-07-31
V-03086,MGG.V,MGG,Minaurum Silver Inc.,minaurum silver,TSXV,,,,,Gold | Silver | Copper,3,True,Operator,False,False,LATIN AMERICA,Mexico,1,1,False,False,False,,,166833266.18,516511660,0.323,100-500M,54771319.0,122593819.0,33119.0,6.0,0.3282997465320018,75.7318224740321,63.387978142076506,0.8342617466471131,1653.773332528156,False,BC,Canada,Other,2010-02-25,5969.0,2010.0,16.0,TSXV,Mining,20100225.0,,,1122915.0,,OTCQX,,Y,,False,True,True,True,False,False,False,False,False,False,False,False,False,False,False,False,False,False,False,False,False,False,False,False,True,False,False,False,,2026-06-30,2026-07-31
V-04343,MMM.V,MMM,Minco Capital Corp.,minco capital,TSXV,,,,,Gold,1,False,Operator,False,False,ASIA,China,1,1,False,False,False,,,4965226.315,43175881,0.115,<5M,366440.0,3464493.0,420.0,6.0,0.0738012684120723,25.77903682719547,41.5,0.18754073294487378,872.4761904761905,False,BC,Canada,TSX Comedown,2017-05-01,3347.0,2017.0,9.0,TSXV,Mining,20170501.0,,,1178470.0,,OTCQB,,,,False,True,False,False,False,False,False,False,False,False,False,False,False,False,False,False,False,False,False,False,False,True,False,False,False,False,False,False,,2026-06-30,2026-07-31
V-02340,MAI.V,MAI,Mining Americas Inc.,mining americas,TSXV,,,,,Gold,1,False,Operator,False,False,LATIN AMERICA | USA,Mexico | AZ | NV,2,3,False,False,False,,,553044968.94,109949298,5.03,500M-2B,308727657.0,53802800.0,126442.0,6.0,0.5582324663249832,91.40698772426818,87.34177215189874,1.4185572706374594,2441.6543316303128,False,ON,Canada,TSX Comedown,2010-05-11,5894.0,2010.0,16.0,TSXV,Mining,20100511.0,,,1105685.0,,OTCQX,,Y,,False,True,False,False,False,False,False,False,False,False,False,False,False,False,False,False,False,False,False,False,False,False,False,False,True,False,False,True,,2026-06-30,2026-07-31
V-04788,MINK.V,MINK,Mink Ventures Corporation,mink ventures,TSXV,,,,,,0,False,Operator,False,True,,,0,0,False,True,True,,,4559202.56,41447296,0.1099999999999999,<5M,693548.5,5191950.0,830.0,6.0,0.1521205717168223,48.253068932955614,68.0,0.38656250942022263,835.6006024096386,False,ON,Canada,QT,2023-01-04,1273.0,2023.0,3.0,TSXV,Mining,20230104.0,,,1185445.0,,,Y,,,False,False,False,False,False,False,False,False,False,False,False,False,False,False,False,False,False,False,False,False,False,False,False,False,False,False,False,False,,2026-06-30,2026-07-31
V-03664,MCI.V,MCI,Minnova Corp.,minnova,TSXV,,,,,Gold,1,False,Operator,False,False,CANADA,MB,1,1,True,False,False,,,24287015.025,124548795,0.1949999999999999,5-25M,5252664.0,16704603.0,2933.0,6.0,0.2162745810711253,63.92823418319169,73.8255033557047,0.5495880263866784,1790.8844186839412,False,ON,Canada,Other,2010-11-04,5717.0,2010.0,16.0,TSXV,Mining,20101104.0,,,1108683.0,,,,,,False,True,False,False,False,False,False,False,False,False,False,False,False,False,False,False,False,False,False,False,False,False,False,True,False,False,False,False,,2026-06-30,2026-07-31
V-02888,MSR.V,MSR,Minsud Resources Corp.,minsud resources,TSXV,,,,,Gold | Copper,2,True,Operator,False,False,LATIN AMERICA,Argentina,1,1,True,False,False,,,84633707.5,169267415,0.5,25-100M,114558.5,208804.0,92.0,6.0,0.0013535800732822,0.28328611898017,0.43478260869565216,0.003439661736239313,1245.2010869565215,True,Argentina,Latin America,QT from NEX,2011-05-25,5515.0,2011.0,15.0,TSXV,Mining,20110525.0,,,1118204.0,,,Y,,,False,True,False,True,False,False,False,False,False,False,False,False,False,False,False,False,False,False,False,False,False,False,False,False,True,False,False,False,,2026-06-30,2026-07-31
V-01296,MRZ.V,MRZ,Mirasol Resources Ltd.,mirasol resources,TSXV,,,,,Gold | Silver | Copper,3,True,Operator,False,False,LATIN AMERICA,Argentina | Chile,1,2,False,False,False,,,27022142.645,88597189,0.305,25-100M,2466050.5,5142204.0,1472.0,6.0,0.0912603612673291,32.29461756373937,34.78260869565217,0.2319070580918255,1675.3060461956522,False,BC,Canada,Other,2005-05-04,7727.0,2005.0,21.0,TSXV,Mining,20050504.0,,,1099872.0,,,,,,False,True,True,True,False,False,False,False,False,False,False,False,False,False,False,False,False,False,False,False,False,False,False,False,True,False,False,False,,2026-06-30,2026-07-31
V-05028,MSG.V,MSG,Mithril Silver and Gold Limited,mithril silver and gold,TSXV,,,,,Gold | Silver,2,True,Operator,False,False,LATIN AMERICA,Mexico,1,1,False,False,False,,,42173495.55,187437758,0.2249999999999999,25-100M,3718178.0,9684550.0,1175.0,6.0,0.0881638562682528,31.444759206798867,33.91304347826087,0.22403834757249194,3164.4068085106383,False,Australia,Australia/NZ/PNG,Other,2024-09-27,641.0,2024.0,2.0,TSXV,Mining,20240927.0,,,1188415.0,ASX,,,,,False,True,True,False,False,False,False,False,False,False,False,False,False,False,False,False,False,False,False,False,False,False,False,False,True,False,False,False,,2026-06-30,2026-07-31
V-02891,MKA.V,MKA,Mkango Resources Ltd.,mkango resources,TSXV,,,,,Nickel | Rare Earths,2,True,Operator,False,False,AFRICA,Malawi,1,1,False,False,False,,,298344418.68,387460284,0.77,100-500M,7979599.5,8662013.0,6266.0,6.0,0.0267462670671201,7.0821529745042495,2.185792349726776,0.06796650839793077,1273.4758218959464,False,AB,Canada,QT,2011-01-06,5654.0,2011.0,15.0,TSXV,Mining,20110106.0,,,1118519.0,AIM,,Y,Y,,False,False,False,False,True,False,False,False,False,False,False,True,False,False,False,False,False,False,False,True,True,False,False,False,False,False,False,False,,2026-06-30,2026-07-31
V-05016,MOG.V,MOG,Mogotes Metals Inc.,mogotes metals,TSXV,,,,,Gold | Silver | Copper,3,True,Operator,False,False,LATIN AMERICA,Argentina,1,1,False,False,False,,,287877315.55,523413301,0.55,100-500M,50549980.5,121641295.0,26581.0,6.0,0.175595567172156,53.06893295561851,39.34426229508197,0.44621619760603043,1901.7335879011323,False,ON,Canada,Other,2024-06-12,748.0,2024.0,2.0,TSXV,Mining,20240612.0,,,1187145.0,,,,,,False,True,True,True,False,False,False,False,False,False,False,False,False,False,False,False,False,False,False,False,False,False,False,False,True,False,False,False,,2026-06-30,2026-07-31
V-01455,MMN.V,MMN,Monarca Minerals Inc.,monarca minerals,TSXV,,,,,Gold | Silver,2,True,Operator,False,False,LATIN AMERICA,Mexico,1,1,False,False,False,,,1265546.06,126554606,0.01,<5M,476217.0,19487768.0,1220.0,4.0,0.3762936925424903,80.16997167138811,87.5,0.956221978569785,390.3418032786885,True,ON,Canada,,,,,,TSXV,Mining,,,,1092234.0,,,,,,False,True,True,False,False,False,False,False,False,False,False,False,False,False,False,False,False,False,False,False,False,False,False,False,True,False,False,False,,2026-06-30,2026-07-31
V-00443,MRZL.V,MRZL,Mont Royal Resources Limited,mont royal resources,TSXV,,,,,Rare Earths,1,False,Operator,False,False,CANADA,QC,1,1,False,False,False,,,26949031.76,192493084,0.14,25-100M,2724969.0,13521449.0,2065.0,6.0,0.1011156550731676,34.74976392823418,38.69565217391304,0.25695092337357306,1319.597578692494,False,Australia,Australia/NZ/PNG,,,,,,TSXV,Mining,,,,1073517.0,ASX,OTCQX,,,,False,False,False,False,False,False,False,False,False,False,False,True,False,False,False,False,False,False,False,False,False,False,False,True,False,False,False,False,,2026-06-30,2026-07-31
V-03729,MON.V,MON,Montero Mining and Exploration Ltd.,montero mining and exploration,TSXV,,,,,Copper | Molybdenum,2,True,Operator,False,False,LATIN AMERICA,Chile,1,1,False,False,False,,,4845223.14,8353833,0.58,<5M,1553338.0,2453818.0,2144.0,6.0,0.3205916332678953,74.8819641170916,85.0,0.8146742078110438,724.5046641791045,False,BC,Canada,IPO,2011-02-15,5614.0,2011.0,15.0,TSXV,Mining,20110215.0,,,1118527.0,,,,,,False,False,False,True,False,False,True,False,False,False,False,False,False,False,False,False,False,False,False,False,False,False,False,False,True,False,False,False,,2026-06-30,2026-07-31
V-01301,MMY.V,MMY,Monument Mining Limited,monument mining,TSXV,,,,,Gold,1,False,Operator,False,False,ASIA | AUS/NZ/PNG,Malaysia | Australia,2,2,False,False,False,,,270050327.04,346218368,0.78,100-500M,82813139.5,79227614.0,51615.0,6.0,0.3066581714886561,74.22096317280453,61.74863387978142,0.7792670706335688,1604.4393974619782,False,BC,Canada,RTO,2007-07-09,6931.0,2007.0,19.0,TSXV,Mining,20070709.0,,,1023346.0,,,,Y,Y,False,True,False,False,False,False,False,False,False,False,False,False,False,False,False,False,False,False,False,False,False,True,True,False,False,False,False,False,,2026-06-30,2026-07-31
V-04718,MNRG.V,MNRG,Monumental Energy Corp.,monumental energy,TSXV,,,,,Lithium,1,False,Operator,False,False,LATIN AMERICA,Chile,1,1,False,False,False,,,10137494.97,112638833,0.09,5-25M,4503148.0,42804526.0,4637.0,6.0,0.4442071747829434,86.02455146364495,91.2751677852349,1.128800912648509,971.1339227949104,False,BC,Canada,IPO,2021-04-30,1887.0,2021.0,5.0,TSXV,Mining,20210430.0,,,1184545.0,,OTCQB,,,,False,False,False,False,False,False,False,False,False,False,False,False,False,True,False,False,False,False,False,False,False,False,False,False,True,False,False,False,,2026-06-30,2026-07-31
V-04637,MOO.V,MOO,Moon River Moly Ltd.,moon river moly,TSXV,,,,,Molybdenum,1,False,Operator,False,False,CANADA,BC,1,1,True,False,False,,,28908106.92,37542996,0.77,25-100M,4917051.0,6221000.0,2592.0,6.0,0.1700924593093348,52.03021718602455,53.91304347826087,0.4322319273587269,1897.0104166666667,False,ON,Canada,QT,2023-11-20,953.0,2023.0,3.0,TSXV,Mining,20231120.0,,,1183745.0,,OTCQB,Y,,,False,False,False,False,False,False,True,False,False,False,False,False,False,False,False,False,False,False,False,False,False,False,False,True,False,False,False,False,,2026-06-30,2026-07-31
V-00228,MOX.V,MOX,Morien Resources Corp.,morien resources,TSXV,,,,,Coal,1,False,Royalty/Streamer,True,False,,,0,0,False,True,False,,,10832560.02,60180889,0.18,5-25M,1279007.0,5995657.0,783.0,6.0,0.1180706128226926,40.41548630783758,43.95973154362416,0.3000361612266823,1633.4699872286078,False,NS,Canada,RTO,2012-11-09,4981.0,2012.0,14.0,TSXV,Mining,20121109.0,,,1088969.0,,,,,,False,False,False,False,False,False,False,False,False,False,False,False,False,False,False,True,False,False,True,False,False,False,False,False,False,False,False,False,,2026-06-30,2026-07-31
V-04785,MCC.V,MCC,Morocco Strategic Minerals Corporation,morocco strategic minerals,TSXV,,,,,Gold | Lithium,2,True,Operator,False,False,CANADA,NS | QC,1,2,True,False,False,,,28200000.0,188000000,0.15,25-100M,2440948.5,15400893.0,1638.0,6.0,0.0865584574468085,31.067044381491975,32.608695652173914,0.21995877444156114,1490.2005494505495,False,QC,Canada,Other,2021-09-30,1734.0,2021.0,5.0,TSXV,Mining,20210930.0,,,1185380.0,,,,,,False,True,False,False,False,False,False,False,False,False,False,False,False,True,False,False,False,False,False,True,False,False,False,True,False,False,False,False,,2026-06-30,2026-07-31
V-03869,MUN.V,MUN,Mundoro Capital Inc.,mundoro capital,TSXV,,,,,Gold | Copper,2,True,Operator,False,False,ASIA | UK/EUROPE,China | Bulgaria,2,2,False,False,False,,,41640917.77,112543021,0.37,25-100M,3519546.0,7968147.0,2834.0,6.0,0.0845213359474905,30.02832861189802,30.869565217391305,0.21478212548552025,1241.9004940014115,False,BC,Canada,TSX Comedown,2011-09-30,5387.0,2011.0,15.0,TSXV,Mining,20110930.0,,,1151510.0,,OTCQB,,,,False,True,False,True,False,False,False,False,False,False,False,False,False,False,False,False,False,False,False,False,False,True,False,False,False,False,True,False,,2026-06-30,2026-07-31
V-04419,MUR.V,MUR,Murchison Minerals Ltd.,murchison minerals,TSXV,,,,,Copper | Nickel | Zinc,3,True,Operator,False,False,CANADA,QC | SK,1,2,True,False,False,,,5713054.875,20774745,0.275,5-25M,270526.5,805326.0,377.0,6.0,0.0473523370454235,14.919735599622285,15.771812080536913,0.1203298017395425,717.5769230769231,False,ON,Canada,Other,2018-03-22,3022.0,2018.0,8.0,TSXV,Mining,20180322.0,,,1180810.0,,,,,,False,False,False,True,True,False,False,False,False,False,True,False,False,False,False,False,False,False,False,False,False,False,False,True,False,False,False,False,,2026-06-30,2026-07-31
V-04260,MMX.V,MMX,Mustang Minerals Limited,mustang minerals,TSXV,,,,,Gold | Copper,2,True,Operator,False,False,LATIN AMERICA,Mexico,1,1,False,False,False,,,6275467.125,73829025,0.085,5-25M,325664.5,4059614.0,549.0,6.0,0.0518948619302981,16.619452313503306,17.449664429530202,0.13187307822597152,593.195810564663,False,BC,Canada,RTO,2018-05-25,2958.0,2018.0,8.0,TSXV,Mining,20180525.0,,,1174970.0,,OTCQB,,,,False,True,False,True,False,False,False,False,False,False,False,False,False,False,False,False,False,False,False,False,False,False,False,False,True,False,False,False,,2026-06-30,2026-07-31
V-04356,NMI.V,NMI,Namibia Critical Metals Inc.,namibia critical metals,TSXV,,,,,Gold | Copper | Nickel,3,True,Operator,False,False,AFRICA,Namibia,1,1,False,False,False,,,51389091.38,233586779,0.22,25-100M,2542012.5,9593464.0,2099.0,6.0,0.0494659942749896,15.958451369216242,13.478260869565217,0.12570094012992575,1211.0588375416864,False,NS,Canada,TSX Comedown,2017-07-04,3283.0,2017.0,9.0,TSXV,Mining,20170704.0,,,1179336.0,,OTCQB,,,,False,True,False,True,True,False,False,False,False,False,False,False,False,False,False,False,False,False,False,False,True,False,False,False,False,False,False,False,,2026-06-30,2026-07-31
V-5108,NAP.V,NAP,Napoleon Resources Inc.,napoleon resources,TSXV,,,,,Gold,1,False,Operator,False,False,CANADA,BC,1,1,True,False,False,,,2355000.0,15700000,0.15,<5M,13273.0,88963.0,46.0,1.0,0.005636093418259,1.2275731822474032,2.5,0.014322207644241157,288.5434782608696,True,BC,Canada,IPO,2026-06-18,12.0,2026.0,0.0,TSXV,Mining,20260618.0,,,1189210.0,,,,,,False,True,False,False,False,False,False,False,False,False,False,False,False,False,False,False,False,False,False,False,False,False,False,True,False,False,False,False,,2026-06-30,2026-07-31
V-05017,NRC.V,NRC,Nations Royalty Corp.,nations royalty,TSXV,,,,,Gold | Silver | Copper | Molybdenum,4,True,Royalty/Streamer,True,False,,,0,0,False,True,False,,,130393735.08,155230637,0.84,100-500M,20270826.5,16155021.0,12685.0,6.0,0.1554585922978839,48.91406987724268,34.97267759562842,0.39504494935420825,1598.015490737091,False,BC,Canada,Other,2024-06-21,739.0,2024.0,2.0,TSXV,Mining,20240621.0,,,1188140.0,,OTCQB,,,,False,True,True,True,False,False,True,False,False,False,False,False,False,False,False,False,False,False,True,False,False,False,False,False,False,False,False,False,,2026-06-30,2026-07-31
V-04902,NTX.V,NTX,Neoterrex Minerals Inc.,neoterrex minerals,TSXV,,,,,Gold | Copper | Zinc | Rare Earths | Lithium,5,True,Operator,False,False,CANADA,QC,1,1,True,False,False,,,8285156.8,82851568,0.0999999999999999,5-25M,638278.5,4494271.0,1036.0,6.0,0.0770387954516443,27.101038715769594,28.523489932885905,0.19576780284481132,616.0989382239383,False,ON,Canada,QT,2024-01-09,903.0,2024.0,2.0,TSXV,Mining,20240109.0,,,1185985.0,,,Y,,,False,True,False,True,False,False,False,False,False,False,True,True,False,True,False,False,False,False,False,True,False,False,False,True,False,False,False,False,,2026-06-30,2026-07-31
V-01692,NKG.V,NKG,Nevada King Gold Corp.,nevada king gold,TSXV,,,,,Gold,1,False,Operator,False,False,USA,NV,1,1,False,False,False,,,70256839.1,100366913,0.7,25-100M,7265518.0,28741235.0,5312.0,6.0,0.1034136760644559,35.41076487252124,39.130434782608695,0.26279055933514706,1367.7556475903614,False,BC,Canada,RTO from NEX,2019-02-11,2696.0,2019.0,7.0,TSXV,Mining,20190211.0,,,1067356.0,,OTCQB,Y,,,False,True,False,False,False,False,False,False,False,False,False,False,False,False,False,False,False,False,False,False,False,False,False,False,False,False,False,True,,2026-06-30,2026-07-31
V-5037,NVLH.V,NVLH,Nevada Lithium Resources Inc.,nevada lithium resources,TSXV,,,,,Lithium,1,False,Operator,False,False,USA,NV,1,1,False,False,False,,,28534169.51,259401541,0.11,25-100M,1311960.5,9120340.0,1410.0,6.0,0.0459785766514148,14.353163361661943,12.173913043478262,0.1168388586063635,930.468439716312,False,BC,Canada,Other,2024-12-31,546.0,2024.0,2.0,TSXV,Mining,20241231.0,,,1187655.0,,OTCQB,,,,False,False,False,False,False,False,False,False,False,False,False,False,False,True,False,False,False,False,False,False,False,False,False,False,False,False,False,True,,2026-06-30,2026-07-31
V-02901,NEV.V,NEV,Nevada Sunrise Metals Corporation,nevada sunrise metals,TSXV,,,,,Gold | Copper | Lithium,3,True,Operator,False,False,USA,NV,1,1,True,False,False,,,5681559.42,126256876,0.045,5-25M,1438923.5,41679917.0,1750.0,6.0,0.2532620700814566,68.64966949952786,78.18791946308725,0.6435791046979193,822.242,False,CA,USA,IPO,2008-09-22,6490.0,2008.0,18.0,TSXV,Mining,20080922.0,,,1117697.0,,,,,,False,True,False,True,False,False,False,False,False,False,False,False,False,True,False,False,False,False,False,False,False,False,False,False,False,False,False,True,,2026-06-30,2026-07-31
V-03955,NAU.V,NAU,Nevgold Corp.,nevgold,TSXV,,,,,Gold | Silver,2,True,Operator,False,False,CANADA | USA,BC | ID | NV,2,3,True,False,False,,,355442780.16,171711488,2.0700000000000003,100-500M,161968741.0,105590250.0,54050.0,6.0,0.455681617522491,86.68555240793201,83.06010928961749,1.157959292278157,2996.6464569842738,False,BC,Canada,RTO,2021-06-29,1827.0,2021.0,5.0,TSXV,Mining,20210629.0,,,1152445.0,,OTCQX,,Y,Y,False,True,True,False,False,False,False,False,False,False,False,False,False,False,False,False,False,False,False,False,False,False,False,True,False,False,False,True,,2026-06-30,2026-07-31
V-04177,NAM.V,NAM,New Age Metals Inc.,new age metals,TSXV,,,,,Nickel | Platinum/PGM | Lithium,3,True,Operator,False,False,CANADA | USA,ON | AK,2,2,True,False,False,,,19358711.63,73051742,0.265,5-25M,6951598.5,17052968.0,4866.0,6.0,0.3590940674599015,78.09254013220018,85.23489932885906,0.912515002202451,1428.606350184957,False,BC,Canada,TSX Comedown,2014-01-14,4550.0,2014.0,12.0,TSXV,Mining,20140114.0,,,1013089.0,,OTCQB,,,,False,False,False,False,True,False,False,True,False,False,False,False,False,True,False,False,False,False,False,False,False,False,False,True,False,False,False,True,,2026-06-30,2026-07-31
V-03718,NED.V,NED,New Destiny Mining Corp.,new destiny mining,TSXV,,,,,Silver,1,False,Operator,False,False,CANADA,BC,1,1,True,False,False,,,791198.415,22605669,0.035,<5M,202563.0,5431585.0,267.0,6.0,0.2560204825486158,69.31067044381491,81.5,0.6505886684491392,758.6629213483146,False,BC,Canada,IPO,2011-01-11,5649.0,2011.0,15.0,TSXV,Mining,20110111.0,,,1136860.0,,,,,,False,False,True,False,False,False,False,False,False,False,False,False,False,False,False,False,False,False,False,False,False,False,False,True,False,False,False,False,,2026-06-30,2026-07-31
V-04399,ENRG.V,ENRG,New Energy Metals Corp.,new energy metals,TSXV,,,,,Copper | Lithium,2,True,Operator,False,False,CANADA,BC | ON,1,2,True,False,False,,,2078028.4,5937224,0.35,<5M,145902.5,611335.0,197.0,6.0,0.0702119855532292,24.45703493862134,40.0,0.17841979569572744,740.6218274111675,False,BC,Canada,IPO,2018-01-25,3078.0,2018.0,8.0,TSXV,Mining,20180125.0,,,1180260.0,,OTCQB,,,,False,False,False,True,False,False,False,False,False,False,False,False,False,True,False,False,False,False,False,False,False,False,False,True,False,False,False,False,,2026-06-30,2026-07-31
V-04656,NFG.V,NFG,New Found Gold Corp.,new found gold,TSXV,,,,,Gold,1,False,Operator,False,False,CANADA,NL,1,1,True,False,False,,,841231119.81,384123799,2.19,500M-2B,307047496.0,93248809.0,173639.0,6.0,0.3649977857088187,79.03682719546742,73.41772151898735,0.9275172870049279,1768.3095157193948,False,BC,Canada,IPO,2020-08-11,2149.0,2020.0,6.0,TSXV,Mining,20200811.0,,,1184000.0,NYSE Mkt,,,Y,,False,True,False,False,False,False,False,False,False,False,False,False,False,False,False,False,False,False,False,False,False,False,False,True,False,False,False,False,,2026-06-30,2026-07-31
V-01172,NTB.V,NTB,New Tymbal Resources Ltd.,new tymbal resources,TSXV,,,,,Gold | Copper,2,True,Operator,False,False,CANADA,BC,1,1,True,False,False,,,358839.66,17941983,0.0199999999999999,<5M,42683.5,2037918.0,89.0,5.0,0.1189486691632692,40.8876298394712,59.5,0.30226744170765135,479.58988764044943,True,BC,Canada,,,,,,TSXV,Mining,,,,24363.0,,,,,,False,True,False,True,False,False,False,False,False,False,False,False,False,False,False,False,False,False,False,False,False,False,False,True,False,False,False,False,,2026-06-30,2026-07-31
V-03145,NCAU.V,NCAU,Newcore Gold Ltd.,newcore gold,TSXV,,,,,Gold,1,False,Operator,False,False,AFRICA,Ghana,1,1,False,False,False,,,101626083.0,312695640,0.325,100-500M,44428766.5,68936347.0,17010.0,6.0,0.4371787752559547,85.55240793201133,80.87431693989072,1.1109406342673687,2611.9204291593182,False,BC,Canada,QT,2011-07-14,5465.0,2011.0,15.0,TSXV,Mining,20110714.0,,,1132800.0,,OTCQX,Y,Y,,False,True,False,False,False,False,False,False,False,False,False,False,False,False,False,False,False,False,False,False,True,False,False,False,False,False,False,False,,2026-06-30,2026-07-31
V-01376,NWX.V,NWX,Newport Exploration Ltd.,newport exploration,TSXV,,,,,Oil and Gas | Gold | Copper,3,True,Operator,False,False,CANADA,BC,1,1,True,False,False,,,12141685.51,105579874,0.1149999999999999,5-25M,839743.5,6693160.0,1719.0,6.0,0.0691620203231569,23.984891406987725,24.832214765100673,0.17575166745008639,488.5069808027923,False,BC,Canada,,,,,,TSXV,Mining,,,,24205.0,,,,,,True,True,False,True,False,False,False,False,False,False,False,False,False,False,False,False,False,False,False,False,False,False,False,True,False,False,False,False,,2026-06-30,2026-07-31
TRE0011,NEXG.V,NEXG,NeXGold Mining Corp.,nexgold mining,TSXV,,,,,Gold | Silver,2,True,Operator,False,False,CANADA,NS | ON,1,2,True,False,False,,,293792937.88,248977066,1.18,100-500M,155509884.5,93466728.0,92943.0,6.0,0.5293179802828282,90.46270066100094,86.88524590163934,1.3450809737966989,1673.174789925008,False,ON,Canada,TSX Comedown,2024-07-05,725.0,2024.0,2.0,TSXV,Mining,20240705.0,,,1188290.0,,OTCQX,,Y,Y,False,True,True,False,False,False,False,False,False,False,False,False,False,False,False,False,False,False,False,False,False,False,False,True,False,False,False,False,,2026-06-30,2026-07-31
V-03777,NEXM.V,NEXM,NexMetals Mining Corp.,nexmetals mining,TSXV,,,,,Copper | Nickel | Platinum/PGM,3,True,Operator,False,False,AFRICA | CANADA,Botswana | ON,2,2,True,False,False,,,120490794.32,35648164,3.38,100-500M,55704473.5,14212346.0,31383.0,6.0,0.4623131071080817,87.0632672332389,83.60655737704919,1.1748109595212437,1774.9887996686105,False,BC,Canada,RTO,2022-08-18,1412.0,2022.0,4.0,TSXV,Mining,20220818.0,,,1137615.0,,,,,,False,False,False,True,True,False,False,True,False,False,False,False,False,False,False,False,False,False,False,True,True,False,False,True,False,False,False,False,,2026-06-30,2026-07-31
V-03037,NXS.V,NXS,Nexus Gold Corp.,nexus gold,TSXV,,,,,Gold,1,False,Operator,False,False,AFRICA,Burkina Faso,1,1,False,False,False,,,6001281.25,24005125,0.25,5-25M,982708.0,3204408.0,1468.0,6.0,0.1637496992829656,50.42492917847026,57.38255033557047,0.4161139677378034,669.4196185286104,False,BC,Canada,RTO,2014-08-12,4340.0,2014.0,12.0,TSXV,Mining,20140812.0,,,1126305.0,,,Y,,,False,True,False,False,False,False,False,False,False,False,False,False,False,False,False,False,False,False,False,False,True,False,False,False,False,False,False,False,,2026-06-30,2026-07-31
V-04914,NICN.V,NICN,NiCan Limited,nican,TSXV,,,,,Nickel,1,False,Operator,False,False,CANADA,MB,1,1,True,False,False,,,11282466.67,132734902,0.085,5-25M,4277887.5,48586041.0,3661.0,6.0,0.3791624318620744,80.64211520302172,86.57718120805369,0.9635119003583726,1168.5024583447146,False,ON,Canada,Other,2022-08-03,1427.0,2022.0,4.0,TSXV,Mining,20220803.0,,,1186490.0,,OTCQB,,,,False,False,False,False,True,False,False,False,False,False,False,False,False,False,False,False,False,False,False,False,False,False,False,True,False,False,False,False,,2026-06-30,2026-07-31
V-04608,NKL.V,NKL,Nickel 28 Capital Corp.,nickel 28 capital,TSXV,,,,,Nickel,1,False,Royalty/Streamer,True,False,,,0,0,False,True,False,,,98965804.15,86057221,1.15,25-100M,7973196.5,7345586.0,5404.0,6.0,0.0805651666096222,28.04532577903683,28.26086956521739,0.20472887147997684,1475.4249629903777,False,ON,Canada,Other,2019-11-15,2419.0,2019.0,7.0,TSXV,Mining,20191115.0,,,1183495.0,,,,,,False,False,False,False,True,False,False,False,False,False,False,False,False,False,False,False,False,False,True,True,False,False,False,False,False,False,False,False,,2026-06-30,2026-07-31
WEL0006,NCP.V,NCP,Nickel Creek Platinum Corp.,nickel creek platinum,TSXV,,,,,Nickel,1,False,Operator,False,False,CANADA,YT,1,1,True,False,False,,,14595197.4,7050820,2.07,5-25M,2343051.5,597047.0,2516.0,6.0,0.1605357869294731,49.858356940509914,56.711409395973156,0.4079469065020919,931.260532591415,False,ON,Canada,TSX Comedown,2024-12-23,554.0,2024.0,2.0,TSXV,Mining,20241223.0,,,1188555.0,,OTCQB,,,,False,False,False,False,True,False,False,False,False,False,False,False,False,False,False,False,False,False,False,False,False,False,False,True,False,False,False,False,,2026-06-30,2026-07-31
V-02610,NNX.V,NNX,Nickel North Exploration Corp.,nickel north exploration,TSXV,,,,,Copper | Nickel | Platinum/PGM,3,True,Operator,False,False,CANADA,QC,1,1,True,False,False,,,8227515.17,235071862,0.0349999999999999,5-25M,243243.5,5365704.0,494.0,6.0,0.0295646370713407,7.932011331444759,9.395973154362416,0.07512843376417423,492.39574898785423,False,BC,Canada,QT from NEX,2012-08-09,5073.0,2012.0,14.0,TSXV,Mining,20120809.0,,,1114055.0,,,Y,,,False,False,False,True,True,False,False,True,False,False,False,False,False,False,False,False,False,False,False,False,False,False,False,True,False,False,False,False,,2026-06-30,2026-07-31
V-00933,NIM.V,NIM,Nicola Mining Inc.,nicola mining,TSXV,,,,,Silver | Copper | Lead | Zinc,4,True,Operator,False,False,CANADA,BC,1,1,True,False,False,,,156077482.12,229525709,0.68,100-500M,19215950.5,19809693.0,10497.0,6.0,0.12311801958226,42.020774315391876,27.322404371584703,0.31286242266537223,1830.613556254168,False,BC,Canada,,,,,,TSXV,Mining,,,,25043.0,,OTCQB,,Y,,False,False,True,True,False,False,False,False,False,True,True,False,False,False,False,False,False,False,False,False,False,False,False,True,False,False,False,False,,2026-06-30,2026-07-31
V-04223,NIO.V,NIO,Nio Strategic Metals Inc.,nio strategic metals,TSXV,,,,,,0,False,Operator,False,True,CANADA,QC,1,1,True,False,False,,,22921060.0,143256625,0.16,5-25M,1560117.5,7119976.0,2181.0,6.0,0.0680648059033919,23.79603399433428,24.496644295302016,0.17296347151649513,715.3220999541495,False,QC,Canada,TSX Comedown,2014-10-28,4263.0,2014.0,12.0,TSXV,Mining,20141028.0,,,1162567.0,,,,,,False,False,False,False,False,False,False,False,False,False,False,False,False,False,False,False,False,False,False,True,False,False,False,True,False,False,False,False,,2026-06-30,2026-07-31
V-04287,NBY.V,NBY,Niobay Metals Inc.,niobay metals,TSXV,,,,,,0,False,Operator,False,True,CANADA,ON | QC,1,2,True,False,False,,,16881356.97,187570633,0.09,5-25M,2767104.5,24132025.0,3115.0,6.0,0.1639148147223854,50.519357884796975,57.71812080536913,0.4165335522679284,888.316051364366,False,QC,Canada,TSX Comedown,2016-03-31,3743.0,2016.0,10.0,TSXV,Mining,20160331.0,,,1176795.0,,OTCQB,,,,False,False,False,False,False,False,False,False,False,False,False,False,False,False,False,False,False,False,False,True,False,False,False,True,False,False,False,False,,2026-06-30,2026-07-31
V-04443,NOAL.V,NOAL,NOA Lithium Brines Inc.,noa lithium brines,TSXV,,,,,Lithium,1,False,Operator,False,False,LATIN AMERICA,Argentina,1,1,False,False,False,,,70730828.75,282923315,0.25,25-100M,4204298.0,15771186.0,2072.0,6.0,0.059440813493932,19.735599622285175,18.26086956521739,0.15104853845124505,2029.1013513513512,False,ON,Canada,QT,2023-03-03,1215.0,2023.0,3.0,TSXV,Mining,20230303.0,,,1180795.0,,,Y,,,False,False,False,False,False,False,False,False,False,False,False,False,False,True,False,False,False,False,False,False,False,False,False,False,True,False,False,False,,2026-06-30,2026-07-31
V-04720,NBLC.V,NBLC,Nobel Resources Corp.,nobel resources,TSXV,,,,,,0,False,Operator,False,True,,,0,0,False,True,True,,,6281963.52,209398784,0.03,5-25M,5026408.5,64901310.0,2958.0,6.0,0.8001333474792289,97.54485363550519,97.6510067114094,2.03326579161265,1699.2591277890467,False,ON,Canada,Other,2021-04-20,1897.0,2021.0,5.0,TSXV,Mining,20210420.0,,,1184570.0,,,,,,False,False,False,False,False,False,False,False,False,False,False,False,False,False,False,False,False,False,False,False,False,False,False,False,False,False,False,False,,2026-06-30,2026-07-31
V-02534,NOB.V,NOB,Noble Mineral Exploration Inc.,noble mineral exploration,TSXV,,,,,Copper | Nickel | Platinum/PGM | Zinc | Rare Earths,5,True,Operator,False,False,CANADA,NL | ON | QC,1,3,True,False,False,,,15854008.02,264233467,0.06,5-25M,8694031.0,60674206.0,7242.0,6.0,0.5483806359270404,91.21813031161473,94.63087248322147,1.3935222064247077,1200.5013808340238,False,ON,Canada,Other,2007-06-28,6942.0,2007.0,19.0,TSXV,Mining,20070628.0,,,1104415.0,,OTCQB,,,,False,False,False,True,True,False,False,True,False,False,True,True,False,False,False,False,False,False,False,True,False,False,False,True,False,False,False,False,,2026-06-30,2026-07-31
V-03054,NOBL.V,NOBL,Noble Plains Uranium Corp.,noble plains uranium,TSXV,,,,,Gold | Lithium,2,True,Operator,False,False,AFRICA | CANADA,Burkina Faso | AB,2,2,True,False,False,,,7005222.72,77835808,0.09,5-25M,2376545.0,17573592.0,2171.0,6.0,0.3392533107070149,76.48725212464589,84.22818791946308,0.862096491197447,1094.677567941041,False,BC,Canada,IPO,2009-12-31,6025.0,2009.0,17.0,TSXV,Mining,20091231.0,,,1126240.0,,OTCQB,,,,False,True,False,False,False,False,False,False,False,False,False,False,False,True,False,False,False,False,False,False,True,False,False,True,False,False,False,False,,2026-06-30,2026-07-31
V-03821,NRM.V,NRM,Noram Lithium Corp.,noram lithium,TSXV,,,,,Lithium,1,False,Operator,False,False,USA,NV,1,1,False,False,False,,,9512123.045,100127611,0.095,5-25M,1252100.5,9170197.0,2031.0,6.0,0.1316320756235549,44.287063267233236,49.664429530201346,0.3344979899757166,616.4945839487937,False,BC,Canada,IPO,2011-07-29,5450.0,2011.0,15.0,TSXV,Mining,20110729.0,,,1148110.0,,OTCQB,,,,False,False,False,False,False,False,False,False,False,False,False,False,False,True,False,False,False,False,False,False,False,False,False,False,False,False,False,True,,2026-06-30,2026-07-31
V-01341,NTH.V,NTH,Nord Precious Metals Mining Inc.,nord precious metals mining,TSXV,,,,,Gold | Silver | Copper | Nickel,4,True,Operator,False,False,CANADA,ON | QC,1,2,True,False,False,,,22020654.24,137629089,0.1599999999999999,5-25M,10270385.0,46890006.0,9089.0,6.0,0.4663978139824787,87.34655335221908,91.61073825503355,1.185190847801918,1129.9796457256025,False,BC,Canada,QT,2007-10-02,6846.0,2007.0,19.0,TSXV,Mining,20071002.0,,,1102201.0,,OTCQB,Y,,,False,True,True,True,True,False,False,False,False,False,False,False,False,False,False,False,False,False,False,False,False,False,False,True,False,False,False,False,,2026-06-30,2026-07-31
V-00074,VKG.V,VKG,Norse Gold Corp.,norse gold,TSXV,,,,,,0,False,Operator,False,True,,,0,0,False,True,True,,,5242207.3,52422073,0.0999999999999999,5-25M,204442.0,2197795.0,269.0,6.0,0.0389992208053275,11.237016052880074,11.74496644295302,0.0991032080000632,760.007434944238,False,BC,Canada,,,,,,TSXV,Mining,,,,1024623.0,,,,,,False,False,False,False,False,False,False,False,False,False,False,False,False,False,False,False,False,False,False,False,False,False,False,False,False,False,False,False,,2026-06-30,2026-07-31
V-01400,NVT.V,NVT,Nortec Minerals Corp.,nortec minerals,TSXV,,,,,Gold | Copper | Zinc,3,True,Operator,False,False,CANADA,ON,1,1,True,False,False,,,3599899.25,71997985,0.05,<5M,753468.5,11237802.0,770.0,6.0,0.2093026631231415,62.228517469310674,76.0,0.5318712766596168,978.5305194805196,False,BC,Canada,,,,,,TSXV,Mining,,,,1058426.0,,,Y,,,False,True,False,True,False,False,False,False,False,False,True,False,False,False,False,False,False,False,False,False,False,False,False,True,False,False,False,False,,2026-06-30,2026-07-31
V-02519,NAR.V,NAR,North Arrow Minerals Inc.,north arrow minerals,TSXV,,,,,Gold | Diamond | Lithium,3,True,Operator,False,False,CANADA,NT | NU | SK,1,3,True,False,False,,,8278892.82,45993849,0.18,5-25M,1982812.5,6165795.0,1116.0,6.0,0.239502134296262,66.10009442870633,75.83892617449665,0.608612924604358,1776.7137096774193,False,BC,Canada,Other,2007-05-10,6991.0,2007.0,19.0,TSXV,Mining,20070510.0,,,1113614.0,,,,,,False,True,False,False,False,True,False,False,False,False,False,False,False,True,False,False,False,False,False,False,False,False,False,True,False,False,False,False,,2026-06-30,2026-07-31
V-03920,NPR.V,NPR,North Peak Resources Ltd.,north peak resources,TSXV,,,,,Gold,1,False,Operator,False,False,USA,NV,1,1,False,False,False,,,41419345.7,48728642,0.8500000000000001,25-100M,2650673.5,2761367.0,1912.0,6.0,0.0639960254128302,21.624173748819643,20.434782608695652,0.16262405470415586,1386.3355125523012,False,ON,Canada,COB,2020-06-30,2191.0,2020.0,6.0,TSXV,Mining,20200630.0,,,1152255.0,,,Y,,,False,True,False,False,False,False,False,False,False,False,False,False,False,False,False,False,False,False,False,False,False,False,False,False,False,False,False,True,,2026-06-30,2026-07-31
V-04855,NSU.V,NSU,North Shore Uranium Ltd.,north shore uranium,TSXV,,,,,Uranium,1,False,Operator,False,False,CANADA,SK,1,1,True,False,False,,,18670833.3,88908730,0.21,5-25M,3169286.0,12240979.0,3120.0,6.0,0.1697452893010404,51.935788479697834,60.06711409395973,0.4313497132828324,1015.7967948717948,False,BC,Canada,QT,2023-11-02,971.0,2023.0,3.0,TSXV,Mining,20231102.0,,,1186180.0,,,Y,,,False,False,False,False,False,False,False,False,False,False,False,False,False,False,True,False,False,False,False,False,False,False,False,True,False,False,False,False,,2026-06-30,2026-07-31
V-03762,NGC.V,NGC,Northern Graphite Corporation,northern graphite,TSXV,,,,,Copper | Nickel,2,True,Operator,False,False,AFRICA | CANADA,Namibia | ON | QC,2,3,True,False,False,,,22411845.18,166013668,0.135,5-25M,5963492.0,25849773.0,7218.0,6.0,0.2660866141142958,70.16052880075543,78.85906040268456,0.6761683059318785,826.1972845663619,False,ON,Canada,IPO,2011-04-20,5550.0,2011.0,15.0,TSXV,Mining,20110420.0,,,1139490.0,,OTCQB,,,,False,False,False,True,True,False,False,False,False,False,False,False,False,False,False,False,False,False,False,True,True,False,False,True,False,False,False,False,,2026-06-30,2026-07-31
V-01411,NL.V,NL,Northern Lion Gold Corp.,northern lion gold,TSXV,,,,,Gold,1,False,Operator,False,False,CANADA | UK/EUROPE,BC | Cyprus,2,2,True,False,False,,,3743465.0,13612600,0.275,<5M,26966.5,91249.0,55.0,6.0,0.0072036201754257,1.69971671388102,4.0,0.018305541850752616,490.3,True,BC,Canada,,,,,,TSXV,Mining,,,,26798.0,,,,,,False,True,False,False,False,False,False,False,False,False,False,False,False,False,False,False,False,False,False,False,False,False,False,True,False,False,True,False,,2026-06-30,2026-07-31
V-01413,NRN.V,NRN,Northern Shield Resources Inc.,northern shield resources,TSXV,,,,,Gold | Silver | Copper,3,True,Operator,False,False,CANADA,NL,1,1,True,False,False,,,8439324.74,153442268,0.055,5-25M,930916.0,18047357.0,854.0,6.0,0.1103069296039436,38.243626062322946,41.61073825503356,0.28030741031868517,1090.0655737704917,False,ON,Canada,,,,,,TSXV,Mining,,,,1023400.0,,,,,,False,True,True,True,False,False,False,False,False,False,False,False,False,False,False,False,False,False,False,True,False,False,False,True,False,False,False,False,,2026-06-30,2026-07-31
V-03877,NCX.V,NCX,NorthIsle Copper and Gold Inc.,northisle copper and gold,TSXV,,,,,Gold | Copper,2,True,Operator,False,False,CANADA,BC,1,1,True,False,False,,,943415007.72,332188383,2.8400000000000003,500M-2B,233343484.5,78435813.0,122661.0,6.0,0.2473391694965011,67.32766761095374,54.43037974683544,0.6285280745359435,1902.3445471665807,False,BC,Canada,Other,2011-10-24,5363.0,2011.0,15.0,TSXV,Mining,20111024.0,,,1151651.0,,,,Y,Y,False,True,False,True,False,False,False,False,False,False,False,False,False,False,False,False,False,False,False,False,False,False,False,True,False,False,False,False,,2026-06-30,2026-07-31
V-05015,NMB.V,NMB,NorthMin Corporation,northmin,TSXV,,,,,Copper | Zinc,2,True,Operator,False,False,UK/EUROPE,Ireland,1,1,False,False,False,,,10029150.0,52785000,0.19,5-25M,18318.0,89895.0,53.0,1.0,0.001826475822976,0.56657223796034,0.6711409395973155,0.004641364869698947,345.62264150943395,True,ON,Canada,QT,2026-06-23,7.0,2026.0,0.0,TSXV,Mining,20260623.0,,,1188035.0,,,Y,,,False,False,False,True,False,False,False,False,False,False,True,False,False,False,False,False,False,False,False,False,False,False,False,False,False,False,True,False,,2026-06-30,2026-07-31
V-01768,NWST.V,NWST,Northwest Copper Corp.,northwest copper,TSXV,,,,,Copper,1,False,Operator,False,False,CANADA,BC,1,1,True,False,False,,,74187723.5,269773540,0.275,25-100M,13076384.0,35262347.0,6577.0,6.0,0.1762607528993661,53.352219074598686,56.086956521739125,0.44790654008265157,1988.1988748669603,False,BC,Canada,,,,,,TSXV,Mining,,,,36920.0,,,,,,False,False,False,True,False,False,False,False,False,False,False,False,False,False,False,False,False,False,False,False,False,False,False,True,False,False,False,False,,2026-06-30,2026-07-31
V-03694,NUG.V,NUG,Nulegacy Gold Corporation,nulegacy gold,TSXV,,,,,Gold,1,False,Operator,False,False,USA,NV,1,1,False,False,False,,,969857.495,2895097,0.335,<5M,59503.0,140971.0,208.0,6.0,0.0613523123827588,20.585457979225687,34.5,0.15590596042172222,286.07211538461536,False,BC,Canada,IPO,2010-12-09,5682.0,2010.0,16.0,TSXV,Mining,20101209.0,,,1139740.0,,,,,,False,True,False,False,False,False,False,False,False,False,False,False,False,False,False,False,False,False,False,False,False,False,False,False,False,False,False,True,,2026-06-30,2026-07-31
V-04881,NMC.V,NMC,Nuvau Minerals Inc.,nuvau minerals,TSXV,,,,,Copper | Zinc,2,True,Operator,False,False,CANADA,QC,1,1,True,False,False,,,55899631.36,87343174,0.64,25-100M,10209298.0,11790957.0,5312.0,6.0,0.1826362312525991,55.901794145420205,62.17391304347826,0.4641076421634919,1921.9310993975903,False,ON,Canada,QT,2024-12-17,560.0,2024.0,2.0,TSXV,Mining,20241217.0,,,1186495.0,,,Y,,,False,False,False,True,False,False,False,False,False,False,True,False,False,False,False,False,False,False,False,False,False,False,False,True,False,False,False,False,,2026-06-30,2026-07-31
V-02790,NVX.V,NVX,NV Gold Corporation,nv gold,TSXV,,,,,Gold,1,False,Operator,False,False,UK/EUROPE | USA,Switzerland | NV,2,2,False,False,False,,,7966678.59,29506217,0.27,5-25M,323218.5,1245321.0,432.0,6.0,0.0405712991114908,12.181303116147308,12.751677852348994,0.10309810841476078,748.1909722222222,False,BC,Canada,QT,2009-11-26,6060.0,2009.0,17.0,TSXV,Mining,20091126.0,,,1115906.0,,OTCQB,Y,,,False,True,False,False,False,False,False,False,False,False,False,False,False,False,False,False,False,False,False,False,False,False,False,False,False,False,True,True,,2026-06-30,2026-07-31
V-01479,FEO.V,FEO,Oceanic Iron Ore Corp.,oceanic iron ore,TSXV,,,,,Iron,1,False,Operator,False,False,CANADA,QC,1,1,True,False,False,,,170362796.1,243375423,0.7,100-500M,13324838.0,16077363.0,4669.0,6.0,0.0782144828861493,27.28989612842304,19.12568306010929,0.19875541116002401,2853.895480831013,False,BC,Canada,,,,,,TSXV,Mining,,,,41170.0,,,Y,,,False,False,False,False,False,False,False,False,True,False,False,False,False,False,False,False,False,False,False,False,False,False,False,True,False,False,False,False,,2026-06-30,2026-07-31
V-00142,OLV.V,OLV,Olivut Resources Ltd.,olivut resources,TSXV,,,,,Diamond,1,False,Operator,False,False,CANADA,NT,1,1,True,False,False,,,3296124.44,82403111,0.04,<5M,73586.0,1509670.0,151.0,6.0,0.0223250066371887,5.854579792256846,12.5,0.05673138413231751,487.3245033112583,False,AB,Canada,QT from NEX,2007-01-10,7111.0,2007.0,19.0,TSXV,Mining,20070110.0,,,1089851.0,,,Y,,,False,False,False,False,False,True,False,False,False,False,False,False,False,False,False,False,False,False,False,False,False,False,False,True,False,False,False,False,,2026-06-30,2026-07-31
V-00422,OMG.V,OMG,OMAI Gold Mines Corp.,omai gold mines,TSXV,,,,,Gold,1,False,Operator,False,False,LATIN AMERICA,Guyana,1,1,False,False,False,,,1492660692.38,675412078,2.21,500M-2B,381776530.0,186203264.0,182307.0,6.0,0.2557691322274116,69.12181303116147,56.9620253164557,0.649949947401672,2094.1408174123867,False,ON,Canada,RTO,2020-11-18,2050.0,2020.0,6.0,TSXV,Mining,20201118.0,,,1061421.0,,OTCQB,,Y,Y,False,True,False,False,False,False,False,False,False,False,False,False,False,False,False,False,False,False,False,False,False,False,False,False,True,False,False,False,,2026-06-30,2026-07-31
V-03779,OMM.V,OMM,Omineca Mining and Metals Ltd.,omineca mining and metals,TSXV,,,,,Gold,1,False,Operator,False,False,CANADA,BC,1,1,True,False,False,,,16062650.82,267710847,0.06,5-25M,3407255.5,38303547.0,3238.0,6.0,0.2121228642882246,62.606232294617556,71.47651006711409,0.5390378552961588,1052.2716182828906,False,SK,Canada,Other,2011-05-24,5516.0,2011.0,15.0,TSXV,Mining,20110524.0,,,1147285.0,,,,,,False,True,False,False,False,False,False,False,False,False,False,False,False,False,False,False,False,False,False,False,False,False,False,True,False,False,False,False,,2026-06-30,2026-07-31
V-00970,OBUL.V,OBUL,One Bullion Limited,one bullion,TSXV,,,,,Gold,1,False,Operator,False,False,AFRICA,Botswana,1,1,False,False,False,,,5425033.075,19727393,0.275,5-25M,3781273.5,27375303.0,3327.0,6.0,0.6970046906119554,95.18413597733712,96.64429530201343,1.7711995112810084,1136.5414788097385,False,ON,Canada,RTO,2025-12-22,190.0,2025.0,1.0,TSXV,Mining,20251222.0,,,17316.0,,,,,,False,True,False,False,False,False,False,False,False,False,False,False,False,False,False,False,False,False,False,False,True,False,False,False,False,False,False,False,,2026-06-30,2026-07-31
V-05012,ONAU.V,ONAU,OnGold Resources Ltd.,ongold resources,TSXV,,,,,Gold,1,False,Operator,False,False,CANADA,MB | ON,1,2,True,False,False,,,43638412.49,73963411,0.5900000000000001,25-100M,10723827.0,11630295.0,6611.0,6.0,0.2457428304124818,66.94995278564684,73.91304347826086,0.6244715236353013,1622.1187414914536,False,ON,Canada,Other,2024-05-08,783.0,2024.0,2.0,TSXV,Mining,20240508.0,,,1187855.0,,OTCQB,,,,False,True,False,False,False,False,False,False,False,False,False,False,False,False,False,False,False,False,False,False,False,False,False,True,False,False,False,False,,2026-06-30,2026-07-31
V-00863,OGW.V,OGW,Ongwe Minerals Inc.,ongwe minerals,TSXV,,,,,Gold,1,False,Operator,False,False,AFRICA,Namibia,1,1,False,False,False,,,61029173.92,42677744,1.43,25-100M,10984074.5,8973313.0,4540.0,5.0,0.1799807173270681,54.86307837582625,60.0,0.4573595599332693,2419.399669603524,True,BC,Canada,RTO,2026-02-12,138.0,2026.0,0.0,TSXV,Mining,20260212.0,,,41773.0,,,,,,False,True,False,False,False,False,False,False,False,False,False,False,False,False,False,False,False,False,False,False,True,False,False,False,False,False,False,False,,2026-06-30,2026-07-31
V-04972,ONYX.V,ONYX,Onyx Gold Corp.,onyx gold,TSXV,,,,,Gold,1,False,Operator,False,False,CANADA,ON | YT,1,2,True,False,False,,,129297941.76,85627776,1.51,100-500M,25457786.0,17197257.0,16770.0,6.0,0.1968924304089401,59.112370160528805,45.3551912568306,0.5003349062243213,1518.0552176505664,False,BC,Canada,Other,2023-07-24,1072.0,2023.0,3.0,TSXV,Mining,20230724.0,,,1187385.0,,OTCQX,,,Y,False,True,False,False,False,False,False,False,False,False,False,False,False,False,False,False,False,False,False,False,False,False,False,True,False,False,False,False,,2026-06-30,2026-07-31
V-03031,OPW.V,OPW,Opawica Explorations Inc.,opawica explorations,TSXV,,,,,Gold,1,False,Operator,False,False,CANADA,QC,1,1,True,False,False,,,3933876.7,39338767,0.1,<5M,545562.0,5082214.0,674.0,6.0,0.1386830451498391,45.70349386213409,65.0,0.35241562230620627,809.4391691394659,False,BC,Canada,Other,2009-10-05,6112.0,2009.0,17.0,TSXV,Mining,20091005.0,,,1125460.0,,OTCQB,,,,False,True,False,False,False,False,False,False,False,False,False,False,False,False,False,False,False,False,False,False,False,False,False,True,False,False,False,False,,2026-06-30,2026-07-31
V-03731,OPHR.V,OPHR,Ophir Metals Corp.,ophir metals,TSXV,,,,,Lithium,1,False,Operator,False,False,CANADA,QC,1,1,True,False,False,,,2497154.025,99886161,0.0249999999999999,<5M,275290.0,8200393.0,460.0,6.0,0.1102414978187018,38.14919735599622,56.00000000000001,0.28014113777044625,598.4565217391304,False,BC,Canada,QT,2011-09-14,5403.0,2011.0,15.0,TSXV,Mining,20110914.0,,,1076399.0,,OTCQB,Y,,,False,False,False,False,False,False,False,False,False,False,False,False,False,True,False,False,False,False,False,False,False,False,False,True,False,False,False,False,,2026-06-30,2026-07-31
V-04329,OPTG.V,OPTG,Optegra Ventures Inc.,optegra ventures,TSXV,,,,,Gold,1,False,Operator,False,False,AUS/NZ/PNG,Australia,1,1,False,False,False,,,1037380.205,12204473,0.0849999999999999,<5M,26686.5,194985.0,53.0,3.0,0.0257248980377449,6.610009442870633,13.0,0.0653710476355669,503.5188679245283,True,BC,Canada,IPO,2017-03-15,3394.0,2017.0,9.0,TSXV,Mining,20170315.0,,,1176100.0,,,,,,False,True,False,False,False,False,False,False,False,False,False,False,False,False,False,False,False,False,False,False,False,False,True,False,False,False,False,False,,2026-06-30,2026-07-31
V-01389,OOR.V,OOR,Opus One Gold Corporation,opus one gold,TSXV,,,,,Gold | Lithium,2,True,Operator,False,False,CANADA,ON | QC,1,2,True,False,False,,,15015000.0,273000000,0.055,5-25M,1297063.0,18496880.0,903.0,6.0,0.0863844821844821,30.7837582625118,33.22147651006711,0.21951667569565914,1436.393133997785,False,QC,Canada,,,,,,TSXV,Mining,,,,17582.0,,,,,,False,True,False,False,False,False,False,False,False,False,False,False,False,True,False,False,False,False,False,False,False,False,False,True,False,False,False,False,,2026-06-30,2026-07-31
V-05009,ORCL.V,ORCL,Oracle Commodity Holding Corp.,oracle commodity,TSXV,,,,,Silver | Nickel | Platinum/PGM | Lead | Zinc | Coal,6,True,Royalty/Streamer,True,False,,,0,0,False,True,False,,,3117406.2,103913540,0.03,<5M,1992214.5,45482244.0,2055.0,6.0,0.6390615698396955,93.57884796978281,95.0,1.6239568476716473,969.4474452554743,False,BC,Canada,Other,2024-04-05,816.0,2024.0,2.0,TSXV,Mining,20240405.0,,,1187975.0,,OTCQB,,,,False,False,True,False,True,False,False,True,False,True,True,False,False,False,False,True,False,False,True,True,False,False,False,False,False,False,False,False,,2026-06-30,2026-07-31
V-02767,ORS.V,ORS,Orestone Mining Corp.,orestone mining,TSXV,,,,,Gold | Silver | Copper | Molybdenum,4,True,Operator,False,False,CANADA | LATIN AMERICA,BC | Argentina,2,2,True,False,False,,,9123437.855,107334563,0.085,5-25M,1641584.5,14972923.0,1289.0,6.0,0.179930474245555,54.6742209631728,62.08053691275168,0.45723188429116846,1273.533359193173,False,BC,Canada,IPO,2008-03-11,6685.0,2008.0,18.0,TSXV,Mining,20080311.0,,,1115206.0,,,,,,False,True,True,True,False,False,True,False,False,False,False,False,False,False,False,False,False,False,False,False,False,False,False,True,True,False,False,False,,2026-06-30,2026-07-31
V-01714,OTMC.V,OTMC,Oreterra Metals Corp.,oreterra metals,TSXV,,,,,Gold | Silver | Copper,3,True,Operator,False,False,CANADA | USA,BC | ON | NV,2,3,True,False,False,,,24599669.32,53477542,0.46,5-25M,1809164.5,10609736.0,1335.0,6.0,0.0735442609600087,25.684608120868745,26.845637583892618,0.1868876362302863,1355.1794007490637,False,ON,Canada,,,,,,TSXV,Mining,,,,1062224.0,,,,,,False,True,True,True,False,False,False,False,False,False,False,False,False,False,False,False,False,False,False,False,False,False,False,True,False,False,False,True,,2026-06-30,2026-07-31
V-01457,REX.V,REX,Orex Minerals Inc.,orex minerals,TSXV,,,,,Gold,1,False,Operator,False,False,CANADA | LATIN AMERICA,BC | Mexico,2,2,True,False,False,,,10941480.225,70590195,0.155,5-25M,4090248.5,14754067.0,2161.0,6.0,0.3738295382241117,80.07554296506137,86.24161073825503,0.9499601714640091,1892.757288292457,False,BC,Canada,,,,,,TSXV,Mining,,,,1021709.0,,OTCQB,,,,False,True,False,False,False,False,False,False,False,False,False,False,False,False,False,False,False,False,False,False,False,False,False,True,True,False,False,False,,2026-06-30,2026-07-31
V-02769,OCO.V,OCO,Oroco Resource Corp.,oroco resource,TSXV,,,,,Copper,1,False,Operator,False,False,LATIN AMERICA,Mexico,1,1,False,False,False,,,120603032.91,325954143,0.37,100-500M,51234328.0,101998291.0,33523.0,6.0,0.4248179068451256,84.2304060434372,77.04918032786885,1.0795297063594846,1528.3336216925693,False,BC,Canada,IPO,2008-03-18,6678.0,2008.0,18.0,TSXV,Mining,20080318.0,,,1114877.0,,OTCQB,,,,False,False,False,True,False,False,False,False,False,False,False,False,False,False,False,False,False,False,False,False,False,False,False,False,True,False,False,False,,2026-06-30,2026-07-31
V-03712,OGN.V,OGN,Orogen Royalties Inc.,orogen royalties,TSXV,,,,,Gold | Silver | Copper,3,True,Royalty/Streamer,True,False,,,0,0,False,True,False,,,219640639.5,59362335,3.7,100-500M,14614428.0,4368455.0,8306.0,6.0,0.0665379049763693,22.946175637393768,14.754098360655737,0.16908337399040477,1759.5025282928004,False,BC,Canada,Other,2020-08-20,2140.0,2020.0,6.0,TSXV,Mining,20200820.0,,,1144950.0,,OTCQX,,,,False,True,True,True,False,False,False,False,False,False,False,False,False,False,False,False,False,False,True,False,False,False,False,False,False,False,False,False,,2026-06-30,2026-07-31
ORO0008,OMI.V,OMI,Orosur Mining Inc.,orosur mining,TSXV,,,,,Gold | Silver | Lithium,3,True,Operator,False,False,AFRICA | LATIN AMERICA,Nigeria | Argentina | Brazil | Colombia,2,4,False,False,False,,,128321623.68,401005074,0.32,100-500M,17788905.5,38289341.0,8805.0,6.0,0.1386274969864845,45.609065155807365,30.601092896174865,0.3522744656093987,2020.3186257808063,False,UK,UK/Europe,TSX Comedown,2021-11-01,1702.0,2021.0,5.0,TSXV,Mining,20211101.0,,,1185336.0,AIM,,,Y,Y,False,True,True,False,False,False,False,False,False,False,False,False,False,True,False,False,False,False,False,True,True,False,False,False,True,False,False,False,,2026-06-30,2026-07-31
V-04413,OSM.V,OSM,Osiris One Metals Ltd.,osiris one metals,TSXV,,,,,Lithium,1,False,Operator,False,False,ASIA,Mongolia,1,1,False,False,False,,,3120559.11,104018637,0.03,<5M,220374.5,5412758.0,465.0,6.0,0.0706201972889403,24.645892351274785,41.0,0.17945712648636516,473.9236559139785,False,ON,Canada,QT,2020-08-31,2129.0,2020.0,6.0,TSXV,Mining,20200831.0,,,1180556.0,,,Y,,,False,False,False,False,False,False,False,False,False,False,False,False,False,True,False,False,False,False,False,False,False,True,False,False,False,False,False,False,,2026-06-30,2026-07-31
V-02643,ODV.V,ODV,Osisko Development Corp.,osisko development,TSXV,,,,,Gold | Silver | Copper | Lead | Zinc,5,True,Operator,False,False,CANADA | LATIN AMERICA | USA,BC | Mexico | UT,3,3,True,False,False,,,1055053276.8,305812544,3.45,500M-2B,110317499.5,24321720.0,60223.0,6.0,0.1045610699723102,36.26062322946176,21.518987341772153,0.2657062693098591,1831.8167394517045,False,QC,Canada,RTO from NEX,2020-12-02,2036.0,2020.0,6.0,TSXV,Mining,20201202.0,,,1110106.0,NYSE,,,Y,,False,True,True,True,False,False,False,False,False,True,True,False,False,False,False,False,False,False,False,False,False,False,False,True,True,False,False,True,,2026-06-30,2026-07-31
V-04499,PGLD.V,PGLD,P2 Gold Inc.,p2 gold,TSXV,,,,,Gold | Copper,2,True,Operator,False,False,CANADA | USA,BC | NV,2,2,True,False,False,,,200612576.88,278628579,0.72,100-500M,59425912.5,75219228.0,28861.0,6.0,0.2962222679366044,73.27667610953729,60.65573770491803,0.7527477838624264,2059.0385814767333,False,ON,Canada,IPO,2018-10-16,2814.0,2018.0,8.0,TSXV,Mining,20181016.0,,,1181540.0,,OTCQB,,Y,,False,True,False,True,False,False,False,False,False,False,False,False,False,False,False,False,False,False,False,False,False,False,False,True,False,False,False,True,,2026-06-30,2026-07-31
V-00463,PBM.V,PBM,Pacific Bay Minerals Ltd.,pacific bay minerals,TSXV,,,,,Silver | Copper | Lead | Zinc | Rare Earths,5,True,Operator,False,False,CANADA,BC,1,1,True,False,False,,,1641041.325,36467585,0.045,<5M,131266.0,2369311.0,234.0,6.0,0.0799894542570401,27.66761095372993,44.0,0.20326589504485887,560.965811965812,False,BC,Canada,,,,,,TSXV,Mining,,,,35031.0,,,,,,False,False,True,True,False,False,False,False,False,True,True,True,False,False,False,False,False,False,False,False,False,False,False,True,False,False,False,False,,2026-06-30,2026-07-31
V-01475,BKM.V,BKM,Pacific Booker Minerals Inc.,pacific booker minerals,TSXV,,,,,Gold | Copper | Molybdenum,3,True,Operator,False,False,CANADA,BC,1,1,True,False,False,,,37376032.42,17144969,2.18,25-100M,4139142.5,1928428.0,1593.0,6.0,0.1107432285344748,38.432483474976394,41.73913043478261,0.28141611512790354,2598.3317639673573,False,BC,Canada,,,,,,TSXV,Mining,,,,14617.0,,,,,,False,True,False,True,False,False,True,False,False,False,False,False,False,False,False,False,False,False,False,False,False,False,False,True,False,False,False,False,,2026-06-30,2026-07-31
V-04420,PEMC.V,PEMC,Pacific Empire Minerals Corp.,pacific empire minerals,TSXV,,,,,Copper,1,False,Royalty/Streamer,True,False,CANADA,BC,1,1,True,False,False,,,13256859.75,265137195,0.05,5-25M,6417219.0,69551251.0,5340.0,6.0,0.4840678049716864,88.10198300283287,92.28187919463086,1.2300930985700533,1201.726404494382,False,BC,Canada,IPO,2018-03-20,3024.0,2018.0,8.0,TSXV,Mining,20180320.0,,,1179546.0,,,,,,False,False,False,True,False,False,False,False,False,False,False,False,False,False,False,False,False,False,True,False,False,False,False,True,False,False,False,False,,2026-06-30,2026-07-31
V-01480,PPM.V,PPM,Pacific Imperial Mines Inc.,pacific imperial mines,TSXV,,,,,Lithium,1,False,Operator,False,False,USA,CA,1,1,False,False,False,,,1241405.61,82760374,0.015,<5M,583580.0,15514133.0,836.0,6.0,0.4700961517323898,87.72426817752597,92.0,1.1945889108328047,698.0622009569378,False,BC,Canada,Other,2005-12-15,7502.0,2005.0,21.0,TSXV,Mining,20051215.0,,,17407.0,,,,,,False,False,False,False,False,False,False,False,False,False,False,False,False,True,False,False,False,False,False,False,False,False,False,False,False,False,False,True,,2026-06-30,2026-07-31
V-01483,PEX.V,PEX,Pacific Ridge Exploration Ltd.,pacific ridge exploration,TSXV,,,,,Gold | Copper,2,True,Operator,False,False,CANADA,BC | YT,1,2,True,False,False,,,11311785.0,62843250,0.18,5-25M,7514305.0,31147698.0,5794.0,6.0,0.6642899418615188,94.52313503305004,95.63758389261746,1.6880661439178986,1296.91146013117,False,BC,Canada,,,,,,TSXV,Mining,,,,18293.0,,,,,,False,True,False,True,False,False,False,False,False,False,False,False,False,False,False,False,False,False,False,False,False,False,False,True,False,False,False,False,,2026-06-30,2026-07-31
V-04270,PA.V,PA,Palamina Corp.,palamina,TSXV,,,,,Gold,1,False,Operator,False,False,LATIN AMERICA,Peru,1,1,False,False,False,,,11654354.5,93234836,0.125,5-25M,1203331.5,6969624.0,698.0,6.0,0.1032516644315221,35.2219074598678,38.25503355704698,0.26237886206977823,1723.970630372493,False,ON,Canada,Other,2015-11-13,3882.0,2015.0,11.0,TSXV,Mining,20151113.0,,,1175810.0,,OTCQB,,,,False,True,False,False,False,False,False,False,False,False,False,False,False,False,False,False,False,False,False,False,False,False,False,False,True,False,False,False,,2026-06-30,2026-07-31
V-02429,PNN.V,PNN,Pambili Natural Resources Corporation,pambili natural resources,TSXV,,,,,Gold,1,False,Operator,False,False,AFRICA,Zimbabwe,1,1,False,False,False,,,3340164.355,60730261,0.055,<5M,,,,,,,,,,True,AB,Canada,Other,2007-01-05,7116.0,2007.0,19.0,TSXV,Mining,20070105.0,,,1109438.0,,,,,,False,True,False,False,False,False,False,False,False,False,False,False,False,False,False,False,False,False,False,False,True,False,False,False,False,False,False,False,,2026-06-30,2026-07-31
V-02401,PGZ.V,PGZ,Pan Global Resources Inc.,pan global resources,TSXV,,,,,Copper,1,False,Operator,False,False,UK/EUROPE,Spain,1,1,False,False,False,,,65569708.08,364276156,0.18,25-100M,5412364.5,32656583.0,3594.0,6.0,0.0825436723524299,28.800755429650614,29.130434782608695,0.2097565684982722,1505.94449081803,False,BC,Canada,QT,2009-06-09,6230.0,2009.0,17.0,TSXV,Mining,20090609.0,,,1109593.0,,OTCQX,Y,,,False,False,False,True,False,False,False,False,False,False,False,False,False,False,False,False,False,False,False,True,False,False,False,False,False,False,True,False,,2026-06-30,2026-07-31
V-01502,PML.V,PML,Panoro Minerals Ltd.,panoro minerals,TSXV,,,,,Copper,1,False,Operator,False,False,LATIN AMERICA,Peru,1,1,False,False,False,,,474336664.34,308010821,1.5399999999999998,100-500M,91937127.5,85239705.0,31371.0,6.0,0.1938225197664677,58.35694050991501,44.26229508196721,0.4925337761847951,2930.6406394440723,False,BC,Canada,,,,,,TSXV,Mining,,,,1087567.0,Lima (BVL),OTCQB,Y,Y,,False,False,False,True,False,False,False,False,False,False,False,False,False,False,False,False,False,False,False,False,False,False,False,False,True,False,False,False,,2026-06-30,2026-07-31
V-00172,PNTR.V,PNTR,Pantera Silver Corp.,pantera silver,TSXV,,,,,Gold | Silver,2,True,Operator,False,False,LATIN AMERICA,Bolivia | Mexico,1,2,False,False,False,,,31008685.46,72113222,0.43,25-100M,11312743.0,16855201.0,7003.0,6.0,0.3648249782981932,78.84796978281398,86.52173913043478,0.9270781559554985,1615.4138226474367,False,BC,Canada,,,,,,TSXV,Mining,,,,22277.0,,,,,,False,True,True,False,False,False,False,False,False,False,False,False,False,False,False,False,False,False,False,False,False,False,False,False,True,False,False,False,,2026-06-30,2026-07-31
V-03803,PDQ.V,PDQ,Paradigm Gold Corporation,paradigm gold,TSXV,,,,,Gold | Copper | Nickel,3,True,Operator,False,False,CANADA,BC | MB,1,2,True,False,False,,,1494431.155,17581543,0.085,<5M,111614.5,1106505.0,148.0,6.0,0.0746869466864132,26.062322946175637,42.0,0.18979138196889614,754.152027027027,False,BC,Canada,Other,2011-06-28,5481.0,2011.0,15.0,TSXV,Mining,20110628.0,,,1146680.0,,,,,,False,True,False,True,True,False,False,False,False,False,False,False,False,False,False,False,False,False,False,False,False,False,False,True,False,False,False,False,,2026-06-30,2026-07-31
V-02889,PGDC.V,PGDC,Patagonia Gold Corp.,patagonia gold,TSXV,,,,,Gold | Silver,2,True,Operator,False,False,LATIN AMERICA,Argentina,1,1,True,False,False,,,244270772.72,469751486,0.52,100-500M,51921530.5,56485848.0,21441.0,6.0,0.2125572778185626,62.79508970727101,48.63387978142077,0.5401417690043333,2421.600228534117,False,Argentina,Latin America,RTO,2019-07-24,2533.0,2019.0,7.0,TSXV,Mining,20190724.0,,,1108787.0,,,Y,Y,,False,True,True,False,False,False,False,False,False,False,False,False,False,False,False,False,False,False,False,False,False,False,False,False,True,False,False,False,,2026-06-30,2026-07-31
V-04097,PAT.V,PAT,Patterson Metals Corp.,patterson metals,TSXV,,,,,,0,False,Operator,False,True,,,0,0,False,True,True,,,2417648.2,7110730,0.34,<5M,91905.5,269175.0,311.0,6.0,0.038014422445747,10.764872521246458,20.5,0.09660067911224772,295.516077170418,False,BC,Canada,QT,2014-09-19,4302.0,2014.0,12.0,TSXV,Mining,20140919.0,,,1160350.0,,,Y,,,False,False,False,False,False,False,False,False,False,False,False,False,False,False,False,False,False,False,False,False,False,False,False,False,False,False,False,False,,2026-06-30,2026-07-31
V-5072,PCU.V,PCU,Pecoy Copper Corp.,pecoy copper,TSXV,,,,,Copper,1,False,Operator,False,False,LATIN AMERICA,Peru,1,1,False,False,False,,,387554378.05,209488853,1.85,100-500M,60700192.5,34459894.0,31935.0,6.0,0.1566236789929097,49.19735599622285,35.51912568306011,0.3980056195084048,1900.7418976045087,False,BC,Canada,Other,2025-09-08,295.0,2025.0,1.0,TSXV,Mining,20250908.0,,,1188915.0,,,,Y,,False,False,False,True,False,False,False,False,False,False,False,False,False,False,False,False,False,False,False,False,False,False,False,False,True,False,False,False,,2026-06-30,2026-07-31
V-02903,PX.V,PX,Pelangio Exploration Inc.,pelangio exploration,TSXV,,,,,Gold,1,False,Operator,False,False,AFRICA | CANADA,Ghana | ON | SK,2,3,True,False,False,,,38984521.975,251513045,0.155,25-100M,3220187.5,15246076.0,3207.0,6.0,0.0826016925913582,28.89518413597734,29.565217391304348,0.2099040071313522,1004.112098534456,False,ON,Canada,Other,2008-09-10,6502.0,2008.0,18.0,TSXV,Mining,20080910.0,,,1118330.0,,,,,,False,True,False,False,False,False,False,False,False,False,False,False,False,False,False,False,False,False,False,False,True,False,False,True,False,False,False,False,,2026-06-30,2026-07-31
V-5076,PMI.V,PMI,Perseverance Metals Inc.,perseverance metals,TSXV,,,,,Copper | Nickel | Platinum/PGM | Lithium,4,True,Operator,False,False,CANADA | USA,ON | QC | MI,2,3,True,False,False,,,19304855.0,38609710,0.5,5-25M,4269176.0,5894726.0,2325.0,6.0,0.2211451989667884,64.58923512747874,74.49664429530202,0.561965039271428,1836.204731182796,False,BC,Canada,Other,2025-10-14,259.0,2025.0,1.0,TSXV,Mining,20251014.0,,,1188430.0,,,,,,False,False,False,True,True,False,False,True,False,False,False,False,False,True,False,False,False,False,False,True,False,False,False,True,False,False,False,True,,2026-06-30,2026-07-31
V-00581,PER.V,PER,Peruvian Metals Corp.,peruvian metals,TSXV,,,,,Gold | Silver | Copper,3,True,Operator,False,False,LATIN AMERICA,Peru,1,1,False,False,False,,,24409514.25,147936450,0.165,5-25M,8989393.0,51601268.0,6772.0,6.0,0.3682741453980388,79.3201133144476,85.57046979865773,0.9358430368291255,1327.4354695806262,False,ON,Canada,RTO,,,,,TSXV,Mining,,,,1005786.0,,OTCQB,,,,False,True,True,True,False,False,False,False,False,False,False,False,False,False,False,False,False,False,False,False,False,False,False,False,True,False,False,False,,2026-06-30,2026-07-31
V-02518,PHNM.V,PHNM,Phenom Resources Corp.,phenom resources,TSXV,,,,,Gold,1,False,Operator,False,False,USA,NV,1,1,False,False,False,,,49827418.92,123030664,0.405,25-100M,4675647.0,13508153.0,3130.0,6.0,0.0938368292266341,32.577903682719544,35.65217391304348,0.23845427197979185,1493.8169329073482,False,BC,Canada,Other,2007-05-14,6987.0,2007.0,19.0,TSXV,Mining,20070514.0,,,1112789.0,,OTCQX,,,,False,True,False,False,False,False,False,False,False,False,False,False,False,False,False,False,False,False,False,True,False,False,False,False,False,False,False,True,,2026-06-30,2026-07-31
V-02785,PINN.V,PINN,Pinnacle Silver and Gold Corp.,pinnacle silver and gold,TSXV,,,,,Gold,1,False,Operator,False,False,CANADA | LATIN AMERICA,ON | Mexico,2,2,True,False,False,,,16129537.38,146632158,0.11,5-25M,2386118.5,19005304.0,2092.0,6.0,0.1479347140457168,47.49763928234183,54.36241610738255,0.37592558091570316,1140.592017208413,False,BC,Canada,IPO,2008-04-02,6663.0,2008.0,18.0,TSXV,Mining,20080402.0,,,1112886.0,,,,,,False,True,False,False,False,False,False,False,False,False,False,False,False,False,False,False,False,False,False,False,False,False,False,True,True,False,False,False,,2026-06-30,2026-07-31
V-02430,YARR.V,YARR,Pirate Gold Corp.,pirate gold,TSXV,,,,,Gold,1,False,Operator,False,False,CANADA,NL,1,1,True,False,False,,,125756191.912,507081419,0.248,100-500M,24390403.5,96371989.0,15854.0,6.0,0.1939499211066091,58.45136921624173,44.80874316939891,0.4928575232046279,1538.4384697868045,False,NL,Canada,QT,2008-09-10,6502.0,2008.0,18.0,TSXV,Mining,20080910.0,,,1109135.0,,OTCQB,Y,,,False,True,False,False,False,False,False,False,False,False,False,False,False,False,False,False,False,False,False,False,False,False,False,True,False,False,False,False,,2026-06-30,2026-07-31
V-03862,PJX.V,PJX,PJX Resources Inc.,pjx resources,TSXV,,,,,Copper | Lead | Zinc,3,True,Operator,False,False,CANADA,BC,1,1,True,False,False,,,36449115.69,186918542,0.1949999999999999,25-100M,1426995.0,9794184.0,878.0,6.0,0.0391503325385615,11.3314447592068,8.695652173913043,0.09948720689082792,1625.279043280182,False,ON,Canada,IPO,2011-09-14,5403.0,2011.0,15.0,TSXV,Mining,20110914.0,,,1142080.0,,OTCQB,,,,False,False,False,True,False,False,False,False,False,True,True,False,False,False,False,False,False,False,False,False,False,False,False,True,False,False,False,False,,2026-06-30,2026-07-31
V-01567,PGC.V,PGC,Plato Gold Corp.,plato gold,TSXV,,,,,,0,False,Operator,False,True,,,0,0,False,True,True,,,6919971.51,230665717,0.03,5-25M,269704.0,9663898.0,319.0,6.0,0.0389747269349668,11.142587346553352,11.409395973154362,0.09904096518907975,845.4670846394985,False,ON,Canada,QT,2005-06-01,7699.0,2005.0,21.0,TSXV,Mining,20050601.0,,,1092371.0,,OTCQB,Y,,,False,False,False,False,False,False,False,False,False,False,False,False,False,False,False,False,False,False,False,False,False,False,False,False,False,False,False,False,,2026-06-30,2026-07-31
V-01568,PLY.V,PLY,Playfair Mining Ltd.,playfair mining,TSXV,,,,,Gold | Copper,2,True,Operator,False,False,CANADA | UK/EUROPE,NS | Norway,2,2,True,False,False,,,5310203.7,88503395,0.06,5-25M,1156478.0,21860524.0,1030.0,6.0,0.2177841125002417,64.21152030217186,74.16107382550335,0.5534239852626036,1122.7941747572816,False,BC,Canada,,,,,,TSXV,Mining,,,,30132.0,,,,,,False,True,False,True,False,False,False,False,False,False,False,False,False,False,False,False,False,False,False,False,False,False,False,True,False,False,True,False,,2026-06-30,2026-07-31
V-03154,PGP.V,PGP,Power Group Projects Corp.,power projects,TSXV,,,,,Silver | Platinum/PGM,2,True,Operator,False,False,CANADA,NL | ON | SK,1,3,True,False,False,,,254340.855,16956057,0.015,<5M,,,,,,,,,,True,BC,Canada,QT,2011-12-05,5321.0,2011.0,15.0,TSXV,Mining,20111205.0,,,1133845.0,,,Y,,,False,False,True,False,False,False,False,True,False,False,False,False,False,False,False,False,False,False,False,True,False,False,False,True,False,False,False,False,,2026-06-30,2026-07-31
V-01012,PNPN.V,PNPN,Power Metallic Mines Inc.,power metallic mines,TSXV,,,,,Gold | Copper | Nickel,3,True,Operator,False,False,LATIN AMERICA,Chile,1,1,False,False,False,,,293550062.08,259778816,1.13,100-500M,106515520.0,83587448.0,75377.0,6.0,0.3628529976974481,78.5646836638338,68.30601092896174,0.9220670403585165,1413.103731907611,False,BC,Canada,,,,,,TSXV,Mining,,,,33630.0,,OTCQB,,Y,,False,True,False,True,True,False,False,False,False,False,False,False,False,False,False,False,False,False,False,False,False,False,False,False,True,False,False,False,,2026-06-30,2026-07-31
V-02549,PWM.V,PWM,Power Metals Corp.,power metals,TSXV,,,,,Lithium,1,False,Operator,False,False,CANADA,ON,1,1,True,False,False,,,120413300.7,174512030,0.6900000000000001,100-500M,13845109.0,24073762.0,9256.0,6.0,0.1149798977315136,39.47119924457035,25.683060109289617,0.2921821637819896,1495.7982929991356,False,BC,Canada,Other,2007-07-05,6935.0,2007.0,19.0,TSXV,Mining,20070705.0,,,1112214.0,,OTCQB,,,,False,False,False,False,False,False,False,False,False,False,False,False,False,True,False,False,False,False,False,True,False,False,False,True,False,False,False,False,,2026-06-30,2026-07-31
V-04998,PWRO.V,PWRO,Power One Resources Corp.,power one resources,TSXV,,,,,Copper | Nickel | Platinum/PGM | Rare Earths,4,True,Operator,False,False,CANADA,BC | ON,1,2,True,False,False,,,996557.76,33218592,0.03,<5M,142112.0,3334165.0,502.0,6.0,0.1426028733146385,46.553352219074604,65.5,0.3623765276247957,283.0916334661355,False,BC,Canada,Other,2024-01-18,894.0,2024.0,2.0,TSXV,Mining,20240118.0,,,1186636.0,,,,,,False,False,False,True,True,False,False,True,False,False,False,True,False,False,False,False,False,False,False,False,False,False,False,True,False,False,False,False,,2026-06-30,2026-07-31
V-01783,PPX.V,PPX,PPX Mining Corp.,ppx mining,TSXV,,,,,Gold | Silver,2,True,Operator,False,False,LATIN AMERICA,Peru,1,1,False,False,False,,,152146744.925,869409971,0.175,100-500M,4894260.5,16718681.0,4260.0,6.0,0.0321680263512216,8.593012275731821,4.371584699453552,0.08174405899927972,1148.887441314554,False,BC,Canada,Other,2005-07-15,7655.0,2005.0,21.0,TSXV,Mining,20050715.0,,,1023916.0,Lima (BVL),,,Y,,False,True,True,False,False,False,False,False,False,False,False,False,False,False,False,False,False,False,False,False,False,False,False,False,True,False,False,False,,2026-06-30,2026-07-31
V-04011,PRG.V,PRG,Precipitate Gold Corp.,precipitate gold,TSXV,,,,,Gold | Copper,2,True,Operator,False,False,CANADA | LATIN AMERICA,NL | Dominican Republic,2,2,True,False,False,,,59037876.44,193566808,0.305,25-100M,30613068.5,73945415.0,10037.0,6.0,0.5185326835241434,89.80169971671388,94.34782608695652,1.3176738234499326,3050.021769453024,False,BC,Canada,IPO,2012-05-29,5145.0,2012.0,14.0,TSXV,Mining,20120529.0,,,1151635.0,,OTCQB,,,,False,True,False,True,False,False,False,False,False,False,False,False,False,False,False,False,False,False,False,False,False,False,False,True,True,False,False,False,,2026-06-30,2026-07-31
V-04993,PUR.V,PUR,Premier American Uranium Inc.,premier american uranium,TSXV,,,,,Uranium,1,False,Operator,False,False,USA,CO | NM | WY,1,3,False,False,False,,,45429748.6,95641576,0.475,25-100M,34068548.5,42783289.0,16304.0,6.0,0.7499171699136367,96.50613786591123,99.1304347826087,1.9056585167111177,2089.5822190873405,False,ON,Canada,Other,2023-12-01,942.0,2023.0,3.0,TSXV,Mining,20231201.0,,,1187605.0,,OTCQB,,,,False,False,False,False,False,False,False,False,False,False,False,False,False,False,True,False,False,False,False,True,False,False,False,False,False,False,False,True,,2026-06-30,2026-07-31
V-04776,HDRO.V,HDRO,Primary Hydrogen Corp.,primary hydrogen,TSXV,,,,,,0,False,Operator,False,True,CANADA | USA,BC | NL | ON | CO,2,4,True,False,False,,,4944141.0,4944141,1.0,<5M,574595.0,2269347.0,583.0,6.0,0.1162173570697114,40.226628895184135,59.0,0.2953267443057184,985.5831903945112,False,BC,Canada,Other,2021-08-27,1768.0,2021.0,5.0,TSXV,Mining,20210827.0,,,1185285.0,,OTCQB,,,,False,False,False,False,False,False,False,False,False,False,False,False,False,False,False,False,False,False,False,True,False,False,False,True,False,False,False,True,,2026-06-30,2026-07-31
V-01600,PMX.V,PMX,ProAm Explorations Corporation,proam explorations,TSXV,,,,,,0,False,Operator,False,True,,,0,0,False,True,True,,,3298100.96,20613131,0.16,<5M,802020.5,5383138.0,428.0,6.0,0.2431764550955408,66.7610953729934,80.0,0.6179499567529627,1873.8796728971963,False,BC,Canada,,,,,,TSXV,Mining,,,,34360.0,,,,,,False,False,False,False,False,False,False,False,False,False,False,False,False,False,False,False,False,False,False,False,False,False,False,False,False,False,False,False,,2026-06-30,2026-07-31
V-02692,PPP.V,PPP,Prospector Metals Corp.,prospector metals,TSXV,,,,,Gold,1,False,Operator,False,False,CANADA,ON | YT,1,2,True,False,False,,,191841738.0,159868115,1.2,100-500M,78188115.0,58816711.0,41624.0,6.0,0.407565714401524,82.34183191690275,74.31693989071039,1.0356891479870514,1878.4382807995387,False,BC,Canada,QT,2009-07-20,6189.0,2009.0,17.0,TSXV,Mining,20090720.0,,,1115632.0,,OTCQB,Y,Y,Y,False,True,False,False,False,False,False,False,False,False,False,False,False,False,False,False,False,False,False,False,False,False,False,True,False,False,False,False,,2026-06-30,2026-07-31
V-02762,PGX.V,PGX,Prosper Gold Corp.,prosper gold,TSXV,,,,,Gold | Copper,2,True,Operator,False,False,CANADA,BC | ON,1,2,True,False,False,,,2170258.475,62007385,0.035,<5M,358119.5,7601998.0,442.0,6.0,0.1650123725470073,50.70821529745042,71.0,0.4193226208477483,810.2251131221719,False,ON,Canada,QT from NEX,2013-09-03,4683.0,2013.0,13.0,TSXV,Mining,20130903.0,,,1116553.0,,OTCQB,Y,,,False,True,False,True,False,False,False,False,False,False,False,False,False,False,False,False,False,False,False,False,False,False,False,True,False,False,False,False,,2026-06-30,2026-07-31
V-04087,PHD.V,PHD,Providence Gold Mines Inc.,providence gold mines,TSXV,,,,,Gold,1,False,Operator,False,False,USA,CA,1,1,False,False,False,,,3542536.6,70850732,0.05,<5M,249103.5,4392738.0,340.0,6.0,0.0703178338369178,24.551463644948065,40.5,0.17868877297933036,732.6573529411764,False,BC,Canada,IPO,2012-12-11,4949.0,2012.0,14.0,TSXV,Mining,20121211.0,,,1155086.0,,,,,,False,True,False,False,False,False,False,False,False,False,False,False,False,False,False,False,False,False,False,False,False,False,False,False,False,False,False,True,,2026-06-30,2026-07-31
V-01565,PTX.V,PTX,PTX Metals Inc.,ptx metals,TSXV,,,,,Gold | Silver | Copper | Nickel | Platinum/PGM,5,True,Operator,False,False,CANADA,ON,1,1,True,False,False,,,18284745.15,174140430,0.105,5-25M,7877676.0,54702815.0,6257.0,6.0,0.4308332402434387,84.98583569405099,90.26845637583892,1.0948156229663442,1259.018059773054,False,ON,Canada,Other,2025-03-11,476.0,2025.0,1.0,TSXV,Mining,20250311.0,,,1044234.0,,OTCQB,,,,False,True,True,True,True,False,False,True,False,False,False,False,False,False,False,False,False,False,False,False,False,False,False,True,False,False,False,False,,2026-06-30,2026-07-31
V-01611,PUMA.V,PUMA,Puma Exploration Inc.,puma exploration,TSXV,,,,,Gold,1,False,Operator,False,False,CANADA,NB,1,1,True,False,False,,,25251878.625,202015029,0.125,25-100M,2988688.5,16999673.0,2882.0,6.0,0.1183550952538288,40.60434372049103,45.21739130434783,0.3007590762224968,1037.0189104788342,False,QC,Canada,,,,,,TSXV,Mining,,,,1060173.0,SSEV,OTCQB,Y,,,False,True,False,False,False,False,False,False,False,False,False,False,False,False,False,False,False,False,False,False,False,False,False,True,False,False,False,False,,2026-06-30,2026-07-31
V-00180,PE.V,PE,Pure Energy Minerals Limited,pure energy minerals,TSXV,,,,,Lithium,1,False,Operator,False,False,USA,NV,1,1,False,False,False,,,9511035.24,33967983,0.28,5-25M,489338.0,1511872.0,735.0,6.0,0.051449499202991,16.43059490084986,17.114093959731544,0.13074134087100983,665.7659863945578,False,BC,Canada,COB,2009-08-17,6161.0,2009.0,17.0,TSXV,Mining,20090817.0,,,1020424.0,,OTCQB,Y,,,False,False,False,False,False,False,False,False,False,False,False,False,False,True,False,False,False,False,False,False,False,False,False,False,False,False,False,True,,2026-06-30,2026-07-31
V-01613,PTU.V,PTU,Purepoint Uranium Group Inc.,purepoint uranium,TSXV,,,,,Uranium,1,False,Operator,False,False,CANADA,SK,1,1,True,False,False,,,26194115.97,79376109,0.3299999999999999,25-100M,8522627.5,17128252.0,6540.0,6.0,0.3253641966677145,75.44853635505193,84.34782608695653,0.8268020486637297,1303.1540519877676,False,ON,Canada,QT,2005-06-03,7697.0,2005.0,21.0,TSXV,Mining,20050603.0,,,1094712.0,,OTCQB,Y,,,False,False,False,False,False,False,False,False,False,False,False,False,False,False,True,False,False,False,False,False,False,False,False,True,False,False,False,False,,2026-06-30,2026-07-31
V-04887,PWH.V,PWH,Purewave Hydrogen Corp.,purewave hydrogen,TSXV,,,,,,0,False,Operator,False,True,USA,KS,1,1,True,False,False,,,356730.0,35673000,0.01,<5M,25013.5,871215.0,104.0,3.0,0.0701188573991534,24.362606232294617,39.5,0.17818314227975013,240.51442307692307,True,CO,USA,IPO,2022-05-09,1513.0,2022.0,4.0,TSXV,Mining,20220509.0,,,1186050.0,,,,,,False,False,False,False,False,False,False,False,False,False,False,False,False,False,False,False,False,False,False,True,False,False,False,False,False,False,False,True,,2026-06-30,2026-07-31
V-03655,QTWO.V,QTWO,Q2 Metals Corp.,q2 metals,TSXV,,,,,Lithium,1,False,Operator,False,False,CANADA,QC,1,1,True,False,False,,,611456539.7,200477554,3.0500000000000003,500M-2B,122287248.5,48801689.0,115815.0,6.0,0.1999933610326549,59.86779981114259,37.9746835443038,0.5082148629580668,1055.884371627164,False,ON,Canada,QT,2012-01-25,5270.0,2012.0,14.0,TSXV,Mining,20120125.0,,,1138406.0,,OTCQB,Y,Y,,False,False,False,False,False,False,False,False,False,False,False,False,False,True,False,False,False,False,False,False,False,False,False,True,False,False,False,False,,2026-06-30,2026-07-31
V-02845,QCX.V,QCX,QCX Gold Corp.,qcx gold,TSXV,,,,,Gold,1,False,Operator,False,False,CANADA,QC,1,1,True,False,False,,,4749533.25,22616825,0.21,<5M,86578.5,341243.0,129.0,6.0,0.0182288438553409,4.343720491029273,9.0,0.04632238457312311,671.1511627906976,False,BC,Canada,QT,2011-01-04,5656.0,2011.0,15.0,TSXV,Mining,20110104.0,,,1118018.0,,,Y,,,False,True,False,False,False,False,False,False,False,False,False,False,False,False,False,False,False,False,False,True,False,False,False,True,False,False,False,False,,2026-06-30,2026-07-31
V-01616,QGR.V,QGR,Q-Gold Resources Ltd.,q gold resources,TSXV,,,,,Gold | Silver,2,True,Operator,False,False,CANADA | LATIN AMERICA,ON | Peru,2,2,False,False,False,,,39408869.95,192238390,0.205,25-100M,10314466.0,42035065.0,7971.0,6.0,0.2617295551251907,69.68838526912181,76.08695652173914,0.6650963277141283,1293.9989963618116,False,AZ,USA,Other,1998-03-25,10324.0,1998.0,28.0,TSXV,Mining,19980325.0,,,1023132.0,,,,,,False,True,True,False,False,False,False,False,False,False,False,False,False,False,False,False,False,False,False,False,False,False,False,True,True,False,False,False,,2026-06-30,2026-07-31
V-03734,QMC.V,QMC,QMC Quantum Minerals Corp.,qmc quantum minerals,TSXV,,,,,Gold | Copper | Zinc | Lithium,4,True,Operator,False,False,CANADA,MB,1,1,True,False,False,,,3642828.84,104080824,0.0349999999999999,<5M,120574.5,2119761.0,614.0,6.0,0.0330991395137851,8.970727101038715,16.5,0.08411016528334472,196.37540716612375,False,BC,Canada,IPO,2011-02-28,5601.0,2011.0,15.0,TSXV,Mining,20110228.0,,,1139030.0,,,,,,False,True,False,True,False,False,False,False,False,False,True,False,False,True,False,False,False,False,False,False,False,False,False,True,False,False,False,False,,2026-06-30,2026-07-31
V-02006,QRO.V,QRO,Quadro Resources Ltd.,quadro resources,TSXV,,,,,Gold,1,False,Operator,False,False,CANADA,NL,1,1,True,False,False,,,1607663.79,35725862,0.045,<5M,63965.5,1292014.0,114.0,6.0,0.0397878588781302,11.614730878186968,21.0,0.10110726247478889,561.1008771929825,False,BC,Canada,,,,,,TSXV,Mining,,,,38823.0,,,,,,False,True,False,False,False,False,False,False,False,False,False,False,False,False,False,False,False,False,False,False,False,False,False,True,False,False,False,False,,2026-06-30,2026-07-31
V-02991,LEAP.V,LEAP,Quantum Critical Metals Corp.,quantum critical metals,TSXV,,,,,Gold | Lithium,2,True,Operator,False,False,CANADA,BC | QC,1,2,True,False,False,,,5395404.375,119897875,0.045,5-25M,3262669.0,41697588.0,3592.0,6.0,0.6047125985807135,92.63456090651559,95.30201342281879,1.5366706616152819,908.3154231625836,False,BC,Canada,IPO,2009-07-02,6207.0,2009.0,17.0,TSXV,Mining,20090702.0,,,1117467.0,,OTCQB,,,,False,True,False,False,False,False,False,False,False,False,False,False,False,True,False,False,False,False,False,False,False,False,False,True,False,False,False,False,,2026-06-30,2026-07-31
V-01620,QZM.V,QZM,Quartz Mountain Resources Ltd.,quartz mountain resources,TSXV,,,,,Gold | Silver | Copper,3,True,Operator,False,False,CANADA,BC,1,1,True,False,False,,,41010135.65,74563883,0.5499999999999999,25-100M,4504334.5,5856467.0,2272.0,6.0,0.1098346647385449,38.0547686496695,41.30434782608695,0.2791073103623205,1982.541593309859,False,BC,Canada,Other,2005-02-17,7803.0,2005.0,21.0,TSXV,Mining,20050217.0,,,1063785.0,,,,,,False,True,True,True,False,False,False,False,False,False,False,False,False,False,False,False,False,False,False,False,False,False,False,True,False,False,False,False,,2026-06-30,2026-07-31
V-04915,QURI.V,QURI,Quri-Mayu Developments Ltd.,quri mayu developments,TSXV,,,,,Copper,1,False,Operator,False,False,CANADA,BC,1,1,True,False,False,,,2535061.95,84502065,0.03,<5M,1065360.0,20065154.0,619.0,6.0,0.4202500850127153,83.75826251180358,89.5,1.0679221463155477,1721.0985460420031,False,BC,Canada,IPO,2022-08-15,1415.0,2022.0,4.0,TSXV,Mining,20220815.0,,,1186185.0,,,,,,False,False,False,True,False,False,False,False,False,False,False,False,False,False,False,False,False,False,False,True,False,False,False,True,False,False,False,False,,2026-06-30,2026-07-31
V-03922,RAK.V,RAK,Rackla Metals Inc.,rackla metals,TSXV,,,,,Gold,1,False,Operator,False,False,CANADA,NT | YT,1,2,True,False,False,,,26455242.315,182449947,0.145,25-100M,5108799.0,37678520.0,4051.0,6.0,0.1931110265092274,58.26251180358829,64.34782608695652,0.4907257589268377,1261.1204640829426,False,BC,Canada,Other,2011-12-09,5317.0,2011.0,15.0,TSXV,Mining,20111209.0,,,1152440.0,,,,,,False,True,False,False,False,False,False,False,False,False,False,False,False,False,False,False,False,False,False,False,False,False,False,True,False,False,False,False,,2026-06-30,2026-07-31
V-01644,RDS.V,RDS,Radisson Mining Resources Inc.,radisson mining resources,TSXV,,,,,Gold,1,False,Operator,False,False,CANADA,QC,1,1,True,False,False,,,334967579.34,452658891,0.74,100-500M,83818842.5,96551503.0,40237.0,6.0,0.2502297167539367,67.98866855524079,55.19125683060109,0.6358734137548366,2083.128525983548,False,QC,Canada,,,,,,TSXV,Mining,,,,1074424.0,,OTCQB,,Y,,False,True,False,False,False,False,False,False,False,False,False,False,False,False,False,False,False,False,False,False,False,False,False,True,False,False,False,False,,2026-06-30,2026-07-31
V-01645,RDU.V,RDU,Radius Gold Inc.,radius gold,TSXV,,,,,Gold | Silver,2,True,Operator,False,False,LATIN AMERICA,Guatemala | Mexico | Peru,1,3,False,False,False,,,15041552.63,115704251,0.13,5-25M,1809297.5,12355860.0,1711.0,6.0,0.1202866183103598,41.26534466477809,45.63758389261745,0.30566738278030786,1057.4503214494448,False,BC,Canada,,,,,,TSXV,Mining,,,,1003178.0,,,,,,False,True,True,False,False,False,False,False,False,False,False,False,False,False,False,False,False,False,False,False,False,False,False,False,True,False,False,False,,2026-06-30,2026-07-31
V-00609,RMO.V,RMO,Rainy Mountain Royalty Corp.,rainy mountain royalty,TSXV,,,,,,0,False,Operator,False,True,,,0,0,False,True,True,,,2362516.02,26250178,0.09,<5M,31652.0,290535.0,71.0,6.0,0.0133975811093124,3.1161473087818696,7.000000000000001,0.0340453793680034,445.8028169014085,False,BC,Canada,,,,,,TSXV,Mining,,,,29318.0,,,,,,False,False,False,False,False,False,False,False,False,False,False,False,False,False,False,False,False,False,False,False,False,False,False,False,False,False,False,False,,2026-06-30,2026-07-31
V-04710,RAMP.V,RAMP,Ramp Metals Inc.,ramp metals,TSXV,,,,,Gold,1,False,Operator,False,False,CANADA,SK,1,1,True,False,False,,,12363112.35,45789305,0.27,5-25M,3140233.5,9227543.0,2432.0,6.0,0.2540002396726581,68.83852691218131,78.52348993288591,0.6454549107531565,1291.2144325657894,False,BC,Canada,QT,2024-03-22,830.0,2024.0,2.0,TSXV,Mining,20240322.0,,,1184465.0,,,Y,,,False,True,False,False,False,False,False,False,False,False,False,False,False,False,False,False,False,False,False,False,False,False,False,True,False,False,False,False,,2026-06-30,2026-07-31
V-00429,RNCH.V,RNCH,Ranchero Gold Corp.,ranchero gold,TSXV,,,,,Gold,1,False,Operator,False,False,LATIN AMERICA,Mexico,1,1,False,False,False,,,2825159.52,70628988,0.04,<5M,22981.5,506453.0,91.0,6.0,0.0081345849100938,1.8885741265344664,5.0,0.020671270955984825,252.5439560439561,True,BC,Canada,RTO,2021-10-20,1714.0,2021.0,5.0,TSXV,Mining,20211020.0,,,1139185.0,,,,,,False,True,False,False,False,False,False,False,False,False,False,False,False,False,False,False,False,False,False,False,False,False,False,False,True,False,False,False,,2026-06-30,2026-07-31
V-03152,RTH.V,RTH,Rathdowney Resources Ltd.,rathdowney resources,TSXV,,,,,Zinc,1,False,Operator,False,False,UK/EUROPE,Poland,1,1,False,False,False,,,6912823.5,230427450,0.03,5-25M,117253.0,4302178.0,202.0,6.0,0.0169616655191616,3.9660056657223794,3.3557046979865772,0.04310228336006503,580.460396039604,False,BC,Canada,QT,2011-03-17,5584.0,2011.0,15.0,TSXV,Mining,20110317.0,,,1119112.0,,,Y,,,False,False,False,False,False,False,False,False,False,False,True,False,False,False,False,False,False,False,False,False,False,False,False,False,False,False,True,False,,2026-06-30,2026-07-31
V-03938,REC.V,REC,Record Resources Inc.,record resources,TSXV,,,,,,0,False,Operator,False,True,CANADA,ON,1,1,True,False,False,,,10702756.26,152896518,0.0699999999999999,5-25M,1573339.5,22824867.0,1078.0,6.0,0.1470032075644036,47.21435316336166,53.691275167785236,0.373558475146288,1459.4986085343228,False,AB,Canada,QT,2014-01-29,4535.0,2014.0,12.0,TSXV,Mining,20140129.0,,,1151186.0,,,Y,,,False,False,False,False,False,False,False,False,False,False,False,False,False,False,False,False,False,False,False,True,False,False,False,True,False,False,False,False,,2026-06-30,2026-07-31
V-04496,REE.V,REE,ReeXploration Inc.,reexploration,TSXV,,,,,Rare Earths,1,False,Operator,False,False,AFRICA,Namibia,1,1,False,False,False,,,5409164.28,135229107,0.04,5-25M,997571.0,10122981.0,969.0,6.0,0.1844223891828258,56.09065155807366,63.758389261744966,0.46864655287055,1029.4850361197111,False,NS,Canada,QT,2021-10-21,1713.0,2021.0,5.0,TSXV,Mining,20211021.0,,,1181795.0,,,Y,,,False,False,False,False,False,False,False,False,False,False,False,True,False,False,False,False,False,False,False,False,True,False,False,False,False,False,False,False,,2026-06-30,2026-07-31
V-04876,RSMX.V,RSMX,Regency Silver Corp.,regency silver,TSXV,,,,,Gold | Silver,2,True,Operator,False,False,LATIN AMERICA,Mexico,1,1,False,False,False,,,13112479.405,138026099,0.095,5-25M,20279337.5,96458713.0,13120.0,6.0,1.54656772938512,99.81114258734655,99.66442953020133,3.9300739913886003,1545.681211890244,False,BC,Canada,IPO,2022-04-26,1526.0,2022.0,4.0,TSXV,Mining,20220426.0,,,1184305.0,,OTCQB,,,,False,True,True,False,False,False,False,False,False,False,False,False,False,False,False,False,False,False,False,False,False,False,False,False,True,False,False,False,,2026-06-30,2026-07-31
V-03699,REG.V,REG,Regulus Resources Inc.,regulus resources,TSXV,,,,,Gold | Copper,2,True,Operator,False,False,LATIN AMERICA,Peru,1,1,False,False,False,,,519754925.52,125544668,4.14,500M-2B,28070683.5,6602504.0,15613.0,6.0,0.054007537248283,17.94145420207743,15.18987341772152,0.13724172142322894,1797.9045346826365,False,AB,Canada,Other,2010-12-20,5671.0,2010.0,16.0,TSXV,Mining,20101220.0,,,1142685.0,Lima (BVL),OTCQX,,Y,,False,True,False,True,False,False,False,False,False,False,False,False,False,False,False,False,False,False,False,False,False,False,False,False,True,False,False,False,,2026-06-30,2026-07-31
V-04979,RGC.V,RGC,Relevant Gold Corp.,relevant gold,TSXV,,,,,Gold,1,False,Operator,False,False,USA,WY,1,1,False,False,False,,,51481537.45,147090107,0.35,25-100M,2324421.5,5031883.0,1905.0,6.0,0.045150584367406,14.069877242681775,11.304347826086957,0.11473479883670364,1220.1687664041997,False,BC,Canada,Other,2023-08-09,1056.0,2023.0,3.0,TSXV,Mining,20230809.0,,,1187250.0,,OTCQB,,,,False,True,False,False,False,False,False,False,False,False,False,False,False,False,False,False,False,False,False,False,False,False,False,False,False,False,False,True,,2026-06-30,2026-07-31
V-02850,RAGE.V,RAGE,Renegade Gold Inc.,renegade gold,TSXV,,,,,Gold,1,False,Operator,False,False,CANADA,ON,1,1,True,False,False,,,15130903.68,42030288,0.36,5-25M,2666799.0,5529517.0,2069.0,6.0,0.1762484948949196,53.25779036827195,61.07382550335571,0.4478753905483981,1288.9313678105366,False,ON,Canada,IPO,2008-07-15,6559.0,2008.0,18.0,TSXV,Mining,20080715.0,,,1117880.0,,OTCQX,,,,False,True,False,False,False,False,False,False,False,False,False,False,False,False,False,False,False,False,False,False,False,False,False,True,False,False,False,False,,2026-06-30,2026-07-31
V-02216,RSM.V,RSM,Resouro Strategic Metals Inc.,resouro strategic metals,TSXV,,,,,Rare Earths,1,False,Operator,False,False,LATIN AMERICA,Brazil,1,1,False,False,False,,,31320000.0,108000000,0.29,25-100M,5393075.5,17992996.0,2218.0,6.0,0.1721927043422733,52.50236071765817,55.65217391304348,0.4375689832293911,2431.5038322813343,False,ON,Canada,RTO from NEX,2022-05-18,1504.0,2022.0,4.0,TSXV,Mining,20220518.0,,,30787.0,ASX,OTCQB,,,,False,False,False,False,False,False,False,False,False,False,False,True,False,False,False,False,False,False,False,True,False,False,False,False,True,False,False,False,,2026-06-30,2026-07-31
V-03026,REVX.V,REVX,Rev Exploration Corp.,rev exploration,TSXV,,,,,Gold | Copper | Nickel | Platinum/PGM | Rare Earths,5,True,Operator,False,False,CANADA,QC,1,1,True,False,False,,,85299157.18,60069829,1.4200000000000002,25-100M,34499066.0,38644224.0,14214.0,6.0,0.4044479118029194,81.7752596789424,89.56521739130436,1.0277663168880657,2427.1187561559027,False,BC,Canada,Other,2009-10-19,6098.0,2009.0,17.0,TSXV,Mining,20091019.0,,,1024444.0,,,,,,False,True,False,True,True,False,False,True,False,False,False,True,False,False,False,False,False,False,False,False,False,False,False,True,False,False,False,False,,2026-06-30,2026-07-31
V-02996,RVG.V,RVG,Revival Gold Inc.,revival gold,TSXV,,,,,Gold,1,False,Operator,False,False,USA,ID,1,1,False,False,False,,,207558064.35,319320099,0.65,100-500M,51471269.0,62347247.0,28412.0,6.0,0.2479849152630624,67.42209631728045,53.551912568306015,0.6301690169880537,1811.6031606363508,False,ON,Canada,QT,2011-04-26,5544.0,2011.0,15.0,TSXV,Mining,20110426.0,,,1121818.0,,OTCQX,Y,Y,,False,True,False,False,False,False,False,False,False,False,False,False,False,False,False,False,False,False,False,False,False,False,False,False,False,False,False,True,,2026-06-30,2026-07-31
V-04752,OWN.V,OWN,Rex Resources Corp.,rex resources,TSXV,,,,,Gold | Silver | Copper,3,True,Operator,False,False,CANADA,BC,1,1,True,False,False,,,1817309.5,18173095,0.1,<5M,,,,,,,,,,True,BC,Canada,IPO,2021-06-02,1854.0,2021.0,5.0,TSXV,Mining,20210602.0,,,1184660.0,,,,,,False,True,True,True,False,False,False,False,False,False,False,False,False,False,False,False,False,False,False,False,False,False,False,True,False,False,False,False,,2026-06-30,2026-07-31
V-02383,RYE.V,RYE,Rhyolite Resources Ltd.,rhyolite resources,TSXV,,,,,,0,False,Operator,False,True,,,0,0,False,True,True,,,9646672.77,107185253,0.09,5-25M,1235734.0,9438031.0,348.0,6.0,0.1280995043019376,43.626062322946176,48.99328859060403,0.3255211657409752,3550.9597701149423,False,BC,Canada,Other,2006-10-03,7210.0,2006.0,20.0,TSXV,Mining,20061003.0,,,1107723.0,,,,,,False,False,False,False,False,False,False,False,False,False,False,False,False,False,False,False,False,False,False,False,False,False,False,False,False,False,False,False,,2026-06-30,2026-07-31
V-01687,RMD.V,RMD,Richmond Minerals Inc.,richmond minerals,TSXV,,,,,,0,False,Operator,False,True,,,0,0,False,True,True,,,4526673.375,36213387,0.125,<5M,188194.0,2841641.0,410.0,6.0,0.0415744597432988,12.842304060434373,24.0,0.1056472987498138,459.00975609756097,False,ON,Canada,,,,,,TSXV,Mining,,,,1062180.0,,,,,,False,False,False,False,False,False,False,False,False,False,False,False,False,False,False,False,False,False,False,False,False,False,False,False,False,False,False,False,,2026-06-30,2026-07-31
V-04657,RDG.V,RDG,Ridgeline Minerals Corp.,ridgeline minerals,TSXV,,,,,Gold | Copper,2,True,Operator,False,False,USA,NV,1,1,False,False,False,,,25235746.725,144204267,0.175,25-100M,4315687.0,20021152.0,3228.0,6.0,0.1710148325321647,52.21907459867799,54.78260869565217,0.434575824069179,1336.9538413878563,False,BC,Canada,IPO,2020-08-13,2147.0,2020.0,6.0,TSXV,Mining,20200813.0,,,1183850.0,,OTCQB,,,,False,True,False,True,False,False,False,False,False,False,False,False,False,False,False,False,False,False,False,False,False,False,False,False,False,False,False,True,,2026-06-30,2026-07-31
V-04412,RMI.V,RMI,Ridgestone Mining Inc.,ridgestone mining,TSXV,,,,,Gold | Copper,2,True,Operator,False,False,LATIN AMERICA,Mexico,1,1,False,False,False,,,2448197.76,15301236,0.1599999999999999,<5M,354382.0,1092475.0,427.0,6.0,0.1447521951821408,46.742209631728045,66.0,0.36783829551901637,829.9344262295082,False,Taiwan,Asia,IPO,2018-02-16,3056.0,2018.0,8.0,TSXV,Mining,20180216.0,,,1180613.0,,,,,,False,True,False,True,False,False,False,False,False,False,False,False,False,False,False,False,False,False,False,False,False,False,False,False,True,False,False,False,,2026-06-30,2026-07-31
V-04236,RLYG.V,RLYG,Riley Gold Corp.,riley gold,TSXV,,,,,,0,False,Operator,False,True,,,0,0,False,True,True,,,22231427.855,48860281,0.455,5-25M,1289139.0,2790280.0,591.0,6.0,0.0579872335869809,19.263456090651555,20.80536912751678,0.14735476127086578,2181.284263959391,False,BC,Canada,QT,2017-03-29,3380.0,2017.0,9.0,TSXV,Mining,20170329.0,,,1173125.0,,OTCQB,Y,,,False,False,False,False,False,False,False,False,False,False,False,False,False,False,False,False,False,False,False,False,False,False,False,False,False,False,False,False,,2026-06-30,2026-07-31
V-00649,RYO.V,RYO,Rio Silver Inc.,rio silver,TSXV,,,,,Gold | Silver,2,True,Operator,False,False,LATIN AMERICA,Peru,1,1,False,False,False,,,15281946.255,59929201,0.255,5-25M,20806401.0,38495784.0,13542.0,6.0,1.3615020399114732,99.71671388101983,99.32885906040269,3.4597927104078146,1536.434869295525,False,ON,Canada,QT,2001-10-11,9028.0,2001.0,25.0,TSXV,Mining,20011011.0,,,1061548.0,,,Y,,,False,True,True,False,False,False,False,False,False,False,False,False,False,False,False,False,False,False,False,False,False,False,False,False,True,False,False,False,,2026-06-30,2026-07-31
V-5073,RRRL.V,RRRL,River Road Resources Ltd.,river road resources,TSXV,,,,,,0,False,Operator,False,True,CANADA,BC,1,1,True,False,False,,,1607666.76,11483334,0.14,<5M,46701.5,276609.0,26.0,6.0,0.0290492415231624,7.554296506137866,14.499999999999998,0.07381873189940157,1796.2115384615386,False,BC,Canada,IPO,2025-09-17,286.0,2025.0,1.0,TSXV,Mining,20250917.0,,,1188790.0,,,,,,False,False,False,False,False,False,False,False,False,False,False,False,False,False,False,False,False,False,False,False,False,False,False,True,False,False,False,False,,2026-06-30,2026-07-31
V-02572,RRI.V,RRI,Riverside Resources Inc.,riverside resources,TSXV,,,,,Gold | Silver | Rare Earths,3,True,Operator,False,False,CANADA | LATIN AMERICA,BC | ON | Mexico,2,3,True,False,False,,,23360866.0,93443464,0.25,5-25M,2252575.5,8925735.0,1468.0,6.0,0.0964251710531621,33.42776203966006,35.57046979865772,0.24503165924837608,1534.4519754768392,False,BC,Canada,Other,2007-08-27,6882.0,2007.0,19.0,TSXV,Mining,20070827.0,,,1112973.0,,OTCQB,,,,False,True,True,False,False,False,False,False,False,False,False,True,False,False,False,False,False,False,False,False,False,False,False,True,True,False,False,False,,2026-06-30,2026-07-31
V-01633,RJX.V,RJX,RJK Explorations Ltd.,rjk explorations,TSXV,,,,,Diamond,1,False,Operator,False,False,CANADA,ON,1,1,True,False,False,,,3622184.37,103490982,0.035,<5M,162558.0,6146800.0,317.0,6.0,0.0448784444398671,13.881019830028329,25.5,0.11404324810089171,512.801261829653,False,ON,Canada,,,,,,TSXV,Mining,,,,1023711.0,,,,,,False,False,False,False,False,True,False,False,False,False,False,False,False,False,False,False,False,False,False,False,False,False,False,True,False,False,False,False,,2026-06-30,2026-07-31
V-01703,RCT.V,RCT,Rochester Resources Ltd.,rochester resources,TSXV,,,,,Gold | Diamond | Iron,3,True,Operator,False,False,CANADA,ON,1,1,True,False,False,,,9080883.75,47794125,0.19,5-25M,1078541.0,3193287.0,851.0,6.0,0.1187704886102082,40.79320113314447,44.63087248322148,0.3018146566507469,1267.3807285546416,False,BC,Canada,,,,,,TSXV,Mining,,,,818794.0,,,,,,False,True,False,False,False,True,False,False,True,False,False,False,False,False,False,False,False,False,False,True,False,False,False,True,False,False,False,False,,2026-06-30,2026-07-31
V-00857,RCK.V,RCK,Rock Tech Lithium Inc.,rock tech lithium,TSXV,,,,,Lithium,1,False,Operator,False,False,CANADA,ON,1,1,True,False,False,,,97199987.85,119999985,0.8099999999999999,25-100M,4724008.5,4855533.0,3672.0,6.0,0.0486009165689417,15.58073654390935,12.608695652173912,0.12350264041858966,1286.4946895424837,False,BC,Canada,,,,,,TSXV,Mining,,,,1023316.0,,OTCQX,,,,False,False,False,False,False,False,False,False,False,False,False,False,False,True,False,False,False,False,False,False,False,False,False,True,False,False,False,False,,2026-06-30,2026-07-31
V-02809,RK.V,RK,Rockhaven Resources Ltd.,rockhaven resources,TSXV,,,,,Gold | Silver,2,True,Operator,False,False,CANADA,YT,1,1,True,False,False,,,57096611.715,292803137,0.195,25-100M,4383776.5,20059407.0,1683.0,6.0,0.0767782249826275,27.006610009442873,27.391304347826086,0.1951056519388088,2604.7394533571005,False,BC,Canada,Other,2008-04-29,6636.0,2008.0,18.0,TSXV,Mining,20080429.0,,,1118271.0,,,,,,False,True,True,False,False,False,False,False,False,False,False,False,False,False,False,False,False,False,False,False,False,False,False,True,False,False,False,False,,2026-06-30,2026-07-31
V-03898,RKR.V,RKR,Rokmaster Resources Corp.,rokmaster resources,TSXV,,,,,Gold | Zinc,2,True,Operator,False,False,CANADA,BC,1,1,True,False,False,,,8947821.51,198840478,0.045,5-25M,853871.0,19029922.0,786.0,6.0,0.0954278087739816,33.14447592067989,34.899328859060404,0.24249720344736336,1086.3498727735368,False,BC,Canada,IPO,2011-11-21,5335.0,2011.0,15.0,TSXV,Mining,20111121.0,,,1148920.0,,OTCQB,,,,False,True,False,False,False,False,False,False,False,False,True,False,False,False,False,False,False,False,False,False,False,False,False,True,False,False,False,False,,2026-06-30,2026-07-31
V-00287,RME.V,RME,Roland Minerals Enterprises Corp.,roland minerals enterprises,TSXV,,,,,Gold | Platinum/PGM | Lithium,3,True,Operator,False,False,CANADA,ON,1,1,True,False,False,,,40625111.31,159314162,0.255,25-100M,100671.5,381192.0,140.0,6.0,0.0024780609025733,0.6610009442870632,1.3043478260869565,0.00629714594274661,719.0821428571429,True,BC,Canada,,,,,,TSXV,Mining,,,,22181.0,,,,,,False,True,False,False,False,False,False,True,False,False,False,False,False,True,False,False,False,False,False,True,False,False,False,True,False,False,False,False,,2026-06-30,2026-07-31
V-01715,ROS.V,ROS,Roscan Gold Corporation,roscan gold,TSXV,,,,,Gold,1,False,Operator,False,False,AFRICA,Mali,1,1,False,False,False,,,72354926.325,438514705,0.165,25-100M,9070875.5,44928091.0,4385.0,6.0,0.1253663843047248,42.965061378659115,46.95652173913044,0.31857587416899796,2068.614709236032,False,ON,Canada,,,,,,TSXV,Mining,,,,27307.0,,OTCQB,,,,False,True,False,False,False,False,False,False,False,False,False,False,False,False,False,False,False,False,False,False,True,False,False,False,False,False,False,False,,2026-06-30,2026-07-31
V-04408,RTE.V,RTE,Route 109 Resources Inc.,route 109 resources,TSXV,,,,,Gold | Copper,2,True,Operator,False,False,CANADA,QC,1,1,True,False,False,,,1256991.675,16759889,0.075,<5M,137336.5,1046100.0,182.0,6.0,0.1092580823974033,37.86591123701605,55.50000000000001,0.2776421231482335,754.5961538461538,False,BC,Canada,IPO,2018-02-22,3050.0,2018.0,8.0,TSXV,Mining,20180222.0,,,1180560.0,,OTCQB,,,,False,True,False,True,False,False,False,False,False,False,False,False,False,False,False,False,False,False,False,False,False,False,False,True,False,False,False,False,,2026-06-30,2026-07-31
V-03748,RYR.V,RYR,Royal Road Minerals Limited,royal road minerals,TSXV,,,,,Gold | Copper,2,True,Operator,False,False,AFRICA | LATIN AMERICA | OTHER,Morocco | Argentina | Colombia | Saudi Arabia,3,4,False,False,False,,,67785214.52,294718324,0.2299999999999999,25-100M,2586277.5,12199518.0,1394.0,6.0,0.0381540062728121,10.859301227573184,8.26086956521739,0.09695538376432605,1855.292324246772,False,Jersey,UK/Europe,QT from NEX,2015-04-20,4089.0,2015.0,11.0,TSXV,Mining,20150420.0,,,1143440.0,,,Y,,,False,True,False,True,False,False,False,False,False,False,False,False,False,False,False,False,False,False,False,False,True,False,False,False,True,True,False,False,,2026-06-30,2026-07-31
V-02089,RPX.V,RPX,RPX Gold Inc.,rpx gold,TSXV,,,,,Gold,1,False,Operator,False,False,CANADA,ON,1,1,True,False,False,,,64668553.625,445990025,0.145,25-100M,19603266.5,100671752.0,14357.0,6.0,0.3031344509987871,73.84324834749764,82.6086956521739,0.7703127377666448,1365.415232987393,False,ON,Canada,Other,2001-01-15,9297.0,2001.0,25.0,TSXV,Mining,20010115.0,,,1066050.0,,OTCQB,,,,False,True,False,False,False,False,False,False,False,False,False,False,False,False,False,False,False,False,False,False,False,False,False,True,False,False,False,False,,2026-06-30,2026-07-31
V-03846,RTM.V,RTM,RT Minerals Corp.,rt minerals,TSXV,,,,,Gold | Copper | Nickel | Platinum/PGM | Rare Earths | Lithium,6,True,Operator,False,False,CANADA,ON,1,1,True,False,False,,,286579.375,11463175,0.025,<5M,190979.5,3298025.0,223.0,6.0,0.6664104840063944,94.61756373937678,96.0,1.6934547779705,856.4103139013453,False,BC,Canada,Other,2011-08-05,5443.0,2011.0,15.0,TSXV,Mining,20110805.0,,,1133150.0,,,,,,False,True,False,True,True,False,False,True,False,False,False,True,False,True,False,False,False,True,False,True,False,False,False,True,False,False,False,False,,2026-06-30,2026-07-31
V-01378,RML.V,RML,Rusoro Mining Ltd.,rusoro mining,TSXV,,,,,,0,False,Operator,False,True,,,0,0,False,True,True,,,723927842.22,635024423,1.14,500M-2B,77872422.5,65798002.0,21691.0,6.0,0.107569315556639,37.20491029272899,22.78481012658228,0.2733506986523624,3590.0798718362453,False,BC,Canada,RTO,2006-11-09,7173.0,2006.0,20.0,TSXV,Mining,20061109.0,,,1052749.0,,,Y,Y,,False,False,False,False,False,False,False,False,False,False,False,False,False,False,False,False,False,False,False,False,False,False,False,False,False,False,False,False,,2026-06-30,2026-07-31
V-01735,SAE.V,SAE,Sable Resources Ltd.,sable resources,TSXV,,,,,Gold | Copper | Molybdenum,3,True,Operator,False,False,LATIN AMERICA,Argentina | Mexico,1,2,False,False,False,,,20786885.015,319798231,0.065,5-25M,3276759.5,49464756.0,2451.0,6.0,0.1576359082967679,49.3862134088763,56.04026845637584,0.40057785477804675,1336.907180742554,False,BC,Canada,,,,,,TSXV,Mining,,,,36356.0,,OTCQB,,,,False,True,False,True,False,False,True,False,False,False,False,False,False,False,False,False,False,False,False,False,False,False,False,False,True,False,False,False,,2026-06-30,2026-07-31
V-01497,SF.V,SF,Safi Silver Corp.,safi silver,TSXV,,,,,Silver | Copper,2,True,Operator,False,False,AFRICA,Morocco | Namibia,1,2,False,False,False,,,19850069.16,55139081,0.36,5-25M,3791435.0,9039806.0,1873.0,6.0,0.1910036166342505,57.50708215297451,65.1006711409396,0.48537049605572186,2024.2578750667376,False,ON,Canada,,,,,,TSXV,Mining,,,,1023157.0,,,,,,False,False,True,True,False,False,False,False,False,False,False,False,False,False,False,False,False,False,False,False,True,False,False,False,False,False,False,False,,2026-06-30,2026-07-31
V-05029,SAGA.V,SAGA,Saga Metals Corp.,saga metals,TSXV,,,,,Iron | Lithium | Uranium,3,True,Operator,False,False,CANADA,NL | QC,1,2,True,False,False,,,48488738.0,96977476,0.5,25-100M,24041139.0,36947610.0,14645.0,6.0,0.4958087174799229,88.76298394711992,93.91304347826087,1.2599286201622015,1641.5936497097985,False,BC,Canada,IPO,2024-09-23,645.0,2024.0,2.0,TSXV,Mining,20240923.0,,,1188306.0,,OTCQB,,,,False,False,False,False,False,False,False,False,True,False,False,False,False,True,True,False,False,False,False,True,False,False,False,True,False,False,False,False,,2026-06-30,2026-07-31
V-04951,SAGE.V,SAGE,Sage Potash Corp.,sage potash,TSXV,,,,,Potash,1,False,Operator,False,False,USA,UT,1,1,False,False,False,,,24829601.785,171238633,0.145,5-25M,7044057.5,39863435.0,4371.0,6.0,0.2836959513485004,71.95467422096317,79.86577181208054,0.7209164258847327,1611.5436970944863,False,BC,Canada,Other,2023-03-20,1198.0,2023.0,3.0,TSXV,Mining,20230320.0,,,1187035.0,,OTCQB,,,,False,False,False,False,False,False,False,False,False,False,False,False,True,False,False,False,False,False,False,False,False,False,False,False,False,False,False,True,,2026-06-30,2026-07-31
V-04394,FISH.V,FISH,Sailfish Royalty Corp.,sailfish royalty,TSXV,,,,,Gold | Silver,2,True,Royalty/Streamer,True,False,LATIN AMERICA | USA,Nicaragua | NV,2,2,True,False,False,,,383332196.16,77913048,4.92,100-500M,27796679.0,6934315.0,7816.0,6.0,0.0725132907656884,25.1180358829084,16.939890710382514,0.18426777738439806,3556.381653019447,False,British Virgin Islands,Latin America,Other,2017-12-22,3112.0,2017.0,9.0,TSXV,Mining,20171222.0,,,1180375.0,,OTCQX,,,,False,True,True,False,False,False,False,False,False,False,False,False,False,False,False,False,False,False,True,False,False,False,False,False,True,False,False,True,,2026-06-30,2026-07-31
V-01097,SRL.V,SRL,Salazar Resources Limited,salazar resources,TSXV,,,,,Copper,1,False,Operator,False,False,LATIN AMERICA,Colombia | Ecuador,1,2,False,False,False,,,74223407.16,265083597,0.2799999999999999,25-100M,3069225.0,13728124.0,2294.0,6.0,0.0413511736719901,12.747875354107649,10.0,0.10507989341423359,1337.9359197907586,False,BC,Canada,RTO from NEX,2007-03-09,7053.0,2007.0,19.0,TSXV,Mining,20070309.0,,,27240.0,,,,,,False,False,False,True,False,False,False,False,False,False,False,False,False,False,False,False,False,False,False,False,False,False,False,False,True,False,False,False,,2026-06-30,2026-07-31
V-02447,SME.V,SME,Sama Resources Inc.,sama resources,TSXV,,,,,Copper | Nickel | Platinum/PGM,3,True,Operator,False,False,AFRICA,Cote D'Ivoire,1,1,False,False,False,,,16505133.0,220068440,0.075,5-25M,1070691.5,16425941.0,1007.0,6.0,0.0648702134057326,22.19074598677998,23.154362416107382,0.1648455050999015,1063.2487586891757,False,BC,Canada,QT,2009-11-18,6068.0,2009.0,17.0,TSXV,Mining,20091118.0,,,1109331.0,,,Y,,,False,False,False,True,True,False,False,True,False,False,False,False,False,False,False,False,False,False,False,False,True,False,False,False,False,False,False,False,,2026-06-30,2026-07-31
V-04448,SLG.V,SLG,San Lorenzo Gold Corp.,san lorenzo gold,TSXV,,,,,,0,False,Operator,False,True,,,0,0,False,True,True,,,454327596.4,107152735,4.24,100-500M,99499700.5,32272926.0,36688.0,6.0,0.2190043072188779,64.40037771482531,51.36612021857923,0.5565246936486815,2712.0502752943744,False,AB,Canada,QT,2020-12-29,2009.0,2020.0,6.0,TSXV,Mining,20201229.0,,,1181050.0,,,Y,Y,,False,False,False,False,False,False,False,False,False,False,False,False,False,False,False,False,False,False,False,False,False,False,False,False,False,False,False,False,,2026-06-30,2026-07-31
V-00796,SFR.V,SFR,Sandfire Resources America Inc.,sandfire resources america,TSXV,,,,,Copper,1,False,Operator,False,False,USA,MT,1,1,True,False,False,,,204670558.8,1023352794,0.2,100-500M,507225.5,1983305.0,588.0,6.0,0.0024782533598085,0.7554296506137866,0.546448087431694,0.006297635007118254,862.6284013605442,True,MT,USA,Other,2005-02-14,7806.0,2005.0,21.0,TSXV,Mining,20050214.0,,,1009773.0,,OTCQB,,Y,,False,False,False,True,False,False,False,False,False,False,False,False,False,False,False,False,False,False,False,False,False,False,False,False,False,False,False,True,,2026-06-30,2026-07-31
V-03875,SCZ.V,SCZ,Santacruz Silver Mining Ltd.,santacruz silver mining,TSXV,,,,,Silver | Zinc,2,True,Operator,False,False,LATIN AMERICA,Mexico,1,1,True,False,False,,,850914430.8,92490699,9.2,500M-2B,728302819.0,52369696.0,212185.0,6.0,0.8559060613360091,98.01699716713881,98.73417721518987,2.1749931068753545,3432.395404953225,False,Mexico,Latin America,QT,2012-04-16,5188.0,2012.0,14.0,TSXV,Mining,20120416.0,,,1146075.0,NasdaqCM,,Y,Y,Y,False,False,True,False,False,False,False,False,False,False,True,False,False,False,False,False,False,False,False,False,False,False,False,False,True,False,False,False,,2026-06-30,2026-07-31
V-03900,SWA.V,SWA,Sarama Resources Ltd.,sarama resources,TSXV,,,,,Gold,1,False,Operator,False,False,AUS/NZ/PNG,Australia,1,1,True,False,False,,,20143677.92,503591948,0.04,5-25M,457790.0,10229198.0,447.0,6.0,0.022726237076372,6.043437204910293,6.375838926174497,0.05775097434076863,1024.13870246085,False,Australia,Australia/NZ/PNG,IPO,2011-11-03,5353.0,2011.0,15.0,TSXV,Mining,20111103.0,,,1151090.0,ASX,,,,,False,True,False,False,False,False,False,False,False,False,False,False,False,False,False,False,False,False,False,False,False,False,True,False,False,False,False,False,,2026-06-30,2026-07-31
V-04401,SCD.V,SCD,Scandium Canada Ltd.,scandium canada,TSXV,,,,,Gold | Rare Earths,2,True,Operator,False,False,CANADA,QC,1,1,True,False,False,,,82048568.7,468848964,0.175,25-100M,52593877.0,255613517.0,51420.0,6.0,0.6410090734465183,93.67327667610954,96.95652173913044,1.6289057633433537,1022.8291909762738,False,QC,Canada,Other,2018-01-16,3087.0,2018.0,8.0,TSXV,Mining,20180116.0,,,1180550.0,,OTCQB,,,,False,True,False,False,False,False,False,False,False,False,False,True,False,False,False,False,False,False,False,False,False,False,False,True,False,False,False,False,,2026-06-30,2026-07-31
GOL0061,SCY.V,SCY,Scandium International Mining Corp.,scandium international mining,TSXV,,,,,,0,False,Operator,False,True,AUS/NZ/PNG | UK/EUROPE | USA,Australia | Finland | NV,3,3,True,False,False,,,50170513.82,358360813,0.14,25-100M,3357199.0,25755430.0,4174.0,6.0,0.0669157786991147,23.32389046270066,22.608695652173914,0.17004361107642063,804.3121705797796,False,NV,USA,TSX Comedown,2025-02-04,511.0,2025.0,1.0,TSXV,Mining,20250204.0,,,1188620.0,,,,,,False,False,False,False,False,False,False,False,False,False,False,False,False,False,False,False,False,False,False,True,False,False,True,False,False,False,True,True,,2026-06-30,2026-07-31
V-02529,SGN.V,SGN,Scorpio Gold Corporation,scorpio gold,TSXV,,,,,Gold,1,False,Operator,False,False,USA,NV,1,1,False,False,False,,,81766582.38,302839194,0.2699999999999999,25-100M,24765530.5,61287889.0,13214.0,6.0,0.3028808319871471,73.74881964117091,82.17391304347827,0.7696682516168113,1874.188777054639,False,BC,Canada,QT,2009-06-15,6224.0,2009.0,17.0,TSXV,Mining,20090615.0,,,1109449.0,,OTCQB,Y,,,False,True,False,False,False,False,False,False,False,False,False,False,False,False,False,False,False,False,False,False,False,False,False,False,False,False,False,True,,2026-06-30,2026-07-31
V-03879,SCOT.V,SCOT,Scottie Resources Corp.,scottie resources,TSXV,,,,,Gold,1,False,Operator,False,False,CANADA,BC,1,1,True,False,False,,,152351777.16,76945342,1.98,100-500M,31756257.0,14232047.0,17281.0,6.0,0.2084403450486143,61.85080264400378,47.540983606557376,0.5296799896098403,1837.6400092587237,False,BC,Canada,IPO,2011-10-07,5380.0,2011.0,15.0,TSXV,Mining,20111007.0,,,1149920.0,,OTCQB,,,,False,True,False,False,False,False,False,False,False,False,False,False,False,False,False,False,False,False,False,False,False,False,False,True,False,False,False,False,,2026-06-30,2026-07-31
V-02525,SMY.V,SMY,Search Minerals Inc.,search minerals,TSXV,,,,,Rare Earths,1,False,Operator,False,False,CANADA,NL,1,1,True,False,False,,,9895867.74,44981217,0.22,5-25M,561942.0,1670500.0,909.0,6.0,0.0567855204580573,18.980169971671387,20.469798657718123,0.1443010175366871,618.1980198019802,False,BC,Canada,QT,2008-10-27,6455.0,2008.0,18.0,TSXV,Mining,20081027.0,,,1112242.0,,,Y,,,False,False,False,False,False,False,False,False,False,False,False,True,False,False,False,False,False,False,False,False,False,False,False,True,False,False,False,False,,2026-06-30,2026-07-31
V-03813,SCLT.V,SCLT,Searchlight Resources Inc.,searchlight resources,TSXV,,,,,Gold | Copper | Nickel | Zinc | Rare Earths | Uranium,6,True,Operator,False,False,CANADA,SK,1,1,True,False,False,,,5173426.56,43111888,0.12,5-25M,908234.0,8071852.0,753.0,6.0,0.1755575322209657,52.97450424929179,60.738255033557046,0.44611954476012095,1206.1540504648074,False,BC,Canada,Other,2011-07-18,5461.0,2011.0,15.0,TSXV,Mining,20110718.0,,,1127341.0,,,,,,False,True,False,True,True,False,False,False,False,False,True,True,False,False,True,False,False,True,False,False,False,False,False,True,False,False,False,False,,2026-06-30,2026-07-31
V-02482,SGZ.V,SGZ,Sego Resources Inc.,sego resources,TSXV,,,,,Gold | Copper,2,True,Operator,False,False,CANADA,BC,1,1,True,False,False,,,9254984.22,205666316,0.045,5-25M,1417040.0,20694989.0,1105.0,6.0,0.1531110120034326,48.347497639282345,55.369127516778526,0.38907937533981496,1282.3891402714933,False,BC,Canada,Other,2007-03-27,7035.0,2007.0,19.0,TSXV,Mining,20070327.0,,,1111045.0,,,,,,False,True,False,True,False,False,False,False,False,False,False,False,False,False,False,False,False,False,False,False,False,False,False,True,False,False,False,False,,2026-06-30,2026-07-31
V-03648,SCMI.V,SCMI,Selkirk Copper Mines Inc.,selkirk copper mines,TSXV,,,,,,0,False,Operator,False,True,,,0,0,False,True,True,,,207167378.52,131118594,1.58,100-500M,88957979.0,73689190.0,42122.0,6.0,0.4294014802693078,84.79697828139756,78.68852459016394,1.0911772936973891,2111.91251602488,False,BC,Canada,QT,2011-05-25,5515.0,2011.0,15.0,TSXV,Mining,20110525.0,,,1132970.0,,,Y,,,False,False,False,False,False,False,False,False,False,False,False,False,False,False,False,False,False,False,False,False,False,False,False,False,False,False,False,False,,2026-06-30,2026-07-31
V-04987,SEND.V,SEND,Sendero Resources Corp.,sendero resources,TSXV,,,,,Copper,1,False,Operator,False,False,LATIN AMERICA,Argentina,1,1,False,False,False,,,27877104.15,26549623,1.05,25-100M,7399663.5,4905682.0,3690.0,6.0,0.2654387435719359,70.0661000944287,77.39130434782608,0.6745219640873298,2005.3288617886176,False,BC,Canada,Other,2023-10-04,1000.0,2023.0,3.0,TSXV,Mining,20231004.0,,,1187382.0,,,,,,False,False,False,True,False,False,False,False,False,False,False,False,False,False,False,False,False,False,False,False,False,False,False,False,True,False,False,False,,2026-06-30,2026-07-31
V-00786,SEVA.V,SEVA,Seva Mining Corp.,seva mining,TSXV,,,,,Gold,1,False,Operator,False,False,CANADA,ON,1,1,True,False,False,,,61108404.025,167420285,0.365,25-100M,4611405.5,10080108.0,1168.0,4.0,0.0754627055570528,26.534466477809254,26.956521739130434,0.1917627083474065,3948.121147260274,True,BC,Canada,RTO from NEX,2026-03-18,104.0,2026.0,0.0,TSXV,Mining,20260318.0,,,19921.0,,,,,,False,True,False,False,False,False,False,False,False,False,False,False,False,False,False,False,False,False,False,False,False,False,False,True,False,False,False,False,,2026-06-30,2026-07-31
V-04493,SHRP.V,SHRP,Sherpa II Holdings Corp.,sherpa ii,TSXV,,,,,Copper,1,False,Operator,False,False,CANADA,BC,1,1,True,False,False,,,1901100.95,27158585,0.0699999999999999,<5M,7252.0,42356.0,10.0,5.0,0.0038146317269474,0.9442870632672332,1.5,0.009693584478684599,725.2,True,BC,Canada,QT,2020-12-29,2009.0,2020.0,6.0,TSXV,Mining,20201229.0,,,1181065.0,,,Y,,,False,False,False,True,False,False,False,False,False,False,False,False,False,False,False,False,False,False,False,False,False,False,False,True,False,False,False,False,,2026-06-30,2026-07-31
V-00895,SIEN.V,SIEN,Sienna Resources Inc.,sienna resources,TSXV,,,,,Gold | Lithium | Uranium,3,True,Operator,False,False,CANADA | USA,ON | SK | NV,2,3,True,False,False,,,3901108.15,45895390,0.0849999999999999,<5M,1737492.0,15847579.0,1347.0,6.0,0.4453842173024606,86.21340887629839,91.5,1.1317919644497465,1289.897550111359,False,BC,Canada,,,,,,TSXV,Mining,,,,16392.0,,,,,,False,True,False,False,False,False,False,False,False,False,False,False,False,True,True,False,False,False,False,False,False,False,False,True,False,False,False,True,,2026-06-30,2026-07-31
V-04725,SM.V,SM,Sierra Madre Gold and Silver Ltd.,sierra madre gold and silver,TSXV,,,,,Gold | Silver,2,True,Operator,False,False,LATIN AMERICA,Mexico,1,1,False,False,False,,,281483382.18,196841526,1.43,100-500M,127725087.5,59470076.0,73560.0,6.0,0.4537571152897535,86.59112370160528,82.5136612021858,1.153068826747586,1736.33887302882,False,BC,Canada,Other,2021-04-19,1898.0,2021.0,5.0,TSXV,Mining,20210419.0,,,1184430.0,,OTCQX,,Y,Y,False,True,True,False,False,False,False,False,False,False,False,False,False,False,False,False,False,False,False,False,False,False,False,False,True,False,False,False,,2026-06-30,2026-07-31
V-03935,SGML.V,SGML,Sigma Lithium Corporation,sigma lithium,TSXV,,,,,Lithium,1,False,Operator,False,False,LATIN AMERICA,Brazil,1,1,True,False,False,,,2017120000.0,112000000,18.01,>2B,209340989.5,10292735.0,60405.0,6.0,0.1037821198044737,35.50519357884797,14.492753623188406,0.26372683333881414,3465.623532820131,False,Brazil,Latin America,QT from NEX,2018-05-09,2974.0,2018.0,8.0,TSXV,Mining,20180509.0,,,1152880.0,NasdaqCM,,Y,Y,,False,False,False,False,False,False,False,False,False,False,False,False,False,True,False,False,False,False,False,False,False,False,False,False,True,False,False,False,,2026-06-30,2026-07-31
V-03901,SGU.V,SGU,Signature Resources Ltd.,signature resources,TSXV,,,,,Gold,1,False,Operator,False,False,CANADA,ON,1,1,True,False,False,,,9849400.64,246235016,0.04,5-25M,472567.0,7256627.0,710.0,6.0,0.0479792646550318,15.108593012275731,16.10738255033557,0.12192292426899333,665.587323943662,False,BC,Canada,IPO,2011-11-18,5338.0,2011.0,15.0,TSXV,Mining,20111118.0,,,1143120.0,,OTCQB,,,,False,True,False,False,False,False,False,False,False,False,False,False,False,False,False,False,False,False,False,False,False,False,False,True,False,False,False,False,,2026-06-30,2026-07-31
V-04559,SBMI.V,SBMI,Silver Bullet Mines Corp.,silver bullet mines,TSXV,,,,,Gold | Silver | Copper,3,True,Operator,False,False,USA,AZ | ID | NV,1,3,False,False,False,,,14800000.0,148000000,0.1,5-25M,4779815.5,19990382.0,3023.0,6.0,0.3229605067567567,75.16525023607177,82.21476510067114,0.820693891210985,1581.1496857426398,False,ON,Canada,QT,2021-12-02,1671.0,2021.0,5.0,TSXV,Mining,20211202.0,,,1182395.0,,OTCQB,Y,,,False,True,True,True,False,False,False,False,False,False,False,False,False,False,False,False,False,False,False,False,False,False,False,False,False,False,False,True,,2026-06-30,2026-07-31
V-01292,SVG.V,SVG,Silver Grail Resources Ltd.,silver grail resources,TSXV,,,,,,0,False,Operator,False,True,,,0,0,False,True,True,,,4804428.42,43676622,0.11,<5M,1033298.0,5187567.0,1126.0,6.0,0.2150719939334635,63.172804532577906,77.0,0.5465320616576188,917.671403197158,False,BC,Canada,,,,,,TSXV,Mining,,,,32638.0,,,,,,False,False,False,False,False,False,False,False,False,False,False,False,False,False,False,False,False,False,False,False,False,False,False,False,False,False,False,False,,2026-06-30,2026-07-31
V-02278,SNAG.V,SNAG,Silver North Resources Ltd.,silver north resources,TSXV,,,,,Gold | Silver | Copper,3,True,Operator,False,False,CANADA,YT,1,1,True,False,False,,,24265321.425,107845873,0.225,5-25M,12219947.0,38463024.0,7488.0,6.0,0.5035971618084594,89.14069877242682,92.61744966442953,1.2797202929789673,1631.9373664529917,False,BC,Canada,QT,2007-07-31,6909.0,2007.0,19.0,TSXV,Mining,20070731.0,,,1105053.0,,OTCQB,Y,,,False,True,True,True,False,False,False,False,False,False,False,False,False,False,False,False,False,True,False,False,False,False,False,True,False,False,False,False,,2026-06-30,2026-07-31
V-02753,SVE.V,SVE,Silver One Resources Inc.,silver one resources,TSXV,,,,,Silver,1,False,Operator,False,False,USA,NV,1,1,False,False,False,,,132242752.5,352647340,0.375,100-500M,41233730.5,65190712.0,24152.0,6.0,0.3118033292599532,74.40982058545798,62.295081967213115,0.792341732903035,1707.25946091421,False,BC,Canada,QT from NEX,2016-08-05,3616.0,2016.0,10.0,TSXV,Mining,20160805.0,,,1117441.0,,OTCQX,Y,Y,,False,False,True,False,False,False,False,False,False,False,False,False,False,False,False,False,False,False,False,False,False,False,False,False,False,False,False,True,,2026-06-30,2026-07-31
V-04191,SPD.V,SPD,Silver Predator Corp.,silver predator,TSXV,,,,,Silver | Copper,2,True,Operator,False,False,USA,ID | NV,1,2,True,False,False,,,3362120.775,35390745,0.095,<5M,145621.0,1125640.0,511.0,6.0,0.0433122453788115,13.220018885741267,24.5,0.11006328778086168,284.972602739726,False,ID,USA,TSX Comedown,2014-03-13,4492.0,2014.0,12.0,TSXV,Mining,20140313.0,,,1168740.0,,,,,,False,False,True,True,False,False,False,False,False,False,False,False,False,False,False,False,False,False,False,False,False,False,False,False,False,False,False,True,,2026-06-30,2026-07-31
V-03847,SNG.V,SNG,Silver Range Resources Ltd.,silver range resources,TSXV,,,,,Gold | Silver,2,True,Operator,False,False,CANADA | USA,NT | NU | YT | NV,2,4,True,False,False,,,10896064.19,99055129,0.11,5-25M,1341617.5,8531513.0,934.0,6.0,0.1231286340283573,42.1152030217186,47.31543624161073,0.31288939565707996,1436.4213062098502,False,BC,Canada,Other,2011-08-10,5438.0,2011.0,15.0,TSXV,Mining,20110810.0,,,1150286.0,,,,,,False,True,True,False,False,False,False,False,False,False,False,False,False,False,False,False,False,False,False,False,False,False,False,True,False,False,False,True,,2026-06-30,2026-07-31
V-01791,SSE.V,SSE,Silver Spruce Resources Inc.,silver spruce resources,TSXV,,,,,Silver,1,False,Operator,False,False,CANADA | LATIN AMERICA,NL | ON | Mexico,2,3,True,False,False,,,3389752.665,35681607,0.095,<5M,1475298.5,7034936.0,1825.0,6.0,0.4352230518859994,85.36355051935789,91.0,1.105970830873328,808.3827397260274,False,NS,Canada,,,,,,TSXV,Mining,,,,1023409.0,,,,,,False,False,True,False,False,False,False,False,False,False,False,False,False,False,False,False,False,False,False,False,False,False,False,True,True,False,False,False,,2026-06-30,2026-07-31
V-00834,SVRS.V,SVRS,Silver Storm Mining Ltd.,silver storm mining,TSXV,,,,,Silver,1,False,Operator,False,False,LATIN AMERICA,Mexico,1,1,False,False,False,,,364198833.0,809330740,0.45,100-500M,157544434.5,281693049.0,75980.0,6.0,0.4325780870912346,85.17469310670444,79.78142076502732,1.099249555658193,2073.498743090287,False,QC,Canada,,,,,,TSXV,Mining,,,,21540.0,,,,Y,,False,False,True,False,False,False,False,False,False,False,False,False,False,False,False,False,False,False,False,False,False,False,False,False,True,False,False,False,,2026-06-30,2026-07-31
V-00226,SILV.V,SILV,Silver Valley Metals Corp.,silver valley metals,TSXV,,,,,Silver | Lead | Zinc | Potash | Lithium,5,True,Operator,False,False,LATIN AMERICA | USA,Mexico | ID,2,2,False,False,False,,,6112764.46,35957438,0.17,5-25M,2066113.5,7434503.0,2856.0,6.0,0.3379998548152794,76.39282341831917,83.89261744966443,0.8589112608930355,723.4290966386554,False,BC,Canada,Other,2005-04-13,7748.0,2005.0,21.0,TSXV,Mining,20050413.0,,,1099483.0,,,,,,False,False,True,False,False,False,False,False,False,True,True,False,True,True,False,False,False,False,False,False,False,False,False,False,True,False,False,True,,2026-06-30,2026-07-31
V-04371,VIPR.V,VIPR,Silver Viper Minerals Corp.,silver viper minerals,TSXV,,,,,Gold | Silver,2,True,Operator,False,False,LATIN AMERICA,Mexico,1,1,False,False,False,,,49200000.0,120000000,0.41,25-100M,35939071.0,24566650.0,24646.0,6.0,0.7304689227642276,95.9395656279509,98.26086956521739,1.856237434887318,1458.2111093077983,False,BC,Canada,IPO,2017-09-27,3198.0,2017.0,9.0,TSXV,Mining,20170927.0,,,1179295.0,,OTCQB,,,Y,False,True,True,False,False,False,False,False,False,False,False,False,False,False,False,False,False,False,False,False,False,False,False,False,True,False,False,False,,2026-06-30,2026-07-31
V-02396,SWLF.V,SWLF,Silver Wolf Exploration Ltd.,silver wolf exploration,TSXV,,,,,Gold | Silver,2,True,Operator,False,False,LATIN AMERICA,Mexico,1,1,False,False,False,,,6839501.46,62177286,0.11,5-25M,1379287.0,8519017.0,1220.0,6.0,0.2016648447356278,60.05665722379604,69.12751677852349,0.512462368258527,1130.5631147540985,False,BC,Canada,Other,2006-11-29,7153.0,2006.0,20.0,TSXV,Mining,20061129.0,,,822281.0,,OTCQB,,,,False,True,True,False,False,False,False,False,False,False,False,False,False,False,False,False,False,False,False,False,False,False,False,False,True,False,False,False,,2026-06-30,2026-07-31
V-03091,AGX.V,AGX,Silver X Mining Corp.,silver x mining,TSXV,,,,,Silver,1,False,Operator,False,False,LATIN AMERICA,Peru,1,1,False,False,False,,,183511516.8,286736745,0.64,100-500M,174544863.5,178867889.0,83492.0,6.0,0.9511384709997668,98.58356940509914,99.4535519125683,2.4169937701800257,2090.557939682844,False,BC,Canada,IPO,2010-02-01,5993.0,2010.0,16.0,TSXV,Mining,20100201.0,,,1127925.0,,OTCQB,,Y,Y,False,False,True,False,False,False,False,False,False,False,False,False,False,False,False,False,False,False,False,False,False,False,False,False,True,False,False,False,,2026-06-30,2026-07-31
V-5034,AGA.V,AGA,Silver47 Exploration Corp.,silver47 exploration,TSXV,,,,,Gold | Silver | Copper | Lead | Zinc,5,True,Operator,False,False,CANADA | USA,BC | YT | AK,2,3,True,False,False,,,121021845.9,208658355,0.5800000000000001,100-500M,98005155.5,114369913.0,39715.0,6.0,0.8098137552866395,97.73371104815864,98.36065573770492,2.0578652438235565,2467.7113307314617,False,BC,Canada,Other,2024-11-14,593.0,2024.0,2.0,TSXV,Mining,20241114.0,,,1186960.0,,,,,Y,False,True,True,True,False,False,False,False,False,True,True,False,False,False,False,False,False,False,False,True,False,False,False,True,False,False,False,True,,2026-06-30,2026-07-31
V-04790,SICO.V,SICO,Silverco Mining Ltd.,silverco mining,TSXV,,,,,Gold | Silver,2,True,Operator,False,False,LATIN AMERICA,Mexico,1,1,False,False,False,,,406063598.46,54799406,7.409999999999999,100-500M,149469694.0,13978205.0,41776.0,6.0,0.3680942949992691,79.22568460812087,68.85245901639344,0.9353860084293241,3577.8842876292606,False,BC,Canada,RTO,2025-10-23,250.0,2025.0,1.0,TSXV,Mining,20251023.0,,,1185300.0,,,Y,,,False,True,True,False,False,False,False,False,False,False,False,False,False,False,False,False,False,False,False,False,False,False,False,False,True,False,False,False,,2026-06-30,2026-07-31
V-01796,SOI.V,SOI,Sirios Resources Inc.,sirios resources,TSXV,,,,,Gold | Lithium,2,True,Operator,False,False,CANADA,QC,1,1,True,False,False,,,110850120.15,671818910,0.165,100-500M,18274091.5,90583560.0,10385.0,6.0,0.1648540522578765,50.6137865911237,36.6120218579235,0.4189203038726817,1759.6621569571498,False,QC,Canada,,,,,,TSXV,Mining,,,,1074432.0,,OTCQB,,,,False,True,False,False,False,False,False,False,False,False,False,False,False,True,False,False,False,False,False,False,False,False,False,True,False,False,False,False,,2026-06-30,2026-07-31
V-05006,SIG.V,SIG,Sitka Gold Corp.,sitka gold,TSXV,,,,,Gold | Copper,2,True,Operator,False,False,CANADA | USA,NU | YT | AZ | NV,2,4,True,False,False,,,423329680.0,423329680,1.0,100-500M,105240114.5,109606003.0,31746.0,6.0,0.2486008410749749,67.6109537299339,54.09836065573771,0.6317341822039249,3315.066921816922,False,BC,Canada,Other,2024-03-05,847.0,2024.0,2.0,TSXV,Mining,20240305.0,,,1187895.0,,OTCQB,,Y,,False,True,False,True,False,False,False,False,False,False,False,False,False,False,False,False,False,False,False,False,False,False,False,True,False,False,False,True,,2026-06-30,2026-07-31
V-03028,SKEL.V,SKEL,Skeleton Coast Uranium Corp.,skeleton coast uranium,TSXV,,,,,Copper,1,False,Operator,False,False,CANADA | USA,BC | UT,2,2,True,False,False,,,12386447.84,47640184,0.26,5-25M,180405.5,1696489.0,146.0,6.0,0.0145647486939241,3.6827195467422094,3.0201342281879198,0.03701133739280855,1235.6541095890411,False,BC,Canada,IPO,2009-10-07,6110.0,2009.0,17.0,TSXV,Mining,20091007.0,,,1123950.0,,,,,,False,False,False,True,False,False,False,False,False,False,False,False,False,False,False,False,False,False,False,False,False,False,False,True,False,False,False,True,,2026-06-30,2026-07-31
V-04058,SKRR.V,SKRR,SKRR Exploration Inc.,skrr exploration,TSXV,,,,,Uranium,1,False,Operator,False,False,CANADA,SK,1,1,True,False,False,,,2760033.12,17250207,0.16,<5M,,,,,,,,,,True,BC,Canada,IPO,2012-10-31,4990.0,2012.0,14.0,TSXV,Mining,20121031.0,,,1118651.0,,,,,,False,False,False,False,False,False,False,False,False,False,False,False,False,False,True,False,False,False,False,False,False,False,False,True,False,False,False,False,,2026-06-30,2026-07-31
V-02933,SKYG.V,SKYG,Sky Gold Corp.,sky gold,TSXV,,,,,Nickel | Platinum/PGM,2,True,Operator,False,False,CANADA,ON,1,1,True,False,False,,,4372748.595,97172191,0.045,<5M,1128607.0,20856134.0,995.0,6.0,0.2581001343846981,69.49952785646836,82.0,0.6558733937391078,1134.278391959799,False,BC,Canada,QT,2011-03-22,5579.0,2011.0,15.0,TSXV,Mining,20110322.0,,,1118673.0,,,Y,,,False,False,False,False,True,False,False,True,False,False,False,False,False,False,False,False,False,False,False,True,False,False,False,True,False,False,False,False,,2026-06-30,2026-07-31
V-01801,SYH.V,SYH,Skyharbour Resources Ltd.,skyharbour resources,TSXV,,,,,Gold | Uranium,2,True,Operator,False,False,CANADA,ON | SK,1,2,True,False,False,,,85142060.85,221148210,0.3849999999999999,25-100M,41823985.0,86344940.0,31144.0,6.0,0.4912258944927806,88.47969782813976,93.04347826086956,1.2482829398038855,1342.9227138453634,False,BC,Canada,,,,,,TSXV,Mining,,,,16380.0,,OTCQX,,,,False,True,False,False,False,False,False,False,False,False,False,False,False,False,True,False,False,True,False,False,False,False,False,True,False,False,False,False,,2026-06-30,2026-07-31
V-01803,SXL.V,SXL,SLAM Exploration Ltd.,slam exploration,TSXV,,,,,Gold | Copper | Nickel,3,True,Operator,False,False,CANADA,NB | ON,1,2,True,False,False,,,14319340.2,159103780,0.09,5-25M,669198.5,8314599.0,737.0,6.0,0.0467338921104758,14.542020774315393,15.100671140939598,0.11875823503233458,908.0033921302578,False,NB,Canada,,,,,,TSXV,Mining,,,,1044236.0,,,,,,False,True,False,True,True,False,False,False,False,False,False,False,False,False,False,False,False,False,False,False,False,False,False,True,False,False,False,False,,2026-06-30,2026-07-31
V-00281,SMRV.V,SMRV,Smooth Rock Ventures Corp.,smooth rock ventures,TSXV,,,,,Gold | Nickel,2,True,Operator,False,False,USA,NV,1,1,False,False,False,,,5000317.185,19609087,0.255,5-25M,275402.5,849248.0,325.0,6.0,0.0550770060799653,18.413597733711047,20.13422818791946,0.13995941141516102,847.3923076923077,False,BC,Canada,,,,,,TSXV,Mining,,,,12154.0,,,,,,False,True,False,False,True,False,False,False,False,False,False,False,False,False,False,False,False,False,False,False,False,False,False,False,False,False,False,True,,2026-06-30,2026-07-31
V-04447,SGC.V,SGC,Solstice Gold Corp.,solstice gold,TSXV,,,,,Gold | Lithium,2,True,Royalty/Streamer,True,False,CANADA,NU | ON,1,2,True,False,False,,,15748928.58,262482143,0.06,5-25M,2013311.0,22423870.0,2773.0,6.0,0.127837966231986,43.53163361661945,48.65771812080537,0.32485655600746965,726.040750090155,False,BC,Canada,Other,2018-05-14,2969.0,2018.0,8.0,TSXV,Mining,20180514.0,,,1181110.0,,,,,,False,True,False,False,False,False,False,False,False,False,False,False,False,True,False,False,False,False,True,False,False,False,False,True,False,False,False,False,,2026-06-30,2026-07-31
V-03692,SOMA.V,SOMA,Soma Gold Corp.,soma gold,TSXV,,,,,Gold,1,False,Operator,False,False,LATIN AMERICA,Colombia,1,1,False,False,False,,,97903881.27,141889683,0.69,25-100M,45254668.0,28313486.0,33011.0,6.0,0.462235688850745,86.96883852691218,91.73913043478261,1.1746142274455404,1370.8966102208356,False,BC,Canada,QT,2012-05-02,5172.0,2012.0,14.0,TSXV,Mining,20120502.0,,,1136330.0,,OTCQX,Y,,,False,True,False,False,False,False,False,False,False,False,False,False,False,False,False,False,False,False,False,False,False,False,False,False,True,False,False,False,,2026-06-30,2026-07-31
V-00218,SGO.V,SGO,Sonoro Gold Corp.,sonoro gold,TSXV,,,,,Gold | Silver,2,True,Operator,False,False,LATIN AMERICA,Mexico,1,1,False,False,False,,,92210286.825,428885055,0.215,25-100M,7889221.5,30049461.0,5114.0,6.0,0.0855568480659045,30.40604343720491,31.73913043478261,0.21741352608118913,1542.6713922565507,False,AB,Canada,Other,2000-09-29,9405.0,2000.0,26.0,TSXV,Mining,20000929.0,,,1062160.0,,OTCQB,,,,False,True,True,False,False,False,False,False,False,False,False,False,False,False,False,False,False,False,False,False,False,False,False,False,True,False,False,False,,2026-06-30,2026-07-31
V-02536,SAO.V,SAO,South Atlantic Gold Inc.,south atlantic gold,TSXV,,,,,Gold | Copper,2,True,Operator,False,False,LATIN AMERICA,Brazil,1,1,False,False,False,,,17771219.11,209073166,0.0849999999999999,5-25M,2114708.5,25540014.0,912.0,6.0,0.1189962538253798,40.98205854579792,44.966442953020135,0.30238836188424406,2318.7593201754385,False,BC,Canada,QT,2009-08-26,6152.0,2009.0,17.0,TSXV,Mining,20090826.0,,,1112583.0,,,Y,,,False,True,False,True,False,False,False,False,False,False,False,False,False,False,False,False,False,False,False,False,False,False,False,False,True,False,False,False,,2026-06-30,2026-07-31
V-04551,SPMC.V,SPMC,South Pacific Metals Corp.,south pacific metals,TSXV,,,,,Gold | Copper,2,True,Operator,False,False,AUS/NZ/PNG,PNG,1,1,False,False,False,,,29038808.4,69140020,0.42,25-100M,4986579.0,10305229.0,3057.0,6.0,0.1717211991384605,52.313503305004716,55.21739130434783,0.43637081369365044,1631.2001962708537,False,Singapore,Asia,QT,2020-12-08,2030.0,2020.0,6.0,TSXV,Mining,20201208.0,,,1182440.0,,OTCQB,Y,,,False,True,False,True,False,False,False,False,False,False,False,False,False,False,False,False,False,False,False,False,False,False,True,False,False,False,False,False,,2026-06-30,2026-07-31
V-01821,STS.V,STS,South Star Battery Metals Corp.,south star battery metals,TSXV,,,,,,0,False,Operator,False,True,LATIN AMERICA | USA,Brazil | AL,2,2,False,False,False,,,23413584.315,141900511,0.165,5-25M,1250878.5,8558068.0,972.0,6.0,0.0534253313448731,17.469310670443818,18.456375838926174,0.13576224384513802,1286.912037037037,False,BC,Canada,,,,,,TSXV,Mining,,,,13542.0,,OTCQB,,,,False,False,False,False,False,False,False,False,False,False,False,False,False,False,False,False,False,False,False,True,False,False,False,False,True,False,False,True,,2026-06-30,2026-07-31
V-04444,SMP.V,SMP,Southern Empire Resources Corp.,southern empire resources,TSXV,,,,,Gold | Copper,2,True,Operator,False,False,LATIN AMERICA | USA,Mexico | CA,2,2,False,False,False,,,6060000.0,101000000,0.06,5-25M,316797.5,4417459.0,306.0,6.0,0.0522768151815181,16.902738432483474,18.120805369127517,0.13284368204113253,1035.2859477124182,False,BC,Canada,QT,2020-03-24,2289.0,2020.0,6.0,TSXV,Mining,20200324.0,,,1180975.0,,,Y,,,False,True,False,True,False,False,False,False,False,False,False,False,False,False,False,False,False,False,False,False,False,False,False,False,True,False,False,True,,2026-06-30,2026-07-31
V-01830,SSV.V,SSV,Southern Silver Exploration Corp.,southern silver exploration,TSXV,,,,,Silver,1,False,Operator,False,False,LATIN AMERICA | USA,Mexico | NM,2,2,False,False,False,,,186299216.1,413998258,0.45,100-500M,109256480.0,161081354.0,48963.0,6.0,0.5864570033475305,91.9735599622285,89.07103825136612,1.4902802975464708,2231.409023139922,False,BC,Canada,,,,,,TSXV,Mining,,,,28662.0,SSEV,,,Y,Y,False,False,True,False,False,False,False,False,False,False,False,False,False,False,False,False,False,False,False,False,False,False,False,False,True,False,False,True,,2026-06-30,2026-07-31
SOU0021,SGQ.V,SGQ,SouthGobi Resources Ltd.,southgobi resources,TSXV,,,,,Coal,1,False,Operator,False,False,ASIA,Mongolia,1,1,False,False,False,,,89095399.8,296984666,0.3,25-100M,232311.0,650650.0,548.0,6.0,0.0026074410185204,0.84985835694051,1.7391304347826086,0.006625921345870333,423.9251824817519,True,BC,Canada,TSX Comedown,2023-04-17,1170.0,2023.0,3.0,TSXV,Mining,20230417.0,,,1186815.0,HKEx,,,,,False,False,False,False,False,False,False,False,False,False,False,False,False,False,False,True,False,False,False,False,False,True,False,False,False,False,False,False,,2026-06-30,2026-07-31
V-03770,SML.V,SML,Southstone Minerals Limited,southstone minerals,TSXV,,,,,Diamond,1,False,Operator,False,False,AFRICA,South Africa,1,1,False,False,False,,,160209.44,32041888,0.005,<5M,,,,,,,,,,True,BC,Canada,IPO,2011-05-12,5528.0,2011.0,15.0,TSXV,Mining,20110512.0,,,1142855.0,,,,,,False,False,False,False,False,True,False,False,False,False,False,False,False,False,False,False,False,False,False,False,True,False,False,False,False,False,False,False,,2026-06-30,2026-07-31
V-01800,SPA.V,SPA,Spanish Mountain Gold Ltd.,spanish mountain gold,TSXV,,,,,Gold,1,False,Operator,False,False,CANADA,BC,1,1,True,False,False,,,165464924.625,525285475,0.315,100-500M,27018752.0,99685868.0,17464.0,6.0,0.1632899060706292,50.14164305949008,36.0655737704918,0.41494556023072404,1547.111314704535,False,BC,Canada,,,,,,TSXV,Mining,,,,1023428.0,,OTCQB,,,,False,True,False,False,False,False,False,False,False,False,False,False,False,False,False,False,False,False,False,False,False,False,False,True,False,False,False,False,,2026-06-30,2026-07-31
V-01277,W.V,W,Spartan Metals Corp.,spartan metals,TSXV,,,,,,0,False,Operator,False,True,,,0,0,False,True,True,,,29779938.65,54145343,0.5499999999999999,25-100M,7192163.0,11604863.0,4429.0,6.0,0.2415103363552429,66.47780925401322,73.47826086956522,0.6137160846739087,1623.8796568074058,False,BC,Canada,,,,,,TSXV,Mining,,,,806707.0,,,,,,False,False,False,False,False,False,False,False,False,False,False,False,False,False,False,False,False,False,False,False,False,False,False,False,False,False,False,False,,2026-06-30,2026-07-31
V-01835,SRI.V,SRI,Sparton Resources Inc.,sparton resources,TSXV,,,,,Gold,1,False,Operator,False,False,CANADA,ON | QC,1,2,True,False,False,,,3634545.04,181727252,0.02,<5M,194779.0,7527501.0,274.0,6.0,0.0535910266226883,17.56373937677054,30.5,0.1361833018366276,710.8722627737226,False,ON,Canada,,,,,,TSXV,Mining,,,,1062243.0,,,,,,False,True,False,False,False,False,False,False,False,False,False,False,False,False,False,False,False,False,False,False,False,False,False,True,False,False,False,False,,2026-06-30,2026-07-31
V-04703,SPC.V,SPC,SPC Nickel Corp.,spc nickel,TSXV,,,,,Nickel,1,False,Operator,False,False,CANADA,NU | ON,1,2,True,False,False,,,33514036.875,446853825,0.075,25-100M,2686515.5,36843738.0,2322.0,6.0,0.0801609042211212,27.762039660056658,27.82608695652174,0.2037015766072354,1156.9834194659777,False,ON,Canada,Other,2021-03-08,1940.0,2021.0,5.0,TSXV,Mining,20210308.0,,,1184555.0,,,,,,False,False,False,False,True,False,False,False,False,False,False,False,False,False,False,False,False,False,False,False,False,False,False,True,False,False,False,False,,2026-06-30,2026-07-31
V-04980,SRQ.V,SRQ,SRQ Resources Inc.,srq resources,TSXV,,,,,Copper | Nickel,2,True,Operator,False,False,CANADA,QC,1,1,True,False,False,,,2304782.5,46095650,0.05,<5M,362707.5,5592853.0,602.0,6.0,0.1573716825774232,49.29178470254957,69.5,0.3999064153009891,602.5041528239203,False,QC,Canada,Other,2023-08-16,1049.0,2023.0,3.0,TSXV,Mining,20230816.0,,,1187555.0,,,,,,False,False,False,True,True,False,False,False,False,False,False,False,False,False,False,False,False,False,False,False,False,False,False,True,False,False,False,False,,2026-06-30,2026-07-31
V-00203,LORD.V,LORD,St. James Gold Corp.,st james gold,TSXV,,,,,Gold,1,False,Operator,False,False,CANADA,NL,1,1,True,False,False,,,5139631.64,39535628,0.13,5-25M,61336.5,545951.0,154.0,6.0,0.0119340264626435,2.8328611898017,2.013422818791946,0.03032625479132793,398.288961038961,False,BC,Canada,,,,,,TSXV,Mining,,,,14398.0,,,,,,False,True,False,False,False,False,False,False,False,False,False,False,False,False,False,False,False,False,False,False,False,False,False,True,False,False,False,False,,2026-06-30,2026-07-31
V-03801,SRC.V,SRC,Stakeholder Gold Corp.,stakeholder gold,TSXV,,,,,Gold,1,False,Operator,False,False,CANADA,YT,1,1,True,False,False,,,45325119.84,24903912,1.82,25-100M,2447335.0,1843144.0,1303.0,6.0,0.0539951137170561,17.847025495750707,15.65217391304348,0.13721015125916286,1878.2310053722176,False,ON,Canada,Other,2011-06-21,5488.0,2011.0,15.0,TSXV,Mining,20110621.0,,,1146725.0,,,,,,False,True,False,False,False,False,False,False,False,False,False,False,False,False,False,False,False,False,False,False,False,False,False,True,False,False,False,False,,2026-06-30,2026-07-31
V-04159,STUD.V,STUD,Stallion Uranium Corp.,stallion uranium,TSXV,,,,,Gold,1,False,Operator,False,False,CANADA | USA,BC | ON | NV,2,3,True,False,False,,,30026506.0,150132530,0.2,25-100M,10666141.0,29962443.0,9004.0,6.0,0.3552241809286768,77.62039660056658,85.65217391304348,0.9026810064989209,1184.600288760551,False,BC,Canada,IPO,2013-10-22,4634.0,2013.0,13.0,TSXV,Mining,20131022.0,,,1164150.0,,OTCQB,,,,False,True,False,False,False,False,False,False,False,False,False,False,False,False,False,False,False,False,False,False,False,False,False,True,False,False,False,True,,2026-06-30,2026-07-31
V-01512,SLI.V,SLI,Standard Lithium Ltd.,standard lithium,TSXV,,,,,Lithium,1,False,Operator,False,False,USA,AR | CA,1,2,False,False,False,,,952311941.36,245441222,3.88,500M-2B,171368822.0,29214564.0,90665.0,6.0,0.1799503025818069,54.768649669499524,35.44303797468354,0.45728227123970966,1890.1320465449733,False,BC,Canada,,,,,,TSXV,Mining,,,,1018160.0,NYSE Mkt,,,Y,Y,False,False,False,False,False,False,False,False,False,False,False,False,False,True,False,False,False,False,False,False,False,False,False,False,False,False,False,True,,2026-06-30,2026-07-31
V-04642,STND.V,STND,Standard Uranium Ltd.,standard uranium,TSXV,,,,,Uranium,1,False,Operator,False,False,CANADA,SK,1,1,True,False,False,,,14304967.665,150578607,0.0949999999999999,5-25M,5662364.5,50342898.0,4853.0,6.0,0.3958320376951373,81.39754485363551,87.24832214765101,1.0058720137154946,1166.776117865238,False,BC,Canada,Other,2020-05-04,2248.0,2020.0,6.0,TSXV,Mining,20200504.0,,,1182925.0,,OTCQB,,,,False,False,False,False,False,False,False,False,False,False,False,False,False,False,True,False,False,False,False,False,False,False,False,True,False,False,False,False,,2026-06-30,2026-07-31
V-04698,STRR.V,STRR,Star Royalties Ltd.,star royalties,TSXV,,,,,,0,False,Operator,False,True,,,0,0,False,True,True,,,37386209.715,80400451,0.465,25-100M,7084143.0,15215374.0,3793.0,6.0,0.1894854561081038,57.31822474032106,63.47826086956522,0.48151260927508005,1867.6886369628264,False,ON,Canada,IPO,2021-02-19,1957.0,2021.0,5.0,TSXV,Mining,20210219.0,,,1184385.0,,OTCQX,,,,False,False,False,False,False,False,False,False,False,False,False,False,False,False,False,False,False,False,False,False,False,False,False,False,False,False,False,False,,2026-06-30,2026-07-31
V-01029,STE.V,STE,Starr Peak Mining Ltd.,starr peak mining,TSXV,,,,,Gold,1,False,Operator,False,False,CANADA,QC,1,1,True,False,False,,,24651558.32,60125752,0.41,5-25M,5481934.0,12213528.0,2176.0,6.0,0.2223767734615164,64.68366383380547,74.83221476510067,0.5650946654741629,2519.2711397058824,False,BC,Canada,,,,,,TSXV,Mining,,,,33712.0,,OTCQX,,,,False,True,False,False,False,False,False,False,False,False,False,False,False,False,False,False,False,True,False,False,False,False,False,True,False,False,False,False,,2026-06-30,2026-07-31
V-01857,SPX.V,SPX,Stellar AfricaGold Inc.,stellar africagold,TSXV,,,,,Gold,1,False,Operator,False,False,AFRICA,Cote D'Ivoire | Morocco,1,2,False,False,False,,,4547954.88,64970784,0.0699999999999999,<5M,754524.0,7945641.0,1094.0,6.0,0.1659040205781461,50.991501416430594,71.5,0.42158843997100426,689.6928702010969,False,QC,Canada,,,,,,TSXV,Mining,,,,21346.0,,,,,,False,True,False,False,False,False,False,False,False,False,False,False,False,False,False,False,False,False,False,False,True,False,False,False,False,False,False,False,,2026-06-30,2026-07-31
V-01126,SAG.V,SAG,Sterling Metals Corp.,sterling metals,TSXV,,,,,Silver | Copper | Lead | Zinc,4,True,Operator,False,False,CANADA,NL,1,1,True,False,False,,,50864453.2,46240412,1.1,25-100M,16299125.0,10416954.0,7962.0,6.0,0.3204423516736045,74.78753541076487,83.47826086956522,0.8142948595937185,2047.1144184878167,False,ON,Canada,QT,2006-04-11,7385.0,2006.0,20.0,TSXV,Mining,20060411.0,,,1095689.0,,OTCQB,Y,,Y,False,False,True,True,False,False,False,False,False,True,True,False,False,False,False,False,False,False,False,False,False,False,False,True,False,False,False,False,,2026-06-30,2026-07-31
V-02358,PGE.V,PGE,Stillwater Critical Minerals Corp.,stillwater critical minerals,TSXV,,,,,Gold | Copper | Nickel | Platinum/PGM,4,True,Operator,False,False,CANADA | USA,BC | ON | YT | AK | MT,2,5,True,False,False,,,79315551.645,311041379,0.255,25-100M,41682393.5,101382056.0,26497.0,6.0,0.525526112288316,90.27384324834749,94.78260869565217,1.3354452355740116,1573.098596067479,False,BC,Canada,QT,2007-10-01,6847.0,2007.0,19.0,TSXV,Mining,20071001.0,,,1108531.0,,OTCQB,Y,,,False,True,False,True,True,False,False,True,False,False,False,False,False,False,False,False,False,False,False,False,False,False,False,True,False,False,False,True,,2026-06-30,2026-07-31
V-03991,STW.V,STW,Stockworks Gold Inc.,stockworks gold,TSXV,,,,,Lithium,1,False,Operator,False,False,USA,NV,1,1,False,False,False,,,1707176.495,14845013,0.115,<5M,153381.5,1403802.0,249.0,6.0,0.0898451334406405,31.822474032105756,50.0,0.22831073963264653,615.9899598393574,False,BC,Canada,QT from NEX,2018-06-29,2923.0,2018.0,8.0,TSXV,Mining,20180629.0,,,1152135.0,,,Y,,,False,False,False,False,False,False,False,False,False,False,False,False,False,True,False,False,False,False,False,False,False,False,False,False,False,False,False,True,,2026-06-30,2026-07-31
V-00469,STRM.V,STRM,Storm Exploration Inc.,storm exploration,TSXV,,,,,Gold,1,False,Operator,False,False,CANADA,ON,1,1,True,False,False,,,8603800.39,20984879,0.41,5-25M,1528036.0,5612061.0,655.0,6.0,0.177600122124637,53.91879131255902,61.40939597315436,0.45131008979928516,2332.8793893129773,False,BC,Canada,RTO from NEX,2017-11-29,3135.0,2017.0,9.0,TSXV,Mining,20171129.0,,,42092.0,,,,,,False,True,False,False,False,False,False,False,False,False,False,False,False,False,False,False,False,False,False,False,False,False,False,True,False,False,False,False,,2026-06-30,2026-07-31
V-01876,SMD.V,SMD,Strategic Metals Ltd.,strategic metals,TSXV,,,,,Gold | Silver | Lead | Zinc | Lithium | Tungsten,6,True,Operator,False,False,CANADA,YT,1,1,True,False,False,,,34982629.605,111055967,0.3149999999999999,25-100M,2944690.0,8289723.0,1785.0,6.0,0.0841757761851934,29.745042492917843,30.434782608695656,0.21390400330019926,1649.686274509804,False,BC,Canada,,,,,,TSXV,Mining,,,,818115.0,,,,,,False,True,True,False,False,False,False,False,False,True,True,False,False,True,False,False,True,False,False,True,False,False,False,True,False,False,False,False,,2026-06-30,2026-07-31
V-02057,SR.V,SR,Strategic Resources Inc.,strategic resources,TSXV,,,,,Iron,1,False,Operator,False,False,CANADA | UK/EUROPE,QC | Finland,2,2,True,False,False,,,16527838.6,59027995,0.2799999999999999,5-25M,660436.0,2224836.0,812.0,6.0,0.0399590058920347,11.709159584513692,12.416107382550337,0.10154217419269829,813.3448275862069,False,BC,Canada,Other,2005-09-23,7585.0,2005.0,21.0,TSXV,Mining,20050923.0,,,1101789.0,,,,,,False,False,False,False,False,False,False,False,True,False,False,False,False,False,False,False,False,False,False,True,False,False,False,True,False,False,True,False,,2026-06-30,2026-07-31
V-03956,SRA.V,SRA,Stria Lithium Inc.,stria lithium,TSXV,,,,,Lithium,1,False,Operator,False,False,CANADA,QC,1,1,True,False,False,,,27031351.75,41586695,0.65,25-100M,1752182.0,2588330.0,1227.0,4.0,0.0648203617860139,22.096317280453256,21.304347826086957,0.16471882422433257,1428.0211898940506,True,ON,Canada,QT,2013-12-18,4577.0,2013.0,13.0,TSXV,Mining,20131218.0,,,1151956.0,,OTCQB,Y,,,False,False,False,False,False,False,False,False,False,False,False,False,False,True,False,False,False,False,False,False,False,False,False,True,False,False,False,False,,2026-06-30,2026-07-31
V-01228,SKP.V,SKP,Strikepoint Gold Inc.,strikepoint gold,TSXV,,,,,Gold | Silver,2,True,Operator,False,False,CANADA | USA,BC | NV,2,2,True,False,False,,,7799047.75,62392382,0.125,5-25M,4064126.5,20743512.0,3573.0,6.0,0.5211054772680421,89.99055712936733,93.6241610738255,1.3242117005735705,1137.4549398264764,False,BC,Canada,,,,,,TSXV,Mining,,,,1014103.0,,OTCQB,,,,False,True,True,False,False,False,False,False,False,False,False,False,False,False,False,False,False,False,False,False,False,False,False,True,False,False,False,True,,2026-06-30,2026-07-31
V-01887,SDR.V,SDR,Stroud Resources Ltd.,stroud resources,TSXV,,,,,Gold | Silver,2,True,Operator,False,False,CANADA | LATIN AMERICA,ON | Mexico,2,2,True,False,False,,,6044203.905,63623199,0.095,5-25M,701526.0,4605876.0,836.0,6.0,0.116065905622355,40.13220018885741,43.288590604026844,0.2949418821474669,839.1459330143541,False,ON,Canada,,,,,,TSXV,Mining,,,,1057716.0,,,,,,False,True,True,False,False,False,False,False,False,False,False,False,False,False,False,False,False,False,False,False,False,False,False,True,True,False,False,False,,2026-06-30,2026-07-31
V-04464,STUV.V,STUV,Stuve Gold Corp.,stuve gold,TSXV,,,,,Gold | Copper,2,True,Operator,False,False,LATIN AMERICA,Chile,1,1,False,False,False,,,20130210.63,35316159,0.57,5-25M,439745.5,970955.0,304.0,5.0,0.0218450521001826,5.288007554296506,5.369127516778524,0.05551174350029253,1446.53125,True,AB,Canada,QT,2020-10-13,2086.0,2020.0,6.0,TSXV,Mining,20201013.0,,,1181196.0,,,Y,,,False,True,False,True,False,False,False,False,False,False,False,False,False,False,False,False,False,False,False,False,False,False,False,False,True,False,False,False,,2026-06-30,2026-07-31
V-5081,SUM.V,SUM,Summit Royalties Ltd.,summit royalties,TSXV,,,,,,0,False,Royalty/Streamer,True,True,AFRICA | CANADA | LATIN AMERICA,Burkina Faso | YT | Brazil | Colombia,3,4,True,False,False,,,104395145.1,74039110,1.41,100-500M,17696390.0,11161106.0,13740.0,6.0,0.1695135342074447,51.74693106704438,37.704918032786885,0.43076078681785657,1287.9468704512374,False,ON,Canada,Other,2025-11-10,232.0,2025.0,1.0,TSXV,Mining,20251110.0,,,1188955.0,,,,,,False,False,False,False,False,False,False,False,False,False,False,False,False,False,False,False,False,False,True,False,True,False,False,True,True,False,False,False,,2026-06-30,2026-07-31
V-04659,PEAK.V,PEAK,Sun Peak Metals Corp.,sun peak metals,TSXV,,,,,Gold | Copper,2,True,Operator,False,False,AFRICA,Eritrea,1,1,False,False,False,,,71434480.26,164217196,0.435,25-100M,3939737.5,9414353.0,2264.0,6.0,0.0551517626454415,18.508026440037774,16.08695652173913,0.14014937970952115,1740.1667402826856,False,BC,Canada,Other,2020-08-17,2143.0,2020.0,6.0,TSXV,Mining,20200817.0,,,1183840.0,,OTCQB,,,,False,True,False,True,False,False,False,False,False,False,False,False,False,False,False,False,False,False,False,False,True,False,False,False,False,False,False,False,,2026-06-30,2026-07-31
V-02701,SMN.V,SMN,Sun Summit Minerals Corp.,sun summit minerals,TSXV,,,,,Gold | Copper,2,True,Operator,False,False,CANADA,BC,1,1,True,False,False,,,38103053.52,317525446,0.12,25-100M,17073538.0,119672697.0,6624.0,6.0,0.448088444959883,86.30783758262511,91.30434782608695,1.1386638360020225,2577.5268719806763,False,BC,Canada,IPO,2007-12-18,6769.0,2007.0,19.0,TSXV,Mining,20071218.0,,,1111413.0,,OTCQB,,,,False,True,False,True,False,False,False,False,False,False,False,False,False,False,False,False,False,False,False,False,False,False,False,True,False,False,False,False,,2026-06-30,2026-07-31
V-01896,SUI.V,SUI,Superior Mining International Corporation,superior mining international,TSXV,,,,,,0,False,Operator,False,True,,,0,0,False,True,True,,,3526787.16,78373048,0.045,<5M,123788.0,1789230.0,234.0,6.0,0.0350993678904059,9.726156751652502,18.5,0.08919306296084918,529.008547008547,False,BC,Canada,,1990-03-14,13257.0,1990.0,36.0,TSXV,Mining,19900314.0,,,38397.0,,,,,,False,False,False,False,False,False,False,False,False,False,False,False,False,False,False,False,False,False,False,False,False,False,False,False,False,False,False,False,,2026-06-30,2026-07-31
V-00480,NILI.V,NILI,Surge Battery Metals Inc.,surge battery metals,TSXV,,,,,Lithium,1,False,Operator,False,False,USA,NV,1,1,False,False,False,,,184983122.01,253401537,0.73,100-500M,119412378.0,165986377.0,41352.0,6.0,0.6455312068608329,94.05099150141642,92.89617486338798,1.6403972218676133,2887.7050203134067,False,BC,Canada,,,,,,TSXV,Mining,,,,40740.0,,OTCQX,,Y,,False,False,False,False,False,False,False,False,False,False,False,False,False,True,False,False,False,False,False,False,False,False,False,False,False,False,False,True,,2026-06-30,2026-07-31
V-00808,SURG.V,SURG,Surge Copper Corp.,surge copper,TSXV,,,,,Gold | Silver | Copper | Molybdenum,4,True,Operator,False,False,CANADA,BC,1,1,True,False,False,,,212445465.65,386264483,0.55,100-500M,80074474.0,124295246.0,40537.0,6.0,0.3769177833709156,80.26440037771482,70.49180327868852,0.9578078923881432,1975.3428719441497,False,BC,Canada,,,,,,TSXV,Mining,,,,22614.0,,OTCQB,,Y,,False,True,True,True,False,False,True,False,False,False,False,False,False,False,False,False,False,False,False,False,False,False,False,True,False,False,False,False,,2026-06-30,2026-07-31
V-00157,SYG.V,SYG,Sylla Gold Corp.,sylla gold,TSXV,,,,,,0,False,Operator,False,True,,,0,0,False,True,True,,,4828402.44,107297832,0.045,<5M,870436.5,12347678.0,932.0,6.0,0.1802742233723168,54.95750708215298,73.5,0.4581054053643039,933.9447424892704,False,NS,Canada,,,,,,TSXV,Mining,,,,1023845.0,,OTCQB,,,,False,False,False,False,False,False,False,False,False,False,False,False,False,False,False,False,False,False,False,False,False,False,False,False,False,False,False,False,,2026-06-30,2026-07-31
V-00054,TWO.V,TWO,T2 Metals Corp.,t2 metals,TSXV,,,,,Gold | Silver | Copper | Zinc,4,True,Operator,False,False,CANADA | USA,MB | AZ | NV,2,3,True,False,False,,,23231858.96,62788808,0.37,5-25M,2294961.0,4919192.0,1512.0,6.0,0.0987850780237347,33.89990557129367,36.577181208053695,0.2510285573026444,1517.8313492063492,False,BC,Canada,,,,,,TSXV,Mining,,,,12037.0,,OTCQB,,,,False,True,True,True,False,False,False,False,False,False,True,False,False,False,False,False,False,False,False,False,False,False,False,True,False,False,False,True,,2026-06-30,2026-07-31
V-04981,RARE.V,RARE,Tactical Resources Corp.,tactical resources,TSXV,,,,,Rare Earths,1,False,Operator,False,False,USA,TX,1,1,False,False,False,,,67702650.4,8792552,7.700000000000001,25-100M,3575198.5,530420.0,1997.0,6.0,0.0528073639492258,17.280453257790366,15.217391304347828,0.13419189064106252,1790.2846770155234,False,BC,Canada,Other,2023-08-31,1034.0,2023.0,3.0,TSXV,Mining,20230831.0,,,1187525.0,,,,,,False,False,False,False,False,False,False,False,False,False,False,True,False,False,False,False,False,False,False,False,False,False,False,False,False,False,False,True,,2026-06-30,2026-07-31
V-02950,TAJ.V,TAJ,Tajiri Resources Corp.,tajiri resources,TSXV,,,,,Gold,1,False,Operator,False,False,AFRICA | LATIN AMERICA,Burkina Faso | Guyana,2,2,False,False,False,,,52976527.6,264882638,0.2,25-100M,5052147.0,22572017.0,2126.0,6.0,0.0953657634593627,33.050047214353164,36.95652173913043,0.242339536458302,2376.362652869238,False,BC,Canada,QT,2011-04-26,5544.0,2011.0,15.0,TSXV,Mining,20110426.0,,,1119259.0,,,Y,,,False,True,False,False,False,False,False,False,False,False,False,False,False,False,False,False,False,False,False,False,True,False,False,False,True,False,False,False,,2026-06-30,2026-07-31
V-04782,TALA.V,TALA,Talamore Mining Corp.,talamore mining,TSXV,,,,,Gold | Copper,2,True,Operator,False,False,LATIN AMERICA,Chile | Mexico,1,2,False,False,False,,,1100658335.4,141110043,7.800000000000001,500M-2B,271679899.5,30640163.0,74549.0,6.0,0.2468339999453748,67.13881019830028,53.16455696202531,0.6272443585522198,3644.313129619445,False,BC,Canada,Other,2021-09-07,1757.0,2021.0,5.0,TSXV,Mining,20210907.0,,,1184750.0,,OTCQB,,Y,Y,False,True,False,True,False,False,False,False,False,False,False,False,False,False,False,False,False,False,False,True,False,False,False,False,True,False,False,False,,2026-06-30,2026-07-31
V-01930,TRO.V,TRO,Taranis Resources Inc.,taranis resources,TSXV,,,,,Copper,1,False,Operator,False,False,CANADA,BC,1,1,False,False,False,,,12448738.44,103739487,0.12,5-25M,534480.5,3109457.0,801.0,6.0,0.0429345112017631,13.125590179414543,13.758389261744966,0.10910340530260354,667.2665418227216,False,CO,USA,,2003-09-18,8321.0,2003.0,23.0,TSXV,Mining,20030918.0,,,1091209.0,,OTCQB,,,,False,False,False,True,False,False,False,False,False,False,False,False,False,False,False,False,False,False,False,False,False,False,False,True,False,False,False,False,,2026-06-30,2026-07-31
V-04490,TDG.V,TDG,TDG Gold Corp.,tdg gold,TSXV,,,,,Gold | Silver,2,True,Operator,False,False,CANADA,BC,1,1,True,False,False,,,134359061.76,279914712,0.48,100-500M,47426027.5,66092830.0,14290.0,6.0,0.3529797460532669,77.33711048158641,64.48087431693989,0.8969775413602031,3318.8262771168647,False,BC,Canada,QT,2020-12-17,2021.0,2020.0,6.0,TSXV,Mining,20201217.0,,,1181705.0,,,Y,Y,Y,False,True,True,False,False,False,False,False,False,False,False,False,False,False,False,False,False,False,False,False,False,False,False,True,False,False,False,False,,2026-06-30,2026-07-31
V-04611,TECT.V,TECT,Tectonic Metals Inc.,tectonic metals,TSXV,,,,,Gold,1,False,Operator,False,False,USA,AK,1,1,False,False,False,,,213232747.2,96923976,2.2,100-500M,53675355.5,23505320.0,27833.0,6.0,0.2517219151599431,68.17752596789424,56.284153005464475,0.6396653266688409,1928.478981784213,False,BC,Canada,Other,2019-11-18,2416.0,2019.0,7.0,TSXV,Mining,20191118.0,,,1183551.0,,OTCQB,,Y,,False,True,False,False,False,False,False,False,False,False,False,False,False,False,False,False,False,False,False,False,False,False,False,False,False,False,False,True,,2026-06-30,2026-07-31
V-03685,TRR.V,TRR,Terra Rossa Gold Ltd.,terra rossa gold,TSXV,,,,,Gold,1,False,Operator,False,False,LATIN AMERICA,Colombia,1,1,False,False,False,,,27737037.14,72992203,0.38,25-100M,2324783.5,5637117.0,1170.0,6.0,0.0838151345533367,29.556185080264402,30.0,0.21298755569131567,1986.9944444444443,False,BC,Canada,RTO,2025-10-22,251.0,2025.0,1.0,TSXV,Mining,20251022.0,,,1113437.0,,,,,,False,True,False,False,False,False,False,False,False,False,False,False,False,False,False,False,False,False,False,False,False,False,False,False,True,False,False,False,,2026-06-30,2026-07-31
V-02181,TES.V,TES,Tesoro Minerals Corp.,tesoro minerals,TSXV,,,,,Gold,1,False,Operator,False,False,LATIN AMERICA,Colombia,1,1,False,False,False,,,4973319.12,41444326,0.12,<5M,70502.5,672522.0,138.0,6.0,0.0141761464122575,3.39943342776204,8.0,0.03602383733629347,510.8876811594203,False,BC,Canada,,,,,,TSXV,Mining,,,,18275.0,,,,,,False,True,False,False,False,False,False,False,False,False,False,False,False,False,False,False,False,False,False,False,False,False,False,False,True,False,False,False,,2026-06-30,2026-07-31
V-01956,TUO.V,TUO,Teuton Resources Corp.,teuton resources,TSXV,,,,,Gold | Silver | Copper,3,True,Operator,False,False,CANADA,BC,1,1,True,False,False,,,110164261.04,59871881,1.84,100-500M,8367131.5,4270334.0,4316.0,6.0,0.0759514149235925,26.817752596789425,18.579234972677597,0.1930045963903887,1938.631024096385,False,BC,Canada,,,,,,TSXV,Mining,,,,40289.0,,OTCQB,,,,False,True,True,True,False,False,False,False,False,False,False,False,False,False,False,False,False,False,False,False,False,False,False,True,False,False,False,False,,2026-06-30,2026-07-31
V-02024,TGX.V,TGX,TGX Energy & Resources Inc.,tgx energy resources,TSXV,,,,,,0,False,Operator,False,True,CANADA,BC | YT,1,2,True,False,False,,,9170413.0,12392450,0.74,5-25M,161450.0,366149.0,164.0,6.0,0.0176055320518279,4.2492917847025495,4.026845637583892,0.04473845038067379,984.4512195121952,False,BC,Canada,,,,,,TSXV,Mining,,,,1088867.0,,,,,,False,False,False,False,False,False,False,False,False,False,False,False,False,False,False,False,False,False,False,True,False,False,False,True,False,False,False,False,,2026-06-30,2026-07-31
V-04078,TAU.V,TAU,Thesis Gold & Silver Inc.,thesis gold silver,TSXV,,,,,Gold | Silver,2,True,Operator,False,False,CANADA,BC,1,1,True,False,False,,,812820274.62,279319682,2.91,500M-2B,191633361.5,61400701.0,105633.0,6.0,0.2357635106845607,65.81680830972616,49.36708860759494,0.59911248880658,1814.1429430197004,False,BC,Canada,IPO,2012-11-01,4989.0,2012.0,14.0,TSXV,Mining,20121101.0,,,1155905.0,,OTCQX,,Y,Y,False,True,True,False,False,False,False,False,False,False,False,False,False,False,False,False,False,False,False,False,False,False,False,True,False,False,False,False,,2026-06-30,2026-07-31
V-04922,TRCG.V,TRCG,Thistle Resources Inc.,thistle resources,TSXV,,,,,Gold,1,False,Operator,False,False,CANADA,NB | NS,1,2,True,False,False,,,9705294.88,60658093,0.16,5-25M,214813.0,999730.0,222.0,2.0,0.0221335881759421,5.571293673276676,5.704697986577181,0.05624495945027924,967.626126126126,True,NB,Canada,QT,2026-05-05,56.0,2026.0,0.0,TSXV,Mining,20260505.0,,,1185950.0,,,Y,,,False,True,False,False,False,False,False,False,False,False,False,False,False,False,False,False,False,False,False,True,False,False,False,True,False,False,False,False,,2026-06-30,2026-07-31
V-01964,THX.V,THX,Thor Explorations Ltd.,thor explorations,TSXV,,,,,Gold,1,False,Operator,False,False,AFRICA,Nigeria | Senegal,1,2,False,False,False,,,703234658.48,666573136,1.055,500M-2B,91799789.0,64217842.0,60084.0,6.0,0.1305393411616256,44.09820585457979,27.848101265822784,0.3317211783258124,1527.857482857333,False,BC,Canada,,,,,,TSXV,Mining,,,,39347.0,AIM,,,Y,Y,False,True,False,False,False,False,False,False,False,False,False,False,False,False,False,False,False,False,False,False,True,False,False,False,False,False,False,False,,2026-06-30,2026-07-31
V-00331,TGOL.V,TGOL,Thunder Gold Corp.,thunder gold,TSXV,,,,,Gold | Platinum/PGM,2,True,Operator,False,False,CANADA,ON,1,1,True,False,False,,,35357665.4,307457960,0.1149999999999999,25-100M,7382895.5,64335944.0,5754.0,6.0,0.2088060797136227,62.03966005665722,70.86956521739131,0.5306093794240647,1283.0892422662496,False,BC,Canada,,,,,,TSXV,Mining,,,,17006.0,,OTCQB,,,,False,True,False,False,False,False,False,True,False,False,False,False,False,False,False,False,False,False,False,False,False,False,False,True,False,False,False,False,,2026-06-30,2026-07-31
V-03647,THM.V,THM,"Thunder Mountain Gold, Inc.",thunder mountain gold,TSXV,,,,,,0,False,Operator,False,True,,,0,0,False,True,True,,,89083469.53,83255579,1.07,25-100M,2556313.5,2326347.0,2258.0,6.0,0.0286957110391746,7.2710103871576965,6.086956521739131,0.07292035484556522,1132.1140389725422,False,ID,USA,Other,2010-09-24,5758.0,2010.0,16.0,TSXV,Mining,20100924.0,,,1132340.0,,OTCQB,,,,False,False,False,False,False,False,False,False,False,False,False,False,False,False,False,False,False,False,False,False,False,False,False,False,False,False,False,False,,2026-06-30,2026-07-31
V-04965,BIRD.V,BIRD,Thunderbird Minerals Corp.,thunderbird minerals,TSXV,,,,,,0,False,Operator,False,True,,,0,0,False,True,True,,,8945066.12,52618036,0.1699999999999999,5-25M,703306.0,6318532.0,779.0,6.0,0.078625019710866,27.47875354107649,28.859060402684566,0.1997986503707425,902.831835686778,False,BC,Canada,Other,2023-06-29,1097.0,2023.0,3.0,TSXV,Mining,20230629.0,,,1187480.0,,,,,,False,False,False,False,False,False,False,False,False,False,False,False,False,False,False,False,False,False,False,False,False,False,False,False,False,False,False,False,,2026-06-30,2026-07-31
V-03975,AWE.V,AWE,Thunderstruck Resources Ltd.,thunderstruck resources,TSXV,,,,,Gold | Silver | Copper | Zinc,4,True,Operator,False,False,ASIA,Fiji,1,1,False,False,False,,,7350079.36,56539072,0.13,5-25M,271019.0,2368720.0,329.0,6.0,0.0368729352059676,10.292728989612844,11.073825503355705,0.09369997891831394,823.7659574468086,False,BC,Canada,QT,2014-05-12,4432.0,2014.0,12.0,TSXV,Mining,20140512.0,,,1155185.0,,,Y,,,False,True,True,True,False,False,False,False,False,False,True,False,False,False,False,False,False,False,False,False,False,True,False,False,False,False,False,False,,2026-06-30,2026-07-31
V-04755,TSLV.V,TSLV,Tier One Silver Inc.,tier one silver,TSXV,,,,,Silver,1,False,Operator,False,False,LATIN AMERICA,Peru,1,1,False,False,False,,,28460614.16,258732856,0.11,25-100M,5352572.5,40368498.0,4039.0,6.0,0.1880694657504186,57.03493862134089,63.04347826086957,0.47791435310364927,1325.2222084674424,False,BC,Canada,Other,2021-06-09,1847.0,2021.0,5.0,TSXV,Mining,20210609.0,,,1184730.0,,OTCQB,,,,False,False,True,False,False,False,False,False,False,False,False,False,False,False,False,False,False,False,False,False,False,False,False,False,True,False,False,False,,2026-06-30,2026-07-31
V-04688,TNGD.V,TNGD,Tiernan Gold Corp.,tiernan gold,TSXV,,,,,Gold,1,False,Operator,False,False,LATIN AMERICA,Chile,1,1,False,False,False,,,344261840.16,48215944,7.140000000000001,100-500M,35980650.5,4258735.0,12877.0,6.0,0.104515360991731,36.16619452313503,22.950819672131146,0.26559011553764844,2794.17958375398,False,BC,Canada,QT,2025-12-19,193.0,2025.0,1.0,TSXV,Mining,20251219.0,,,1184286.0,,,Y,,,False,True,False,False,False,False,False,False,False,False,False,False,False,False,False,False,False,False,False,False,False,False,False,False,True,False,False,False,,2026-06-30,2026-07-31
V-04739,TIGR.V,TIGR,Tiger Gold Corp.,tiger gold,TSXV,,,,,Gold,1,False,Operator,False,False,LATIN AMERICA,Colombia,1,1,False,False,False,,,67632958.72,105676498,0.64,25-100M,47514147.0,60964495.0,20034.0,6.0,0.7025294752623237,95.37299338999055,97.82608695652173,1.7852388656848843,2371.6755016472,False,BC,Canada,QT,2025-12-19,193.0,2025.0,1.0,TSXV,Mining,20251219.0,,,1184920.0,,,Y,,,False,True,False,False,False,False,False,False,False,False,False,False,False,False,False,False,False,False,False,False,False,False,False,False,True,False,False,False,,2026-06-30,2026-07-31
V-01973,TK.V,TK,Tinka Resources Limited,tinka resources,TSXV,,,,,Silver | Copper | Zinc,3,True,Operator,False,False,LATIN AMERICA,Peru,1,1,False,False,False,,,54846746.73,133772553,0.41,25-100M,13613661.5,29676228.0,6550.0,6.0,0.2482127439028871,67.51652502360717,74.34782608695653,0.6307479657109941,2078.421603053436,False,BC,Canada,,2003-02-11,8540.0,2003.0,23.0,TSXV,Mining,20030211.0,,,18705.0,Lima (BVL),OTCQB,,,,False,False,True,True,False,False,False,False,False,False,True,False,False,False,False,False,False,False,False,True,False,False,False,False,True,False,False,False,,2026-06-30,2026-07-31
V-04650,TORC.V,TORC,TinOne Resources Inc.,tinone resources,TSXV,,,,,Lithium | Tungsten,2,True,Operator,False,False,AUS/NZ/PNG,Australia,1,1,False,False,False,,,2189058.5,21890585,0.1,<5M,422421.0,2668014.0,242.0,6.0,0.192969260529127,58.07365439093485,75.0,0.49036550907765847,1745.5413223140497,False,BC,Canada,QT,2022-01-05,1637.0,2022.0,4.0,TSXV,Mining,20220105.0,,,1183690.0,,,Y,,,False,False,False,False,False,False,False,False,False,False,False,False,False,True,False,False,True,False,False,True,False,False,True,False,False,False,False,False,,2026-06-30,2026-07-31
V-01974,TTS.V,TTS,Tintina Mines Ltd.,tintina mines,TSXV,,,,,,0,False,Operator,False,True,,,0,0,False,True,True,,,523754878.5,149644251,3.5,500M-2B,5041487.0,3553180.0,3026.0,6.0,0.0096256611765383,2.1718602455146363,1.2658227848101267,0.024460332335314177,1666.056510244547,True,ON,Canada,,,,,,TSXV,Mining,,,,1057717.0,,,,,,False,False,False,False,False,False,False,False,False,False,False,False,False,False,False,False,False,False,False,False,False,False,False,False,False,False,False,False,,2026-06-30,2026-07-31
V-5098,TITI.V,TITI,Titiminas Silver Inc.,titiminas silver,TSXV,,,,,Silver,1,False,Operator,False,False,LATIN AMERICA,Peru,1,1,False,False,False,,,41074850.3,37340773,1.1,25-100M,1849020.0,1447120.0,1658.0,3.0,0.0450158670450467,13.975448536355051,10.869565217391305,0.11439246074524209,1115.211097708082,True,BC,Canada,Other,2026-04-09,82.0,2026.0,0.0,TSXV,Mining,20260409.0,,,1189088.0,,,,,,False,False,True,False,False,False,False,False,False,False,False,False,False,False,False,False,False,False,False,False,False,False,False,False,True,False,False,False,,2026-06-30,2026-07-31
V-01912,TNR.V,TNR,TNR Gold Corp.,tnr gold,TSXV,,,,,Gold | Copper | Lithium,3,True,Operator,False,False,LATIN AMERICA | USA,Argentina | AK,2,2,False,False,False,,,58305536.1,237981780,0.245,25-100M,9213330.5,45151374.0,2639.0,6.0,0.1580181079923215,49.57507082152974,52.60869565217391,0.4015490848473621,3491.2203486169005,False,BC,Canada,,,,,,TSXV,Mining,,,,39686.0,,,,,,False,True,False,True,False,False,False,False,False,False,False,False,False,True,False,False,False,False,False,False,False,False,False,False,True,False,False,True,,2026-06-30,2026-07-31
V-02669,LOT.V,LOT,TomaGold Corporation,tomagold,TSXV,,,,,Gold | Copper | Rare Earths | Lithium,4,True,Operator,False,False,CANADA,QC,1,1,True,False,False,,,14053463.685,312299193,0.045,5-25M,2853587.5,44582826.0,2794.0,6.0,0.203052255583496,60.434372049102926,69.79865771812081,0.515987999360855,1021.3269506084466,False,QC,Canada,QT,2009-10-07,6110.0,2009.0,17.0,TSXV,Mining,20091007.0,,,1108570.0,,,Y,,,False,True,False,True,False,False,False,False,False,False,False,True,False,True,False,False,False,False,False,False,False,False,False,True,False,False,False,False,,2026-06-30,2026-07-31
V-03788,TBLL.V,TBLL,Tombill Mines Limited,tombill mines,TSXV,,,,,Gold,1,False,Operator,False,False,CANADA,ON,1,1,True,False,False,,,5270069.02,263503451,0.0199999999999999,5-25M,135331.0,7688068.0,307.0,6.0,0.0256791703270709,6.515580736543909,7.718120805369128,0.06525484626721355,440.8175895765472,False,BC,Canada,QT,2020-12-15,2023.0,2020.0,6.0,TSXV,Mining,20201215.0,,,1147880.0,,,Y,,,False,True,False,False,False,False,False,False,False,False,False,False,False,False,False,False,False,False,False,False,False,False,False,True,False,False,False,False,,2026-06-30,2026-07-31
V-04799,TGC.V,TGC,Toogood Gold Corp.,toogood gold,TSXV,,,,,Gold,1,False,Operator,False,False,CANADA,NL,1,1,True,False,False,,,7635270.42,84836338,0.09,5-25M,3264372.5,23441713.0,2533.0,6.0,0.4275385573049552,84.51369216241737,89.93288590604027,1.0864433108584526,1288.737662850375,False,BC,Canada,QT,2025-07-16,349.0,2025.0,1.0,TSXV,Mining,20250716.0,,,1184960.0,,,Y,,,False,True,False,False,False,False,False,False,False,False,False,False,False,False,False,False,False,False,False,False,False,False,False,True,False,False,False,False,,2026-06-30,2026-07-31
V-01824,TORQ.V,TORQ,Torq Resources Inc.,torq resources,TSXV,,,,,Gold | Copper,2,True,Operator,False,False,LATIN AMERICA,Chile,1,1,False,False,False,,,10224343.03,185897146,0.0549999999999999,5-25M,716738.0,8531892.0,737.0,6.0,0.0701011300087415,24.173748819641173,25.503355704697988,0.1781380941679414,972.5074626865672,False,BC,Canada,RTO,2011-09-14,5403.0,2011.0,15.0,TSXV,Mining,20110914.0,,,20215.0,,OTCQB,,,,False,True,False,True,False,False,False,False,False,False,False,False,False,False,False,False,False,False,False,False,False,False,False,False,True,False,False,False,,2026-06-30,2026-07-31
V-04615,TMET.V,TMET,Torr Metals Inc.,torr metals,TSXV,,,,,Gold | Copper,2,True,Operator,False,False,CANADA,BC,1,1,True,False,False,,,8402495.3,84024953,0.1,5-25M,3673839.5,28207553.0,3071.0,6.0,0.4372319613198712,85.64683663833806,90.60402684563759,1.1110757884947142,1196.3007163790296,False,AB,Canada,QT,2021-12-07,1666.0,2021.0,5.0,TSXV,Mining,20211207.0,,,1182150.0,,,Y,,,False,True,False,True,False,False,False,False,False,False,False,False,False,False,False,False,False,False,False,False,False,False,False,True,False,False,False,False,,2026-06-30,2026-07-31
V-00278,TT.V,TT,Total Metals Corp.,total metals,TSXV,,,,,Gold | Silver | Copper | Zinc,4,True,Operator,False,False,CANADA,ON,1,1,True,False,False,,,14532362.67,59315766,0.245,5-25M,10264477.0,26064962.0,5807.0,6.0,0.7063185273506527,95.65627950897073,96.97986577181209,1.7948674482431661,1767.6040985018085,False,BC,Canada,RTO,2025-08-18,316.0,2025.0,1.0,TSXV,Mining,20250818.0,,,1063208.0,,,,,,False,True,True,True,False,False,False,False,False,False,True,False,False,False,False,False,False,False,False,False,False,False,False,True,False,False,False,False,,2026-06-30,2026-07-31
V-04953,TOTC.V,TOTC,Totec Resources Ltd.,totec resources,TSXV,,,,,Rare Earths | Lithium,2,True,Operator,False,False,CANADA,ON,1,1,True,False,False,,,21255038.75,38645525,0.55,5-25M,712928.0,1106409.0,268.0,6.0,0.0335415996359921,9.06515580736544,10.40268456375839,0.08523452665819638,2660.179104477612,False,BC,Canada,QT,2026-01-22,159.0,2026.0,0.0,TSXV,Mining,20260122.0,,,1186625.0,,,Y,,,False,False,False,False,False,False,False,False,False,False,False,True,False,True,False,False,False,False,False,True,False,False,False,True,False,False,False,False,,2026-06-30,2026-07-31
V-01991,TWR.V,TWR,Tower Resources Ltd.,tower resources,TSXV,,,,,Gold | Silver | Copper,3,True,Operator,False,False,CANADA,BC,1,1,True,False,False,,,27724976.16,173281101,0.16,25-100M,2078354.0,11297062.0,1430.0,6.0,0.07496323848958,26.345609065155806,26.521739130434785,0.1904934832794486,1453.3944055944055,False,BC,Canada,,,,,,TSXV,Mining,,,,752876.0,,,,,,False,True,True,True,False,False,False,False,False,False,False,False,False,False,False,False,False,False,False,False,False,False,False,True,False,False,False,False,,2026-06-30,2026-07-31
V-00027,TBK.V,TBK,Trailbreaker Resources Ltd.,trailbreaker resources,TSXV,,,,,Gold,1,False,Operator,False,False,CANADA,BC | YT,1,2,True,False,False,,,19202340.24,53339834,0.36,5-25M,2058086.0,4886634.0,1543.0,6.0,0.1071789153966162,37.110481586402265,40.604026845637584,0.27235862990167825,1333.8211276733637,False,BC,Canada,,,,,,TSXV,Mining,,,,27552.0,,OTCQB,,,,False,True,False,False,False,False,False,False,False,False,False,False,False,False,False,False,False,False,False,False,False,False,False,True,False,False,False,False,,2026-06-30,2026-07-31
V-03741,TCO.V,TCO,Transatlantic Mining Corp.,transatlantic mining,TSXV,,,,,Gold | Copper,2,True,Operator,False,False,USA,ID | MT,1,2,False,False,False,,,5198394.96,86639916,0.06,5-25M,598497.0,7058299.0,810.0,6.0,0.1151311134696852,39.565627950897074,42.95302013422819,0.29256642696580315,738.8851851851852,False,BC,Canada,Other,2011-03-25,5576.0,2011.0,15.0,TSXV,Mining,20110325.0,,,1133295.0,,,,,,False,True,False,True,False,False,False,False,False,False,False,False,False,False,False,False,False,False,False,False,False,False,False,False,False,False,False,True,,2026-06-30,2026-07-31
V-03850,XTM.V,XTM,Transition Metals Corp.,transition metals,TSXV,,,,,Gold | Copper | Nickel | Platinum/PGM | Zinc,5,True,Operator,False,False,CANADA,NS | ON | SK | YT,1,4,True,False,False,,,5248009.56,87466826,0.06,5-25M,654815.5,8338028.0,763.0,6.0,0.1247740676752883,42.68177525967894,47.98657718120805,0.3170707036318235,858.2116644823067,False,ON,Canada,IPO,2011-08-26,5422.0,2011.0,15.0,TSXV,Mining,20110826.0,,,1144986.0,,,,,,False,True,False,True,True,False,False,True,False,False,True,False,False,False,False,False,False,False,False,True,False,False,False,True,False,False,False,False,,2026-06-30,2026-07-31
V-02004,TRS.V,TRS,Tres-Or Resources Ltd.,tres or resources,TSXV,,,,,Diamond,1,False,Operator,False,False,CANADA | LATIN AMERICA,ON | QC | Brazil,2,3,True,False,False,,,1387862.465,25233863,0.055,<5M,56471.0,922454.0,160.0,6.0,0.0406891903370266,12.370160528800756,23.0,0.10339768872442849,352.94375,False,BC,Canada,,,,,,TSXV,Mining,,,,38078.0,,,,,,False,False,False,False,False,True,False,False,False,False,False,False,False,False,False,False,False,False,False,False,False,False,False,True,True,False,False,False,,2026-06-30,2026-07-31
V-00704,TRBC.V,TRBC,Tribeca Resources Corporation,tribeca resources,TSXV,,,,,Copper,1,False,Operator,False,False,LATIN AMERICA,Chile,1,1,False,False,False,,,26308200.33,97437779,0.2699999999999999,25-100M,3718505.5,15973777.0,2035.0,6.0,0.1413439708287336,46.36449480642115,50.0,0.3591774566603986,1827.27542997543,False,BC,Canada,RTO,2022-11-02,1336.0,2022.0,4.0,TSXV,Mining,20221102.0,,,30052.0,,OTCQB,,,,False,False,False,True,False,False,False,False,False,False,False,False,False,False,False,False,False,False,False,False,False,False,False,False,True,False,False,False,,2026-06-30,2026-07-31
V-00266,ROCK.V,ROCK,Trident Resources Corp.,trident resources,TSXV,,,,,Gold,1,False,Operator,False,False,USA,NV,1,1,False,False,False,,,159437090.73,39759873,4.01,100-500M,69283814.5,22446385.0,39389.0,6.0,0.4345526764366845,85.26912181303116,80.32786885245902,1.1042673004893948,1758.9635304272767,False,BC,Canada,RTO from NEX,2007-06-15,6955.0,2007.0,19.0,TSXV,Mining,20070615.0,,,27371.0,,OTCQB,,,Y,False,True,False,False,False,False,False,False,False,False,False,False,False,False,False,False,False,False,False,False,False,False,False,False,False,False,False,True,,2026-06-30,2026-07-31
V-04351,TG.V,TG,Trifecta Gold Ltd.,trifecta gold,TSXV,,,,,Gold,1,False,Operator,False,False,CANADA | USA,YT | NV,2,2,True,False,False,,,9063326.99,47701721,0.19,5-25M,1202525.0,5331524.0,1027.0,6.0,0.1326803061752933,44.47592067988669,50.0,0.33716171012847307,1170.9104186952288,False,BC,Canada,Other,2017-06-15,3302.0,2017.0,9.0,TSXV,Mining,20170615.0,,,1178845.0,,OTCQB,,,,False,True,False,False,False,False,False,False,False,False,False,False,False,False,False,False,False,False,False,False,False,False,False,True,False,False,False,True,,2026-06-30,2026-07-31
V-04134,TOM.V,TOM,Trinity One Metals Ltd.,trinity one metals,TSXV,,,,,Copper | Nickel,2,True,Operator,False,False,ASIA,Mongolia,1,1,True,False,False,,,10757580.64,67234879,0.16,5-25M,4372540.0,16973190.0,2860.0,6.0,0.4064612803125592,82.24740321057602,88.59060402684564,1.0328826057284919,1528.86013986014,False,Mongolia,Asia,QT from NEX,2017-04-25,3353.0,2017.0,9.0,TSXV,Mining,20170425.0,,,1162870.0,,,Y,,,False,False,False,True,True,False,False,False,False,False,False,False,False,False,False,False,False,False,False,False,False,True,False,False,False,False,False,False,,2026-06-30,2026-07-31
V-03149,TSG.V,TSG,Tristar Gold Inc.,tristar gold,TSXV,,,,,Gold,1,False,Operator,False,False,LATIN AMERICA,Brazil,1,1,False,False,False,,,54586853.44,352173248,0.155,25-100M,5809640.5,25154150.0,5233.0,6.0,0.1064292981530023,37.01605288007555,40.0,0.27045373354528335,1110.1931014714312,False,TX,USA,,2010-07-21,5823.0,2010.0,16.0,TSXV,Mining,20100721.0,,,1138245.0,,OTCQB,,,,False,True,False,False,False,False,False,False,False,False,False,False,False,False,False,False,False,False,False,False,False,False,False,False,True,False,False,False,,2026-06-30,2026-07-31
V-02367,TIG.V,TIG,Triumph Gold Corp.,triumph gold,TSXV,,,,,Gold,1,False,Operator,False,False,CANADA,YT,1,1,True,False,False,,,37918432.44,61158762,0.62,25-100M,12749528.5,20493688.0,11784.0,6.0,0.3362356426567511,76.109537299339,84.78260869565217,0.8544281178739581,1081.9355482009505,False,BC,Canada,Other,2006-09-07,7236.0,2006.0,20.0,TSXV,Mining,20060907.0,,,1108201.0,,,,,,False,True,False,False,False,False,False,False,False,False,False,False,False,False,False,False,False,False,False,False,False,False,False,True,False,False,False,False,,2026-06-30,2026-07-31
V-04463,TR.V,TR,Troubadour Resources Inc.,troubadour resources,TSXV,,,,,Gold | Copper,2,True,Operator,False,False,CANADA,BC | QC,1,2,True,False,False,,,1015994.265,7006857,0.145,<5M,1846841.5,49448394.0,2722.0,6.0,1.817767642615581,99.90557129367328,100.0,4.6192360016923,678.4869581190301,False,BC,Canada,Other,2018-06-11,2941.0,2018.0,8.0,TSXV,Mining,20180611.0,,,1180475.0,,OTCQB,,,,False,True,False,True,False,False,False,False,False,False,False,False,False,False,False,False,False,False,False,False,False,False,False,True,False,False,False,False,,2026-06-30,2026-07-31
V-02019,TRU.V,TRU,TRU Precious Metals Corp.,tru precious metals,TSXV,,,,,Gold,1,False,Operator,False,False,CANADA,NL,1,1,True,False,False,,,6576872.72,164421818,0.04,5-25M,1225464.0,22088854.0,1058.0,6.0,0.1863292862994618,56.468366383380555,64.09395973154362,0.47349228100773566,1158.2835538752363,False,NB,Canada,COB,2018-04-11,3002.0,2018.0,8.0,TSXV,Mining,20180411.0,,,1023293.0,,OTCQB,,,,False,True,False,False,False,False,False,False,False,False,False,False,False,False,False,False,False,False,False,False,False,False,False,True,False,False,False,False,,2026-06-30,2026-07-31
V-02026,TSD.V,TSD,Tsodilo Resources Limited,tsodilo resources,TSXV,,,,,Diamond | Iron,2,True,Operator,False,False,AFRICA,Botswana,1,1,False,False,False,,,8668265.19,66678963,0.13,5-25M,773033.5,3756390.0,1069.0,6.0,0.0891797243226703,31.728045325779036,33.557046979865774,0.226619829484659,723.1370439663236,False,ON,Canada,,,,,,TSXV,Mining,,,,1056529.0,,OTCQB,,,,False,False,False,False,False,True,False,False,True,False,False,False,False,False,False,False,False,False,False,False,True,False,False,False,False,False,False,False,,2026-06-30,2026-07-31
V-03156,TUD.V,TUD,Tudor Gold Corp.,tudor gold,TSXV,,,,,Gold,1,False,Operator,False,False,CANADA,BC,1,1,True,False,False,,,328358206.4,410447758,0.7999999999999999,100-500M,125650893.0,110443138.0,70526.0,6.0,0.3826640862050951,80.92540132200189,71.58469945355192,0.9724101596449608,1781.6251169781358,False,BC,Canada,QT from NEX,2016-05-10,3703.0,2016.0,10.0,TSXV,Mining,20160510.0,,,1134680.0,,,Y,Y,,False,True,False,False,False,False,False,False,False,False,False,False,False,False,False,False,False,False,False,False,False,False,False,True,False,False,False,False,,2026-06-30,2026-07-31
V-01041,TUK.V,TUK,Tuktu Resources Ltd.,tuktu resources,TSXV,,,,,Oil and Gas | Diamond,2,True,Operator,False,False,CANADA,AB,1,1,True,False,False,,,3983453.22,265563548,0.015,<5M,936313.5,36392470.0,834.0,6.0,0.2350507080888978,65.72237960339945,79.0,0.5973011443119401,1122.678057553957,False,AB,Canada,,,,,,TSXV,Mining,,,,1023430.0,,,,,,True,False,False,False,False,True,False,False,False,False,False,False,False,False,False,False,False,False,False,False,False,False,False,True,False,False,False,False,,2026-06-30,2026-07-31
V-04310,TVI.V,TVI,TVI Pacific Inc.,tvi pacific,TSXV,,,,,Gold | Silver | Copper,3,True,Operator,False,False,ASIA,Philippines,1,1,False,False,False,,,43715222.34,728587039,0.06,25-100M,3202099.5,55012882.0,1666.0,6.0,0.0732490727164856,25.590179414542018,25.65217391304348,0.18613751606652554,1922.0285114045616,False,AB,Canada,TSX Comedown,2016-08-02,3619.0,2016.0,10.0,TSXV,Mining,20160802.0,,,1023816.0,,,,,,False,True,True,True,False,False,False,False,False,False,False,False,False,False,False,False,False,False,False,False,False,True,False,False,False,False,False,False,,2026-06-30,2026-07-31
V-5109,MILE.V,MILE,Twenty Mile Metals Inc.,twenty mile metals,TSXV,,,,,Gold | Silver,2,True,Operator,False,False,LATIN AMERICA,Mexico,1,1,False,False,False,,,1326000.0,10200000,0.13,<5M,14287.5,134828.0,38.0,1.0,0.010774886877828,2.3607176581680833,6.5,0.027380697187792864,375.9868421052632,True,BC,Canada,Other,2026-06-24,6.0,2026.0,0.0,TSXV,Mining,20260624.0,,,1189060.0,,,,,,False,True,True,False,False,False,False,False,False,False,False,False,False,False,False,False,False,False,False,False,False,False,False,False,True,False,False,False,,2026-06-30,2026-07-31
V-5061,UTWO.V,UTWO,U92 Energy Corp.,u92 energy,TSXV,,,,,Uranium,1,False,Operator,False,False,LATIN AMERICA,Guyana,1,1,False,False,False,,,20614430.77,43860491,0.47,5-25M,3053335.0,8848134.0,1493.0,5.0,0.1481163867228142,47.59206798866856,54.69798657718121,0.37638724001387297,2045.100468854655,True,ON,Canada,QT,2026-02-09,141.0,2026.0,0.0,TSXV,Mining,20260209.0,,,1188625.0,,,Y,,,False,False,False,False,False,False,False,False,False,False,False,False,False,False,True,False,False,False,False,False,False,False,False,False,True,False,False,False,,2026-06-30,2026-07-31
V-02264,UCU.V,UCU,Ucore Rare Metals Inc.,ucore rare metals,TSXV,,,,,Rare Earths,1,False,Operator,False,False,USA,AK,1,1,False,False,False,,,569331912.66,116427794,4.89,500M-2B,304944632.5,44790960.0,149769.0,6.0,0.5356183725504778,90.74598677998111,86.07594936708861,1.361091270220303,2036.0998103746435,False,NS,Canada,QT,2006-10-10,7203.0,2006.0,20.0,TSXV,Mining,20061010.0,,,1105116.0,,OTCQX,Y,Y,Y,False,False,False,False,False,False,False,False,False,False,False,True,False,False,False,False,False,False,False,False,False,False,False,False,False,False,False,True,,2026-06-30,2026-07-31
V-02272,ULT.V,ULT,Ultra Lithium Inc.,ultra lithium,TSXV,,,,,Gold | Copper | Lithium,3,True,Operator,False,False,CANADA | LATIN AMERICA | USA,ON | Argentina | NV,3,3,True,False,False,,,2521430.265,168095351,0.015,<5M,47464.5,2217344.0,202.0,3.0,0.0188244349482336,4.53257790368272,9.5,0.047835876041492816,234.97277227722773,True,BC,Canada,Other,2006-03-21,7406.0,2006.0,20.0,TSXV,Mining,20060321.0,,,1105308.0,,,,,,False,True,False,True,False,False,False,False,False,False,False,False,False,True,False,False,False,False,False,False,False,False,False,True,True,False,False,True,,2026-06-30,2026-07-31
V-02042,UGD.V,UGD,Unigold Inc.,unigold,TSXV,,,,,Gold | Copper,2,True,Operator,False,False,LATIN AMERICA,Dominican Republic,1,1,False,False,False,,,72950320.655,339303817,0.215,25-100M,11502189.0,34134925.0,5127.0,6.0,0.1576715345008102,49.480642115203025,52.17391304347826,0.4006683866152615,2243.454066705676,False,ON,Canada,,2003-02-11,8540.0,2003.0,23.0,TSXV,Mining,20030211.0,,,1072601.0,,,,,,False,True,False,True,False,False,False,False,False,False,False,False,False,False,False,False,False,False,False,False,False,False,False,False,True,False,False,False,,2026-06-30,2026-07-31
V-02379,URZ.V,URZ,URZ3 Energy Corp.,urz3 energy,TSXV,,,,,Uranium,1,False,Operator,False,False,CANADA | USA,SK | WY,2,2,True,False,False,,,9942281.05,52327795,0.19,5-25M,1906920.5,6469807.0,1810.0,6.0,0.191799094233008,57.79036827195468,65.77181208053692,0.4873919308511135,1053.5472375690608,False,QC,Canada,QT,2007-03-05,7057.0,2007.0,19.0,TSXV,Mining,20070305.0,,,1108742.0,,OTCQB,Y,,,False,False,False,False,False,False,False,False,False,False,False,False,False,False,True,False,False,False,False,False,False,False,False,True,False,False,False,True,,2026-06-30,2026-07-31
V-02673,USCU.V,USCU,US Copper Corp.,us copper,TSXV,,,,,Copper,1,False,Operator,False,False,CANADA | USA,ON | CA,2,2,True,False,False,,,23493944.1,156626294,0.15,5-25M,9642073.5,46025921.0,7754.0,6.0,0.4104067609490907,82.6251180358829,88.9261744966443,1.0429086980479823,1243.4967113747743,False,ON,Canada,QT,2009-02-24,6335.0,2009.0,17.0,TSXV,Mining,20090224.0,,,1115100.0,,OTCQB,Y,,,False,False,False,True,False,False,False,False,False,False,False,False,False,False,False,False,False,False,False,False,False,False,False,True,False,False,False,True,,2026-06-30,2026-07-31
V-04509,USHA.V,USHA,Usha Resources Ltd.,usha resources,TSXV,,,,,Lithium,1,False,Operator,False,False,CANADA | USA,ON | NV,2,2,True,False,False,,,4599079.3,91981586,0.0499999999999999,<5M,608291.0,10128089.0,427.0,6.0,0.132263646769474,44.38149197355996,63.0,0.3361029124677144,1424.5690866510538,False,BC,Canada,QT,2019-12-11,2393.0,2019.0,7.0,TSXV,Mining,20191211.0,,,1181430.0,,OTCQB,Y,,,False,False,False,False,False,False,False,False,False,False,False,False,False,True,False,False,False,False,False,True,False,False,False,True,False,False,False,True,,2026-06-30,2026-07-31
V-04984,VTEN.V,VTEN,V Ten Metals Corp.,v ten metals,TSXV,,,,,Gold | Copper,2,True,Operator,False,False,AUS/NZ/PNG,Australia,1,1,True,False,False,,,17926396.6,25609138,0.7000000000000001,5-25M,397740.5,603308.0,195.0,4.0,0.0221874205326908,5.760151085930123,6.0402684563758395,0.056381756010257515,2039.694871794872,True,Australia,Australia/NZ/PNG,QT,2026-03-04,118.0,2026.0,0.0,TSXV,Mining,20260304.0,,,1187340.0,,,Y,,,False,True,False,True,False,False,False,False,False,False,False,False,False,False,False,False,False,False,False,False,False,False,True,False,False,False,False,False,,2026-06-30,2026-07-31
V-03822,VZZ.V,VZZ,Val-D'Or Mining Corporation,val d or mining,TSXV,,,,,Gold,1,False,Operator,False,False,CANADA,ON | QC,1,2,True,False,False,,,16258610.7,108390738,0.15,5-25M,990506.0,7716853.0,1018.0,6.0,0.0609219335081317,20.396600566572236,21.140939597315437,0.1548122994138804,972.9921414538312,False,QC,Canada,Other,2011-07-15,5464.0,2011.0,15.0,TSXV,Mining,20110715.0,,,1135691.0,,,,,,False,True,False,False,False,False,False,False,False,False,False,False,False,False,False,False,False,False,False,False,False,False,False,True,False,False,False,False,,2026-06-30,2026-07-31
V-03919,VMXX.V,VMXX,Valhalla Metals Inc.,valhalla metals,TSXV,,,,,Copper | Zinc,2,True,Operator,False,False,USA,AK,1,1,False,False,False,,,184361399.22,151115901,1.22,100-500M,2675441.5,3154088.0,1242.0,6.0,0.0145119396539585,3.588290840415486,1.092896174863388,0.036877141243143854,2154.139694041868,False,BC,Canada,RTO,2022-09-28,1371.0,2022.0,4.0,TSXV,Mining,20220928.0,,,1148390.0,,OTCQB,Y,,,False,False,False,True,False,False,False,False,False,False,True,False,False,False,False,False,False,True,False,False,False,False,False,False,False,False,False,True,,2026-06-30,2026-07-31
V-04836,OZ.V,OZ,Valkea Resources Corp.,valkea resources,TSXV,,,,,Gold,1,False,Operator,False,False,UK/EUROPE,Finland,1,1,False,False,False,,,24351907.79,65815967,0.37,5-25M,5181286.0,11697088.0,2733.0,6.0,0.2127671492796828,62.889518413597735,71.81208053691275,0.5406750856869535,1895.823637028906,False,BC,Canada,Other,2022-01-06,1636.0,2022.0,4.0,TSXV,Mining,20220106.0,,,1184580.0,,OTCQB,,,,False,True,False,False,False,False,False,False,False,False,False,False,False,False,False,False,False,False,False,False,False,False,False,False,False,False,True,False,,2026-06-30,2026-07-31
V-02855,VO.V,VO,ValOre Metals Corp.,valore metals,TSXV,,,,,Gold | Platinum/PGM,2,True,Operator,False,False,CANADA | LATIN AMERICA,NU | Brazil,2,2,True,False,False,,,21671095.61,254954066,0.0849999999999999,5-25M,6926417.0,62392791.0,3864.0,6.0,0.319615451135929,74.69310670443815,81.87919463087249,0.8121935741247167,1792.550983436853,False,BC,Canada,Other,2008-07-07,6567.0,2008.0,18.0,TSXV,Mining,20080707.0,,,1118523.0,,OTCQB,,,,False,True,False,False,False,False,False,True,False,False,False,False,False,False,False,False,False,False,False,False,False,False,False,True,True,False,False,False,,2026-06-30,2026-07-31
V-01423,VRB.V,VRB,VanadiumCorp Resource Inc.,vanadiumcorp resource,TSXV,,,,,Iron,1,False,Operator,False,False,CANADA,QC,1,1,True,False,False,,,2243839.05,24931545,0.09,<5M,1084619.5,8283186.0,1115.0,6.0,0.4833766931723557,88.00755429650614,92.5,1.228336873830532,972.7529147982062,False,BC,Canada,,,,,,TSXV,Mining,,,,23197.0,,,,,,False,False,False,False,False,False,False,False,True,False,False,False,False,False,False,False,False,False,False,True,False,False,False,True,False,False,False,False,,2026-06-30,2026-07-31
V-02083,VAX.V,VAX,Vantex Resources Ltd.,vantex resources,TSXV,,,,,,0,False,Operator,False,True,,,0,0,False,True,True,,,601153.875,4809231,0.125,<5M,81995.5,471483.0,146.0,6.0,0.1363968584582441,45.42020774315392,64.0,0.3466060591778794,561.6130136986301,False,BC,Canada,,,,,,TSXV,Mining,,,,39360.0,,,,,,False,False,False,False,False,False,False,False,False,False,False,False,False,False,False,False,False,False,False,False,False,False,False,False,False,False,False,False,,2026-06-30,2026-07-31
V-02826,VCV.V,VCV,Vatic Ventures Corp.,vatic ventures,TSXV,,,,,Gold | Lithium,2,True,Operator,False,False,CANADA | LATIN AMERICA,QC | Brazil,2,2,True,False,False,,,1447298.79,41351394,0.035,<5M,112294.5,2225866.0,105.0,1.0,0.0775890236182675,27.19546742209632,43.0,0.19716601991987923,1069.4714285714283,True,BC,Canada,QT from NEX,2011-01-27,5633.0,2011.0,15.0,TSXV,Mining,20110127.0,,,1118178.0,,,Y,,,False,True,False,False,False,False,False,False,False,False,False,False,False,True,False,False,False,False,False,False,False,False,False,True,True,False,False,False,,2026-06-30,2026-07-31
V-03860,KNOX.V,KNOX,Vault Strategic Mining Corp.,vault strategic mining,TSXV,,,,,Diamond,1,False,Operator,False,False,CANADA,NT,1,1,True,False,False,,,3912061.175,14762495,0.265,<5M,4500837.5,7287922.0,2334.0,6.0,1.150502842021636,99.24457034938622,99.0,2.9236102697200126,1928.3793916023992,False,BC,Canada,QT from NEX,2014-04-21,4453.0,2014.0,12.0,TSXV,Mining,20140421.0,,,1148515.0,,,Y,,,False,False,False,False,False,True,False,False,False,False,False,False,False,False,False,False,False,False,False,False,False,False,False,True,False,False,False,False,,2026-06-30,2026-07-31
V-04079,VLC.V,VLC,Velocity Minerals Ltd.,velocity minerals,TSXV,,,,,Gold | Copper,2,True,Operator,False,False,UK/EUROPE,Bulgaria,1,1,False,False,False,,,37838578.545,204532857,0.185,25-100M,827884.5,4051845.0,277.0,6.0,0.0218793763358586,5.382436260623229,4.782608695652174,0.055598966829307754,2988.7527075812272,False,BC,Canada,TSX Comedown,2012-11-06,4984.0,2012.0,14.0,TSXV,Mining,20121106.0,,,1161501.0,,OTCQB,,,,False,True,False,True,False,False,False,False,False,False,False,False,False,False,False,False,False,False,False,False,False,False,False,False,False,False,True,False,,2026-06-30,2026-07-31
V-00512,VLX.V,VLX,Velox Energy Materials Inc.,velox energy materials,TSXV,,,,,,0,False,Operator,False,True,AUS/NZ/PNG,Australia,1,1,False,False,False,,,6250739.04,178592544,0.035,5-25M,183849.0,4775476.0,371.0,6.0,0.0294123620940668,7.743153918791313,9.060402684563758,0.07474147888573442,495.54986522911054,False,ON,Canada,,,,,,TSXV,Mining,,,,24104.0,,,,,,False,False,False,False,False,False,False,False,False,False,False,False,False,False,False,False,False,False,False,True,False,False,True,False,False,False,False,False,,2026-06-30,2026-07-31
V-03661,VTT.V,VTT,Vendetta Mining Corp.,vendetta mining,TSXV,,,,,Lead | Zinc,2,True,Operator,False,False,AUS/NZ/PNG,Australia,1,1,False,False,False,,,3626890.57,362689057,0.01,<5M,119297.0,11720528.0,326.0,6.0,0.0328923626719733,8.876298394711993,16.0,0.08358471251940455,365.9417177914111,False,BC,Canada,IPO,2010-10-18,5734.0,2010.0,16.0,TSXV,Mining,20101018.0,,,1135990.0,,,,,,False,False,False,False,False,False,False,False,False,True,True,False,False,False,False,False,False,False,False,False,False,False,True,False,False,False,False,False,,2026-06-30,2026-07-31
V-5095,VENT.V,VENT,Ventra Metals Corp.,ventra metals,TSXV,,,,,Rare Earths,1,False,Operator,False,False,CANADA,NL,1,1,True,False,False,,,2749295.76,16172328,0.1699999999999999,<5M,113340.0,531749.0,142.0,4.0,0.0412251026786583,12.5590179414542,23.5,0.10475952701672764,798.169014084507,True,BC,Canada,Other,2026-03-24,98.0,2026.0,0.0,TSXV,Mining,20260324.0,,,1189092.0,,,,,,False,False,False,False,False,False,False,False,False,False,False,True,False,False,False,False,False,False,False,False,False,False,False,True,False,False,False,False,,2026-06-30,2026-07-31
V-04930,V.V,V,Verdera Energy Corp.,verdera energy,TSXV,,,,,Uranium,1,False,Operator,False,False,USA,NM,1,1,False,False,False,,,31062397.025,73087993,0.425,25-100M,3774664.5,5904458.0,2124.0,5.0,0.1215187770912216,41.92634560906516,45.65217391304348,0.3087984937468162,1777.149011299435,True,BC,Canada,QT,2026-02-24,126.0,2026.0,0.0,TSXV,Mining,20260224.0,,,1187075.0,,,Y,,,False,False,False,False,False,False,False,False,False,False,False,False,False,False,True,False,False,False,False,False,False,False,False,False,False,False,False,True,,2026-06-30,2026-07-31
V-02662,VERT.V,VERT,Vertical Exploration Inc.,vertical exploration,TSXV,,,,,,0,False,Operator,False,True,CANADA,QC,1,1,True,False,False,,,6116162.12,152904053,0.04,5-25M,481517.5,12252868.0,661.0,6.0,0.0787287011940749,27.57318224740321,29.194630872483224,0.20006212147052413,728.4682299546142,False,BC,Canada,IPO,2007-11-26,6791.0,2007.0,19.0,TSXV,Mining,20071126.0,,,1113853.0,,,,,,False,False,False,False,False,False,False,False,False,False,False,False,False,False,False,False,False,False,False,True,False,False,False,True,False,False,False,False,,2026-06-30,2026-07-31
V-5063,VLD.V,VLD,Vinland Lithium Inc.,vinland lithium,TSXV,,,,,Lithium,1,False,Operator,False,False,CANADA,NL,1,1,True,False,False,,,4472362.14,10050252,0.4449999999999999,<5M,376235.5,600341.0,416.0,6.0,0.0841245606287151,29.650613786591123,47.5,0.21377385644491098,904.4122596153846,False,BC,Canada,Other,2025-05-23,403.0,2025.0,1.0,TSXV,Mining,20250523.0,,,1188245.0,,,,,,False,False,False,False,False,False,False,False,False,False,False,False,False,True,False,False,False,False,False,False,False,False,False,True,False,False,False,False,,2026-06-30,2026-07-31
V-02107,VIO.V,VIO,Vior Gold Corporation Inc.,vior gold,TSXV,,,,,Gold | Nickel,2,True,Operator,False,False,CANADA,QC,1,1,True,False,False,,,45716676.06,415606146,0.11,25-100M,6194501.0,46334837.0,6188.0,6.0,0.1354976243651253,45.136921624173745,48.26086956521739,0.3443209626674659,1001.05058177117,False,QC,Canada,,,,,,TSXV,Mining,,,,1074443.0,,OTCQB,,,,False,True,False,False,True,False,False,False,False,False,False,False,False,False,False,False,False,False,False,False,False,False,False,True,False,False,False,False,,2026-06-30,2026-07-31
V-04060,VML.V,VML,Viscount Mining Corp.,viscount mining,TSXV,,,,,Gold | Silver,2,True,Operator,False,False,USA,CO | NV,1,2,False,False,False,,,41402465.38,121771957,0.34,25-100M,6269439.5,11264043.0,5232.0,6.0,0.1514267192172699,48.1586402266289,50.8695652173913,0.3847993201265762,1198.287366207951,False,BC,Canada,QT,2013-07-25,4723.0,2013.0,13.0,TSXV,Mining,20130725.0,,,1153800.0,,,Y,,,False,True,True,False,False,False,False,False,False,False,False,False,False,False,False,False,False,True,False,False,False,False,False,False,False,False,False,True,,2026-06-30,2026-07-31
V-02563,VGD.V,VGD,Visible Gold Mines Inc.,visible gold mines,TSXV,,,,,Gold,1,False,Operator,False,False,CANADA,QC,1,1,True,False,False,,,4960171.32,38155164,0.13,<5M,804040.5,4423511.0,755.0,6.0,0.1620993405526162,49.95278564683664,70.5,0.41192014434463975,1064.9543046357617,False,QC,Canada,Other,2007-07-17,6923.0,2007.0,19.0,TSXV,Mining,20070717.0,,,1113391.0,,,,,,False,True,False,False,False,False,False,False,False,False,False,False,False,False,False,False,False,False,False,False,False,False,False,True,False,False,False,False,,2026-06-30,2026-07-31
V-00021,VLI.V,VLI,Vision Lithium inc.,vision lithium,TSXV,,,,,Lithium,1,False,Operator,False,False,CANADA,MB | NB | ON | QC,1,4,True,False,False,,,4395287.265,293019151,0.015,<5M,685567.5,34835844.0,2051.0,6.0,0.1559778596177831,49.10292728989613,69.0,0.39636449000525076,334.26011701608974,False,QC,Canada,,,,,,TSXV,Mining,,,,25012.0,,OTCQB,,,,False,False,False,False,False,False,False,False,False,False,False,False,False,True,False,False,False,False,False,False,False,False,False,True,False,False,False,False,,2026-06-30,2026-07-31
V-03812,VCG.V,VCG,Visionary Copper and Gold Mines Inc.,visionary copper and gold mines,TSXV,,,,,Gold | Silver | Copper,3,True,Operator,False,False,CANADA,MB | NB,1,2,True,False,False,,,40999198.2,22904580,1.79,25-100M,5726324.5,6049758.0,3378.0,6.0,0.1396691826036734,45.98677998111425,49.130434782608695,0.3549215540449924,1695.181912374186,False,BC,Canada,Other,2011-07-14,5465.0,2011.0,15.0,TSXV,Mining,20110714.0,,,1148330.0,,OTCQX,,,,False,True,True,True,False,False,False,False,False,False,False,False,False,False,False,False,False,False,False,False,False,False,False,True,False,False,False,False,,2026-06-30,2026-07-31
V-01578,VIZ.V,VIZ,Visionary Metals Corp.,visionary metals,TSXV,,,,,Nickel,1,False,Operator,False,False,USA,WY,1,1,False,False,False,,,10979918.0,43919672,0.25,5-25M,820931.0,8683647.0,374.0,6.0,0.0747665875100342,26.251180358829085,27.516778523489933,0.18999376193817816,2195.0026737967914,False,BC,Canada,,,,,,TSXV,Mining,,,,1064610.0,,,Y,,,False,False,False,False,True,False,False,False,False,False,False,False,False,False,False,False,False,False,False,False,False,False,False,False,False,False,False,True,,2026-06-30,2026-07-31
V-03079,VAU.V,VAU,Viva Gold Corp.,viva gold,TSXV,,,,,Gold,1,False,Operator,False,False,USA,NV,1,1,False,False,False,,,20652852.24,172107102,0.12,5-25M,2156594.5,14195892.0,1888.0,6.0,0.1044211460450559,36.07176581680831,39.261744966442954,0.2653507004092369,1142.2640360169491,False,BC,Canada,QT from NEX,2017-11-08,3156.0,2017.0,9.0,TSXV,Mining,20171108.0,,,1128565.0,,OTCQB,Y,,,False,True,False,False,False,False,False,False,False,False,False,False,False,False,False,False,False,False,False,False,False,False,False,False,False,False,False,True,,2026-06-30,2026-07-31
V-04789,VCU.V,VCU,Vizsla Copper Corp.,vizsla copper,TSXV,,,,,Gold | Copper | Molybdenum,3,True,Operator,False,False,CANADA,BC,1,1,True,False,False,,,95205276.24,90241968,1.055,25-100M,61032034.5,40288057.0,33455.0,6.0,0.6410572702519791,93.76770538243626,97.3913043478261,1.6290282390733268,1824.3023314900613,False,BC,Canada,Other,2021-09-17,1747.0,2021.0,5.0,TSXV,Mining,20210917.0,,,1185195.0,,OTCQB,,,,False,True,False,True,False,False,True,False,False,False,False,False,False,False,False,False,False,False,False,False,False,False,False,True,False,False,False,False,,2026-06-30,2026-07-31
V-05024,VROY.V,VROY,Vizsla Royalties Corp.,vizsla royalties,TSXV,,,,,Silver,1,False,Royalty/Streamer,True,False,,,0,0,False,True,False,,,256038531.8,67378561,3.8,100-500M,92475212.0,26512725.0,38361.0,6.0,0.3611769343851549,78.18696883852692,66.66666666666666,0.9178078975441353,2410.6569693177967,False,BC,Canada,Other,2024-08-26,673.0,2024.0,2.0,TSXV,Mining,20240826.0,,,1188305.0,,,,Y,Y,False,False,True,False,False,False,False,False,False,False,False,False,False,False,False,False,False,False,True,False,False,False,False,False,False,False,False,False,,2026-06-30,2026-07-31
V-02812,VG.V,VG,Volcanic Gold Mines Inc.,volcanic gold mines,TSXV,,,,,Gold | Silver,2,True,Operator,False,False,LATIN AMERICA,Guatemala,1,1,False,False,False,,,4753563.36,59419542,0.08,<5M,472658.0,4257860.0,518.0,6.0,0.0994323550996067,33.994334277620396,51.0,0.25267339105468345,912.4671814671816,False,BC,Canada,QT,2010-02-01,5993.0,2010.0,16.0,TSXV,Mining,20100201.0,,,1114439.0,,,Y,,,False,True,True,False,False,False,False,False,False,False,False,False,False,False,False,False,False,False,False,False,False,False,False,False,True,False,False,False,,2026-06-30,2026-07-31
V-01985,VCT.V,VCT,Volt Carbon Technologies Inc.,volt carbon technologies,TSXV,,,,,Rare Earths | Lithium,2,True,Operator,False,False,CANADA,BC | ON | QC,1,3,True,False,False,,,25588022.26,301035556,0.085,25-100M,1907735.0,35650239.0,2397.0,6.0,0.0745557816315578,25.967894239848917,26.08695652173913,0.18945807075279344,795.8844388819358,False,AB,Canada,,,,,,TSXV,Mining,,,,1044272.0,,OTCQB,,,,False,False,False,False,False,False,False,False,False,False,False,True,False,True,False,False,False,False,False,True,False,False,False,True,False,False,False,False,,2026-06-30,2026-07-31
V-04389,VMS.V,VMS,Vortex Metals Inc.,vortex metals,TSXV,,,,,Gold | Copper,2,True,Operator,False,False,LATIN AMERICA,Mexico,1,1,False,False,False,,,4325270.88,123579168,0.0349999999999999,<5M,811437.5,17892385.0,725.0,6.0,0.1876038570791201,56.84608120868744,74.5,0.4767311675926191,1119.2241379310344,False,BC,Canada,QT,2022-05-10,1512.0,2022.0,4.0,TSXV,Mining,20220510.0,,,1178825.0,,,Y,,,False,True,False,True,False,False,False,False,False,False,False,False,False,False,False,False,False,False,False,False,False,False,False,False,True,False,False,False,,2026-06-30,2026-07-31
V-04006,VM.V,VM,Voyageur Pharmaceuticals Ltd.,voyageur pharmaceuticals,TSXV,,,,,,0,False,Operator,False,True,CANADA,BC,1,1,True,False,False,,,28292794.0,226342352,0.125,25-100M,1482114.5,11866667.0,1351.0,6.0,0.0523848758097203,17.091595845136922,14.782608695652174,0.13311828124317282,1097.0499629903777,False,AB,Canada,QT from NEX,2017-03-07,3402.0,2017.0,9.0,TSXV,Mining,20170307.0,,,1152795.0,,,Y,,,False,False,False,False,False,False,False,False,False,False,False,False,False,False,False,False,False,False,False,True,False,False,False,True,False,False,False,False,,2026-06-30,2026-07-31
V-04267,VRR.V,VRR,VR Resources Ltd.,vr resources,TSXV,,,,,Gold | Copper,2,True,Operator,False,False,CANADA | USA,ON | NV,2,2,True,False,False,,,4376380.69,39785279,0.11,<5M,2262303.0,19739137.0,1728.0,6.0,0.5169346910723162,89.70727101038716,94.0,1.3136130710793537,1309.203125,False,BC,Canada,QT,2017-03-23,3386.0,2017.0,9.0,TSXV,Mining,20170323.0,,,1175165.0,,OTCQB,Y,,,False,True,False,True,False,False,False,False,False,False,False,False,False,False,False,False,False,True,False,False,False,False,False,True,False,False,False,True,,2026-06-30,2026-07-31
V-02119,VUL.V,VUL,Vulcan Minerals Inc.,vulcan minerals,TSXV,,,,,Gold | Copper | Nickel,3,True,Operator,False,False,CANADA,NL,1,1,True,False,False,,,55858031.14,129902398,0.43,25-100M,3327028.0,11507692.0,2064.0,6.0,0.0595622139215986,19.924457034938623,19.130434782608695,0.15135703620032553,1611.9321705426355,False,NL,Canada,,,,,,TSXV,Mining,,,,1023581.0,,,,,,False,True,False,True,True,False,False,False,False,False,False,False,False,False,False,False,False,False,False,False,False,False,False,True,False,False,False,False,,2026-06-30,2026-07-31
V-02071,VVC.V,VVC,VVC Exploration Corp.,vvc exploration,TSXV,,,,,Copper,1,False,Operator,False,False,LATIN AMERICA | USA,Mexico | KS,2,2,False,False,False,,,5726818.15,572681815,0.01,5-25M,109554.0,7084417.0,253.0,6.0,0.0191299945502896,4.627006610009444,4.697986577181208,0.04861235147289014,433.0197628458498,False,ON,Canada,,2001-10-01,9038.0,2001.0,25.0,TSXV,Mining,20011001.0,,,22442.0,,,,,,False,False,False,True,False,False,False,False,False,False,False,False,False,False,False,False,False,False,False,True,False,False,False,False,True,False,False,True,,2026-06-30,2026-07-31
V-00302,WLR.V,WLR,Walker Lane Resources Ltd.,walker lane resources,TSXV,,,,,,0,False,Operator,False,True,,,0,0,False,True,True,,,2510057.965,21826591,0.1149999999999999,<5M,289449.5,1941642.0,455.0,3.0,0.115315862835064,39.848914069877246,58.5,0.2930359044170684,636.1527472527473,True,BC,Canada,,,,,,TSXV,Mining,,,,1023378.0,,,,,,False,False,False,False,False,False,False,False,False,False,False,False,False,False,False,False,False,False,False,False,False,False,False,False,False,False,False,False,,2026-06-30,2026-07-31
V-04024,WRR.V,WRR,Walker River Resources Corp.,walker river resources,TSXV,,,,,Gold,1,False,Operator,False,False,USA,NV,1,1,False,False,False,,,14746286.88,61442862,0.24,5-25M,2683922.5,7223836.0,1767.0,6.0,0.1820066652602651,55.61850802644004,63.42281879194631,0.4625078150849079,1518.9148273910582,False,BC,Canada,IPO,2012-06-29,5114.0,2012.0,14.0,TSXV,Mining,20120629.0,,,1155186.0,,,,,,False,True,False,False,False,False,False,False,False,False,False,False,False,False,False,False,False,False,False,False,False,False,False,False,False,False,False,True,,2026-06-30,2026-07-31
V-02139,WML.V,WML,Wealth Minerals Ltd.,wealth minerals,TSXV,,,,,Lithium,1,False,Operator,False,False,LATIN AMERICA,Chile,1,1,False,False,False,,,24825982.415,381938191,0.065,5-25M,1148288.0,14435750.0,1471.0,6.0,0.0462534767327555,14.44759206798867,14.76510067114094,0.11753742333093398,780.6172671651938,False,BC,Canada,,,,,,TSXV,Mining,,,,1023508.0,SSEV,OTCQB,,,,False,False,False,False,False,False,False,False,False,False,False,False,False,True,False,False,False,False,False,False,False,False,False,False,True,False,False,False,,2026-06-30,2026-07-31
V-02144,WGF.V,WGF,Wescan Goldfields Inc.,wescan goldfields,TSXV,,,,,Gold,1,False,Operator,False,False,CANADA,SK,1,1,True,False,False,,,18208813.68,75870057,0.24,5-25M,718427.5,3482907.0,392.0,6.0,0.0394549316954733,11.425873465533522,12.080536912751679,0.1002612416787217,1832.7232142857144,False,SK,Canada,,,,,,TSXV,Mining,,,,1097760.0,,,,,,False,True,False,False,False,False,False,False,False,False,False,False,False,False,False,False,False,False,False,False,False,False,False,True,False,False,False,False,,2026-06-30,2026-07-31
V-02355,WHY.V,WHY,West High Yield (W.H.Y.) Resources Ltd.,west high yield w h y resources,TSXV,,,,,Gold,1,False,Operator,False,False,CANADA,BC,1,1,True,False,False,,,41489221.82,122027123,0.34,25-100M,3947462.5,11146814.0,3524.0,6.0,0.0951442887293951,32.95561850802644,36.52173913043478,0.24177673402847147,1120.1652951191827,False,AB,Canada,Other,2006-08-01,7273.0,2006.0,20.0,TSXV,Mining,20060801.0,,,1106552.0,,,,,,False,True,False,False,False,False,False,False,False,False,False,False,False,False,False,False,False,False,False,True,False,False,False,True,False,False,False,False,,2026-06-30,2026-07-31
V-02229,WPG.V,WPG,West Point Gold Corp.,west point gold,TSXV,,,,,Gold,1,False,Operator,False,False,USA,AZ | NV,1,2,False,False,False,,,193071335.18,135965729,1.4200000000000002,100-500M,46739640.5,33602671.0,27575.0,6.0,0.2420848255719821,66.66666666666666,53.00546448087432,0.615175952926777,1695.0005621033545,False,BC,Canada,Other,2005-12-19,7498.0,2005.0,21.0,TSXV,Mining,20051219.0,,,1095424.0,,OTCQB,,Y,Y,False,True,False,False,False,False,False,False,False,False,False,False,False,False,False,False,False,False,False,False,False,False,False,False,False,False,False,True,,2026-06-30,2026-07-31
V-00568,WRLG.V,WRLG,West Red Lake Gold Mines Ltd.,west red lake gold mines,TSXV,,,,,Gold,1,False,Operator,False,False,CANADA,ON,1,1,True,False,False,,,268430267.3,412969642,0.65,100-500M,293868597.5,308143311.0,122816.0,6.0,1.0947669964936178,98.96128423040605,100.0,2.781976642730521,2392.7549952774884,False,BC,Canada,,,,,,TSXV,Mining,,,,33265.0,,OTCQB,,Y,,False,True,False,False,False,False,False,False,False,False,False,False,False,False,False,False,False,False,False,False,False,False,False,True,False,False,False,False,,2026-06-30,2026-07-31
V-02617,WVM.V,WVM,West Vault Mining Inc.,west vault mining,TSXV,,,,,Gold,1,False,Operator,False,False,USA,NV,1,1,False,False,False,,,84209570.7,58075566,1.45,25-100M,3326845.5,1632617.0,2181.0,6.0,0.0395067386325008,11.520302171860246,9.130434782608695,0.10039289132581883,1525.3762035763411,False,BC,Canada,QT,2010-05-31,5874.0,2010.0,16.0,TSXV,Mining,20100531.0,,,1113805.0,,OTCQX,Y,,,False,True,False,False,False,False,False,False,False,False,False,False,False,False,False,False,False,False,False,False,False,False,False,False,False,False,False,True,,2026-06-30,2026-07-31
V-03791,WEX.V,WEX,Western Exploration Inc.,western exploration,TSXV,,,,,Gold,1,False,Operator,False,False,USA,NV,1,1,True,False,False,,,34334997.95,62427269,0.55,25-100M,9308996.0,11725226.0,7034.0,6.0,0.2711226607194248,70.91595845136922,79.13043478260869,0.6889656994156464,1323.4284901905032,False,NV,USA,RTO,2022-01-19,1623.0,2022.0,4.0,TSXV,Mining,20220119.0,,,1136050.0,,OTCQX,,,,False,True,False,False,False,False,False,False,False,False,False,False,False,False,False,False,False,False,False,False,False,False,False,False,False,False,False,True,,2026-06-30,2026-07-31
V-04484,WGLD.V,WGLD,Western Gold Exploration Ltd.,western gold exploration,TSXV,,,,,Gold | Copper,2,True,Operator,False,False,UK/EUROPE,Scotland,1,1,True,False,False,,,8496314.6,42481573,0.1999999999999999,5-25M,522245.0,1853307.0,245.0,6.0,0.0614672389838295,20.77431539187913,21.812080536912752,0.15619800715023255,2131.612244897959,False,Scotland,UK/Europe,QT,2020-10-29,2070.0,2020.0,6.0,TSXV,Mining,20201029.0,,,1181747.0,,,Y,,,False,True,False,True,False,False,False,False,False,False,False,False,False,False,False,False,False,False,False,False,False,False,False,False,False,False,True,False,,2026-06-30,2026-07-31
V-04797,WMS.V,WMS,Western Metallica Resources Corp.,western metallica resources,TSXV,,,,,Gold | Copper | Molybdenum,3,True,Operator,False,False,LATIN AMERICA | UK/EUROPE,Peru | Spain,2,2,False,False,False,,,253085.97,8436199,0.03,<5M,107403.0,1608351.0,158.0,6.0,0.4243735834112021,84.04154863078375,90.0,1.078400610013913,679.7658227848101,False,ON,Canada,QT,2022-04-19,1533.0,2022.0,4.0,TSXV,Mining,20220419.0,,,1185060.0,,,Y,,,False,True,False,True,False,False,True,False,False,False,False,False,False,False,False,False,False,False,False,False,False,False,False,False,True,False,True,False,,2026-06-30,2026-07-31
V-03704,WHN.V,WHN,Westhaven Gold Corp.,westhaven gold,TSXV,,,,,Gold,1,False,Operator,False,False,CANADA,BC,1,1,True,False,False,,,68944180.27,260166718,0.2649999999999999,25-100M,13702862.5,50923364.0,7438.0,6.0,0.1987529976618286,59.584513692162425,66.52173913043478,0.5050629028266514,1842.2778300618445,False,BC,Canada,QT,2011-07-20,5459.0,2011.0,15.0,TSXV,Mining,20110720.0,,,1136465.0,,,Y,,,False,True,False,False,False,False,False,False,False,False,False,False,False,False,False,False,False,False,False,False,False,False,False,True,False,False,False,False,,2026-06-30,2026-07-31
V-01733,WGO.V,WGO,White Gold Corp.,white gold,TSXV,,,,,Gold,1,False,Operator,False,False,CANADA,YT,1,1,True,False,False,,,377400000.0,222000000,1.7,100-500M,133525066.5,78145751.0,57065.0,6.0,0.3538025079491256,77.43153918791312,65.02732240437157,0.8990683098836777,2339.8767458161747,False,ON,Canada,,,,,,TSXV,Mining,,,,782165.0,,OTCQX,,Y,Y,False,True,False,False,False,False,False,False,False,False,False,False,False,False,False,False,False,False,False,False,False,False,False,True,False,False,False,False,,2026-06-30,2026-07-31
V-02466,WMK.V,WMK,Whitemud Resources Inc.,whitemud resources,TSXV,,,,,,0,False,Operator,False,True,CANADA,SK,1,1,True,False,False,,,5103945.0,34026300,0.15,5-25M,311453.5,1800270.0,420.0,6.0,0.0610221113276103,20.49102927289896,21.476510067114095,0.15506686714820336,741.5559523809524,False,AB,Canada,Other,2007-02-28,7062.0,2007.0,19.0,TSXV,Mining,20070228.0,,,1111498.0,,,,,,False,False,False,False,False,False,False,False,False,False,False,False,False,False,False,False,False,False,False,True,False,False,False,True,False,False,False,False,,2026-06-30,2026-07-31
V-02491,WSK.V,WSK,Wildsky Resources Inc.,wildsky resources,TSXV,,,,,Gold | Lead | Zinc,3,True,Operator,False,False,AFRICA,Nigeria,1,1,False,False,False,,,6186745.51,56243141,0.11,5-25M,451431.5,1944260.0,239.0,6.0,0.0729675237603235,25.401322001888577,26.51006711409396,0.18542205549606905,1888.8347280334729,False,BC,Canada,Other,2007-04-25,7006.0,2007.0,19.0,TSXV,Mining,20070425.0,,,1112388.0,,,,,,False,True,False,False,False,False,False,False,False,True,True,False,False,False,False,False,False,False,False,True,True,False,False,False,False,False,False,False,,2026-06-30,2026-07-31
V-04724,WEC.V,WEC,Winchester Equity Corporation,winchester equity,TSXV,,,,,,0,False,Operator,False,True,,,0,0,False,True,True,,,1686957.81,112463854,0.015,<5M,168410.5,10890845.0,343.0,6.0,0.0998308902580082,34.183191690273844,51.5,0.2536861321270129,490.9927113702624,False,ON,Canada,TSX Comedown,2021-04-27,1890.0,2021.0,5.0,TSXV,Mining,20210427.0,,,1184635.0,,OTCQB,,,,False,False,False,False,False,False,False,False,False,False,False,False,False,False,False,False,False,False,False,False,False,False,False,False,False,False,False,False,,2026-06-30,2026-07-31
V-00915,WINS.V,WINS,Winshear Metals Corp.,winshear metals,TSXV,,,,,Gold,1,False,Operator,False,False,AFRICA | LATIN AMERICA,Tanzania | Peru,2,2,False,False,False,,,7963975.975,69251965,0.1149999999999999,5-25M,519566.0,3596971.0,428.0,6.0,0.0652395237794523,22.379603399433428,23.48993288590604,0.16578398135731254,1213.9392523364486,False,BC,Canada,,,,,,TSXV,Mining,,,,1019700.0,,,,,,False,True,False,False,False,False,False,False,False,False,False,False,False,False,False,False,False,False,False,False,True,False,False,False,True,False,False,False,,2026-06-30,2026-07-31
V-04068,WLF.V,WLF,Wolfden Resources Corporation,wolfden resources,TSXV,,,,,Copper | Nickel,2,True,Operator,False,False,CANADA | USA,MB | NB | ME,2,3,True,False,False,,,13287235.36,189817648,0.0699999999999999,5-25M,838190.5,9503887.0,521.0,6.0,0.0630823852585087,21.246458923512748,22.483221476510067,0.16030235010644345,1608.8109404990405,False,ON,Canada,IPO,2012-10-22,4999.0,2012.0,14.0,TSXV,Mining,20121022.0,,,1160300.0,,,,,,False,False,False,True,True,False,False,False,False,False,False,False,False,False,False,False,False,False,False,True,False,False,False,True,False,False,False,True,,2026-06-30,2026-07-31
V-02480,WCU.V,WCU,World Copper Ltd.,world copper,TSXV,,,,,Copper,1,False,Operator,False,False,LATIN AMERICA | USA,Chile | AZ,2,2,False,False,False,,,2630310.67,263031067,0.01,<5M,903023.5,64931224.0,2244.0,6.0,0.3433143887904313,76.86496694995279,86.5,0.8724163349711037,402.416889483066,False,BC,Canada,QT from NEX,2021-01-26,1981.0,2021.0,5.0,TSXV,Mining,20210126.0,,,1109437.0,,OTCQB,Y,,,False,False,False,True,False,False,False,False,False,False,False,False,False,False,False,False,False,False,False,False,False,False,False,False,True,False,False,True,,2026-06-30,2026-07-31
V-04256,XGC.V,XGC,Xali Gold Corp.,xali gold,TSXV,,,,,Gold,1,False,Operator,False,False,LATIN AMERICA,Mexico | Peru,1,2,False,False,False,,,41932669.2,164441840,0.255,25-100M,4136441.0,18628884.0,2335.0,6.0,0.0986448294114317,33.711048158640224,37.391304347826086,0.2506721633257966,1771.4950749464667,False,BC,Canada,TSX Comedown,2015-07-27,3991.0,2015.0,11.0,TSXV,Mining,20150727.0,,,1175115.0,,,,,,False,True,False,False,False,False,False,False,False,False,False,False,False,False,False,False,False,False,False,False,False,False,False,False,True,False,False,False,,2026-06-30,2026-07-31
V-04587,GIG.V,GIG,XAU Resources Inc.,xau resources,TSXV,,,,,Gold,1,False,Operator,False,False,LATIN AMERICA,Guyana,1,1,False,False,False,,,8548365.0,16761500,0.51,5-25M,212720.5,570013.0,256.0,4.0,0.0248843492293555,6.326723323890462,7.046979865771812,0.06323507974513551,830.939453125,True,ON,Canada,QT,2022-06-27,1464.0,2022.0,4.0,TSXV,Mining,20220627.0,,,1181991.0,,,Y,,,False,True,False,False,False,False,False,False,False,False,False,False,False,False,False,False,False,False,False,False,False,False,False,False,True,False,False,False,,2026-06-30,2026-07-31
V-02693,XIM.V,XIM,Ximen Mining Corp.,ximen mining,TSXV,,,,,Gold,1,False,Operator,False,False,CANADA,BC,1,1,True,False,False,,,7046646.5,70466465,0.1,5-25M,712293.0,8015679.0,875.0,6.0,0.1010825504018117,34.65533522190746,37.24832214765101,0.2568667991510011,814.0491428571429,False,BC,Canada,IPO,2007-12-20,6767.0,2007.0,19.0,TSXV,Mining,20071220.0,,,1116314.0,,,,,,False,True,False,False,False,False,False,False,False,False,False,False,False,False,False,False,False,False,False,False,False,False,False,True,False,False,False,False,,2026-06-30,2026-07-31
V-04378,XPLR.V,XPLR,Xplore Resources Corp.,xplore resources,TSXV,,,,,Lithium,1,False,Operator,False,False,CANADA,ON,1,1,True,False,False,,,1315037.625,52601505,0.025,<5M,433197.5,8507078.0,486.0,6.0,0.3294183312815859,75.82625118035882,86.0,0.8371042479795652,891.3528806584362,False,ON,Canada,QT,2020-10-08,2091.0,2020.0,6.0,TSXV,Mining,20201008.0,,,1179980.0,,,Y,,,False,False,False,False,False,False,False,False,False,False,False,False,False,True,False,False,False,False,False,False,False,False,False,True,False,False,False,False,,2026-06-30,2026-07-31
V-04459,XXIX.V,XXIX,XXIX Metal Corp.,xxix metal,TSXV,,,,,Silver | Nickel,2,True,Operator,False,False,CANADA,QC,1,1,True,False,False,,,43999348.565,382603031,0.1149999999999999,25-100M,9074254.0,72932744.0,4556.0,6.0,0.2062360988502967,61.00094428706326,68.69565217391305,0.5240786502762765,1991.7151009657596,False,ON,Canada,Other,2018-06-01,2951.0,2018.0,8.0,TSXV,Mining,20180601.0,,,1181305.0,,OTCQB,,,,False,False,True,False,True,False,False,False,False,False,False,False,False,False,False,False,False,False,False,False,False,False,False,True,False,False,False,False,,2026-06-30,2026-07-31
V-04707,ZAC.V,ZAC,Zacatecas Silver Corp.,zacatecas silver,TSXV,,,,,Silver,1,False,Operator,False,False,LATIN AMERICA,Mexico,1,1,False,False,False,,,16342385.7,217898476,0.075,5-25M,6559375.0,60710054.0,5362.0,6.0,0.4013719367790959,81.58640226628894,87.58389261744966,1.0199497762933025,1223.3075345020516,False,BC,Canada,Other,2021-03-02,1946.0,2021.0,5.0,TSXV,Mining,20210302.0,,,1184605.0,,,,,,False,False,True,False,False,False,False,False,False,False,False,False,False,False,False,False,False,False,False,False,False,False,False,False,True,False,False,False,,2026-06-30,2026-07-31
V-04649,ZBNI.V,ZBNI,ZEB Nickel Corp.,zeb nickel,TSXV,,,,,Nickel,1,False,Operator,False,False,AFRICA,South Africa,1,1,False,False,False,,,4174044.75,55653930,0.075,<5M,24000.5,210792.0,121.0,6.0,0.0057499383541587,1.3220018885741265,3.0,0.014611505689926314,198.3512396694215,True,BC,Canada,QT,2021-08-11,1784.0,2021.0,5.0,TSXV,Mining,20210811.0,,,1183615.0,,OTCQB,Y,,,False,False,False,False,True,False,False,False,False,False,False,False,False,False,False,False,False,False,False,False,True,False,False,False,False,False,False,False,,2026-06-30,2026-07-31
V-03706,ZEN.V,ZEN,Zentek Ltd.,zentek,TSXV,,,,,,0,False,Operator,False,True,CANADA,ON,1,1,True,False,False,,,82302695.8,126619532,0.65,25-100M,15775117.0,19167908.0,13047.0,6.0,0.191671935489627,57.69593956562795,63.91304347826087,0.4870688003081414,1209.0991798880968,False,ON,Canada,IPO,2010-12-23,5668.0,2010.0,16.0,TSXV,Mining,20101223.0,,,1138995.0,NasdaqCM,,,,,False,False,False,False,False,False,False,False,False,False,False,False,False,False,False,False,False,False,False,True,False,False,False,True,False,False,False,False,,2026-06-30,2026-07-31
V-03766,ZFR.V,ZFR,Zephyr Minerals Ltd.,zephyr minerals,TSXV,,,,,Gold,1,False,Operator,False,False,AFRICA | USA,Zimbabwe | CO,2,2,False,False,False,,,6034404.025,92836985,0.065,5-25M,401036.0,6639220.0,380.0,6.0,0.0664582613856386,22.851746931067044,23.825503355704697,0.1688809869894578,1055.357894736842,False,NS,Canada,QT,2011-11-04,5352.0,2011.0,15.0,TSXV,Mining,20111104.0,,,1141150.0,,,Y,,,False,True,False,False,False,False,False,False,False,False,False,False,False,False,False,False,False,False,False,False,True,False,False,False,False,False,False,True,,2026-06-30,2026-07-31
V-01217,ZNX.V,ZNX,Zincx Resources Corp.,zincx resources,TSXV,,,,,Silver | Lead | Zinc,3,True,Operator,False,False,CANADA,YT,1,1,True,False,False,,,15971171.985,187896141,0.0849999999999999,5-25M,308981.5,3683327.0,367.0,6.0,0.0193462007854021,4.721435316336167,5.033557046979865,0.049161765821351594,841.9114441416893,False,BC,Canada,,,,,,TSXV,Mining,,,,23456.0,,,,,,False,False,True,False,False,False,False,False,False,True,True,False,False,False,False,False,False,False,False,False,False,False,False,True,False,False,False,False,,2026-06-30,2026-07-31
V-04999,ZAU.V,ZAU,Zodiac Gold Inc.,zodiac gold,TSXV,,,,,Gold,1,False,Operator,False,False,AFRICA,Liberia,1,1,False,False,False,,,48739155.42,165217476,0.295,25-100M,10024886.0,35217962.0,4097.0,6.0,0.2056844422849049,60.90651558073654,68.26086956521739,0.5226768034132963,2446.8845496704907,False,BC,Canada,Other,2024-01-29,883.0,2024.0,2.0,TSXV,Mining,20240129.0,,,1187735.0,,,,,,False,True,False,False,False,False,False,False,False,False,False,False,False,False,False,False,False,False,False,False,True,False,False,False,False,False,False,False,,2026-06-30,2026-07-31
V-03125,ZON.V,ZON,Zonte Metals Inc.,zonte metals,TSXV,,,,,,0,False,Operator,False,True,,,0,0,False,True,True,,,11063533.65,85104105,0.13,5-25M,1653629.0,11458760.0,1007.0,6.0,0.1494666218148123,47.780925401322,55.033557046979865,0.3798184016219273,1642.134061569017,False,ON,Canada,QT,2010-10-18,5734.0,2010.0,16.0,TSXV,Mining,20101018.0,,,1125805.0,,,Y,,,False,False,False,False,False,False,False,False,False,False,False,False,False,False,False,False,False,False,False,False,False,False,False,False,False,False,False,False,,2026-06-30,2026-07-31
