Co_ID,Exchange,Name,ticker,mcap,shares,Sector,"Sub
Sector",hq_location,hq_region,Listing Type,Listing Date,Interlisted I,Interlisted II,"Trading 
on OTC","TSX 
Venture 
Grad","Former
CPC",S&P/TSX Index,2025 TSX30,Clean Technology Primary Industry,Clean Technology Sub-Sector,"Consumer Products & Services
Sub-Sector",Life Sciences Sub-Sector,Real Estate Sub-Sector ,Technology Sub-Sector ,USA City,Asia Region,Israel Related,Fund Family/Issuing Entity,SP_Type,SP_Sub,vol_ytd,value_ytd,trades_ytd,months,board,turnover,px,avg_trade,lyear,yrs,PO ID,Sub-Sector,Interlisted,Trading on OTC,"CPC/
Former
CPC","S&P/TSX Venture 
Composite Index",2026 Venture 50,Cleantech Sub-Sector,Real Estate Sub-Sector,Technology Sub-Sector,Trust
V-01325,TSX,AbraSilver Resource Corp.,ABRA,2303393480.55,160963905,Mining,,ON,Canada,TSXV Grad,20250227.0,,,OTCQX,Y,,Composite,,,,,,,,,,,,,,97350410.0,1373045059.0,429185.0,6.0,TSX,0.5960966159686042,14.31,3199.19162831879,2025.0,1.0,,,,,,,,,,,
ACL0001,TSX,Aclara Resources Inc.,ARA,1015898463.64,246577297,Mining,,Chile,Latin America,IPO,20211210.0,,,,,,,,,,,,,,,,,,,,21877310.0,84186909.5,76394.0,6.0,TSX,0.08286941314819528,4.12,1102.009444458989,2021.0,5.0,,,,,,,,,,,
AGN0001,TSX,Agnico Eagle Mines Limited,AEM,111855278192.32,528326164,Mining,,ON,Canada,,19571227.0,NYSE,,,,,60,,,,,,,,,,,,,,131507808.0,34524303849.0,689059.0,6.0,TSX,0.3086515398016367,211.71633323145437,50103.55259709256,1957.0,69.0,,,,,,,,,,,
ALA0001,TSX,Alamos Gold Inc.,AGI,18026193873.0,419213811,Mining,,ON,Canada,TSXV Grad,20040621.0,NYSE,,,Y,Y,Composite,Y,,,,,,,,,,,,,146443660.0,8238713655.0,804428.0,6.0,TSX,0.4570412208502935,43.0,10241.70423580482,2004.0,22.0,,,,,,,,,,,
X-1188,TSX,Alkane Resources Limited,ALK,1885362652.98,1366204821,Mining,,Australia,Australia/NZ/PNG,Other,20250807.0,ASX,,,,,,,,,,,,,,,,,,,115781325.0,171704837.0,143543.0,6.0,TSX,0.09107257785583252,1.3800000000000001,1196.1909462669723,2025.0,1.0,,,,,,,,,,,
ALL0026,TSX,Allied Gold Corporation,AAUC,4432019234.1,127620683,Mining,,ON,Canada,Other,20230911.0,NYSE,,,,,Composite,,,,,,,,,,,,,,145819831.0,5881859038.0,578363.0,6.0,TSX,1.3271284999724093,34.72806389932892,10169.839768449918,2023.0,3.0,,,,,,,,,,,
ALM0005,TSX,Almonty Industries Inc.,AII,6696690360.12,285451422,Mining,,MT,USA,TSXV Grad,20180601.0,NasdaqCM,ASX,,Y,Y,,Y,,,,,,,Dillon,,,,,,106747139.0,2425879129.0,555210.0,6.0,TSX,0.36225045485849966,23.46,4369.300136885143,2018.0,8.0,,,,,,,,,,,
ALT0013,TSX,Altius Minerals Corporation,ALS,3540698682.56,55741478,Mining,,NL,Canada,TSXV Grad,20070115.0,,,OTCQX,Y,Y,Composite,,,,,,,,,,,,,,29150260.0,1498063474.5,189581.0,6.0,TSX,0.42309826641810383,63.519999999999996,7901.970527109785,2007.0,19.0,,,,,,,,,,,
SCO0013,TSX,Americas Gold and Silver Corporation,USA,2264878550.77,337537787,Mining,,ON,Canada,TSXV Grad,20061018.0,NYSE Mkt,,,Y,,Composite,,,,,,,,,,,,,,229570211.0,2080177625.0,810677.0,6.0,TSX,0.918449964698016,6.71,2565.9758757186896,2006.0,20.0,,,,,,,,,,,
AME0021,TSX,Amerigo Resources Ltd.,ARG,992863161.72,161704098,Mining,,BC,Canada,TSXV Grad,20040323.0,,,OTCQX,Y,,,,,,,,,,,,,,,,120341529.0,704432021.5,376795.0,6.0,TSX,0.7094955766912205,6.140000000000001,1869.536542416964,2004.0,22.0,,,,,,,,,,,
V-04572,TSX,Andean Precious Metals Corp.,APM,878967938.58,151025419,Mining,,ON,Canada,TSXV Grad,20250109.0,,,OTCQX,Y,Y,,,,,,,,,,,,,,,68403346.0,563947656.5,264512.0,6.0,TSX,0.6416020786959248,5.82,2132.0305184641907,2025.0,1.0,,,,,,,,,,,
GRA0022,TSX,Aris Mining Corporation,ARIS,4365734206.95,206417693,Mining,,BC,Canada,TSXV Grad,20101222.0,NYSE Mkt,,,Y,,Composite,,,,,,,,,,,,,,121456804.0,3073774196.5,548377.0,6.0,TSX,0.7040681019029347,21.15,5605.220854448673,2010.0,16.0,,,,,,,,,,,
V-04422,TSX,Arizona Metals Corp.,AMC,21865653.28,136660333,Mining,,ON,Canada,TSXV Grad,20221013.0,,,OTCQX,Y,Y,,,,,,,,,,,,,,,47397144.0,21452511.5,13538.0,6.0,TSX,0.9811054453891898,0.16,1584.6145294725957,2022.0,4.0,,,,,,,,,,,
V-00604,TSX,ATEX Resources Inc.,ATX,914095960.48,374629492,Mining,,ON,Canada,TSXV Grad,20260427.0,,,,Y,,,,,,,,,,,,,,,,31162929.0,91019639.5,59735.0,3.0,TSX,0.09957339648695611,2.44,1523.723771658157,2026.0,0.0,,,,,,,,,,,
AVA0002,TSX,Avalon Advanced Materials Inc.,AVL,41781439.8,835628796,Mining,,ON,Canada,TSXV Grad,20080228.0,,,OTCQB,Y,,,,,,,,,,,,,,,,123764265.0,8643420.5,10675.0,6.0,TSX,0.20687225096536765,0.049999999999999996,809.6881030444965,2008.0,18.0,,,,,,,,,,,
AVI0002,TSX,Avino Silver & Gold Mines Ltd.,ASM,1531213416.27,170324073,Mining,,BC,Canada,TSXV Grad,20180108.0,NYSE Mkt,,,Y,,Composite,Y,,,,,,,,,,,,,128503396.0,1311816648.5,462767.0,6.0,TSX,0.8567170549586449,8.99,2834.7238426681247,2018.0,8.0,,,,,,,,,,,
MAY0003,TSX,Aya Gold & Silver Inc.,AYA,3850374258.14,143349749,Mining,,QC,Canada,TSXV Grad,20180731.0,NasdaqGS,,,Y,,Composite,,,,,,,,,,,,,,204213601.0,4942022760.0,924508.0,6.0,TSX,1.28351750470806,26.86,5345.570573753824,2018.0,8.0,,,,,,,,,,,
BTW0001,TSX,B2Gold Corp.,BTO,7058009249.76,1326693468,Mining,,BC,Canada,TSXV Grad,20081023.0,NYSE Mkt,,,Y,,Composite,,,,,,,,,,,,,,828294181.0,5517316801.5,941192.0,6.0,TSX,0.781710055379654,5.32,5862.0523777295175,2008.0,18.0,,,,,,,,,,,
BAR0007,TSX,Barrick Mining Corporation,ABX,86745601490.1,1663386414,Mining,,ON,Canada,,19830502.0,NYSE,Lima (BVL),,,,60,,,,,,,,,,,,,,747793459.0,45203085078.0,1695213.0,6.0,TSX,0.5210994482891318,52.150000000000006,26665.135931590896,1983.0,43.0,,,,,,,,,,,
BEL0018,TSX,Belo Sun Mining Corp.,BSX,590823251.2,568099280,Mining,,ON,Canada,TSXV Grad,20120216.0,,,OTCQB,Y,,,,,,,,,,,,,,,,113860195.0,124884679.5,76638.0,6.0,TSX,0.21137400947974064,1.04,1629.5399084005323,2012.0,14.0,,,,,,,,,,,
BLA0018,TSX,Black Iron Inc.,BKI,36555248.18,332320438,Mining,,ON,Canada,IPO,20110328.0,,,,,,,,,,,,,,,,,,,,23217522.0,2669955.0,2868.0,6.0,TSX,0.07303889681867289,0.11,930.9466527196653,2011.0,15.0,,,,,,,,,,,
X-1428,TSX,Blossom Gold Inc.,BGAU,254024455.77,131618889,Mining,,ON,Canada,Other,20260202.0,,,,,,,,,,,,,,,,,,,,8929412.0,17807414.5,10953.0,5.0,TSX,0.07010118158120678,1.9300000000000002,1625.8024742079795,2026.0,0.0,,,,,,,,,,,
V-04982,TSX,Bunker Hill Mining Corp.,BNKR,215726122.5,45899175,Mining,,BC,Canada,TSXV Grad,20260325.0,,,,Y,,,,,,,,,,,,,,,,2780292.0,16063282.0,11902.0,4.0,TSX,0.07446145980767814,4.7,1349.6288018820367,2026.0,0.0,,,,,,,,,,,
CAM0009,TSX,Cameco Corporation,CCO,62960647299.68,435532978,Mining,,SK,Canada,,19910704.0,NYSE,,,,,60,Y,,,,,,,,,,,,,126065774.0,19663563834.5,732001.0,6.0,TSX,0.3123151472840709,144.56,26862.755425880565,1991.0,35.0,,,,,,,,,,,
CAN0049,TSX,Canagold Resources Ltd.,CCM,117672371.3,213949766,Mining,,BC,Canada,,19941103.0,,,OTCQB,,,,,,,,,,,,,,,,,7435498.0,4227409.5,4588.0,6.0,TSX,0.035925251214853356,0.5499999999999999,921.4057323452485,1994.0,32.0,,,,,,,,,,,
CAP0012,TSX,Capstone Copper Corp.,CS,9952201968.06,763791402,Mining,,BC,Canada,TSXV Grad,20040728.0,ASX,,,Y,,Composite,,,,,,,,,,,,,,610682115.0,8084728848.0,1932619.0,6.0,TSX,0.8123557855785729,13.03,4183.301958637476,2004.0,22.0,,,,,,,,,,,
CEN0015,TSX,Centerra Gold Inc.,CG,4451938658.31,197951919,Mining,,ON,Canada,IPO,20040629.0,NYSE,,,,,Composite,,,,,,,,,,,,,,119573241.0,2914567579.5,613781.0,6.0,TSX,0.6546737956642014,22.490000000000002,4748.546435129142,2004.0,22.0,,,,,,,,,,,
CEN0021,TSX,Century Global Commodities Corporation,CNT,4137191.975,118205485,Mining,,Hong Kong,Asia,TSXV Grad,20110919.0,,,,Y,Y,,,,,,,,,,Hong Kong,,,,,1459118.0,58026.0,185.0,6.0,TSX,0.01402545503100566,0.035,313.65405405405403,2011.0,15.0,,,,,,,,,,,
CHA0029,TSX,Champion Iron Limited,CIA,2189783465.02,560046922,Mining,,Australia,Australia/NZ/PNG,Other,20140331.0,ASX,,OTCQX,,,,,,,,,,,,,,,,,44886091.0,222393760.5,170090.0,6.0,TSX,0.10155970398560335,3.91,1307.5063819154566,2014.0,12.0,,,,,,,,,,,
JIN0001,TSX,China Gold International Resources Corp. Ltd.,CGG,8911381167.44,396413753,Mining,,China,Asia,TSXV Grad,20061006.0,HKEx,,,Y,,,Y,,,,,,,,Inner Mongolia,,,,,11311247.0,357381896.5,90741.0,6.0,TSX,0.040103984981114456,22.48,3938.4831167829316,2006.0,20.0,,,,,,,,,,,
X-1471,TSX,Clinch Resources Ltd.,CLCH,472838818.97,355517909,Mining,,TN,USA,Other,20260320.0,,,,,,,,,,,,,,Knoxville,,,,,,12734292.0,18078402.0,22647.0,4.0,TSX,0.038233751702918053,1.33,798.2691747251291,2026.0,0.0,,,,,,,,,,,
X-1466,TSX,"Coeur Mining, Inc.",CDE,14883821324.9,642097555,Mining,,IL,USA,Other,20260316.0,NYSE,,,,,,,,,,,,,Chicago,,,,,,38522514.0,960256504.0,157642.0,4.0,TSX,0.06451679867948507,23.18,6091.374785907309,2026.0,0.0,,,,,,,,,,,
V-04532,TSX,Collective Mining Ltd.,CNL,1618339297.15,92741507,Mining,,FL,USA,TSXV Grad,20230906.0,NYSE Mkt,,,Y,Y,,,,,,,,,Miami,,,,,,26931795.0,614840583.0,161423.0,6.0,TSX,0.3799206903538547,17.45,3808.8784312024927,2023.0,3.0,,,,,,,,,,,
X-1494,TSX,Contango Silver & Gold Inc.,CTGO,688846156.14,30669909,Mining,,AK,USA,Other,20260413.0,NYSE Mkt,,,,,,,,,,,,,Fairbanks,,,,,,635424.0,18051467.5,4582.0,3.0,TSX,0.026205368701122937,22.46,3939.648079441292,2026.0,0.0,,,,,,,,,,,
COP0013,TSX,Coppernico Metals Inc.,COPR,58870835.87,193019134,Mining,,BC,Canada,Other,20240813.0,,,OTCQB,,,,,,,,,,,,,,,,,26346533.0,10669381.5,8074.0,6.0,TSX,0.18123373555558794,0.305,1321.4492816447857,2024.0,2.0,,,,,,,,,,,
DEN0006,TSX,Denison Mines Corp.,DML,3936870181.8,905027628,Mining,,ON,Canada,Other,20040312.0,NYSE Mkt,,,,,Composite,,,,,,,,,,,,,,476956167.0,2375635538.5,630741.0,6.0,TSX,0.6034325311214151,4.3500000000000005,3766.4200337380953,2004.0,22.0,,,,,,,,,,,
V-02131,TSX,Discovery Silver Corp.,DSV,6891556105.44,812683503,Mining,,ON,Canada,TSXV Grad,20230203.0,,,OTCQX,Y,,Composite,,,,,,,,,,,,,,398002021.0,3688020896.0,1174815.0,6.0,TSX,0.5351506741835534,8.479999999999999,3139.2354506879806,2023.0,3.0,,,,,,,,,,,
DUN0006,TSX,DPM Metals Inc.,DPM,10160951933.02,220602517,Mining,,ON,Canada,,19831101.0,ASX,,,,,Composite,Y,,,,,,,,,,,,,114795611.0,5579084594.5,572002.0,6.0,TSX,0.5490710546882595,46.06,9753.61029244653,1983.0,43.0,,,,,,,,,,,
DYN0019,TSX,Dynacor Group Inc.,DNG,253790070.6,41948772,Mining,,QC,Canada,Other,20071024.0,,,,,,,,,,,,,,,,,,,,11475679.0,70622816.0,49660.0,6.0,TSX,0.27827257320602206,6.05,1422.1267821184051,2007.0,19.0,,,,,,,,,,,
ELG0001,TSX,Eastern Platinum Limited,ELR,62827384.93,205991426,Mining,,BC,Canada,TSXV Grad,20050110.0,JSE,,,Y,Y,,,,,,,,,,,,,,,42113806.0,22079187.5,14955.0,6.0,TSX,0.3514261738666957,0.305,1476.3749582079572,2005.0,21.0,,,,,,,,,,,
ANG0008,TSX,Ecora Royalties PLC,ECOR,638978629.12,249601027,Mining,,UK,UK/Europe,Other,20100709.0,LSE,,OTCQX,,,,,,,,,,,,,,,,,5236727.0,13301666.0,10376.0,6.0,TSX,0.02081707492834154,2.56,1281.9647262914418,2010.0,16.0,,,,,,,,,,,
ELD0001,TSX,Eldorado Gold Corporation,ELD,11532705646.1,261275615,Mining,,BC,Canada,,19931022.0,NYSE,,,,,Composite,Y,,,,,,,,,,,,,97430922.0,4882436083.5,577142.0,6.0,TSX,0.42335564899734407,44.14,8459.679045191651,1993.0,33.0,,,,,,,,,,,
V-02730,TSX,Elemental Royalty Corporation,ELE,1602245843.88,64450758,Mining,,CO,USA,TSXV Grad,20260407.0,NasdaqCM,,,Y,,,,,,,,,,Littleton,,,,,,2974990.0,70380261.0,22242.0,3.0,TSX,0.04392600627976484,24.860000000000003,3164.295521985433,2026.0,0.0,,,,,,,,,,,
V-00622,TSX,Eloro Resources Ltd.,ELO,197966153.69,118542607,Mining,,ON,Canada,TSXV Grad,20230306.0,,,OTCQX,Y,,,,,,,,,,,,,,,,35209710.0,88803432.5,77085.0,6.0,TSX,0.44857886484504544,1.67,1152.0196211973796,2023.0,3.0,,,,,,,,,,,
END0004,TSX,Endeavour Mining plc,EDV,17196532153.32,241830012,Mining,,UK,UK/Europe,TSXV Grad,20031120.0,LSE,,OTCQX,Y,,,,,,,,,,,,,,,,79109255.0,6384613131.5,536444.0,6.0,TSX,0.3712732936255042,71.11,11901.732765209415,2003.0,23.0,,,,,,,,,,,
END0005,TSX,Endeavour Silver Corp.,EDR,3485596977.83,296142479,Mining,,BC,Canada,TSXV Grad,20060207.0,NYSE,,,Y,,Composite,,,,,,,,,,,,,,181022871.0,2639005918.5,569825.0,6.0,TSX,0.7571173418169947,11.77,4631.256821831264,2006.0,20.0,,,,,,,,,,,
ENE0020,TSX,Energy Fuels Inc.,EFR,5148349672.2,249919887,Mining,,CO,USA,TSXV Grad,20070319.0,NYSE Mkt,,,Y,,Composite,,,,,,,,Lakewood,,,,,,131622858.0,3636051458.5,653487.0,6.0,TSX,0.7062557304788192,20.599999999999998,5564.076192028304,2007.0,19.0,,,,,,,,,,,
ENT0005,TSX,Entree Resources Ltd.,ETG,642401433.52,208571894,Mining,,BC,Canada,TSXV Grad,20060424.0,,,OTCQB,Y,,,,,,,,,,,,,,,,13400639.0,35806836.5,23014.0,6.0,TSX,0.0557390357985327,3.08,1555.8719257843052,2006.0,20.0,,,,,,,,,,,
V-02583,TSX,Equinox Gold Corp.,EQX,10906127102.84,789155362,Mining,,BC,Canada,TSXV Grad,20191125.0,NYSE Mkt,,,Y,Y,Composite,,,,,,,,,,,,,,459874946.0,8673291897.5,1534014.0,6.0,TSX,0.7952678174126028,13.82,5653.9848381435895,2019.0,7.0,,,,,,,,,,,
ERD0001,TSX,Erdene Resource Development Corporation,ERD,343864026.14,65373389,Mining,,NS,Canada,TSXV Grad,20051214.0,,,,Y,,,,,,,,,,,,,,,,19781038.0,146116395.5,78585.0,6.0,TSX,0.424924924948417,5.26,1859.3420563720813,2005.0,21.0,,,,,,,,,,,
ERO0001,TSX,Ero Copper Corp.,ERO,3949006648.16,104277968,Mining,,BC,Canada,IPO,20171019.0,NYSE,,,,,Composite,,,,,,,,,,,,,,66202439.0,2682538906.0,377420.0,6.0,TSX,0.6792946036821442,37.87,7107.569567060569,2017.0,9.0,,,,,,,,,,,
EUR0016,TSX,Euro Sun Mining Inc.,ESM,59886625.455,443604633,Mining,,ON,Canada,Other,20160912.0,,,,,,,,,,,,,,,,,,,,83971412.0,22630125.5,23566.0,6.0,TSX,0.3778827965019456,0.135,960.2870873292031,2016.0,10.0,,,,,,,,,,,
FAR0008,TSX,Faraday Copper Corp.,FDY,1751766964.25,292448575,Mining,,BC,Canada,Other,20221103.0,,,OTCQX,,,,,,,,,,,,,,,,,112943086.0,518855008.5,295574.0,6.0,TSX,0.296189515551312,5.99,1755.4149163999539,2022.0,4.0,,,,,,,,,,,
X-1028,TSX,FireFly Metals Ltd.,FFM,1391502602.08,768785968,Mining,,Australia,Australia/NZ/PNG,Other,20241216.0,ASX,,,,,,,,,,,,,,,,,,,27963714.0,53150436.0,55584.0,6.0,TSX,0.03819643306491229,1.8099999999999998,956.2182642487047,2024.0,2.0,,,,,,,,,,,
FIR0059,TSX,First Majestic Silver Corp.,AG,11872122499.44,493028343,Mining,,BC,Canada,TSXV Grad,20080115.0,NYSE,,,Y,,Composite,,,,,,,,,,,,,,244047345.0,7241177497.0,977138.0,6.0,TSX,0.6099311641487494,24.080000000000002,7410.598602244514,2008.0,18.0,,,,,,,,,,,
FIR0127,TSX,First Mining Gold Corp.,FF,858609494.88,1384854024,Mining,,BC,Canada,TSXV Grad,20170622.0,,,OTCQX,Y,Y,,,,,,,,,,,,,,,513964084.0,294293888.5,122268.0,6.0,TSX,0.34275638722249485,0.62,2406.9575727091305,2017.0,9.0,,,,,,,,,,,
FIR0023,TSX,First Quantum Minerals Ltd.,FM,32317145708.64,834206136,Mining,,BC,Canada,TSXV Grad,20000111.0,,,,Y,,60,,,,,,,,,,,,,,389541899.0,14624107142.5,1745763.0,6.0,TSX,0.4525185260587614,38.74,8376.914359222872,2000.0,26.0,,,,,,,,,,,
FOR0019,TSX,Forsys Metals Corp.,FSY,110126460.15,244725467,Mining,,ON,Canada,TSXV Grad,20061017.0,,,,Y,,,,,,,,,,,,,,,,58653688.0,23798776.5,24060.0,6.0,TSX,0.21610407224189707,0.45,989.1428304239402,2006.0,20.0,,,,,,,,,,,
FOR0023,TSX,Fortuna Mining Corp.,FVI,3590387359.13,299448487,Mining,,Peru,Latin America,TSXV Grad,20100118.0,NYSE,,,Y,,Composite,,,,,,,,,,,,,,136518061.0,1929331363.0,472455.0,6.0,TSX,0.5373602260753011,11.99,4083.62989702723,2010.0,16.0,,,,,,,,,,,
FOR0013,TSX,Fortune Minerals Limited,FT,98461341.75,656408945,Mining,,ON,Canada,,19971031.0,,,OTCQB,,,,,,,,,,,,,,,,,115745815.0,16750313.5,16979.0,6.0,TSX,0.17012071136030402,0.15,986.5312150303316,1997.0,29.0,,,,,,,,,,,
FRA0009,TSX,Franco-Nevada Corporation,FNV,57071766585.9,192855630,Mining,,ON,Canada,IPO,20071219.0,NYSE,,,,,60,,,,,,,,,,,,,,50236059.0,16555151495.0,338893.0,6.0,TSX,0.2900760303272279,295.93,48850.67409182249,2007.0,19.0,,,,,,,,,,,
INT0028,TSX,Freegold Ventures Limited,FVL,554593699.2,577701770,Mining,,BC,Canada,,19980519.0,,,OTCQX,,,,,,,,,,,,,,,,,97519763.0,129507842.0,93332.0,6.0,TSX,0.23351841571012205,0.9600000000000001,1387.6038443406335,1998.0,28.0,,,,,,,,,,,
AUR0018,TSX,Fury Gold Mines Limited,FURY,142592895.75,190123861,Mining,,BC,Canada,TSXV Grad,20161101.0,NYSE Mkt,,,Y,Y,,,,,,,,,,,,,,,28799899.0,26531682.0,20498.0,6.0,TSX,0.1860659457152514,0.75,1294.3546687481705,2016.0,10.0,,,,,,,,,,,
SUL0004,TSX,Future Mineral Resources Inc.,FMR,6307533.0,17520925,Mining,,ON,Canada,Other,20140811.0,,,,,,,,,,,,,,,,,,,,3526518.0,1055824.0,751.0,6.0,TSX,0.16739095934971723,0.36,1405.8908122503328,2014.0,12.0,,,,,,,,,,,
V-04606,TSX,G Mining Ventures Corp.,GMIN,9876409065.91,237813847,Mining,,BC,Canada,TSXV Grad,20240111.0,,,OTCQX,Y,,Composite,,,,,,,,,,,,,,92727215.0,4223350472.5,497013.0,6.0,TSX,0.42762004330881426,41.53,8497.464799713489,2024.0,2.0,,,,,,,,,,,
V-03674,TSX,G2 Goldfields Inc.,GTWO,2433843775.77,258644397,Mining,,ON,Canada,TSXV Grad,20240409.0,,,OTCQX,Y,,,,,,,,,,,,,,,,81581032.0,669508885.5,277408.0,6.0,TSX,0.27508293349197654,9.41,2413.444765471796,2024.0,2.0,,,,,,,,,,,
KEE0001,TSX,Galiano Gold Inc.,GAU,692492959.7,261318098,Mining,,BC,Canada,TSXV Grad,20081222.0,NYSE Mkt,,,Y,Y,,Y,,,,,,,,,,,,,69829901.0,251437935.5,177768.0,6.0,TSX,0.36309096284376274,2.6500000000000004,1414.4161800774043,2008.0,18.0,,,,,,,,,,,
GEN0033,TSX,Generation Mining Limited,GENM,216302962.81,322840243,Mining,,ON,Canada,Other,20200715.0,,,OTCQB,,,,,,,,,,,,,,,,,123096029.0,85293260.5,34962.0,6.0,TSX,0.39432312619278076,0.67,2439.5990074938504,2020.0,6.0,,,,,,,,,,,
V-00155,TSX,Global Atomic Corporation,GLO,303974955.32,490282186,Mining,,ON,Canada,TSXV Grad,20190508.0,,,OTCQX,Y,,,,,,,,,,,,,,,,280619281.0,223684022.0,104435.0,6.0,TSX,0.7358633271761608,0.62,2141.8492076411167,2019.0,7.0,,,,,,,,,,,
GLO0015,TSX,Globex Mining Enterprises Inc.,GMX,112295586.92,57002836,Mining,,QC,Canada,,19951227.0,,,OTCQX,,,,,,,,,,,,,,,,,6367937.0,14968407.5,14875.0,6.0,TSX,0.13329470828327009,1.97,1006.2794957983193,1995.0,31.0,,,,,,,,,,,
GOG0001,TSX,GoGold Resources Inc.,GGD,1378374055.98,433450961,Mining,,NS,Canada,TSXV Grad,20130122.0,,,OTCQX,Y,Y,,,,,,,,,,,,,,,259185066.0,828999067.5,471540.0,6.0,TSX,0.6014325820363733,3.18,1758.0673272681004,2013.0,13.0,,,,,,,,,,,
SOU0020,TSX,Gold Springs Resource Corp.,GRC,21226011.9,283013492,Mining,,BC,Canada,IPO,20070216.0,,,OTCQB,,,,,,,,,,,,,,,,,6264247.0,543393.5,1143.0,6.0,TSX,0.025600357832645897,0.075,475.409886264217,2007.0,19.0,,,,,,,,,,,
GOL0062,TSX,Golden Minerals Company,AUMN,5573449.16,18893048,Mining,,CO,USA,Other,20090716.0,,,OTCQB,,,,,,,,,,,Golden,,,,,,2106146.0,676023.5,1833.0,6.0,TSX,0.12129356177710249,0.295,368.80714675395524,2009.0,17.0,,,,,,,,,,,
GOL0070,TSX,GoldMining Inc.,GOLD,274680535.04,214594168,Mining,,BC,Canada,TSXV Grad,20180619.0,NYSE Mkt,,,Y,,,,,,,,,,,,,,,,70784839.0,137386959.5,109037.0,6.0,TSX,0.5001699864899171,1.28,1260.0031136219816,2018.0,8.0,,,,,,,,,,,
X-1325,TSX,Greenland Resources Inc.,MOLY,189848030.4,131838910,Mining,,ON,Canada,Other,20251205.0,,,,,,,,,,,,,,,,,,,,24241677.0,41373657.5,34272.0,6.0,TSX,0.217930401557645,1.44,1207.2145629084966,2025.0,1.0,,,,,,,,,,,
EXC0014,TSX,Gunnison Copper Corp.,GCU,186904797.37,505148101,Mining,,BC,Canada,TSXV Grad,20170202.0,,,OTCQB,Y,Y,,,,,,,,,,,,,,,140812086.0,66640243.0,42317.0,6.0,TSX,0.3565464554025214,0.37,1574.786563319706,2017.0,9.0,,,,,,,,,,,
V-02897,TSX,Hemlo Mining Corp.,HMMC,1561869731.36,296369968,Mining,,ON,Canada,TSXV Grad,20260615.0,,,OTCQX,Y,,,,,,,,,,,,,,,,5631529.0,34975472.5,17006.0,1.0,TSX,0.02239333524284709,5.27,2056.6548571092558,2026.0,0.0,,,,,,,,,,,
X-1129,TSX,Highlander Silver Corp.,HSLV,1354799963.88,203423418,Mining,,ON,Canada,Other,20250513.0,NYSE Mkt,,,,,,,,,,,,,,,,,,,105194251.0,804462440.5,329676.0,6.0,TSX,0.5937868777292457,6.66,2440.160765418168,2025.0,1.0,,,,,,,,,,,
HUD0003,TSX,HudBay Minerals Inc.,HBM,14873574948.65,444119885,Mining,,ON,Canada,TSXV Grad,20041224.0,NYSE,,,Y,,Composite,,,,,,,,,,,,,,268310036.0,9028667326.5,1361538.0,6.0,TSX,0.6070273863325297,33.49,6631.22683795825,2004.0,22.0,,,,,,,,,,,
I800001,TSX,i-80 Gold Corp.,IAU,1783213938.04,865637834,Mining,,NV,USA,Other,20210413.0,NYSE Mkt,,,,,Composite,,,,,,,,Reno,,,,,,228561575.0,491896535.0,298980.0,6.0,TSX,0.27584830092830176,2.06,1645.2489631413473,2021.0,5.0,,,,,,,,,,,
IAM0001,TSX,IAMGold Corporation,IMG,13011594749.45,578036195,Mining,,ON,Canada,,19960308.0,NYSE,,,,,Composite,Y,,,,,,,,,,,,,257748423.0,6649412052.5,1010814.0,6.0,TSX,0.5110374385723219,22.51,6578.274591072146,1996.0,30.0,,,,,,,,,,,
IMP0004,TSX,Imperial Metals Corporation,III,1102879517.54,178171166,Mining,,BC,Canada,,19841227.0,,,,,,,,,,,,,,,,,,,,35632675.0,323043032.5,150313.0,6.0,TSX,0.2929087242644196,6.1899999999999995,2149.135686866738,1984.0,42.0,,,,,,,,,,,
INT0123,TSX,International Tower Hill Mines Ltd.,ITH,750899547.51,261637473,Mining,,CO,USA,TSXV Grad,20091201.0,NYSE Mkt,,,Y,,,,,,,,,,Englewood,,,,,,10236330.0,35710879.5,39827.0,6.0,TSX,0.04755746573349004,2.87,896.6499987445702,2009.0,17.0,,,,,,,,,,,
V-04315,TSX,IsoEnergy Ltd.,ISO,857634225.98,60653057,Mining,,BC,Canada,TSXV Grad,20240708.0,NYSE Mkt,,OTCQX,Y,,,,,,,,,,,,,,,,31883997.0,488603093.0,153683.0,6.0,TSX,0.5697103476038212,14.14,3179.291743393869,2024.0,2.0,,,,,,,,,,,
IVA0004,TSX,Ivanhoe Electric Inc.,IE,2184017809.54,158376926,Mining,,AZ,USA,IPO,20220628.0,NYSE Mkt,,,,,,,,,,,,,Tempe,,,,,,3953203.0,75379113.5,29800.0,6.0,TSX,0.034513964662163825,13.79,2529.500453020134,2022.0,4.0,,,,,,,,,,,
IVA0003,TSX,Ivanhoe Mines Ltd.,IVN,15846995964.14,1426372274,Mining,,BC,Canada,IPO,20121023.0,,,OTCQX,,,Composite,,,,,,,,,,,,,,577479547.0,7705458265.0,1804373.0,6.0,TSX,0.4862409432321811,11.11,4270.435361757242,2012.0,14.0,,,,,,,,,,,
JAG0003,TSX,Jaguar Mining Inc.,JAG,441160551.37,85330861,Mining,,ON,Canada,TSXV Grad,20160803.0,,,OTCQX,Y,,,,,,,,,,,,,,,,24147946.0,178445649.0,110734.0,6.0,TSX,0.40449139989023675,5.17,1611.4802048151425,2016.0,10.0,,,,,,,,,,,
V-03719,TSX,K92 Mining Inc.,KNT,5460171516.24,245290724,Mining,,BC,Canada,TSXV Grad,20201209.0,,,OTCQX,Y,,Composite,,,,,,,,,,,,,,104788166.0,2647158574.5,503258.0,6.0,TSX,0.4848123482250782,22.259999999999998,5260.042710697097,2020.0,6.0,,,,,,,,,,,
KAR0003,TSX,Karnalyte Resources Inc.,KRN,16518034.42,53283982,Mining,Agriculture,AB,Canada,IPO,20101214.0,,,,,,,,,,,,,,,,,,,,5509750.0,1731455.0,2138.0,6.0,TSX,0.10482209662328576,0.31,809.8479887745557,2010.0,16.0,,,,,,,,,,,
KIN0008,TSX,Kinross Gold Corporation,K,39928728588.94,1189062793,Mining,,ON,Canada,,19830726.0,NYSE,,,,,60,Y,,,,,,,,,,,,,488299424.0,21033704080.0,1675890.0,6.0,TSX,0.5267812130092767,33.580000000000005,12550.766506154938,1983.0,43.0,,,,,,,,,,,
LAB0003,TSX,Labrador Iron Ore Royalty Corporation,LIF,1785600000.0,64000000,Mining,,ON,Canada,IPO,19951128.0,,,,,,Composite,,,,,,,,,,,,,,26769954.0,778305527.5,133243.0,6.0,TSX,0.43587899165546595,27.9,5841.248902381363,1995.0,31.0,,,,,,,,,,,
LAR0004,TSX,Laramide Resources Ltd.,LAM,159267080.0,284405500,Mining,,ON,Canada,TSXV Grad,20060808.0,ASX,,OTCQX,Y,,,,,,,,,,,,,,,,53230017.0,39854299.5,29858.0,6.0,TSX,0.25023563877732924,0.56,1334.7946781432113,2006.0,20.0,,,,,,,,,,,
LAR0005,TSX,Largo Inc.,LGO,90566384.48,102916346,Mining,,ON,Canada,TSXV Grad,20160704.0,NasdaqGS,,,Y,,,,,,,,,,,,,,,,24323338.0,42562637.5,44897.0,6.0,TSX,0.46996065642213214,0.88,948.0062699066752,2016.0,10.0,,,,,,,,,,,
PIL0001,TSX,Liberty Gold Corp.,LGD,797230348.64,546048184,Mining,,BC,Canada,Other,20110411.0,,,OTCQX,,,,,,,,,,,,,,,,,197217707.0,258409073.0,191169.0,6.0,TSX,0.324133512278881,1.46,1351.7310494902417,2011.0,15.0,,,,,,,,,,,
LIT0005,TSX,Lithium Americas Corp.,LAC,1935013478.58,354398073,Mining,,BC,Canada,Other,20231004.0,NYSE,,,,,Composite,,,,,,,,,,,,,,199268452.0,1359385862.5,471608.0,6.0,TSX,0.7025201000137625,5.46,2882.448691498024,2023.0,3.0,,,,,,,,,,,
WES0066,TSX,Lithium Argentina AG,LAR,1923590547.72,163988964,Mining,,Switzerland,UK/Europe,TSXV Grad,20110202.0,NYSE,,,Y,,,,,,,,,,,,,,,,35082423.0,388018940.5,174245.0,6.0,TSX,0.20171597378657968,11.73,2226.858391919424,2011.0,15.0,,,,,,,,,,,
LUC0004,TSX,Lucara Diamond Corp.,LUC,223652577.45,1491017183,Mining,,BC,Canada,TSXV Grad,20110829.0,Nasdaq Nordic,,,Y,,,,,,,,,,,,,,,,44181457.0,9700998.0,6432.0,6.0,TSX,0.04337530159771472,0.15,1508.23973880597,2011.0,15.0,,,,,,,,,,,
X-1509,TSX,Lumina Metals Corp.,LMCU,1115277403.02,109020274,Mining,,BC,Canada,IPO,20260430.0,,,,,,,,,,,,,,,,,,,,16869280.0,197730004.0,36752.0,3.0,TSX,0.17729221758154295,10.23,5380.115476708751,2026.0,0.0,,,,,,,,,,,
LUN0005,TSX,Lundin Gold Inc.,LUG,18502105653.29,241825979,Mining,,BC,Canada,TSXV Grad,20141219.0,Nasdaq Nordic,,OTCQX,Y,,Composite,Y,,,,,,,,,,,,,81290985.0,8193761521.0,453894.0,6.0,TSX,0.44285562273518875,76.51,18052.147684261083,2014.0,12.0,,,,,,,,,,,
LUN0002,TSX,Lundin Mining Corporation,LUN,29561895025.92,855378907,Mining,,ON,Canada,TSXV Grad,20040812.0,Nasdaq Nordic,,,Y,,Composite,,,,,,,,,,,,,,362714994.0,13139804829.0,1765505.0,6.0,TSX,0.4444845236571932,34.559999999999995,7442.519182330268,2004.0,22.0,,,,,,,,,,,
V-5087,TSX,LunR Royalties Corp.,LUNR,2284822247.4,120890066,Mining,,BC,Canada,TSXV Grad,20260608.0,,,,Y,,,,,,,,,,,,,,,,9236625.0,196790373.5,38079.0,1.0,TSX,0.08612940184906569,18.900000000000002,5167.950143123507,2026.0,0.0,,,,,,,,,,,
V-03887,TSX,Magna Mining Inc.,NICU,524306869.79,250864531,Mining,,ON,Canada,TSXV Grad,20260623.0,,,OTCQB,Y,Y,,,,,,,,,,,,,,,2849558.0,5970223.5,3962.0,1.0,TSX,0.0113868878017777,2.0900000000000003,1506.8711509338718,2026.0,0.0,,,,,,,,,,,
COR0032,TSX,Marimaca Copper Corp.,MARI,1013701752.6,134980260,Mining,,Chile,Latin America,IPO,20070709.0,ASX,,OTCQX,,,,,,,,,,,,,,,,,24579730.0,220380435.5,105759.0,6.0,TSX,0.21740165185149943,7.51,2083.7984048638887,2007.0,19.0,,,,,,,,,,,
USG0001,TSX,McEwen Inc.,MUX,1547518085.2,59934860,Mining,,ON,Canada,Other,20060830.0,NYSE,,,,,,,,,,,,,,,,,,,8651213.0,271531461.5,65811.0,6.0,TSX,0.17546254489485175,25.82,4125.928211089332,2006.0,20.0,,,,,,,,,,,
MEG0005,TSX,Mega Uranium Ltd.,MGA,203997338.67,384900639,Mining,,ON,Canada,TSXV Grad,20060906.0,,,,Y,,,,,,,,,,,,,,,,131134041.0,84773342.5,49644.0,6.0,TSX,0.41556102178928495,0.5299999999999999,1707.625141003948,2006.0,20.0,,,,,,,,,,,
V-01810,TSX,Meridian Mining PLC,MNO,776821622.4,485513514,Mining,,UK,UK/Europe,TSXV Grad,20220404.0,,,OTCQX,Y,,,,,,,,,,,,,,,,74308705.0,128216456.5,103292.0,6.0,TSX,0.16505263602714054,1.5999999999999999,1241.3009381171823,2022.0,4.0,,,,,,,,,,,
MIN0027,TSX,Minco Silver Corporation,MSV,29888165.255,61625083,Mining,,China,Asia,IPO,20051201.0,,,OTCQX,,,,,,,,,,,,Beijing,,,,,6046594.0,3020163.0,3052.0,6.0,TSX,0.10104879219693005,0.485,989.5684796854522,2005.0,21.0,,,,,,,,,,,
MIN0036,TSX,Mineros S.A.,MSA,1872290672.61,295780517,Mining,,Colombia,Latin America,IPO,20211119.0,,,,,,,,,,,,,,,,,,,,40610236.0,241921315.5,130228.0,6.0,TSX,0.12921140880478682,6.33,1857.6751197899068,2021.0,5.0,,,,,,,,,,,
V-04671,TSX,Montage Gold Corp.,MAU,6504456550.43,403252111,Mining,,BC,Canada,TSXV Grad,20250429.0,,,OTCQX,Y,,Composite,,,,,,,,,,,,,,155347285.0,2241673245.5,571138.0,6.0,TSX,0.3446365162285243,16.13,3924.92400348077,2025.0,1.0,,,,,,,,,,,
MOU0003,TSX,Mountain Province Diamonds Inc.,MPVD,4252248.86,212612443,Mining,,ON,Canada,,19990122.0,,,,,,,,,,,,,,,,,,,,25713570.0,1202591.5,2255.0,6.0,TSX,0.28281305718311134,0.02,533.3,1999.0,27.0,,,,,,,,,,,
V-01366,TSX,New Pacific Metals Corp.,NUAG,1061105402.97,185184189,Mining,,BC,Canada,TSXV Grad,20200811.0,NYSE Mkt,,,Y,,,,,,,,,,,,,,,,44578413.0,283595099.0,170697.0,6.0,TSX,0.2672638346824231,5.73,1661.3947462462727,2020.0,6.0,,,,,,,,,,,
NEX0009,TSX,NexGen Energy Ltd.,NXE,8914824265.32,669281101,Mining,,BC,Canada,TSXV Grad,20160715.0,NYSE,ASX,,Y,Y,Composite,,,,,,,,,,,,,,262909157.0,4249919673.5,991470.0,6.0,TSX,0.47672500848197574,13.32,4286.483376703279,2016.0,10.0,,,,,,,,,,,
ENE0022,TSX,NextSource Materials Inc.,NEXT,80654166.12,244406564,Mining,,ON,Canada,TSXV Grad,20110616.0,,,OTCQB,Y,,,,,,,,,,,,,,,,25216429.0,8993452.0,7099.0,6.0,TSX,0.11150635401299962,0.33,1266.8618115227496,2011.0,15.0,,,,,,,,,,,
V-04593,TSX,NGEx Minerals Ltd.,NGEX,5503875836.4,216858780,Mining,,BC,Canada,TSXV Grad,20240222.0,,,OTCQX,Y,,Composite,,,,,,,,,,,,,,48855228.0,1318217826.0,261624.0,6.0,TSX,0.23950718824031939,25.38,5038.596711310889,2024.0,2.0,,,,,,,,,,,
NOR0082,TSX,Northcliff Resources Ltd.,NCF,188495298.3,628317661,Mining,,BC,Canada,TSXV Grad,20120202.0,,,,Y,Y,,,,,,,,,,,,,,,26493721.0,9420363.5,10202.0,6.0,TSX,0.04997664973588362,0.30000000000000004,923.3839933346403,2012.0,14.0,,,,,,,,,,,
NOR0075,TSX,Northern Dynasty Minerals Ltd.,NDM,1523061089.02,562015162,Mining,,BC,Canada,TSXV Grad,20071030.0,NYSE Mkt,,,Y,,,,,,,,,,,,,,,,196556435.0,496182457.5,316168.0,6.0,TSX,0.3257797478230267,2.71,1569.3633052680852,2007.0,19.0,,,,,,,,,,,
V-04015,TSX,Nouveau Monde Graphite Inc.,NOU,691140093.0,329114330,Mining,,QC,Canada,TSXV Grad,20250120.0,NYSE,,,Y,Y,,,,,,,,,,,,,,,58341522.0,164054573.5,136516.0,6.0,TSX,0.23736804616253104,2.1,1201.7241458876615,2025.0,1.0,,,,,,,,,,,
NOV0006,TSX,Novagold Resources Inc.,NG,3720859606.72,438780614,Mining,,BC,Canada,,19870626.0,NYSE Mkt,,,,,Composite,,,,,,,,,,,,,,82402023.0,1057102423.0,370444.0,6.0,TSX,0.2841016686280871,8.479999999999999,2853.609244582177,1987.0,39.0,,,,,,,,,,,
V-04252,TSX,Novo Resources Corp.,NVO,28119163.735,432602519,Mining,,BC,Canada,TSXV Grad,20210104.0,ASX,,OTCQB,Y,,,,,,,,,,,,,,,,69878088.0,8400471.5,13175.0,6.0,TSX,0.29874542426537065,0.065,637.606944971537,2021.0,5.0,,,,,,,,,,,
NUT0003,TSX,Nutrien Ltd.,NTR,42823880653.0,479282380,Mining,Agriculture,SK,Canada,Other,20180102.0,NYSE,,,,,60,,,,,,,,,,,,,,219662505.0,21256968299.0,808811.0,6.0,TSX,0.49638117739128473,89.35,26281.749752414347,2018.0,8.0,,,,,,,,,,,
OCE0003,TSX,OceanaGold Corporation,OGC,7913981842.65,222615523,Mining,,Australia,Australia/NZ/PNG,Other,20070627.0,NYSE,,OTCQX,,,Composite,,,,,,,,,,,,,,108491957.0,4833696597.5,470808.0,6.0,TSX,0.6107793388468825,35.55,10266.810669105027,2007.0,19.0,,,,,,,,,,,
OSI0003,TSX,OR Royalties Inc.,OR,8421494682.15,187519365,Mining,,QC,Canada,Other,20140616.0,NYSE,,,,,Composite,,,,,,,,,,,,,,55428313.0,2970314246.0,312764.0,6.0,TSX,0.3527063019223663,44.91,9496.98253635329,2014.0,12.0,,,,,,,,,,,
V-04278,TSX,Orezone Gold Corporation,ORE,1507505631.4,667037890,Mining,,ON,Canada,TSXV Grad,20211223.0,ASX,,OTCQX,Y,,,,,,,,,,,,,,,,266385758.0,632623545.5,416252.0,6.0,TSX,0.41964920881422585,2.2600000000000002,1519.8090231398287,2021.0,5.0,,,,,,,,,,,
ORL0003,TSX,Orla Mining Ltd.,OLA,4798908998.39,345991997,Mining,,BC,Canada,TSXV Grad,20181101.0,NYSE Mkt,,,Y,Y,Composite,Y,,,,,,,,,,,,,143202664.0,2880332075.0,660411.0,6.0,TSX,0.6002056042251126,13.870000000000001,4361.4235301955905,2018.0,8.0,,,,,,,,,,,
ORV0001,TSX,Orvana Minerals Corp.,ORV,219963305.31,136623171,Mining,,ON,Canada,,19530407.0,,,,,,,,,,,,,,,,,,,,29479708.0,56822430.0,51359.0,6.0,TSX,0.25832686010931993,1.61,1106.3772659124984,1953.0,73.0,,,,,,,,,,,
V-01531,TSX,Osisko Metals Incorporated,OM,1357798331.66,758546554,Mining,,QC,Canada,TSXV Grad,20250822.0,,,,Y,,,,,,,,,,,,,,,,345986226.0,493168382.0,360692.0,6.0,TSX,0.36321180436056977,1.79,1367.2839486320738,2025.0,1.0,,,,,,,,,,,
V-01295,TSX,Outcrop Silver & Gold Corporation,OCG,135566174.975,492967909,Mining,,BC,Canada,TSXV Grad,20251118.0,,,,Y,,,,,,,,,,,,,,,,123987111.0,51390828.0,36979.0,6.0,TSX,0.3790829682218081,0.27499999999999997,1389.7300630087348,2025.0,1.0,,,,,,,,,,,
X-1030,TSX,Paladin Energy Ltd.,PDN,4237449910.03,449358421,Mining,,Australia,Australia/NZ/PNG,Other,20241227.0,ASX,,OTCQX,,,,,,,,,,,,,,,,,22020865.0,253036396.0,111091.0,6.0,TSX,0.05971430963728101,9.43,2277.7398349101186,2024.0,2.0,,,,,,,,,,,
PAN0002,TSX,Pan American Silver Corp.,PAAS,26697449270.8,419903260,Mining,,BC,Canada,TSXV Grad,19841009.0,NYSE,BMV,,Y,,Composite,,,,,,,,,,,,,,132480575.0,10184721275.0,667205.0,6.0,TSX,0.3814866795585379,63.58,15264.755622334964,1984.0,42.0,,,,,,,,,,,
MID0012,TSX,Perpetua Resources Corp.,PPTA,3682820440.32,125095803,Mining,,ID,USA,IPO,20110714.0,NasdaqCM,,,,,Composite,Y,,,,,,,Boise,,,,,,21166599.0,830195513.0,146376.0,6.0,TSX,0.22542383655497045,29.44,5671.664159425042,2011.0,15.0,,,,,,,,,,,
PER0013,TSX,Perseus Mining Limited,PRU,6404680457.02,1339891309,Mining,,Australia,Australia/NZ/PNG,Other,20100203.0,ASX,,,,,,,,,,,,,,,,,,,5395847.0,28411909.0,16491.0,6.0,TSX,0.004436116554239401,4.78,1722.8736280395367,2010.0,16.0,,,,,,,,,,,
PLA0024,TSX,Platinum Group Metals Ltd.,PTM,245539415.04,127885112,Mining,,South Africa,Africa,TSXV Grad,20050608.0,NYSE Mkt,,,Y,,,,,,,,,,,,,,,,31099564.0,102206855.0,87569.0,6.0,TSX,0.41625437196447596,1.92,1167.1579554408524,2005.0,21.0,,,,,,,,,,,
V-04908,TSX,PMET Resources Inc.,PMET,1080327673.81,185942801,Mining,,BC,Canada,TSXV Grad,20240201.0,ASX,,OTCQX,Y,,,,,,,,,,,,,,,,45311701.0,269061531.5,177770.0,6.0,TSX,0.24905548383399143,5.81,1513.5373319457726,2024.0,2.0,,,,,,,,,,,
X-1500,TSX,Predictive Discovery Limited,PDI,3226607649.04,4815832312,Mining,,Australia,Australia/NZ/PNG,Other,20260420.0,ASX,,,,,,,,,,,,,,,,,,,27315078.0,21360549.5,7784.0,3.0,TSX,0.0066201260963214175,0.67,2744.1610354573486,2026.0,0.0,,,,,,,,,,,
V-01608,TSX,Rio2 Limited,RIO,1458930686.78,548470183,Mining,,ON,Canada,TSXV Grad,20250903.0,Lima (BVL),,OTCQX,Y,,,,,,,,,,,,,,,,202544004.0,629802085.0,398496.0,6.0,TSX,0.4316874617189893,2.66,1580.4476958363446,2025.0,1.0,,,,,,,,,,,
X-1433,TSX,Roxmore Resources Inc.,RM,220871580.16,71711552,Mining,,BC,Canada,Other,20260205.0,,,,,,,,,,,,,,,,,,,,17626109.0,71170340.0,27782.0,5.0,TSX,0.3222249777379417,3.08,2561.742855086027,2026.0,0.0,,,,,,,,,,,
RAT0002,TSX,RTG Mining Inc.,RTG,57351162.33,1911705411,Mining,,Australia,Australia/NZ/PNG,Other,20110104.0,ASX,,,,,,,,,,,,,,,,,,,20527486.0,765140.5,1473.0,6.0,TSX,0.013341325073716253,0.03,519.4436524100475,2011.0,15.0,,,,,,,,,,,
V-05019,TSX,Rua Gold Inc.,RUA,127568704.71,114926761,Mining,,BC,Canada,TSXV Grad,20260217.0,,,,Y,,,,,,,,,,,,,,,,10754154.0,14804581.5,11662.0,5.0,TSX,0.11605182896271489,1.1099999999999999,1269.471917338364,2026.0,0.0,,,,,,,,,,,
SEA0011,TSX,Seabridge Gold Inc.,SEA,3938999567.4,107622939,Mining,,ON,Canada,TSXV Grad,20080714.0,NYSE,,,Y,,Composite,,,,,,,,,,,,,,23787283.0,1006116305.5,143609.0,6.0,TSX,0.2554243249546999,36.6,7005.9418664568375,2008.0,18.0,,,,,,,,,,,
SER0009,TSX,Serabi Gold plc,SBI,399852662.4,76307760,Mining,,UK,UK/Europe,IPO,20110329.0,AIM,,OTCQX,,,,,,,,,,,,,,,,,7208798.0,42508848.0,18682.0,6.0,TSX,0.10631127912179685,5.239999999999999,2275.390643400064,2011.0,15.0,,,,,,,,,,,
SHE0006,TSX,Sherritt International Corporation,S,84476090.88,703967424,Mining,,ON,Canada,,19960619.0,,,,,,,,,,,,,,,,,,,,124510104.0,26732343.0,17871.0,5.0,TSX,0.31644862731602763,0.12,1495.8504280678194,1996.0,30.0,,,,,,,,,,,
MET0019,TSX,"Silver Bull Resources, Inc.",SVB,7147467.89,49292882,Mining,,BC,Canada,Other,20100826.0,,,OTCQB,,,,,,,,,,,,,,,,,17272955.0,4801968.0,4191.0,6.0,TSX,0.6718418429998712,0.145,1145.780959198282,2010.0,16.0,,,,,,,,,,,
PRO0047,TSX,Silver Elephant Mining Corp.,ELEF,6608094.695,57461693,Mining,,BC,Canada,TSXV Grad,20111019.0,,,OTCQB,Y,,,,,,,,,,,,,,,,15486541.0,3574683.0,4503.0,6.0,TSX,0.5409551716480056,0.115,793.8447701532311,2011.0,15.0,,,,,,,,,,,
V-04853,TSX,Silver Mountain Resources Inc.,AGMR,194546084.38,59676713,Mining,,ON,Canada,TSXV Grad,20260226.0,,,,Y,,,,,,,,,,,,,,,,26424424.0,71789948.5,59347.0,5.0,TSX,0.3690125593058724,3.26,1209.6643217011813,2026.0,0.0,,,,,,,,,,,
V-03695,TSX,Silver Tiger Metals Inc.,SLVR,441115332.02,558373838,Mining,,NS,Canada,TSXV Grad,20260521.0,,,OTCQX,Y,Y,,,,,,,,,,,,,,,29246244.0,23721629.5,10991.0,2.0,TSX,0.05377647925174469,0.7899999999999999,2158.277636247839,2026.0,0.0,,,,,,,,,,,
SIL0011,TSX,Silvercorp Metals Inc.,SVM,3176245822.6,221187035,Mining,,China,Asia,TSXV Grad,20051024.0,NYSE Mkt,,,Y,,Composite,,,,,,,,,Beijing,,,,,150100542.0,2352561184.0,631449.0,6.0,TSX,0.7406735232080522,14.36,3725.655094869103,2005.0,21.0,,,,,,,,,,,
V-01797,TSX,Skeena Resources Limited,SKE,4705808184.0,124492280,Mining,,BC,Canada,TSXV Grad,20200820.0,NYSE,,,Y,,Composite,Y,,,,,,,,,,,,,52568526.0,2191697355.5,325434.0,6.0,TSX,0.46574302857304906,37.8,6734.690768327833,2020.0,6.0,,,,,,,,,,,
V-04961,TSX,Snowline Gold Corp.,SGD,2257682253.2,176106260,Mining,,BC,Canada,TSXV Grad,20251202.0,,,OTCQB,Y,,,,,,,,,,,,,,,,61731437.0,935968487.5,248408.0,6.0,TSX,0.4145705119369098,12.819999999999999,3767.867731715565,2025.0,1.0,,,,,,,,,,,
V-04652,TSX,Solaris Resources Inc.,SLS,1992844499.79,167044803,Mining,,Switzerland,UK/Europe,TSXV Grad,20210209.0,NYSE Mkt,,,Y,,,,,,,,,,,,,,,,56971360.0,741775082.0,273755.0,6.0,TSX,0.3722192484552438,11.93,2709.6311738598383,2021.0,5.0,,,,,,,,,,,
SOL0007,TSX,Solitario Resources Corp.,SLR,101316343.32,93811429,Mining,,CO,USA,,19940718.0,NYSE Mkt,,,,,,,,,,,,,Wheat Ridge,,,,,,3505135.0,3753695.0,6382.0,6.0,TSX,0.03704925461180768,1.0799999999999998,588.1690692572861,1994.0,32.0,,,,,,,,,,,
MAW0001,TSX,Southern Cross Gold Consolidated Ltd.,SXGC,2364866449.28,269346976,Mining,,Australia,Australia/NZ/PNG,TSXV Grad,20250702.0,ASX,,,Y,,Composite,,,,,,,,,,,,,,88093109.0,837771350.5,378468.0,6.0,TSX,0.354257362294207,8.780000000000001,2213.58569416701,2025.0,1.0,,,,,,,,,,,
SIL0006,TSX,SSR Mining Inc.,SSRM,8321089767.3,207508473,Mining,,BC,Canada,TSXV Grad,20041104.0,NasdaqGS,,,Y,,Composite,,,,,,,,,,,,,,64688948.0,2551045195.0,426877.0,6.0,TSX,0.30657585320435193,40.1,5976.0661619154935,2004.0,22.0,,,,,,,,,,,
RAT0001,TSX,St. Augustine Gold and Copper Limited,SAU,292216588.865,1579549129,Mining,,Hong Kong,Asia,Other,20110121.0,,,,,,,,,,,,,,,Hong Kong,,,,,17193569.0,4373276.0,3327.0,6.0,TSX,0.014965871776774426,0.185,1314.4803125939284,2011.0,15.0,,,,,,,,,,,
SHO0001,TSX,Star Diamond Corporation,DIAM,19347852.25,773914090,Mining,,SK,Canada,TSXV Grad,20041126.0,,,,Y,,,,,,,,,,,,,,,,27142144.0,877740.5,2562.0,6.0,TSX,0.04536630157489444,0.025,342.5997267759563,2004.0,22.0,,,,,,,,,,,
STA0034,TSX,Starcore International Mines Ltd.,SAM,44661128.16,93044017,Mining,,BC,Canada,TSXV Grad,20070711.0,,,,Y,,,,,,,,,,,,,,,,46329304.0,41595143.0,31566.0,6.0,TSX,0.9313500288435169,0.48,1317.7197934486474,2007.0,19.0,,,,,,,,,,,
STE0019,TSX,Steppe Gold Ltd.,STGO,328675343.1,252827187,Mining,,Mongolia,Asia,IPO,20180522.0,,,OTCQX,,,,,,,,,,,,Mongolia,,,,,66969185.0,112227912.5,98452.0,6.0,TSX,0.34145522277846824,1.3,1139.9251665786373,2018.0,8.0,,,,,,,,,,,
MON0004,TSX,STLLR Gold Inc.,STLR,199857765.36,151407398,Mining,,ON,Canada,,19110701.0,,,OTCQX,,,,,,,,,,,,,,,,,25581073.0,41589968.5,34532.0,6.0,TSX,0.20809783610401517,1.32,1204.3892186957025,1911.0,115.0,,,,,,,,,,,
TAL0009,TSX,Talisker Resources Ltd.,TSK,237766485.9,206753466,Mining,,BC,Canada,Other,20201014.0,,,OTCQX,,,,,,,,,,,,,,,,,86886633.0,145060532.0,112402.0,6.0,TSX,0.6100966309482727,1.1500000000000001,1290.5511645700255,2020.0,6.0,,,,,,,,,,,
BRA0017,TSX,Talon Metals Corp.,TLO,912274641.72,161750823,Mining,,Brazil,Latin America,TSXV Grad,20050413.0,,,,Y,,,,,,,,,,,,,,,,160103219.0,634133593.5,275825.0,6.0,TSX,0.6951125949356723,5.640000000000001,2299.043210368893,2005.0,21.0,,,,,,,,,,,
TEC0009,TSX,Teck Resources Limited,TECK,41424074414.63,490372849,Mining,,BC,Canada,,19520325.0,NYSE,,,,,60,,,,,,,,,,,,,,145299757.0,11446594671.0,730522.0,6.0,TSX,0.2763271076723765,84.47464923701352,15669.062219892077,1952.0,74.0,,,,,,,,,,,
TIT0006,TSX,Titan Mining Corporation,TI,300761598.24,98288104,Mining,,BC,Canada,IPO,20171019.0,NYSE Mkt,,OTCQB,,,,,,,,,,,,,,,,,16277259.0,76507517.0,68164.0,6.0,TSX,0.2543792739754926,3.06,1122.4035707998357,2017.0,9.0,,,,,,,,,,,
GLE0009,TSX,Torex Gold Resources Inc.,TXG,5269405013.85,93346413,Mining,,ON,Canada,TSXV Grad,20100224.0,,,,Y,,Composite,Y,,,,,,,,,,,,,83273303.0,5449861816.5,536896.0,6.0,TSX,1.0342461439528163,56.45,10150.68433458249,2010.0,16.0,,,,,,,,,,,
TAS0002,TSX,Trekor Metals Limited,TKO,3576568660.26,365702317,Mining,,BC,Canada,TSXV Grad,20060308.0,NYSE Mkt,LSE,,Y,,Composite,Y,,,,,,,,,,,,,170022840.0,1674164427.0,544096.0,6.0,TSX,0.4680923494079646,9.780000000000001,3076.9651440187026,2006.0,20.0,,,,,,,,,,,
NOV0021,TSX,Trilogy Metals Inc.,TMQ,855826369.44,172545639,Mining,,BC,Canada,Other,20120425.0,NYSE Mkt,,,,,,,,,,,,,,,,,,,57847080.0,359543850.5,174305.0,6.0,TSX,0.42011307823485655,4.96,2062.728266544276,2012.0,14.0,,,,,,,,,,,
TRI0058,TSX,Triple Flag Precious Metals Corp.,TFPM,8778600220.88,206603912,Mining,,ON,Canada,IPO,20210520.0,NYSE,,,,,Composite,,,,,,,,,,,,,,24509941.0,1138152962.5,141281.0,6.0,TSX,0.12965084795556475,42.489999999999995,8055.952056539803,2021.0,5.0,,,,,,,,,,,
TRO0007,TSX,Troilus Mining Corp.,TLG,924332733.85,553492655,Mining,,ON,Canada,TSXV Grad,20181017.0,,,OTCQX,Y,,,,,,,,,,,,,,,,246804080.0,455109889.0,292382.0,6.0,TSX,0.49236586819163203,1.6700000000000002,1556.5591896902,2018.0,8.0,,,,,,,,,,,
TAN0001,TSX,TRX Gold Corporation,TRX,399510769.68,327467844,Mining,,BC,Canada,Other,20011029.0,NYSE Mkt,,,,,,,,,,,,,,,,,,,40301983.0,81443709.5,82062.0,6.0,TSX,0.20385860828040944,1.22,992.4655687163364,2001.0,25.0,,,,,,,,,,,
V-04623,TSX,Uranium Royalty Corp.,URC,577574477.58,146592507,Mining,,BC,Canada,TSXV Grad,20230706.0,NasdaqCM,,,Y,,,,,,,,,,,,,,,,49914073.0,263715748.0,157172.0,6.0,TSX,0.4565917612996891,3.9400000000000004,1677.8799531723207,2023.0,3.0,,,,,,,,,,,
URE0001,TSX,Ur-Energy Inc.,URE,762877157.76,397331853,Mining,,CO,USA,IPO,20051128.0,NYSE Mkt,,,,,,,,,,,,,Littleton,,,,,,58178758.0,133095171.0,94354.0,6.0,TSX,0.1744647478904743,1.92,1410.5938380990738,2005.0,21.0,,,,,,,,,,,
X-1578,TSX,Valor Gold Corp.,VGC,203500000.0,55000000,Mining,,ON,Canada,Other,20260605.0,,,,,,,,,,,,,,,,,,,,4980849.0,20094132.5,17074.0,1.0,TSX,0.09874266584766585,3.7,1176.8848834485182,2026.0,0.0,,,,,,,,,,,
VER0016,TSX,Verde Agritech Ltd,NPK,40639481.28,56443724,Mining,Agriculture,Brazil,Latin America,TSXV Grad,20120411.0,,,OTCQX,Y,,,,,,,,,,,,,,,,20048916.0,24545221.5,25961.0,6.0,TSX,0.6039747734693527,0.72,945.4651785370363,2012.0,14.0,,,,,,,,,,,
V-5062,TSX,Versamet Royalties Corporation,VMET,1890534333.31,108588991,Mining,,BC,Canada,TSXV Grad,20251210.0,NasdaqCM,,,Y,,,,,,,,,,,,,,,,13978368.0,214796835.0,79187.0,6.0,TSX,0.11361699770028919,17.41,2712.5264879336255,2025.0,1.0,,,,,,,,,,,
VIS0005,TSX,Vista Gold Corp.,VGZ,391203207.28,145971346,Mining,,CO,USA,,19841019.0,NYSE Mkt,,,,,,,,,,,,,Littleton,,,,,,13259377.0,42730704.0,43814.0,6.0,TSX,0.10922892043013314,2.6799999999999997,975.2751175423381,1984.0,42.0,,,,,,,,,,,
V-04494,TSX,Vizsla Silver Corp.,VZLA,1635744485.8,351018130,Mining,,BC,Canada,TSXV Grad,20241107.0,NYSE Mkt,,,Y,,Composite,,,,,,,,,,,,,,235485360.0,1300122378.0,520231.0,6.0,TSX,0.7948199668630667,4.66,2499.125154018119,2024.0,2.0,,,,,,,,,,,
V-04510,TSX,Vox Royalty Corp.,VOXR,461641698.2,68901746,Mining,,Cayman Islands,Latin America,TSXV Grad,20230529.0,NasdaqCM,,,Y,Y,,,,,,,,,,,,,,,3066541.0,22451820.5,16279.0,6.0,TSX,0.04863473249392877,6.7,1379.1891700964434,2023.0,3.0,,,,,,,,,,,
WAL0006,TSX,Wallbridge Mining Company Limited,WM,164776491.09,1830849901,Mining,,ON,Canada,,20000724.0,,,OTCQB,,,,,,,,,,,,,,,,,147179219.0,14242161.0,11060.0,6.0,TSX,0.08643320965137563,0.09,1287.7179927667269,2000.0,26.0,,,,,,,,,,,
RIV0002,TSX,Wesdome Gold Mines Ltd.,WDO,3588827233.7,147385102,Mining,,ON,Canada,Other,19890309.0,,,OTCQX,,,Composite,,,,,,,,,,,,,,108098673.0,2709199092.0,506696.0,6.0,TSX,0.7548981646594554,24.349999999999998,5346.7939198256945,1989.0,37.0,,,,,,,,,,,
WES0062,TSX,Western Copper and Gold Corporation,WRN,717928413.36,225763652,Mining,,BC,Canada,Other,20060515.0,NYSE Mkt,,,,,,,,,,,,,,,,,,,68618426.0,276687034.5,201590.0,6.0,TSX,0.38539641188606544,3.18,1372.5236098020735,2006.0,20.0,,,,,,,,,,,
WES0067,TSX,Western Resources Corp.,WRX,16356619.12,408915478,Mining,Agriculture,BC,Canada,TSXV Grad,20110712.0,,,,Y,,,,,,,,,,,,,,,,,,,,TSX,,0.04,,2011.0,15.0,,,,,,,,,,,
WES0069,TSX,Westgold Resources Limited,WGX,4369960816.0,941801900,Mining,,Australia,Australia/NZ/PNG,Other,20240806.0,ASX,,,,,,,,,,,,,,,,,,,25111741.0,151165576.0,92887.0,6.0,TSX,0.03459197516063037,4.64,1627.4136962115258,2024.0,2.0,,,,,,,,,,,
CHA0006,TSX,Wheaton Precious Metals Corp.,WPM,72452468002.86,454133559,Mining,,BC,Canada,TSXV Grad,20041022.0,NYSE,LSE,,Y,Y,60,,,,,,,,,,,,,,103849201.0,19146998158.0,584225.0,6.0,TSX,0.2642697852231091,159.54,32773.3290393256,2004.0,22.0,,,,,,,,,,,
XTR0002,TSX,Xtra-Gold Resources Corp.,XTG,107384316.27,46486717,Mining,,Bahamas,Latin America,IPO,20101123.0,,,OTCQB,,,,,,,,,,,,,,,,,1526104.0,4703381.5,3878.0,6.0,TSX,0.043799519924065354,2.31,1212.8369004641568,2010.0,16.0,,,,,,,,,,,
YOR0001,TSX,Yorbeau Resources Inc.,YRB,26143608.15,475338330,Mining,,QC,Canada,,19870917.0,,,,,,,,,,,,,,,,,,,,16571829.0,1051080.0,752.0,6.0,TSX,0.040204090956741184,0.055,1397.712765957447,1987.0,39.0,,,,,,,,,,,
V-02623,TSXV,1844 Resources Inc.,EFF,4982580.47,142359442,Mining,,SK,Canada,QT from NEX,20120103.0,,,,,,,,,,,,,,,,,,,,28336865.0,875360.0,1121.0,6.0,TSXV,0.17568406677433954,0.034999999999999996,780.8742194469224,2012.0,14.0,1113792.0,,,,Y,,,,,,
V-04468,TSXV,1911 Gold Corporation,AUMB,198872888.32,310738888,Mining,,BC,Canada,Other,20180725.0,,,,,,,,,,,,,,,,,,,,163171604.0,159764658.5,73530.0,6.0,TSXV,0.8033506218450843,0.64,2172.7819733442134,2018.0,8.0,1181462.0,,,,,Y,Y,,,,
V-00002,TSXV,A.I.S. Resources Limited,AIS,8607876.81,44142958,Mining,,BC,Canada,,,,,,,,,,,,,,,,,,,,,,8521393.0,861524.5,855.0,6.0,TSXV,0.10008559822779341,0.195,1007.6309941520468,,,11607.0,,,,,,,,,,
V-04397,TSXV,A2 Gold Corp.,AUAU,85150226.94,123406126,Mining,,BC,Canada,Other,20180130.0,,,,,,,,,,,,,,,,,,,,12798400.0,12795935.5,14981.0,6.0,TSXV,0.15027482556231458,0.69,854.1442827581603,2018.0,8.0,1180555.0,,,OTCQX,,,,,,,
V-00015,TSXV,Abacus Mining & Exploration Corporation,AME,3749125.26,187456263,Mining,,BC,Canada,,,,,,,,,,,,,,,,,,,,,,6642152.0,213545.0,869.0,6.0,TSXV,0.056958619728805754,0.02,245.73647871116225,,,12060.0,,,,,,,,,,
V-04612,TSXV,Abasca Resources Inc.,ABA,14243951.2,142439512,Mining,,SK,Canada,RTO,20230111.0,,,,,,,,,,,,,,,,,,,,4129693.0,408358.0,393.0,6.0,TSXV,0.028668871036289425,0.09999999999999999,1039.0788804071246,2023.0,3.0,1183465.0,,,,,,,,,,
V-00017,TSXV,Abcourt Mines Inc.,ABI,83555410.4,1193648720,Mining,,QC,Canada,,,,,,,,,,,,,,,,,,,,,,150965168.0,14999406.0,8878.0,6.0,TSXV,0.17951447941185625,0.07,1689.5028159495382,,,1074330.0,,,OTCQB,,,,,,,
V-00450,TSXV,Aben Gold Corp.,ABM,5525134.29,28334022,Mining,,BC,Canada,,,,,,,,,,,,,,,,,,,,,,8042986.0,1588440.5,2516.0,6.0,TSXV,0.28749355520189535,0.195,631.3356518282989,,,10787.0,,,,,,,,,,
V-00048,TSXV,Absolutely Critical Resources Corp.,ABC,674202.22,33710111,Mining,,BC,Canada,,,,,,,,,,,,,,,,,,,,,,5323439.0,171008.0,399.0,6.0,TSXV,0.2536449672325315,0.02,428.59147869674183,,,13918.0,,,,,,,,,,
V-05013,TSXV,AC/DC Battery Metals Inc.,ACDC,2853677.42,51885044,Mining,,BC,Canada,Other,20240627.0,,,,,,,,,,,,,,,,,,,,2163944.0,133471.0,524.0,6.0,TSXV,0.046771579388955604,0.055,254.71564885496184,2024.0,2.0,1188085.0,,,OTCQB,,,,,,,
V-00554,TSXV,Adamera Minerals Corp.,ADZ,5151999.34,54231572,Mining,,BC,Canada,,20130219.0,,,,,,,,,,,,,,,,,,,,7096265.0,790531.0,941.0,6.0,TSXV,0.15344159574368268,0.095,840.0967056323061,2013.0,13.0,1087218.0,,,,,,,,,,
V-02548,TSXV,Adex Mining Inc.,ADE,94809601.74,677211441,Mining,,ON,Canada,Other,20070716.0,,,,,,,,,,,,,,,,,,,,25747977.0,2908787.5,3211.0,6.0,TSXV,0.030680305017806945,0.13999999999999999,905.8821239489256,2007.0,19.0,1110524.0,,,,,,,,,,
V-04534,TSXV,Adyton Resources Corporation,ADY,94512565.5,315041885,Mining,,Australia,Australia/NZ/PNG,QT,20210224.0,,,,,,,,,,,,,,,,,,,,71171861.0,26103437.0,5377.0,6.0,TSXV,0.2761901220425553,0.3,4854.647015064163,2021.0,5.0,1181455.0,,,,Y,,,,,,
V-04883,TSXV,AE Fuels Corporation,AEF,7220983.92,42476376,Mining,,Australia,Australia/NZ/PNG,QT,20251229.0,,,,,,,,,,,,,,,,,,,,3261486.0,609505.5,676.0,6.0,TSXV,0.08440754151409327,0.16999999999999998,901.6353550295858,2025.0,1.0,1186206.0,,,,Y,,,,,,
V-04661,TSXV,Aeonian Resources Corp.,ALTN,8123496.5,70639100,Mining,,BC,Canada,QT,20250514.0,,,,,,,,,,,,,,,,,,,,17491312.0,2745232.5,2295.0,6.0,TSXV,0.3379373032289729,0.115,1196.1797385620914,2025.0,1.0,1183871.0,,,,Y,,,,,,
V-03817,TSXV,Aftermath Silver Ltd.,AAG,218643912.32,341631113,Mining,,BC,Canada,Other,20110712.0,,,,,,,,,,,,,,,,,,,,123287074.0,115999786.0,66149.0,6.0,TSXV,0.5305420341647864,0.64,1753.613599600901,2011.0,15.0,1148820.0,,,OTCQX,,Y,,,,,
V-03095,TSXV,Akwaaba Mining Ltd.,AML,2339694.72,14623092,Mining,,BC,Canada,QT,20110309.0,,,,,,,,,,,,,,,,,,,,138371.0,20345.5,61.0,5.0,TSXV,0.00869579258613705,0.16,333.5327868852459,2011.0,15.0,1126366.0,,,,Y,,,,,,
V-00703,TSXV,Alaska Energy Metals Corporation,AEMC,12359894.8,224725360,Mining,,BC,Canada,Other,20050113.0,,,,,,,,,,,,,,,,,,,,42894569.0,4575637.0,5729.0,6.0,TSXV,0.37020031918071017,0.055,798.6798743236167,2005.0,21.0,1060962.0,,,OTCQB,,,,,,,
V-04815,TSXV,Alaska Silver Corp.,WAM,61368013.5,88939150,Mining,,AZ,USA,Other,20211115.0,,,,,,,,,,,,,,Tucson,,,,,,22039034.0,21890416.0,18781.0,6.0,TSXV,0.35670726085992666,0.69,1165.5617911719291,2021.0,5.0,1185020.0,,,,,,,,,,
V-04511,TSXV,Aldebaran Resources Inc.,ALDE,485637525.08,185357834,Mining,,BC,Canada,Other,20181102.0,,,,,,,,,,,,,,,,,,,,20559027.0,61587570.5,37369.0,6.0,TSXV,0.12681798114726525,2.62,1648.0925499745779,2018.0,8.0,1182095.0,,,OTCQX,,Y,,,,,
V-03724,TSXV,Algo Grande Copper Corp.,ALGR,22863462.84,42339746,Mining,,BC,Canada,QT from NEX,20170331.0,,,,,,,,,,,,,,,,,,,,9248802.0,6467772.0,5242.0,6.0,TSXV,0.28288680701002683,0.54,1233.836703548264,2017.0,9.0,1143031.0,,,,Y,,,,,,
V-03928,TSXV,Alliance Mining Corp.,ALM,2844037.96,9174316,Mining,,BC,Canada,Other,20120127.0,,,,,,,,,,,,,,,,,,,,358055.0,96520.5,279.0,6.0,TSXV,0.03393783815740631,0.31,345.9516129032258,2012.0,14.0,1149926.0,,,,,,,,,,
FAI0002,TSXV,Almaden Minerals Ltd.,AMM,33653979.345,137363181,Mining,,BC,Canada,TSX Comedown,20250813.0,,,,,,,,,,,,,,,,,,,,6748654.0,1742968.5,2251.0,6.0,TSXV,0.051790859028353044,0.245,774.3085295424256,2025.0,1.0,1188741.0,,,OTCQB,,,,,,,
V-04436,TSXV,Almadex Minerals Ltd.,DEX,24524359.2,61310898,Mining,,BC,Canada,Other,20180525.0,,,,,,,,,,,,,,,,,,,,4805965.0,2677837.0,1965.0,6.0,TSXV,0.10919090599521149,0.39999999999999997,1362.7669211195928,2018.0,8.0,1181265.0,,,,,,,,,,
V-02776,TSXV,Aloro Mining Corp.,AORO,865938.945,57729263,Mining,,BC,Canada,IPO,20080317.0,,,,,,,,,,,,,,,,,,,,2970467.0,64921.0,236.0,6.0,TSXV,0.07497179838700985,0.015,275.08898305084745,2008.0,18.0,1115533.0,,,,,,,,,,
V-04803,TSXV,Alpha Exploration Ltd.,ALEX,61423616.67,107760731,Mining,,Eritrea,Africa,Other,20211101.0,,,,,,,,,,,,,,,,,,,,2612496.0,1462525.5,913.0,6.0,TSXV,0.023810475176957696,0.5700000000000001,1601.8899233296825,2021.0,5.0,1185453.0,,,,,,,,,,
V-01105,TSXV,Alphamin Resources Corp.,AFM,1918783973.71,1287774479,Mining,,Mauritius,Africa,,,,,,,,,,,,,,,,,,,,,,179966200.0,240022575.5,152509.0,6.0,TSXV,0.1250909840756656,1.49,1573.825646355297,,,30682.0,,JSE,,,,,,,,
V-02342,TSXV,Altair Resources Inc.,AVX,286333.12,57266624,Mining,,BC,Canada,QT,20070315.0,,,,,,,,,,,,,,,,,,,,,,,,TSXV,,0.005,,2007.0,19.0,1107986.0,,,,Y,,,,,,
V-02021,TSXV,Altamira Gold Corp.,ALTA,66710561.85,296491386,Mining,,BC,Canada,,,,,,,,,,,,,,,,,,,,,,19461000.0,4098331.0,3702.0,6.0,TSXV,0.06143451481064088,0.225,1107.0586169638034,,,816867.0,,,,,,,,,,
V-03720,TSXV,Altiplano Metals Inc.,APN,3551236.88,177561844,Mining,,AB,Canada,IPO,20110202.0,,,,,,,,,,,,,,,,,,,,7988542.0,299212.0,463.0,6.0,TSXV,0.0842557143076302,0.02,646.2462203023758,2011.0,15.0,1142260.0,,,,,,,,,,
V-01024,TSXV,Alturas Minerals Corp.,ALT,2184482.145,145632143,Mining,,Peru,Latin America,RTO,20060410.0,,,,,,,,,,,,,,,,,,,,11056552.0,120184.5,319.0,6.0,TSXV,0.055017387198648855,0.015,376.7539184952978,2006.0,20.0,1023320.0,,Lima (BVL),,,,,,,,
V-00093,TSXV,Amarc Resources Ltd.,AHR,214700000.0,226000000,Mining,,BC,Canada,,,,,,,,,,,,,,,,,,,,,,28847964.0,32995552.5,17225.0,6.0,TSXV,0.15368212622263625,0.95,1915.5618287373004,,,708779.0,,,OTCQB,,Y,Y,,,,
V-04726,TSXV,American Eagle Gold Corp.,AE,209021082.6,204922630,Mining,,ON,Canada,Other,20210503.0,,,,,,,,,,,,,,,,,,,,31857041.0,30899721.0,15735.0,6.0,TSXV,0.14783064280234476,1.02,1963.7572926596758,2021.0,5.0,1184745.0,,,OTCQB,,,,,,,
V-01262,TSXV,American Lithium Corp.,LI,112492444.24,255664646,Mining,,BC,Canada,,,,,,,,,,,,,,,,,,,,,,32419000.0,22909542.5,16128.0,6.0,TSXV,0.20365405565482272,0.44,1420.4825458829366,,,32075.0,,,OTCQX,,Y,,,,,
V-5104,TSXV,American Tungsten Corp,TUNG,129459648.48,63460612,Mining,,BC,Canada,Other,20260529.0,,,,,,,,,,,,,,,,,,,,1936265.0,3930760.0,3435.0,2.0,TSXV,0.030362819968627185,2.04,1144.3260553129548,2026.0,0.0,1188921.0,,,,,,,,,,
V-02951,TSXV,Americore Resources Corp.,AMCO,6572208.585,23060381,Mining,,AB,Canada,QT,20110418.0,,,,,,,,,,,,,,,,,,,,12460120.0,7336019.5,5466.0,6.0,TSXV,1.116218300913832,0.285,1342.11845956824,2011.0,15.0,1120547.0,,,OTCQB,Y,,,,,,
V-00103,TSXV,Amex Exploration Inc.,AMX,674609560.8,160621324,Mining,,QC,Canada,,,,,,,,,,,,,,,,,,,,,,24313463.0,111635587.0,49863.0,6.0,TSXV,0.1654817741800377,4.199999999999999,2238.8461785291697,,,1074354.0,,,OTCQX,,Y,Y,,,,
V-5084,TSXV,Andina Copper Corporation,ANDC,318704234.8,274745030,Mining,,BC,Canada,Other,20251124.0,,,,,,,,,,,,,,,,,,,,97100190.0,93910124.5,37483.0,6.0,TSXV,0.29466230519005326,1.1600000000000001,2505.4057706160124,2025.0,1.0,1188815.0,,,,,,,,,,
V-03758,TSXV,Anfield Energy Inc.,AEC,109409856.0,18234976,Mining,,AZ,USA,Other,20110411.0,,,,,,,,,,,,,,Apache Junction,,,,,,13670609.0,40744232.5,18503.0,6.0,TSXV,0.3724000194278658,6.0,2202.0338593741553,2011.0,15.0,1131425.0,,,OTCQB,,,,,,,
V-00938,TSXV,Angel Wing Metals Inc.,AWM,3237977.85,107932595,Mining,,ON,Canada,,,,,,,,,,,,,,,,,,,,,,7267630.0,260170.0,798.0,6.0,TSXV,0.08034953049478087,0.030000000000000002,326.02756892230576,,,1023492.0,,,,,,,,,,
V-03680,TSXV,Angkor Resources Corp.,ANK,59777636.78,206129782,Mining,,AB,Canada,QT,20111019.0,,,,,,,,,,,,,,,,,,,,9415075.0,3109605.5,1979.0,6.0,TSXV,0.05201954556089763,0.29,1571.3014148559878,2011.0,15.0,1121555.0,,,OTCQB,Y,,,,,,
V-00932,TSXV,Anortech Inc.,ANOR,23613529.94,181642538,Mining,,BC,Canada,,,,,,,,,,,,,,,,,,,,,,12823620.0,976023.0,1138.0,6.0,TSXV,0.04133321034508575,0.13,857.6652021089631,,,1060143.0,,,OTCQB,Y,,,,,,
V-04312,TSXV,Antler Gold Inc.,ANTL,2724928.05,90830935,Mining,,NS,Canada,QT,20161114.0,,,,,,,,,,,,,,,,,,,,1695512.0,92747.0,184.0,6.0,TSXV,0.03403649501864829,0.03,504.0597826086956,2016.0,10.0,1177555.0,,,,Y,,,,,,
V-01888,TSXV,Apex Resources Inc.,APX,3746874.33,83263874,Mining,,BC,Canada,,19890615.0,,,,,,,,,,,,,,,,,,,,7106914.0,392875.0,418.0,6.0,TSXV,0.10485406378708197,0.045,939.8923444976076,1989.0,37.0,38385.0,,,,,,,,,,
V-04585,TSXV,Apogee Minerals Ltd.,APMI,9216600.12,76805001,Mining,,BC,Canada,QT,20210804.0,,,,,,,,,,,,,,,,,,,,4877163.0,500180.5,265.0,6.0,TSXV,0.05426952384693457,0.12,1887.4735849056603,2021.0,5.0,1182980.0,,,,Y,,,,,,
V-00100,TSXV,Apollo Silver Corp.,APGO,164275277.4,63182799,Mining,,BC,Canada,,,,,,,,,,,,,,,,,,,,,,30612035.0,126737612.5,58559.0,6.0,TSXV,0.7714953491839301,2.6,2164.2721443330656,,,1045778.0,,,OTCQB,Y,Y,Y,,,,
V-04067,TSXV,Arbor Metals Corp.,ABR,12041788.32,100348236,Mining,,BC,Canada,IPO,20121024.0,,,,,,,,,,,,,,,,,,,,13609342.0,2594289.0,3950.0,6.0,TSXV,0.21544050859050476,0.12000000000000001,656.7820253164557,2012.0,14.0,1153745.0,,,,,,,,,,
V-00133,TSXV,Archon Minerals Limited,ACS,3537089.27,54416758,Mining,,BC,Canada,,,,,,,,,,,,,,,,,,,,,,262886.0,29050.5,42.0,5.0,TSXV,0.008213109079941315,0.065,691.6785714285714,,,40133.0,,,,,,,,,,
V-00135,TSXV,Arctic Star Exploration Corp.,ADD,2387103.7,238710370,Mining,,BC,Canada,,,,,,,,,,,,,,,,,,,,,,,,,,TSXV,,0.01,,,,1075697.0,,,,,,,,,,
V-02618,TSXV,Arcus Development Group Inc.,ADG,7427399.0,21221140,Mining,,BC,Canada,Other,20071023.0,,,,,,,,,,,,,,,,,,,,1293455.0,564607.5,151.0,6.0,TSXV,0.07601685327528519,0.35,3739.1225165562914,2007.0,19.0,1114747.0,,,,,,,,,,
V-04012,TSXV,ArcWest Exploration Inc.,AWX,6263003.025,83506707,Mining,,BC,Canada,QT,20130731.0,,,,,,,,,,,,,,,,,,,,13535326.0,1297577.5,908.0,6.0,TSXV,0.20718136249024083,0.07500000000000001,1429.0501101321586,2013.0,13.0,1151750.0,,,,Y,,,,,,
V-02136,TSXV,Argenta Silver Corp.,AGAG,127748500.88,290337502,Mining,,BC,Canada,,,,,,,,,,,,,,,,,,,,,,132823771.0,95057235.0,40075.0,6.0,TSXV,0.7440966770270878,0.44,2371.983406113537,,,1065322.0,,,OTCQB,,Y,Y,,,,
V-00095,TSXV,Argentina Lithium & Energy Corp.,LIT,11693217.95,137567270,Mining,,BC,Canada,,,,,,,,,,,,,,,,,,,,,,52895381.0,6108490.5,6754.0,6.0,TSXV,0.522396018454441,0.08499999999999999,904.425599644655,,,1092092.0,,,OTCQB,,,,,,,
V-5107,TSXV,Argentina Metals Corp.,VLLC,22545603.045,71573343,Mining,,BC,Canada,Other,20260616.0,,,,,,,,,,,,,,,,,,,,1040951.0,269115.0,215.0,1.0,TSXV,0.011936473797700539,0.315,1251.6976744186047,2026.0,0.0,1189086.0,,,,,,,,,,
V-02647,TSXV,Argentum Silver Corp.,ASL,4643868.87,51598543,Mining,,BC,Canada,QT from NEX,20110222.0,,,,,,,,,,,,,,,,,,,,1620347.0,270240.0,837.0,6.0,TSXV,0.058192857629074266,0.09,322.8673835125448,2011.0,15.0,1114572.0,,,,Y,,,,,,
V-02212,TSXV,Arianne Phosphate Inc.,DAN,82109485.73,231294326,Mining,,QC,Canada,,20090703.0,,,,,,,,,,,,,,,,,,,,43696257.0,14876244.5,9965.0,6.0,TSXV,0.18117571152396986,0.35500000000000004,1492.8494229804314,2009.0,17.0,1074347.0,,,OTCQX,,,,,,,
V-5060,TSXV,Arizona Eagle Mining Corp.,AZEM,54015199.75,56858105,Mining,,ON,Canada,RTO,20260331.0,,,,,,,,,,,,,,,,,,,,3506049.0,4456800.5,2830.0,4.0,TSXV,0.08251011790435894,0.95,1574.8411660777385,2026.0,0.0,1188780.0,,,,,,,,,,
V-03888,TSXV,Arizona Gold & Silver Inc.,AZS,82214908.2,137024847,Mining,,BC,Canada,QT from NEX,20161121.0,,,,,,,,,,,,,,,,,,,,13462529.0,10484479.0,6020.0,6.0,TSXV,0.12752527770869662,0.6,1741.60780730897,2016.0,10.0,1151800.0,,,OTCQB,Y,,,,,,
V-04892,TSXV,Arras Minerals Corp.,ARK,228818488.36,122362828,Mining,,BC,Canada,Other,20220614.0,,,,,,,,,,,,,,,,,,,,27350492.0,30700430.5,12119.0,6.0,TSXV,0.1341693615757964,1.87,2533.247833979701,2022.0,4.0,1186415.0,,,OTCQB,,,,,,,
V-04601,TSXV,Artemis Gold Inc.,ARTG,7273954873.59,233064879,Mining,,BC,Canada,Other,20191002.0,,,,,,,,,,,,,,,,,,,,52787144.0,1944268544.5,243095.0,6.0,TSXV,0.26729180731642654,31.21,7997.978339743721,2019.0,7.0,1183270.0,,,,,Y,,,,,
V-04518,TSXV,Arya Resources Ltd.,RBZ,15116952.595,49563779,Mining,,BC,Canada,QT,20221220.0,,,,,,,,,,,,,,,,,,,,11634329.0,5387938.5,4046.0,6.0,TSXV,0.3564169739992493,0.305,1331.6704152249135,2022.0,4.0,1180850.0,,,,Y,,,,,,
V-03940,TSXV,Asante Gold Corporation,ASE,723349874.4,904187343,Mining,,BC,Canada,Other,20250924.0,,,,,,,,,,,,,,,,,,,,118560141.0,167702511.0,121784.0,6.0,TSXV,0.2318414876882434,0.7999999999999999,1377.0487995138935,2025.0,1.0,1151530.0,,,,,Y,,,,,
V-03038,TSXV,AsiaBaseMetals Inc.,ABZ,4518258.39,50202871,Mining,,BC,Canada,Other,20091103.0,,,,,,,,,,,,,,,,,,,,749350.0,72997.0,149.0,6.0,TSXV,0.01615600386236432,0.09,489.9127516778523,2009.0,17.0,1125635.0,,,,,,,,,,
V-03792,TSXV,Aston Bay Holdings Ltd.,BAY,12647481.75,252949635,Mining,,WA,USA,QT,20130506.0,,,,,,,,,,,,,,Vancouver,,,,,,21576712.0,1283486.5,1359.0,6.0,TSXV,0.10148158545474872,0.05,944.4345106696101,2013.0,13.0,1146870.0,,,OTCQB,Y,,,,,,
V-04733,TSXV,Astra Exploration Inc.,ASTR,79712329.0,137435050,Mining,,BC,Canada,QT,20220126.0,,,,,,,,,,,,,,,,,,,,24364114.0,16457085.5,9202.0,6.0,TSXV,0.20645596116003587,0.58,1788.4248532927625,2022.0,4.0,1184770.0,,,OTCQB,Y,,,,,,
V-05002,TSXV,Atha Energy Corp.,SASK,347315338.26,350823574,Mining,,BC,Canada,Other,20240304.0,,,,,,,,,,,,,,,,,,,,135891867.0,125627978.0,69859.0,6.0,TSXV,0.3617115749318131,0.99,1798.307705521121,2024.0,2.0,1187986.0,,,OTCQB,,Y,,,,,
V-03960,TSXV,Atico Mining Corporation,ATY,35363728.53,181352454,Mining,,BC,Canada,IPO,20120312.0,,,,,,,,,,,,,,,,,,,,21719334.0,6331480.5,4094.0,6.0,TSXV,0.17903882772510357,0.195,1546.5267464582316,2012.0,14.0,1149831.0,,,OTCQX,,,,,,,
V-04041,TSXV,Atlas Salt Inc.,SALT,191436052.5,124309125,Mining,,NL,Canada,Other,20120817.0,,,,,,,,,,,,,,,,,,,,29787145.0,33332455.0,20720.0,6.0,TSXV,0.17411796035650076,1.54,1608.709218146718,2012.0,14.0,1149980.0,Agriculture,,OTCQB,,,,,,,
V-01679,TSXV,Atomic Minerals Corporation,ATOM,3058765.57,87393302,Mining,,BC,Canada,,19810924.0,,,,,,,,,,,,,,,,,,,,44916718.0,3393921.5,4105.0,6.0,TSXV,1.1095722840897546,0.034999999999999996,826.7774665042631,1981.0,45.0,16274.0,,,,,,,,,,
V-02881,TSXV,Aton Resources Inc.,AAN,73923559.54,127454413,Mining,,ON,Canada,QT,20101005.0,,,,,,,,,,,,,,,,,,,,2046427.0,1060328.0,638.0,6.0,TSXV,0.014343573369546106,0.5800000000000001,1661.9561128526645,2010.0,16.0,1119181.0,,,,Y,,,,,,
V-04462,TSXV,AU Gold Corp.,AUGC,10537048.26,58539157,Mining,,BC,Canada,QT,20201224.0,,,,,,,,,,,,,,,,,,,,16138153.0,3482584.0,2876.0,6.0,TSXV,0.330508498591616,0.18,1210.912378303199,2020.0,6.0,1181505.0,,,,Y,,,,,,
V-05014,TSXV,AuMega Metals Ltd.,AUM,30031348.025,858038515,Mining,,Australia,Australia/NZ/PNG,Other,20240626.0,,,,,,,,,,,,,,,,,,,,52939937.0,2168324.5,1541.0,6.0,TSXV,0.07220203695801299,0.034999999999999996,1407.0892277741725,2024.0,2.0,1187500.0,,ASX,OTCQB,,,,,,,
V-01367,TSXV,AuQ Gold Mining Inc.,AUQ,10217255.4,22705012,Mining,,BC,Canada,,,,,,,,,,,,,,,,,,,,,,1640587.0,872839.5,647.0,6.0,TSXV,0.08542798098205512,0.45,1349.0564142194744,,,17132.0,,,,,,,,,,
V-04112,TSXV,Aurania Resources Ltd.,ARU,23977525.425,137014431,Mining,,ON,Canada,IPO,20130417.0,,,,,,,,,,,,,,,,,,,,6296572.0,1252366.5,2234.0,6.0,TSXV,0.05223084858849649,0.17500000000000002,560.5937779767233,2013.0,13.0,1161700.0,,,OTCQB,,,,,,,
V-5093,TSXV,Auranova Resources Inc.,AURA,19272320.5,77089282,Mining,,BC,Canada,Other,20260317.0,,,,,,,,,,,,,,,,,,,,11650564.0,4873110.5,1451.0,4.0,TSXV,0.2528554099128852,0.25,3358.449689869056,2026.0,0.0,1188690.0,,,,,,,,,,
V-04110,TSXV,Auric Resources Corp.,RES,1576150.345,45032867,Mining,,BC,Canada,QT from NEX,20240227.0,,,,,,,,,,,,,,,,,,,,744926.0,63967.0,252.0,6.0,TSXV,0.040584326363866004,0.034999999999999996,253.8373015873016,2024.0,2.0,1156585.0,,,,Y,,,,,,
V-03984,TSXV,Auriginal Mining Corp.,AUME,13233236.85,264664737,Mining,,QC,Canada,QT from NEX,20170403.0,,,,,,,,,,,,,,,,,,,,22257152.0,1469880.0,1613.0,6.0,TSXV,0.1110748652549055,0.049999999999999996,911.2709237445753,2017.0,9.0,1153780.0,,,,Y,,,,,,
V-04678,TSXV,Auro Metals Inc.,AURO,184561058.88,130894368,Mining,,BC,Canada,Other,20201125.0,,,,,,,,,,,,,,,,,,,,8392118.0,7909021.0,3710.0,5.0,TSXV,0.04285314057036472,1.41,2131.811590296496,2020.0,6.0,1184200.0,,,OTCQX,,,,,,,
V-04904,TSXV,Aurum Lake Mining Corporation,ARL,1286037.5,23382500,Mining,,Cayman Islands,Latin America,QT,20240112.0,,,,,,,,,,,,,,,,,,,,137448.0,9486.0,21.0,6.0,TSXV,0.007376145718923437,0.055,451.7142857142857,2024.0,2.0,1186295.0,,,,Y,,,,,,
V-04307,TSXV,Austral Gold Limited,AGLD,80172441.48,668103679,Mining,,Australia,Australia/NZ/PNG,Other,20160822.0,,,,,,,,,,,,,,,,,,,,23248765.0,3943307.5,2701.0,6.0,TSXV,0.049185323874460105,0.12000000000000001,1459.9435394298407,2016.0,10.0,1176145.0,,ASX,OTCQB,,,,,,,
V-04792,TSXV,Avaron Mining Corp.,AVR,752324.85,15046497,Mining,,BC,Canada,QT,20230629.0,,,,,,,,,,,,,,,,,,,,615681.0,50107.5,78.0,6.0,TSXV,0.06660354233945616,0.049999999999999996,642.4038461538462,2023.0,3.0,1185190.0,,,,Y,,,,,,
V-04228,TSXV,Avidian Gold Corp.,AVG,2561410.08,18973408,Mining,,ON,Canada,QT from NEX,20171204.0,,,,,,,,,,,,,,,,,,,,2251101.0,347718.5,466.0,6.0,TSXV,0.13575276474277012,0.135,746.1770386266095,2017.0,9.0,1170560.0,,,,Y,,,,,,
V-02899,TSXV,Avrupa Minerals Ltd.,AVU,3042990.16,76074754,Mining,,BC,Canada,QT,20100714.0,,,,,,,,,,,,,,,,,,,,7601436.0,480875.5,421.0,6.0,TSXV,0.15802729378526809,0.04,1142.2220902612826,2010.0,16.0,1119905.0,,,,Y,,,,,,
V-04294,TSXV,Awale Resources Limited,ARIC,85677790.32,118996931,Mining,,BC,Canada,QT,20180103.0,,,,,,,,,,,,,,,,,,,,20107714.0,16695662.0,6551.0,6.0,TSXV,0.1948656931702251,0.72,2548.566936345596,2018.0,8.0,1176441.0,,,,Y,,,,,,
V-5066,TSXV,Axo Metals Corp.,AXO,162261264.75,216348353,Mining,,NS,Canada,IPO,20250604.0,,,,,,,,,,,,,,,,,,,,51032633.0,40454507.0,10275.0,6.0,TSXV,0.24931709402320557,0.75,3937.178296836983,2025.0,1.0,1188055.0,,,,,,,,,,
V-01990,TSXV,Azarga Metals Corp.,AZR,10005153.95,90955945,Mining,,BC,Canada,,,,,,,,,,,,,,,,,,,,,,1703245.0,266536.5,353.0,6.0,TSXV,0.02663991991847362,0.10999999999999999,755.0609065155808,,,26055.0,,,,,,,,,,
V-00186,TSXV,Azimut Exploration Inc.,AZM,59554192.9,100939310,Mining,,QC,Canada,,,,,,,,,,,,,,,,,,,,,,10447566.0,8314173.5,3986.0,6.0,TSXV,0.13960685377704113,0.59,2085.843828399398,,,1074345.0,,,OTCQX,,,,,,,
V-04000,TSXV,Azincourt Energy Corp.,AAZ,8345497.6,151736320,Mining,,BC,Canada,IPO,20120501.0,,,,,,,,,,,,,,,,,,,,25657058.0,1610513.0,2523.0,6.0,TSXV,0.19297986497533712,0.055,638.3325406262386,2012.0,14.0,1153005.0,,,OTCQB,,,,,,,
V-04340,TSXV,Aztec Minerals Corp.,AZT,40609528.52,188881528,Mining,,BC,Canada,IPO,20170502.0,,,,,,,,,,,,,,,,,,,,30233083.0,8606196.0,6436.0,6.0,TSXV,0.21192553357918176,0.21500000000000002,1337.1963952765693,2017.0,9.0,1179245.0,,,OTCQB,,,,,,,
V-03143,TSXV,Badlands Resources Inc.,BLDS,1163032.92,3230647,Mining,,BC,Canada,IPO,20100630.0,,,,,,,,,,,,,,,,,,,,761023.0,139830.5,453.0,6.0,TSXV,0.12022918491421551,0.36,308.6766004415011,2010.0,16.0,1131627.0,,,,,,,,,,
V-03709,TSXV,Banyan Gold Corp.,BYN,611636844.24,430730172,Mining,,BC,Canada,QT,20130219.0,,,,,,,,,,,,,,,,,,,,104762484.0,133995705.0,73762.0,6.0,TSXV,0.21907722901568935,1.42,1816.595333640628,2013.0,13.0,1141820.0,,,OTCQB,Y,Y,Y,,,,
V-00961,TSXV,Barksdale Resources Corp.,BRO,87912828.9,225417510,Mining,,BC,Canada,,,,,,,,,,,,,,,,,,,,,,55701444.0,15859968.5,6990.0,6.0,TSXV,0.18040562109587624,0.39,2268.951144492132,,,42252.0,,,OTCQX,,,,,,,
V-00608,TSXV,Baru Gold Corp.,BARU,15262781.36,381569534,Mining,,BC,Canada,,,,,,,,,,,,,,,,,,,,,,42715691.0,2142400.5,2120.0,6.0,TSXV,0.14036763349140974,0.04,1010.5662735849056,,,822191.0,,,OTCQB,,,,,,,
V-02954,TSXV,Batero Gold Corp.,BAT,12670062.13,115182383,Mining,,BC,Canada,QT,20100727.0,,,,,,,,,,,,,,,,,,,,11358238.0,1854579.5,1395.0,6.0,TSXV,0.14637493336427704,0.11,1329.447670250896,2010.0,16.0,1119109.0,,,,Y,,,,,,
V-02457,TSXV,Bathurst Metals Corp.,BMV,3736777.05,49823694,Mining,,BC,Canada,Other,20070220.0,,,,,,,,,,,,,,,,,,,,7522597.0,546732.5,419.0,6.0,TSXV,0.1463112443382192,0.075,1304.8508353221957,2007.0,19.0,1107121.0,,,,,,,,,,
V-04488,TSXV,Battery Mineral Resources Corp.,BMR,71047819.33,417928349,Mining,,BC,Canada,QT,20210223.0,,,,,,,,,,,,,,,,,,,,7554887.0,1214623.5,1005.0,6.0,TSXV,0.01709585897856156,0.16999999999999998,1208.5805970149254,2021.0,5.0,1181654.0,,,OTCQB,Y,,,,,,
V-02350,TSXV,Bayhorse Silver Inc.,BHS,18794470.5,417654900,Mining,,BC,Canada,Other,20060830.0,,,,,,,,,,,,,,,,,,,,78036362.0,6444865.5,5331.0,6.0,TSXV,0.34291285301174085,0.045,1208.9411930219471,2006.0,20.0,1107569.0,,,OTCQB,,,,,,,
V-00438,TSXV,BC Moly Ltd.,BM,4329758.375,34638067,Mining,,BC,Canada,,,,,,,,,,,,,,,,,,,,,,764508.0,124589.0,153.0,6.0,TSXV,0.028775046829258688,0.125,814.3071895424837,,,1023593.0,,,,,,,,,,
V-02360,TSXV,BCM Resources Corporation,B,65054085.475,245487115,Mining,,BC,Canada,Other,20060927.0,,,,,,,,,,,,,,,,,,,,19731287.0,4395705.5,3408.0,6.0,TSXV,0.0675700145179852,0.265,1289.8196889671362,2006.0,20.0,1107279.0,,,,,,,,,,
V-04540,TSXV,Beauce Gold Fields Inc.,BGF,6934209.65,138684193,Mining,,QC,Canada,Other,20190204.0,,,,,,,,,,,,,,,,,,,,19390294.0,944167.5,1755.0,6.0,TSXV,0.13616079519603216,0.05,537.9871794871794,2019.0,7.0,1181710.0,,,,,,,,,,
V-02516,TSXV,Bedford Metals Corp.,BFM,12676209.075,93897845,Mining,,BC,Canada,QT,20091231.0,,,,,,,,,,,,,,,,,,,,7782955.0,1425685.0,3527.0,6.0,TSXV,0.11246935038423544,0.13499999999999998,404.22030053870145,2009.0,17.0,1110951.0,,,,Y,,,,,,
V-00220,TSXV,Bell Copper Corporation,BCU,11580829.12,144760364,Mining,,BC,Canada,Other,20080512.0,,,,,,,,,,,,,,,,,,,,7852062.0,576850.0,1016.0,6.0,TSXV,0.04981076864382574,0.07999999999999999,567.7657480314961,2008.0,18.0,1023993.0,,,OTCQB,,,,,,,
V-00222,TSXV,Belmont Resources Inc.,BEA,4636914.52,132483272,Mining,,BC,Canada,,,,,,,,,,,,,,,,,,,,,,9512572.0,363773.0,1077.0,6.0,TSXV,0.07845152168127525,0.034999999999999996,337.7650882079851,,,14473.0,,,,,,,,,,
V-03102,TSXV,BeMetals Corp.,BMET,14721180.0,29442360,Mining,,BC,Canada,QT from NEX,20180725.0,,,,,,,,,,,,,,,,,,,,7926537.0,804824.0,1552.0,6.0,TSXV,0.05467116087161491,0.5,518.5721649484536,2018.0,8.0,1120311.0,,,OTCQB,Y,,,,,,
V-04035,TSXV,Benton Resources Inc.,BEX,23623094.25,262478825,Mining,,ON,Canada,Other,20120801.0,,,,,,,,,,,,,,,,,,,,25706245.0,2313200.0,2030.0,6.0,TSXV,0.09792112648409723,0.09,1139.5073891625616,2012.0,14.0,1152375.0,,,,,,,,,,
V-04048,TSXV,Benz Mining Corp.,BZ,798350257.6,325857248,Mining,,BC,Canada,QT,20130412.0,,,,,,,,,,,,,,,,,,,,12279510.0,29225983.0,13149.0,6.0,TSXV,0.0366079709022192,2.45,2222.6772378127616,2013.0,13.0,1154550.0,,ASX,,Y,Y,Y,,,,
V-02605,TSXV,Bessor Minerals Inc.,BST,938568.69,31285623,Mining,,BC,Canada,Other,20070920.0,,,,,,,,,,,,,,,,,,,,1455623.0,48183.0,114.0,6.0,TSXV,0.05133667947095061,0.03,422.6578947368421,2007.0,19.0,1114699.0,,,,,,,,,,
V-00459,TSXV,Big Bear Gold Corp.,BEAR,3023236.395,35567487,Mining,,BC,Canada,,,,,,,,,,,,,,,,,,,,,,6629919.0,1289765.0,796.0,6.0,TSXV,0.4266173171681469,0.085,1620.3077889447236,,,34214.0,,,,,,,,,,
V-00089,TSXV,Big Ridge Gold Corp.,BRAU,132450505.2,294334456,Mining,,BC,Canada,,,,,,,,,,,,,,,,,,,,,,33190191.0,12566254.5,6948.0,6.0,TSXV,0.0948750967844553,0.45,1808.6146373056995,,,13448.0,,,OTCQB,,,,,,,
V-02009,TSXV,Big Tree Carbon Inc.,BIGT,2386397.12,119319856,Mining,,ON,Canada,,,,,,,,,,,,,,,,,,,,,,8300394.0,80560.0,361.0,6.0,TSXV,0.03375800252390516,0.02,223.1578947368421,,,1023971.0,,,,,,,,,,
V-00247,TSXV,Bitterroot Resources Ltd.,BTT,4436724.46,126763556,Mining,,BC,Canada,,,,,,,,,,,,,,,,,,,,,,11088610.0,744006.5,1019.0,6.0,TSXV,0.16769274420976776,0.034999999999999996,730.1339548577037,,,15791.0,,,,,,,,,,
V-02234,TSXV,Black Mammoth Metals Corporation,BMM,184712515.13,45834371,Mining,,BC,Canada,Other,20051214.0,,,,,,,,,,,,,,,,,,,,2500640.0,12632326.0,5726.0,6.0,TSXV,0.06838911803625983,4.03,2206.134474327628,2005.0,21.0,1101035.0,,,,,Y,,,,,
V-03705,TSXV,Black Spruce Exploration Inc.,BARK,1381518.55,27630371,Mining,,BC,Canada,QT,20130204.0,,,,,,,,,,,,,,,,,,,,1947106.0,114414.0,336.0,6.0,TSXV,0.08281756332551597,0.05,340.51785714285717,2013.0,13.0,1129630.0,,,,Y,,,,,,
V-00075,TSXV,Blackrock Silver Corp.,BRC,333998595.69,375279321,Mining,,BC,Canada,QT,20031223.0,,,,,,,,,,,,,,,,,,,,149677074.0,216987376.0,137196.0,6.0,TSXV,0.6496655339275628,0.89,1581.586751800344,2003.0,23.0,1015607.0,,,OTCQX,Y,Y,Y,,,,
V-03810,TSXV,Blende Silver Corp.,BAG,11715721.2,86783120,Mining,,BC,Canada,Other,20110705.0,,,,,,,,,,,,,,,,,,,,20943084.0,3958278.5,3733.0,6.0,TSXV,0.3378604212602806,0.13499999999999998,1060.3478435574605,2011.0,15.0,1114685.0,,,,,,,,,,
V-5105,TSXV,Blue Jay Gold Corp.,JAY,34711670.82,47550234,Mining,,BC,Canada,Other,20260604.0,,,,,,,,,,,,,,,,,,,,3956462.0,3058163.0,1119.0,1.0,TSXV,0.08810186682912315,0.73,2732.942806076854,2026.0,0.0,1188720.0,,,,,,,,,,
V-02541,TSXV,Blue Moon Metals Inc.,MOON,898767009.0,99863001,Mining,,BC,Canada,Other,20070607.0,,,,,,,,,,,,,,,,,,,,25913871.0,219041029.5,85136.0,6.0,TSXV,0.24371280577344823,9.0,2572.836749436196,2007.0,19.0,1114125.0,,,,,Y,,,,,
V-02320,TSXV,Blue Sky Uranium Corp.,BSK,21711558.3,434231166,Mining,,BC,Canada,QT,20070207.0,,,,,,,,,,,,,,,,,,,,36895837.0,2231938.5,3299.0,6.0,TSXV,0.10279955354471262,0.05,676.5500151561079,2007.0,19.0,1107278.0,,,OTCQB,Y,,,,,,
V-03118,TSXV,Blue Star Gold Corp.,BAU,36288859.95,172804095,Mining,,BC,Canada,IPO,20100420.0,,,,,,,,,,,,,,,,,,,,5756539.0,1369987.5,1483.0,6.0,TSXV,0.03775228821979016,0.21000000000000002,923.7946729602157,2010.0,16.0,1130960.0,,,OTCQB,,,,,,,
V-02871,TSXV,Bocana Resources Corp.,BOCA,7733419.575,103112261,Mining,,AB,Canada,RTO,20230105.0,,,,,,,,,,,,,,,,,,,,24243390.0,3237108.0,4561.0,6.0,TSXV,0.4185868836684708,0.075,709.736461302346,2023.0,3.0,1118762.0,,,,Y,,,,,,
V-02621,TSXV,Bold Ventures Inc.,BOL,8961038.725,105423985,Mining,,ON,Canada,Other,20071029.0,,,,,,,,,,,,,,,,,,,,8045887.0,808890.0,1263.0,6.0,TSXV,0.09026743716030532,0.08499999999999999,640.4513064133016,2007.0,19.0,1111164.0,,,,,,,,,,
V-04354,TSXV,Bonanza Mining Corporation,BNZ,1543884.29,23752066,Mining,,BC,Canada,QT,20210329.0,,,,,,,,,,,,,,,,,,,,2047568.0,132283.0,255.0,6.0,TSXV,0.0856819392857479,0.065,518.756862745098,2021.0,5.0,1179706.0,,,,Y,,,,,,
V-02955,TSXV,Bonterra Resources Inc.,BTR,37221272.9,212692988,Mining,,BC,Canada,IPO,20090204.0,,,,,,,,,,,,,,,,,,,,17103927.0,3159803.5,2228.0,6.0,TSXV,0.0848924083947704,0.175,1418.2241921005386,2009.0,17.0,1118203.0,,,OTCQX,,,,,,,
V-05020,TSXV,Borealis Mining Company Limited,BOGO,128405237.49,147592227,Mining,,ON,Canada,Other,20240807.0,,,,,,,,,,,,,,,,,,,,56517216.0,77807344.5,55786.0,6.0,TSXV,0.6059514862550643,0.87,1394.7467913096475,2024.0,2.0,1188222.0,,,,,,,,,,
V-00648,TSXV,Boron One Holdings Inc.,BONE,12539349.27,278652206,Mining,,BC,Canada,,,,,,,,,,,,,,,,,,,,,,15169217.0,675253.0,781.0,6.0,TSXV,0.053850721074938206,0.045,864.6005121638924,,,1023749.0,,,,,,,,,,
V-04541,TSXV,BP Silver Corp.,BPAG,57890211.98,65045182,Mining,,BC,Canada,QT,20250929.0,,,,,,,,,,,,,,,,,,,,18022430.0,16434970.5,7597.0,6.0,TSXV,0.28389895178960445,0.8899999999999999,2163.3500723969987,2025.0,1.0,1181930.0,,,,Y,,,,,,
V-01266,TSXV,Brasnova Energy Materials Inc.,BEM,3260618.41,46580263,Mining,,BC,Canada,QT,20070228.0,,,,,,,,,,,,,,,,,,,,2053363.0,212902.0,237.0,6.0,TSXV,0.06529497574664064,0.07,898.3206751054852,2007.0,19.0,1096787.0,,,,Y,,,,,,
V-03121,TSXV,Bravada Gold Corporation,BVA,23346647.01,28823021,Mining,,BC,Canada,Other,20100504.0,,,,,,,,,,,,,,,,,,,,26894133.0,5028783.5,2627.0,6.0,TSXV,0.21539639066141,0.81,1914.268557289684,2010.0,16.0,1133804.0,,,,,,,,,,
V-04905,TSXV,Bravo Mining Corp.,BRVO,400200564.96,137054988,Mining,,Brazil,Latin America,IPO,20220721.0,,,,,,,,,,,,,,,,,,,,12754624.0,50197997.0,33181.0,6.0,TSXV,0.12543209929005794,2.92,1512.8536511859197,2022.0,4.0,1186720.0,,,OTCQX,,Y,,,,,
V-02886,TSXV,Brixton Metals Corporation,BBB,46748934.54,74204658,Mining,,BC,Canada,QT,20101207.0,,,,,,,,,,,,,,,,,,,,68837360.0,17187700.5,12268.0,6.0,TSXV,0.3676597267750265,0.63,1401.0189517443755,2010.0,16.0,1118648.0,,,OTCQB,Y,,,,,,
V-01816,TSXV,Bronco Resources Corp.,BRON,1618731.765,35971817,Mining,,BC,Canada,,,,,,,,,,,,,,,,,,,,,,6274904.0,387452.5,424.0,6.0,TSXV,0.23935559206129498,0.045,913.8030660377359,,,38008.0,,,,,,,,,,
V-02235,TSXV,Brunswick Exploration Inc.,BRW,39534898.34,282392131,Mining,,QC,Canada,QT,20070629.0,,,,,,,,,,,,,,,,,,,,43816732.0,10112884.5,7449.0,6.0,TSXV,0.2557963957066292,0.14,1357.6163914619412,2007.0,19.0,1099696.0,,,OTCQB,Y,,,,,,
V-03022,TSXV,BTU Metals Corp.,BTU,9778230.77,177786014,Mining,,BC,Canada,QT from NEX,20170620.0,,,,,,,,,,,,,,,,,,,,19456123.0,1285869.0,1254.0,6.0,TSXV,0.13150323716485576,0.055,1025.4138755980862,2017.0,9.0,1123285.0,,,OTCQB,Y,,,,,,
V-5088,TSXV,Buffalo Potash Corporation,BUFF,39543523.43,81533038,Mining,,SK,Canada,Other,20260106.0,,,,,,,,,,,,,,,,,,,,21243125.0,10410964.5,5673.0,6.0,TSXV,0.2632786255991959,0.485,1835.1779481755684,2026.0,0.0,1189030.0,,,,,,,,,,
V-04879,TSXV,Bulgold Inc.,ZLTO,3994430.715,72626013,Mining,,Bulgaria,UK/Europe,QT,20230327.0,,,,,,,,,,,,,,,,,,,,7416811.0,448329.5,474.0,6.0,TSXV,0.1122386472536425,0.055,945.8428270042194,2023.0,3.0,1186165.0,,,,Y,,,,,,
V-04804,TSXV,Bullfrog Gold Corporation,FROG,8394490.1,83944901,Mining,,BC,Canada,QT,20240312.0,,,,,,,,,,,,,,,,,,,,7454720.0,802920.5,723.0,6.0,TSXV,0.09564851354104284,0.09999999999999999,1110.5401106500692,2024.0,2.0,1185455.0,,,OTCQB,Y,,,,,,
V-02260,TSXV,Bullion Gold Discoveries Corp.,BGD,8092945.6,101161820,Mining,,QC,Canada,QT,20080521.0,,,,,,,,,,,,,,,,,,,,17583230.0,1531372.0,1597.0,6.0,TSXV,0.18922306854503013,0.08,958.9054477144646,2008.0,18.0,1101480.0,,,,Y,,,,,,
V-04113,TSXV,BWR Exploration Inc.,BWR,1105104.61,110510461,Mining,,ON,Canada,IPO,20130404.0,,,,,,,,,,,,,,,,,,,,3324821.0,53463.0,134.0,6.0,TSXV,0.04837822547858161,0.01,398.9776119402985,2013.0,13.0,1161890.0,,,,,,,,,,
V-03842,TSXV,C3 Metals Inc.,CCCM,98975036.24,125284856,Mining,,ON,Canada,RTO,20150707.0,,,,,,,,,,,,,,,,,,,,5500117.0,5674682.0,3527.0,6.0,TSXV,0.05733447761756536,0.7899999999999999,1608.925999432946,2015.0,11.0,1145555.0,,,OTCQB,,,,,,,
V-04244,TSXV,Cabral Gold Inc.,CBR,288110579.04,306500616,Mining,,BC,Canada,RTO from NEX,20171102.0,,,,,,,,,,,,,,,,,,,,54003119.0,49508845.5,24373.0,6.0,TSXV,0.17183973481628526,0.9400000000000001,2031.2987937471792,2017.0,9.0,1172165.0,,,,,Y,,,,,
V-5077,TSXV,Cambria Gold Mines Inc.,CAMB,312864305.39,343806929,Mining,,BC,Canada,TSX Comedown,20251014.0,,,,,,,,,,,,,,,,,,,,44577667.0,55713046.5,51695.0,6.0,TSXV,0.17807415400280668,0.9099999999999999,1077.7260179901346,2025.0,1.0,1189006.0,,,,,,,,,,
V-03108,TSXV,Camino Minerals Corporation,COR,39277201.48,89266367,Mining,,BC,Canada,Other,20100422.0,,,,,,,,,,,,,,,,,,,,6217987.0,3968936.0,2452.0,6.0,TSXV,0.10104935816318246,0.43999999999999995,1618.6525285481239,2010.0,16.0,1130980.0,,,,,,,,,,
V-02047,TSXV,Canada Carbon Inc.,CCB,1211407.56,242281512,Mining,,ON,Canada,,,,,,,,,,,,,,,,,,,,,,10959023.0,105423.0,331.0,3.0,TSXV,0.08702521222502524,0.005,318.49848942598186,,,40581.0,,,,,,,,,,
V-04626,TSXV,Canada Nickel Company Inc.,CNC,332666208.16,244607506,Mining,,ON,Canada,Other,20200227.0,,,,,,,,,,,,,,,,,,,,115433181.0,216932695.5,127070.0,6.0,TSXV,0.652103189860701,1.36,1707.1904894939796,2020.0,6.0,1183705.0,,,OTCQX,,Y,,,,,
V-00115,TSXV,Canada One Mining Corp.,CONE,2978741.09,45826786,Mining,,BC,Canada,,,,,,,,,,,,,,,,,,,,,,8243122.0,666406.5,1190.0,6.0,TSXV,0.22372085383224766,0.065,560.005462184874,,,24777.0,,,,,,,,,,
V-00801,TSXV,Canada Rare Earth Corp.,LL,4231753.92,211587696,Mining,,BC,Canada,,,,,,,,,,,,,,,,,,,,,,,,,,TSXV,,0.02,,,,821435.0,,,,,,,,,,
V-03698,TSXV,Canadian Critical Minerals Inc.,CCMI,8441986.925,337679477,Mining,,ON,Canada,IPO,20101229.0,,,,,,,,,,,,,,,,,,,,44872006.0,1617505.0,2111.0,6.0,TSXV,0.1916024052595888,0.025,766.226906679299,2010.0,16.0,1141460.0,,,OTCQB,,,,,,,
V-02390,TSXV,Canadian Gold Resources Ltd.,CAN,3840821.32,54868876,Mining,,NB,Canada,RTO from NEX,20241212.0,,,,,,,,,,,,,,,,,,,,17006480.0,2516705.0,2822.0,6.0,TSXV,0.6552517782837136,0.06999999999999999,891.8160878809355,2024.0,2.0,1108163.0,,,,,,,,,,
V-02650,TSXV,Canadian Goldfields Discovery Corp.,CGM,30643321.98,107520428,Mining,,BC,Canada,Other,20071019.0,,,,,,,,,,,,,,,,,,,,20494444.0,8207843.5,3486.0,5.0,TSXV,0.26785096946594167,0.28500000000000003,2354.5162076878946,2007.0,19.0,1114336.0,,,,,,,,,,
V-04867,TSXV,Canadian North Resources Inc.,CNRI,20578557.06,114325317,Mining,,ON,Canada,IPO,20220407.0,,,,,,,,,,,,,,,,,,,,583022.0,198222.0,449.0,6.0,TSXV,0.009632453792656735,0.18,441.47438752783967,2022.0,4.0,1185392.0,,,OTCQX,,,,,,,
V-03109,TSXV,Canadian Premium Sand Inc.,CPS,8799579.82,92627156,Mining,,AB,Canada,Other,20100405.0,,,,,,,,,,,,,,,,,,,,2628658.0,233091.0,551.0,6.0,TSXV,0.0264888784201062,0.095,423.03266787658805,2010.0,16.0,1114282.0,,,,,,,,,,
V-02041,TSXV,Canaf Investments Inc.,CAF,15176382.4,47426195,Mining,,BC,Canada,,,,,,,,,,,,,,,,,,,,,,2876995.0,983188.5,562.0,6.0,TSXV,0.06478411482304242,0.32,1749.4457295373666,,,1024021.0,,,,,,,,,,
V-00323,TSXV,Canalaska Uranium Ltd.,CVV,98318451.745,220940341,Mining,,BC,Canada,TSX Comedown,20131230.0,,,,,,,,,,,,,,,,,,,,85291936.0,57589588.5,35958.0,6.0,TSXV,0.5857454778617253,0.445,1601.579300850993,2013.0,13.0,22713.0,,,OTCQX,,Y,,,,,
V-00339,TSXV,Canasil Resources Inc.,CLZ,6232571.2,155814280,Mining,,BC,Canada,,,,,,,,,,,,,,,,,,,,,,12979173.0,739802.0,741.0,6.0,TSXV,0.11869932588977082,0.04,998.3832658569501,,,17932.0,,,,,,,,,,
V-01406,TSXV,Canex Metals Inc.,CANX,52256965.5,209027862,Mining,,AB,Canada,,,,,,,,,,,,,,,,,,,,,,22092666.0,5690176.0,2856.0,6.0,TSXV,0.10888837393361465,0.25,1992.358543417367,,,1009811.0,,,,,,,,,,
V-03962,TSXV,Canoe Mining Ventures Corp.,CLV,4276837.92,35640316,Mining,,ON,Canada,QT,20131209.0,,,,,,,,,,,,,,,,,,,,1938618.0,271103.5,246.0,6.0,TSXV,0.0633887711134024,0.12,1102.0467479674796,2013.0,13.0,1153141.0,,,,Y,,,,,,
V-00349,TSXV,Canstar Resources Inc.,ROX,9288694.75,185773895,Mining,,ON,Canada,,20050408.0,,,,,,,,,,,,,,,,,,,,17991635.0,1127745.5,1159.0,6.0,TSXV,0.12141054586813718,0.05,973.0332182916308,2005.0,21.0,1023254.0,,,,,,,,,,
V-00553,TSXV,Canterra Minerals Corporation,CTM,57230613.325,394693885,Mining,,BC,Canada,,,,,,,,,,,,,,,,,,,,,,53269204.0,10178314.5,6963.0,6.0,TSXV,0.17784737762986397,0.14500000000000002,1461.771434726411,,,1016387.0,,,OTCQB,,,,,,,
V-00350,TSXV,Cantex Mine Development Corp.,CD,33438579.72,159231332,Mining,,BC,Canada,,,,,,,,,,,,,,,,,,,,,,14217890.0,3650270.5,2991.0,6.0,TSXV,0.10916344326121995,0.21,1220.4180875961217,,,1023544.0,,,OTCQB,,,,,,,
V-03003,TSXV,Canuc Resources Corporation,CDA,29178563.0,29178563,Mining,,ON,Canada,Other,20090827.0,,,,,,,,,,,,,,,,,,,,5581254.0,1654565.5,1298.0,6.0,TSXV,0.056704831557332004,1.0,1274.7037750385207,2009.0,17.0,1116366.0,,,OTCQB,,,,,,,
V-01326,TSXV,Capella Minerals Limited,CMIL,4939110.605,75986317,Mining,,BC,Canada,Other,20060112.0,,,,,,,,,,,,,,,,,,,,5317410.0,569290.5,610.0,6.0,TSXV,0.11526174356648163,0.065,933.2631147540984,2006.0,20.0,33235.0,,,OTCQB,,,,,,,
V-04653,TSXV,Capitan Silver Corp.,CAPT,225267911.75,128724521,Mining,,BC,Canada,Other,20200821.0,,,,,,,,,,,,,,,,,,,,17913596.0,37735654.5,28896.0,6.0,TSXV,0.16751455725251557,1.75,1305.9127387873755,2020.0,6.0,1183860.0,,,OTCQB,,Y,Y,,,,
V-02402,TSXV,Cariboo Rose Resources Ltd.,CRB,2901046.96,72526174,Mining,,BC,Canada,Other,20061204.0,,,,,,,,,,,,,,,,,,,,10395030.0,676670.0,648.0,6.0,TSXV,0.23325027458362826,0.04,1044.2438271604938,2006.0,20.0,1111050.0,,,,,,,,,,
V-00365,TSXV,Carlin Gold Corporation,CGD,13678606.98,26820798,Mining,,BC,Canada,,,,,,,,,,,,,,,,,,,,,,799584.0,420790.5,272.0,6.0,TSXV,0.030762672004192637,0.51,1547.0238970588234,,,17799.0,,,,,,,,,,
V-02513,TSXV,Carlton Precious Inc.,CPI,6514788.375,86863845,Mining,,BC,Canada,Other,20070508.0,,,,,,,,,,,,,,,,,,,,10039533.0,1408004.0,1014.0,6.0,TSXV,0.21612428815080276,0.075,1388.5641025641025,2007.0,19.0,1111313.0,,,,,,,,,,
V-00390,TSXV,Carolina Rush Corporation,RUSH,9079948.2,90799482,Mining,,BC,Canada,Other,20050812.0,,,,,,,,,,,,,,,,,,,,5140265.0,678541.0,1214.0,6.0,TSXV,0.07472961134293696,0.09999999999999999,558.9299835255355,2005.0,21.0,1023309.0,,,OTCQB,,,,,,,
V-02425,TSXV,Cartier Resources Inc.,ECR,109309234.3,446160140,Mining,,QC,Canada,QT,20070607.0,,,,,,,,,,,,,,,,,,,,39178840.0,10308559.5,6976.0,6.0,TSXV,0.09430639200809039,0.245,1477.7178182339449,2007.0,19.0,1110123.0,,,,Y,,,,,,
V-03883,TSXV,Casa Minerals Inc.,CASA,6792277.35,90563698,Mining,,BC,Canada,QT from NEX,20171207.0,,,,,,,,,,,,,,,,,,,,24824641.0,4574339.0,3185.0,6.0,TSXV,0.6734617513815156,0.075,1436.213186813187,2017.0,9.0,1152377.0,,,,Y,,,,,,
V-00370,TSXV,Cascadero Copper Corporation,CCD,3001298.74,300129874,Mining,,ON,Canada,,,,,,,,,,,,,,,,,,,,,,10762015.0,180425.0,666.0,6.0,TSXV,0.06011564180378791,0.01,270.90840840840843,,,1097644.0,,,,,,,,,,
V-04968,TSXV,Cascadia Minerals Ltd.,CAM,59615951.73,209178778,Mining,,BC,Canada,Other,20230719.0,,,,,,,,,,,,,,,,,,,,30096236.0,8347686.0,5617.0,6.0,TSXV,0.14002436860870024,0.285,1486.1466975253695,2023.0,3.0,1187495.0,,,OTCQB,,,,,,,
V-03711,TSXV,Cassiar Gold Corp.,GLDC,64601058.0,161502645,Mining,,AB,Canada,QT,20110705.0,,,,,,,,,,,,,,,,,,,,50085200.0,23991423.5,11864.0,6.0,TSXV,0.3713781823820904,0.4,2022.2035991233986,2011.0,15.0,1126005.0,,,OTCQX,Y,,,,,,
V-02920,TSXV,CBLT Inc.,CBLT,3858853.65,77177073,Mining,,ON,Canada,QT from NEX,20120116.0,,,,,,,,,,,,,,,,,,,,1607453.0,78295.0,187.0,6.0,TSXV,0.02028970443074461,0.049999999999999996,418.6898395721925,2012.0,14.0,1119218.0,,,,Y,,,,,,
V-04767,TSXV,Centenario Gold Corp.,CTG,2126657.94,19333254,Mining,,BC,Canada,QT,20231031.0,,,,,,,,,,,,,,,,,,,,2796697.0,610253.0,653.0,6.0,TSXV,0.2869539988175061,0.11,934.5375191424196,2023.0,3.0,1184955.0,,,,Y,,,,,,
V-02535,TSXV,Central Iron Ore Limited,CIO,4222932.18,70382203,Mining,,Australia,Australia/NZ/PNG,Other,20070601.0,,,,,,,,,,,,,,,,,,,,375291.0,30277.0,84.0,6.0,TSXV,0.007169662857337198,0.06,360.4404761904762,2007.0,19.0,1110160.0,,,,,,,,,,
V-02420,TSXV,Centurion Minerals Ltd.,CTN,2951301.525,39350687,Mining,,BC,Canada,Other,20061222.0,,,,,,,,,,,,,,,,,,,,2402522.0,138880.5,124.0,6.0,TSXV,0.04705737411903381,0.075,1120.0040322580646,2006.0,20.0,1109800.0,Agriculture,,,,,,,,,
V-00515,TSXV,Century Lithium Corp.,LCE,47840051.705,180528497,Mining,,BC,Canada,,,,,,,,,,,,,,,,,,,,,,25167803.0,10658652.0,6557.0,6.0,TSXV,0.2227976689014743,0.265,1625.5378984291597,,,24614.0,,,OTCQX,,,,,,,
V-04512,TSXV,Cerrado Gold Inc.,CERT,212436133.23,135309639,Mining,,ON,Canada,QT,20210225.0,,,,,,,,,,,,,,,,,,,,56016195.0,100900883.0,54099.0,6.0,TSXV,0.47497043683598217,1.5699999999999998,1865.1154919684282,2021.0,5.0,1181990.0,,,OTCQX,Y,Y,Y,,,,
V-5055,TSXV,Cerro De Pasco Resources Inc.,CDPR,388692164.7,637200270,Mining,,QC,Canada,Other,20250314.0,,,,,,,,,,,,,,,,,,,,122594618.0,84293673.0,35104.0,6.0,TSXV,0.21686486287949608,0.61,2401.255497948952,2025.0,1.0,1188710.0,,,OTCQB,,Y,,,,,
V-02013,TSXV,Ceylon Graphite Corp.,CYL,3765082.44,188254122,Mining,,NS,Canada,RTO,20170103.0,,,,,,,,,,,,,,,,,,,,,,,,TSXV,,0.02,,2017.0,9.0,23987.0,,,,,,,,,,
V-04088,TSXV,Chakana Copper Corp.,PERU,5679180.1,51628910,Mining,,BC,Canada,RTO,20180131.0,,,,,,,,,,,,,,,,,,,,6045245.0,927078.5,1738.0,6.0,TSXV,0.1632416094710573,0.10999999999999999,533.4168584579977,2018.0,8.0,1158135.0,,,OTCQB,,,,,,,
V-00397,TSXV,Champion Bear Resources Ltd.,CBA,4514686.38,75244773,Mining,,AB,Canada,,,,,,,,,,,,,,,,,,,,,,4065613.0,183050.0,377.0,6.0,TSXV,0.0405454520187513,0.06,485.54376657824935,,,1023931.0,,,,,,,,,,
V-00785,TSXV,Chatham Rock Phosphate Limited,NZP,5770538.25,115410765,Mining,,New Zealand,Australia/NZ/PNG,,20050407.0,,,,,,,,,,,,,,,,,,,,1612306.0,79194.5,213.0,6.0,TSXV,0.013723936410957852,0.05,371.80516431924883,2005.0,21.0,14331.0,Agriculture,NZSE,,,,,,,,
V-00404,TSXV,Chesapeake Gold Corp.,CKG,261411070.6,76885609,Mining,,BC,Canada,,,,,,,,,,,,,,,,,,,,,,15634707.0,61327835.5,36834.0,6.0,TSXV,0.23460305395344647,3.4,1664.9789732312538,,,1087625.0,,,OTCQX,,Y,Y,,,,
V-04094,TSXV,Chibougamau Independent Mines Inc.,CBG,18835333.255,61755191,Mining,,QC,Canada,Other,20130125.0,,,,,,,,,,,,,,,,,,,,2754105.0,771188.0,442.0,6.0,TSXV,0.04094368756630741,0.305,1744.7692307692307,2013.0,13.0,1160545.0,,,,,,,,,,
V-5091,TSXV,Chilean Metals Inc.,CMCG,5969403.72,21319299,Mining,,ON,Canada,Other,20260219.0,,,,,,,,,,,,,,,,,,,,1881880.0,620611.0,1218.0,5.0,TSXV,0.1039653253675394,0.27999999999999997,509.5328407224959,2026.0,0.0,1188890.0,,,,,,,,,,
V-04480,TSXV,Churchill Resources Inc.,CRI,16034097.0,320681940,Mining,,ON,Canada,QT,20210621.0,,,,,,,,,,,,,,,,,,,,22619845.0,2897319.0,1892.0,6.0,TSXV,0.18069736013197377,0.05,1531.3525369978859,2021.0,5.0,1181410.0,,,,Y,,,,,,
V-01499,TSXV,Clean Air Metals Inc.,AIR,13780623.12,250556784,Mining,,ON,Canada,RTO from NEX,20200522.0,,,,,,,,,,,,,,,,,,,,47168888.0,3954131.0,3814.0,6.0,TSXV,0.2869341223229099,0.05499999999999999,1036.7412165705296,2020.0,6.0,1044479.0,,,OTCQB,,,,,,,
V-00822,TSXV,Clean Energy Transition Inc.,TRAN,1461034.75,41743850,Mining,,BC,Canada,,,,,,,,,,,,,,,,,,,,,,1209776.0,46261.5,141.0,6.0,TSXV,0.031663517927961675,0.035,328.09574468085106,,,17760.0,,,,,,,,,,
V-04856,TSXV,Cleantech Vanadium Mining Corp.,CTV,18915378.375,151323027,Mining,,BC,Canada,Other,20220304.0,,,,,,,,,,,,,,,,,,,,17286608.0,3634959.0,3791.0,6.0,TSXV,0.19216951032839172,0.125,958.8390925877077,2022.0,4.0,1186186.0,,,OTCQB,,,,,,,
V-03667,TSXV,Cleghorn Minerals Ltd.,CZZ,2515750.51,38703854,Mining,,QC,Canada,QT from NEX,20160824.0,,,,,,,,,,,,,,,,,,,,981006.0,55617.0,46.0,6.0,TSXV,0.0221075181258733,0.06499999999999999,1209.0652173913043,2016.0,10.0,1135050.0,,,,Y,,,,,,
V-04053,TSXV,Coast Copper Corp.,COCO,18001397.15,76601690,Mining,,BC,Canada,QT,20140718.0,,,,,,,,,,,,,,,,,,,,12396200.0,2429043.5,2593.0,6.0,TSXV,0.13493638742368397,0.235,936.7695719244119,2014.0,12.0,1154435.0,,,,Y,,,,,,
V-00435,TSXV,Colibri Resource Corporation,CBI,3503267.5,36876500,Mining,,BC,Canada,Other,20050805.0,,,,,,,,,,,,,,,,,,,,6618235.0,988985.5,905.0,6.0,TSXV,0.28230373501309847,0.095,1092.8016574585636,2005.0,21.0,1102444.0,,,,,,,,,,
V-03080,TSXV,Colonial Coal International Corp.,CAD,424069186.79,185183051,Mining,,BC,Canada,QT,20101012.0,,,,,,,,,,,,,,,,,,,,22397508.0,63237562.5,32360.0,6.0,TSXV,0.14912086157138169,2.29,1954.1891996291718,2010.0,16.0,1128640.0,,,,Y,Y,,,,,
V-04909,TSXV,Colossus Resources Corp.,CLUS,1367973.75,21045750,Mining,,BC,Canada,IPO,20220804.0,,,,,,,,,,,,,,,,,,,,349812.0,26758.0,70.0,6.0,TSXV,0.019560316855495218,0.065,382.25714285714287,2022.0,4.0,1186290.0,,,,,,,,,,
V-04210,TSXV,Comet Lithium Corporation,CLIC,8913285.9,29710953,Mining,,QC,Canada,Other,20140703.0,,,,,,,,,,,,,,,,,,,,3215095.0,1194513.5,830.0,6.0,TSXV,0.13401494279455345,0.3,1439.172891566265,2014.0,12.0,1168410.0,,,,,,,,,,
V-01393,TSXV,Compass Gold Corporation,CVB,23135343.15,154235621,Mining,,BC,Canada,RTO from NEX,20171130.0,,,,,,,,,,,,,,,,,,,,20590169.0,3399888.5,1720.0,6.0,TSXV,0.14695647598380232,0.15,1976.6793604651164,2017.0,9.0,1023898.0,,,,,,,,,,
V-02269,TSXV,Condor Resources Inc.,CN,18991934.25,151935474,Mining,,BC,Canada,Other,20060303.0,,,,,,,,,,,,,,,,,,,,8178277.0,1325499.5,1205.0,6.0,TSXV,0.06979275952369096,0.125,1099.9995850622406,2006.0,20.0,1104436.0,,,,,,,,,,
V-05003,TSXV,Coniagas Battery Metals Inc.,COS,1891755.03,34395546,Mining,,BC,Canada,Other,20240318.0,,,,,,,,,,,,,,,,,,,,2095514.0,153046.5,661.0,6.0,TSXV,0.0809018596874036,0.055,231.5378214826021,2024.0,2.0,1187000.0,,,,,,,,,,
V-00448,TSXV,Conquest Resources Limited,CQR,10060511.89,154777106,Mining,,ON,Canada,,,,,,,,,,,,,,,,,,,,,,12252247.0,840533.5,668.0,6.0,TSXV,0.08354778655303592,0.065,1258.2836826347304,,,1061422.0,,,,,,,,,,
V-01051,TSXV,Consolidated Lithium Metals Inc.,CLM,32809335.9,546822265,Mining,,ON,Canada,,,,,,,,,,,,,,,,,,,,,,77946330.0,5359750.5,4087.0,6.0,TSXV,0.163360529952086,0.06,1311.4143626131638,,,1074388.0,,,OTCQB,,,,,,,
V-01015,TSXV,CopAur Minerals Inc.,CPAU,16268797.215,120509609,Mining,,BC,Canada,,,,,,,,,,,,,,,,,,,,,,10992020.0,2004118.0,1756.0,6.0,TSXV,0.12318784071831582,0.135,1141.2972665148063,,,31077.0,,,OTCQX,,,,,,,
V-00481,TSXV,Copper Fox Metals Inc.,CUU,363474991.32,586249986,Mining,,AB,Canada,QT,20050721.0,,,,,,,,,,,,,,,,,,,,19656861.0,13394958.0,8337.0,6.0,TSXV,0.03685248867151689,0.62,1606.6880172724002,2005.0,21.0,1094937.0,,,OTCQX,Y,Y,,,,,
V-02917,TSXV,Copper Giant Resources Corp.,CGNT,152503342.56,211810198,Mining,,BC,Canada,QT,20101001.0,,,,,,,,,,,,,,,,,,,,137944673.0,102688950.0,47803.0,6.0,TSXV,0.6733554050436545,0.72,2148.16957094743,2010.0,16.0,1119741.0,,,OTCQB,Y,,,,,,
V-00191,TSXV,Copper Lake Resources Ltd.,CPL,4471533.99,13550103,Mining,,BC,Canada,,,,,,,,,,,,,,,,,,,,,,24016021.0,687109.5,1489.0,6.0,TSXV,0.1536630385761643,0.33,461.4570181329752,,,42352.0,,,,,,,,,,
V-02178,TSXV,Copper Road Resources Inc.,CRD,4568097.195,101513271,Mining,,ON,Canada,QT,20040916.0,,,,,,,,,,,,,,,,,,,,11574005.0,963011.5,1015.0,6.0,TSXV,0.21081239275163888,0.045000000000000005,948.779802955665,2004.0,22.0,1093376.0,,,,Y,,,,,,
V-04832,TSXV,CopperCorp Resources Inc.,CPER,4758285.84,118957146,Mining,,BC,Canada,IPO,20220111.0,,,,,,,,,,,,,,,,,,,,36574507.0,2392946.0,2667.0,6.0,TSXV,0.502900851370459,0.04,897.2425946756655,2022.0,4.0,1185842.0,,,OTCQB,,,,,,,
V-04772,TSXV,CopperEx Resources Corporation,CUEX,2228310.98,31833014,Mining,,BC,Canada,QT,20240214.0,,,,,,,,,,,,,,,,,,,,6116904.0,720332.5,464.0,6.0,TSXV,0.32326390098387436,0.06999999999999999,1552.4407327586207,2024.0,2.0,1185091.0,,,,Y,,,,,,
V-03662,TSXV,Cordoba Minerals Corp.,CDB,22436176.85,97548595,Mining,,ON,Canada,IPO,20101014.0,,,,,,,,,,,,,,,,,,,,11729606.0,9075424.5,2399.0,6.0,TSXV,0.40449959726538703,0.23,3783.0031263026262,2010.0,16.0,1138681.0,,,OTCQB,,,,,,,
V-04220,TSXV,Core Critical Metals Corp.,CCMC,21351865.5,42703731,Mining,,BC,Canada,IPO,20140925.0,,,,,,,,,,,,,,,,,,,,1578281.0,1712983.5,925.0,6.0,TSXV,0.08022640925683988,0.5,1851.874054054054,2014.0,12.0,1157930.0,,,,,,,,,,
V-04985,TSXV,Cosa Resources Corp.,COSA,73454464.66,118474943,Mining,,BC,Canada,Other,20231018.0,,,,,,,,,,,,,,,,,,,,30612714.0,18562406.5,11657.0,6.0,TSXV,0.2527063070423309,0.62,1592.3828171913872,2023.0,3.0,1187800.0,,,OTCQB,,,,,,,
V-00928,TSXV,Cosigo Resources Ltd.,CSG,8416688.4,112222512,Mining,,BC,Canada,RTO,20110425.0,,,,,,,,,,,,,,,,,,,,3897609.0,305351.0,318.0,6.0,TSXV,0.036279233053227916,0.075,960.2232704402516,2011.0,15.0,1023948.0,,,,,,,,,,
V-04833,TSXV,Coyote Copper Mines Inc.,CCMM,30498196.0,121992784,Mining,,ON,Canada,QT,20260413.0,,,,,,,,,,,,,,,,,,,,22791597.0,5396374.0,2618.0,3.0,TSXV,0.17694076069286196,0.25,2061.2582123758593,2026.0,0.0,1185666.0,,,,Y,,,,,,
V-02461,TSXV,Critical Elements Lithium Corporation,CRE,82374083.56,232039672,Mining,,QC,Canada,Other,20070222.0,,,,,,,,,,,,,,,,,,,,23179338.0,10174226.0,7702.0,6.0,TSXV,0.12351246363292469,0.35500000000000004,1320.9849389768892,2007.0,19.0,1111955.0,,,OTCQX,,,,,,,
V-5092,TSXV,Crossroads Gold Corp.,CRG,14420800.68,65549094,Mining,,BC,Canada,Other,20260304.0,,,,,,,,,,,,,,,,,,,,6285237.0,1323826.0,932.0,4.0,TSXV,0.09179975712693922,0.22,1420.4141630901288,2026.0,0.0,1189040.0,,,,,,,,,,
V-05021,TSXV,Culico Metals Inc.,CLCO,34715413.17,80733519,Mining,,ON,Canada,Other,20240816.0,,,,,,,,,,,,,,,,,,,,10593582.0,3965423.0,3512.0,6.0,TSXV,0.11422658231320713,0.43000000000000005,1129.1067767653758,2024.0,2.0,1188330.0,,,,,,,,,,
V-04537,TSXV,Cygnus Metals Limited,CYG,146509600.8,1220913340,Mining,,Australia,Australia/NZ/PNG,QT,20191217.0,,,,,,,,,,,,,,,,,,,,28784145.0,4289135.5,3141.0,6.0,TSXV,0.029275456875041867,0.12000000000000001,1365.5318369945878,2019.0,7.0,1182090.0,,ASX,,Y,,,,,,
V-00525,TSXV,D2 Lithium Corp.,DTWO,1630431.18,36231804,Mining,,BC,Canada,,20050119.0,,,,,,,,,,,,,,,,,,,,3368251.0,144671.0,565.0,6.0,TSXV,0.0887317427283254,0.045,256.0548672566372,2005.0,21.0,25220.0,,,,,,,,,,
V-04599,TSXV,Daura Gold Corp.,DGC,19081884.375,84808375,Mining,,BC,Canada,QT,20250127.0,,,,,,,,,,,,,,,,,,,,13830000.0,4610012.0,2734.0,6.0,TSXV,0.2415910247333736,0.225,1686.1784930504755,2025.0,1.0,1182295.0,,,,Y,,,,,,
V-02689,TSXV,Decade Resources Ltd.,DEC,14759504.16,245991736,Mining,,BC,Canada,IPO,20071218.0,,,,,,,,,,,,,,,,,,,,89331548.0,7443345.0,5588.0,6.0,TSXV,0.5043086081558447,0.06,1332.023085182534,2007.0,19.0,1113868.0,,,,,,,,,,
V-04400,TSXV,Defense Metals Corp.,DEFN,59272207.5,395148050,Mining,,BC,Canada,IPO,20180119.0,,,,,,,,,,,,,,,,,,,,45160794.0,10583592.5,10354.0,6.0,TSXV,0.17855910799340483,0.15,1022.1742804713155,2018.0,8.0,1179545.0,,,OTCQB,,,,,,,
V-02819,TSXV,Defiance Silver Corp.,DEF,65828228.025,376161303,Mining,,BC,Canada,QT,20090811.0,,,,,,,,,,,,,,,,,,,,164424687.0,50465738.0,31206.0,6.0,TSXV,0.7666276233477576,0.175,1617.1806062936614,2009.0,17.0,1118104.0,,,OTCQX,Y,,,,,,
V-00828,TSXV,Delta Resources Limited,DLTA,27753857.62,163257986,Mining,,QC,Canada,,,,,,,,,,,,,,,,,,,,,,25994914.0,5107697.5,3654.0,6.0,TSXV,0.1840355877706632,0.17,1397.8373015873017,,,1062313.0,,,,,,,,,,
V-00542,TSXV,Desert Gold Ventures Inc.,DAU,36063909.9,360639099,Mining,,BC,Canada,RTO,20120518.0,,,,,,,,,,,,,,,,,,,,90374447.0,9707290.0,4302.0,6.0,TSXV,0.2691690952788233,0.09999999999999999,2256.459786145979,2012.0,14.0,1096190.0,,,OTCQB,,,,,,,
V-04124,TSXV,DFR Gold Inc.,DFR,10156985.0,203139700,Mining,,BC,Canada,TSX Comedown,20130521.0,,,,,,,,,,,,,,,,,,,,2303622.0,115268.0,215.0,6.0,TSXV,0.01134864332279707,0.05,536.1302325581395,2013.0,13.0,1009834.0,,,,,,,,,,
V-00551,TSXV,Diamcor Mining Inc.,DMI,1686389.37,168638937,Mining,,BC,Canada,,,,,,,,,,,,,,,,,,,,,,,,,,TSXV,,0.01,,,,26224.0,,,OTCQB,,,,,,,
V-04910,TSXV,Dinero Ventures Ltd.,DNO,8596743.25,34386973,Mining,,BC,Canada,IPO,20220810.0,,,,,,,,,,,,,,,,,,,,37002.0,5871.0,15.0,6.0,TSXV,0.0006829330397880616,0.25,391.4,2022.0,4.0,1185275.0,,,,,,,,,,
V-00557,TSXV,Dios Exploration Inc.,DOS,4057711.98,135257066,Mining,,QC,Canada,,,,,,,,,,,,,,,,,,,,,,14401967.0,488238.0,516.0,6.0,TSXV,0.12032347352559015,0.03,946.1976744186046,,,1080961.0,,,,,,,,,,
V-00562,TSXV,Discovery-Corp Enterprises Inc.,DCY,673354.8,13467096,Mining,,BC,Canada,,,,,,,,,,,,,,,,,,,,,,68700.0,3435.0,5.0,1.0,TSXV,0.005101322512292182,0.05,687.0,,,20993.0,,,,,,,,,,
V-00368,TSXV,District Copper Corp.,DCOP,3793337.075,44627495,Mining,,BC,Canada,,,,,,,,,,,,,,,,,,,,,,19257732.0,1549942.5,1989.0,6.0,TSXV,0.4085960380939782,0.085,779.2571644042232,,,1092236.0,,,,,,,,,,
V-00458,TSXV,District Metals Corp.,DMX,129749046.28,190807421,Mining,,BC,Canada,,,,,,,,,,,,,,,,,,,,,,84828766.0,57449292.5,34897.0,6.0,TSXV,0.44277236825327976,0.68,1646.2530446743274,,,1023857.0,,Nasdaq Nordic,OTCQB,,,,,,,
V-03926,TSXV,Dixie Gold Inc.,DG,1110801.58,31737188,Mining,,BC,Canada,Other,20111222.0,,,,,,,,,,,,,,,,,,,,20411363.0,688432.5,547.0,6.0,TSXV,0.619761902031144,0.035,1258.5603290676418,2011.0,15.0,1154355.0,,,,,,,,,,
V-04429,TSXV,DLP Resources Inc.,DLP,34691006.22,177902596,Mining,,BC,Canada,QT,20191122.0,,,,,,,,,,,,,,,,,,,,29065534.0,7196438.5,3710.0,6.0,TSXV,0.20744392521688004,0.195,1939.7408355795149,2019.0,7.0,1180915.0,,,OTCQB,Y,,,,,,
V-04379,TSXV,Domestic Metals Corp.,DMCU,18698131.14,71915889,Mining,,BC,Canada,Other,20171121.0,,,,,,,,,,,,,,,,,,,,13395068.0,4242459.5,2579.0,6.0,TSXV,0.22689216736341705,0.26,1645.0017448623498,2017.0,9.0,1179986.0,,,,,,,,,,
V-03670,TSXV,Doubleview Gold Corp.,DBG,565420294.3,234614230,Mining,,BC,Canada,QT,20110722.0,,,,,,,,,,,,,,,,,,,,68627592.0,153277151.5,75154.0,6.0,TSXV,0.27108533783662603,2.4099999999999997,2039.5075644676265,2011.0,15.0,1133420.0,,,OTCQB,Y,Y,,,,,
V-04992,TSXV,Dryden Gold Corp.,DRY,68049518.6,243033995,Mining,,ON,Canada,Other,20231229.0,,,,,,,,,,,,,,,,,,,,49661529.0,17463907.0,13238.0,6.0,TSXV,0.2566352761825416,0.27999999999999997,1319.2254872337212,2023.0,3.0,1187615.0,,,OTCQB,,,,,,,
V-00586,TSXV,Dynasty Gold Corp.,DYG,9983346.255,73950713,Mining,,BC,Canada,,20030514.0,,,,,,,,,,,,,,,,,,,,14622528.0,2524663.0,2095.0,6.0,TSXV,0.2528874523144544,0.135,1205.0897374701672,2003.0,23.0,30240.0,,,,,,,,,,
V-04681,TSXV,E2Gold Inc.,ETU,1147521.835,229504367,Mining,,ON,Canada,IPO,20201230.0,,,,,,,,,,,,,,,,,,,,,,,,TSXV,,0.005,,2020.0,6.0,1184500.0,,,,,,,,,,
V-00189,TSXV,E3 Lithium Ltd.,ETL,98205031.68,87683064,Mining,,AB,Canada,,,,,,,,,,,,,,,,,,,,,,18031806.0,20510838.5,19402.0,6.0,TSXV,0.20885730750369633,1.12,1057.150731883311,,,1009474.0,,,OTCQX,,,,,,,
V-00603,TSXV,Eagle Plains Resources Ltd.,EPL,23040445.4,115202227,Mining,,BC,Canada,,19940406.0,,,,,,,,,,,,,,,,,,,,14396999.0,2920773.0,2455.0,6.0,TSXV,0.1267672108456723,0.19999999999999998,1189.7242362525458,1994.0,32.0,1023673.0,,,,,,,,,,
V-04137,TSXV,East Africa Metals Inc.,EAM,22862753.365,268973569,Mining,,BC,Canada,Other,20130711.0,,,,,,,,,,,,,,,,,,,,3426761.0,395191.5,385.0,6.0,TSXV,0.017285385259195794,0.08499999999999999,1026.4714285714285,2013.0,13.0,1163480.0,,,,,,,,,,
V-00611,TSXV,Eastfield Resources Ltd.,ETF,5583079.25,111661585,Mining,,BC,Canada,,,,,,,,,,,,,,,,,,,,,,13671697.0,788304.5,2540.0,6.0,TSXV,0.14119529111108356,0.05,310.35610236220475,,,29141.0,,,,,,,,,,
V-04837,TSXV,Eastport Critical Metals Corp.,EVI,22103910.84,33490774,Mining,,BC,Canada,QT,20251120.0,,,,,,,,,,,,,,,,,,,,4543106.0,3693464.5,2274.0,6.0,TSXV,0.16709552109286377,0.66,1624.2148197009674,2025.0,1.0,1185690.0,,,,Y,,,,,,
V-03990,TSXV,Edge Copper Corporation,EDCU,92089552.5,167435550,Mining,,BC,Canada,IPO,20120409.0,,,,,,,,,,,,,,,,,,,,21281965.0,15058873.5,6154.0,6.0,TSXV,0.16352423365288912,0.55,2447.005768605785,2012.0,14.0,1147435.0,,,,,,,,,,
V-03851,TSXV,Edison Lithium Corp.,EDDY,1355763.735,30128083,Mining,,BC,Canada,IPO,20110803.0,,,,,,,,,,,,,,,,,,,,13412481.0,1272481.0,1174.0,6.0,TSXV,0.9385713507080936,0.045000000000000005,1083.8850085178876,2011.0,15.0,1142415.0,,,,,,,,,,
V-01489,TSXV,EDM Resources Inc.,EDM,41239807.23,72350539,Mining,,NS,Canada,,,,,,,,,,,,,,,,,,,,,,25702883.0,8052760.5,3948.0,6.0,TSXV,0.19526668626476992,0.57,2039.7063069908816,,,1099330.0,,,,,,,,,,
V-03631,TSXV,EGR Exploration Ltd.,EGR,1250976.06,41699202,Mining,,BC,Canada,Other,20100929.0,,,,,,,,,,,,,,,,,,,,3699958.0,126447.0,174.0,6.0,TSXV,0.10107867292040744,0.030000000000000002,726.7068965517242,2010.0,16.0,1122448.0,,,,,,,,,,
V-04004,TSXV,Elcora Advanced Materials Corp.,ERA,11768316.84,42029703,Mining,,NS,Canada,QT,20130312.0,,,,,,,,,,,,,,,,,,,,3008284.0,950051.0,830.0,5.0,TSXV,0.08072955656418238,0.27999999999999997,1144.6397590361446,2013.0,13.0,1149985.0,,,,Y,,,,,,
V-04064,TSXV,Electra Battery Materials Corporation,ELBM,92870434.62,106747626,Mining,,BC,Canada,Other,20121003.0,,,,,,,,,,,,,,,,,,,,23020269.0,24771832.0,25463.0,6.0,TSXV,0.2667353943303856,0.87,972.8559871185641,2012.0,14.0,1159475.0,,NasdaqCM,,,,,,,,
V-04530,TSXV,Electric Metals (USA) Limited,EML,52489690.24,201883424,Mining,,MN,USA,QT,20210507.0,,,,,,,,,,,,,,St. Paul,,,,,,8822225.0,3261374.0,2036.0,6.0,TSXV,0.06213361109749235,0.26,1601.853634577603,2021.0,5.0,1182338.0,,,OTCQB,Y,,,,,,
V-04387,TSXV,Electric Royalties Ltd.,ELEC,15084106.905,131166147,Mining,,BC,Canada,QT,20200629.0,,,,,,,,,,,,,,,,,,,,7692622.0,1087046.0,1216.0,6.0,TSXV,0.07206565206983993,0.11499999999999999,893.952302631579,2020.0,6.0,1179975.0,,,OTCQB,Y,,,,,,
V-04682,TSXV,Element 29 Resources Inc.,ECU,301916107.2,188697567,Mining,,BC,Canada,IPO,20201207.0,,,,,,,,,,,,,,,,,,,,13130018.0,17010602.0,8399.0,6.0,TSXV,0.056342148015082784,1.5999999999999999,2025.3127753303966,2020.0,6.0,1184140.0,,,OTCQB,,Y,,,,,
V-00627,TSXV,Emergent Metals Corp.,EMR,4409300.48,67835392,Mining,,BC,Canada,,,,,,,,,,,,,,,,,,,,,,30165860.0,3336408.0,2363.0,6.0,TSXV,0.75667512684461,0.065,1411.9373677528565,,,28733.0,,,OTCQB,,,,,,,
V-03654,TSXV,Emerita Resources Corp.,EMO,99369025.93,296623958,Mining,,BC,Canada,QT,20130111.0,,,,,,,,,,,,,,,,,,,,67035835.0,29421970.5,17517.0,6.0,TSXV,0.29608794314564535,0.335,1679.6238225723582,2013.0,13.0,1139180.0,,,OTCQB,Y,,,,,,
V-04062,TSXV,Eminent Gold Corp.,EMNT,34010703.76,82952936,Mining,,BC,Canada,IPO,20121019.0,,,,,,,,,,,,,,,,,,,,14692563.0,8938922.0,4313.0,6.0,TSXV,0.26282672840522253,0.41,2072.5532112218875,2012.0,14.0,1153365.0,,,OTCQB,,,,,,,
V-04683,TSXV,Empress Royalty Corp.,EMPR,116156795.46,133513558,Mining,,BC,Canada,Other,20201229.0,,,,,,,,,,,,,,,,,,,,46093230.0,48282406.0,33586.0,6.0,TSXV,0.4156657887194093,0.87,1437.5753587804443,2020.0,6.0,1183985.0,,,OTCQX,,,,,,,
V-03124,TSXV,enCore Energy Corp.,EU,359357166.45,194247117,Mining,,NV,USA,RTO,20130521.0,,,,,,,,,,,,,,Reno,,,,,,63374049.0,193051107.5,112462.0,6.0,TSXV,0.537212348948273,1.8499999999999999,1716.5896702886307,2013.0,13.0,1133795.0,,NasdaqCM,,Y,Y,,,,,
V-00633,TSXV,Endurance Gold Corporation,EDG,86053596.06,200124642,Mining,,BC,Canada,Other,20050804.0,,,,,,,,,,,,,,,,,,,,14163665.0,7831884.0,5624.0,6.0,TSXV,0.0910116992035905,0.43,1392.5825035561877,2005.0,21.0,1101624.0,,,,,,,,,,
V-03100,TSXV,Enduro Metals Corporation,ENDR,18752102.24,117200639,Mining,,BC,Canada,QT,20101110.0,,,,,,,,,,,,,,,,,,,,16500609.0,3009520.0,3880.0,6.0,TSXV,0.1604897393093565,0.15999999999999998,775.6494845360825,2010.0,16.0,1126300.0,,,OTCQB,Y,,,,,,
V-01517,TSXV,Enerev5 Metals Inc.,ENEV,1715484.205,343096841,Mining,,ON,Canada,,,,,,,,,,,,,,,,,,,,,,6010463.0,65165.5,303.0,6.0,TSXV,0.03798665112162895,0.005,215.06765676567656,,,1061527.0,,,,,,,,,,
V-04454,TSXV,Engineer Gold Mines Ltd.,EAU,2479645.635,26101533,Mining,,BC,Canada,Other,20180626.0,,,,,,,,,,,,,,,,,,,,2592230.0,370993.5,491.0,6.0,TSXV,0.1496155316564014,0.09499999999999999,755.5875763747454,2018.0,8.0,1181465.0,,,,,,,,,,
V-00752,TSXV,Engold Mines Ltd.,EGM,2482892.76,41381546,Mining,,BC,Canada,,,,,,,,,,,,,,,,,,,,,,1521992.0,100479.0,248.0,6.0,TSXV,0.040468521886543346,0.06,405.15725806451616,,,24893.0,,,,,,,,,,
V-01739,TSXV,EON Lithium Corp.,EON,347557.14,17377857,Mining,,BC,Canada,,,,,,,,,,,,,,,,,,,,,,,,,,TSXV,,0.02,,,,12311.0,,,,,,,,,,
V-01364,TSXV,Equity Metals Corporation,EQTY,64530555.45,243511530,Mining,,BC,Canada,,,,,,,,,,,,,,,,,,,,,,130997045.0,47597100.0,28758.0,6.0,TSXV,0.7375901178609798,0.265,1655.0907573544753,,,28030.0,,,OTCQB,,,,,,,
V-04568,TSXV,EraNova Metals Inc.,NOVA,9202364.82,55771908,Mining,,BC,Canada,IPO,20190521.0,,,,,,,,,,,,,,,,,,,,7077660.0,1245160.0,1405.0,6.0,TSXV,0.135308697748412,0.165,886.2348754448399,2019.0,7.0,1180976.0,,,OTCQB,,,,,,,
V-5099,TSXV,Errington Metals Corp.,EM,182141641.16,46823044,Mining,,ON,Canada,Other,20260422.0,,,,,,,,,,,,,,,,,,,,4114764.0,13757658.0,4802.0,3.0,TSXV,0.07553274425541583,3.89,2864.985006247397,2026.0,0.0,1189045.0,,,,,,,,,,
V-01075,TSXV,Eskay Mining Corp.,ESK,69962671.125,186567123,Mining,,BC,Canada,,,,,,,,,,,,,,,,,,,,,,16685950.0,7909730.0,5665.0,6.0,TSXV,0.11305643242048243,0.375,1396.2453662842013,,,27392.0,,,,,,,,,,
V-5078,TSXV,Essex Resources Corp.,ESXR,1015875.0,9675000,Mining,,BC,Canada,IPO,20251023.0,,,,,,,,,,,,,,,,,,,,129488.0,22499.0,26.0,4.0,TSXV,0.0221474098683401,0.105,865.3461538461538,2025.0,1.0,1188927.0,,,,,,,,,,
V-04504,TSXV,Euro Manganese Inc.,EMN,12865905.36,142954504,Mining,,BC,Canada,IPO,20181002.0,,,,,,,,,,,,,,,,,,,,16154987.0,3091484.5,2726.0,6.0,TSXV,0.24028503346615634,0.09,1134.0735509904623,2018.0,8.0,1181146.0,,ASX,OTCQB,,,,,,,
EUR0015,TSXV,Euromax Resources Ltd.,EOX,65612226.61,937317523,Mining,,UK,UK/Europe,TSX Comedown,20240109.0,,,,,,,,,,,,,,,,,,,,8586266.0,406536.0,652.0,6.0,TSXV,0.00619604029621576,0.06999999999999999,623.5214723926381,2024.0,2.0,1187750.0,,,,,,,,,,
V-04820,TSXV,EV Nickel Inc.,EVNI,21609572.4,144063816,Mining,,ON,Canada,IPO,20211203.0,,,,,,,,,,,,,,,,,,,,7076863.0,1442319.0,701.0,6.0,TSXV,0.06674444886285673,0.15,2057.5164051355205,2021.0,5.0,1185425.0,,,,,,,,,,
V-04603,TSXV,Evergold Corp.,EVER,10141142.88,23048052,Mining,,ON,Canada,IPO,20191004.0,,,,,,,,,,,,,,,,,,,,5059711.0,2702198.0,1268.0,6.0,TSXV,0.26645892203423915,0.44000000000000006,2131.070977917981,2019.0,7.0,1183256.0,,,,,,,,,,
V-04936,TSXV,Excalibur Metals Corp.,EXCL,7636545.96,63637883,Mining,,NV,USA,QT,20250911.0,,,,,,,,,,,,,,Carson City,,,,,,6874055.0,1501634.0,720.0,6.0,TSXV,0.1966378527498576,0.12,2085.6027777777776,2025.0,1.0,1186950.0,,,,Y,,,,,,
EXC0010,TSXV,Excellon Resources Inc.,EXN,132776914.935,384860623,Mining,,ON,Canada,TSX Comedown,20250507.0,,,,,,,,,,,,,,,,,,,,162694684.0,82122052.0,42139.0,6.0,TSXV,0.6184964610768541,0.34500000000000003,1948.8372291701273,2025.0,1.0,29329.0,,,,,,,,,,
V-00268,TSXV,ExGen Resources Inc.,EXG,10369231.76,109149808,Mining,,AB,Canada,,,,,,,,,,,,,,,,,,,,,,14076086.0,1756847.0,1728.0,6.0,TSXV,0.16942884879641268,0.095,1016.6938657407408,,,1091464.0,,,,,,,,,,
V-04169,TSXV,F3 Uranium Corp.,FUU,85512921.345,633429047,Mining,,BC,Canada,Other,20131210.0,,,,,,,,,,,,,,,,,,,,171680612.0,33507963.0,28045.0,6.0,TSXV,0.39184678143333285,0.135,1194.7927616330896,2013.0,13.0,1167790.0,,,OTCQB,,,,,,,
V-5057,TSXV,F4 Uranium Corp.,FFU,9519110.51,82774874,Mining,,BC,Canada,Other,20250325.0,,,,,,,,,,,,,,,,,,,,25705602.0,3119456.0,6141.0,6.0,TSXV,0.32770456827063354,0.11499999999999999,507.9719915323237,2025.0,1.0,1188680.0,,,,,,,,,,
V-04745,TSXV,Fairchild Gold Corp.,FAIR,7184577.88,179614447,Mining,,BC,Canada,IPO,20210616.0,,,,,,,,,,,,,,,,,,,,35965878.0,2822971.0,1682.0,6.0,TSXV,0.3929209269007186,0.04,1678.3418549346018,2021.0,5.0,1184780.0,,,,,,,,,,
V-03634,TSXV,Falco Resources Ltd.,FPC,169921282.6,350353160,Mining,,QC,Canada,QT,20120925.0,,,,,,,,,,,,,,,,,,,,67468695.0,32183390.0,19342.0,6.0,TSXV,0.18940176008299506,0.485,1663.9122117671388,2012.0,14.0,1135105.0,,,,Y,,,,,,
V-01758,TSXV,Falcon Energy Materials PLC,FLCN,136224314.4,170280393,Mining,,UAE,Other,RTO,20170116.0,,,,,,,,,,,,,,,,,,,,21166194.0,14811055.0,3360.0,6.0,TSXV,0.10872548755510565,0.8,4408.052083333333,2017.0,9.0,1023402.0,,,,,,,,,,
V-02688,TSXV,Falcon Gold Corp.,FG,2372455.08,59311377,Mining,,ON,Canada,QT from NEX,20110503.0,,,,,,,,,,,,,,,,,,,,39692346.0,720836.5,1613.0,6.0,TSXV,0.3038356789457105,0.04,446.89181649101056,2011.0,15.0,1115788.0,,,,Y,,,,,,
V-00690,TSXV,Fancamp Exploration Ltd.,FNC,36000000.0,240000000,Mining,,BC,Canada,,,,,,,,,,,,,,,,,,,,,,25974209.0,3350309.5,2388.0,6.0,TSXV,0.09306415277777778,0.15,1402.9771775544389,,,29799.0,,,,,,,,,,
V-02386,TSXV,Fidelity Minerals Corp.,FMN,8650381.2,43251906,Mining,,BC,Canada,Other,20061025.0,,,,,,,,,,,,,,,,,,,,2204105.0,405724.5,344.0,6.0,TSXV,0.046902499510657406,0.19999999999999998,1179.4316860465117,2006.0,20.0,1107688.0,,SSEV,,,,,,,,
V-5068,TSXV,FinEx Metals Ltd.,FINX,7371796.8,73717968,Mining,,BC,Canada,Other,20250618.0,,,,,,,,,,,,,,,,,,,,7101134.0,889164.5,825.0,6.0,TSXV,0.12061706584207531,0.09999999999999999,1077.7751515151515,2025.0,1.0,1188870.0,,,,,,,,,,
V-00698,TSXV,Finlay Minerals Ltd.,FYL,15291088.65,169900985,Mining,,BC,Canada,,,,,,,,,,,,,,,,,,,,,,12256648.0,1394642.0,991.0,6.0,TSXV,0.09120619413844024,0.09,1407.3077699293642,,,1084835.0,,,OTCQB,,,,,,,
V-04525,TSXV,FireFox Gold Corp.,FFOX,21879911.52,45583149,Mining,,BC,Canada,IPO,20181221.0,,,,,,,,,,,,,,,,,,,,7379626.0,4708246.0,2973.0,6.0,TSXV,0.2151857879176652,0.48,1583.6683484695593,2018.0,8.0,1181195.0,,,OTCQB,,,,,,,
V-04341,TSXV,Fireweed Metals Corp.,FWZ,790145480.52,227053299,Mining,,BC,Canada,IPO,20170529.0,,,,,,,,,,,,,,,,,,,,42284318.0,163444872.5,84351.0,6.0,TSXV,0.20685415095007043,3.48,1937.675575867506,2017.0,9.0,1179135.0,,,OTCQX,,Y,,,,,
V-02983,TSXV,First Andes Silver Ltd.,FAS,6921256.24,86515703,Mining,,BC,Canada,QT from NEX,20210601.0,,,,,,,,,,,,,,,,,,,,27633724.0,3945031.0,3438.0,6.0,TSXV,0.5699877107858674,0.08,1147.478475858057,2021.0,5.0,1118539.0,,,,Y,,,,,,
V-04132,TSXV,First Atlantic Nickel & Cobalt Corp.,FAN,131505611.72,152913502,Mining,,BC,Canada,IPO,20130619.0,,,,,,,,,,,,,,,,,,,,106647702.0,68706954.0,36119.0,6.0,TSXV,0.522464046221008,0.86,1902.2385448102107,2013.0,13.0,1162070.0,,,OTCQB,,,,,,,
V-00466,TSXV,First Canadian Graphite Inc.,FCI,12268695.78,45439614,Mining,,BC,Canada,,,,,,,,,,,,,,,,,,,,,,6728475.0,2365913.5,2014.0,6.0,TSXV,0.19284148392177347,0.26999999999999996,1174.7336146971202,,,14196.0,,,OTCQB,,,,,,,
V-00457,TSXV,Fitzroy Minerals Inc.,FTZ,170668861.48,328209349,Mining,,BC,Canada,,,,,,,,,,,,,,,,,,,,,,23912897.0,11589912.0,5943.0,6.0,TSXV,0.06790876730233637,0.52,1950.178697627461,,,17446.0,,,OTCQB,,,,,,,
V-00713,TSXV,Fjordland Exploration Inc.,FEX,2073388.275,82935531,Mining,,BC,Canada,,,,,,,,,,,,,,,,,,,,,,4030613.0,108424.0,215.0,6.0,TSXV,0.05229314803567123,0.024999999999999998,504.29767441860463,,,28805.0,,,,,,,,,,
V-03127,TSXV,Focus Graphite Inc.,FMS,45363109.71,110641731,Mining,,ON,Canada,Other,20100525.0,,,,,,,,,,,,,,,,,,,,22945361.0,9665901.0,7428.0,6.0,TSXV,0.21307844770327145,0.41000000000000003,1301.2790791599355,2010.0,16.0,1128422.0,,,OTCQB,,,,,,,
V-00177,TSXV,Fort St. James Nickel Corp.,FTJ,1049930.48,26248262,Mining,,BC,Canada,,,,,,,,,,,,,,,,,,,,,,487346.0,21945.0,57.0,6.0,TSXV,0.020901383870673036,0.04,385.0,,,1023933.0,,,,,,,,,,
V-04300,TSXV,Fortune Bay Corp.,FOR,44054336.34,69927518,Mining,,NS,Canada,Other,20160705.0,,,,,,,,,,,,,,,,,,,,10330355.0,7805291.0,3398.0,6.0,TSXV,0.1771741818957566,0.63,2297.025014714538,2016.0,10.0,1176910.0,,,OTCQB,,,,,,,
V-04700,TSXV,Founders Metals Inc.,FDR,445890685.44,116117366,Mining,,AB,Canada,Other,20210303.0,,,,,,,,,,,,,,,,,,,,30427207.0,132423783.5,76425.0,6.0,TSXV,0.29698710429289565,3.84,1732.7286032057573,2021.0,5.0,1184627.0,,,OTCQB,,Y,,,,,
V-02348,TSXV,Fox Tungsten Ltd.,FOXT,48105137.5,274886500,Mining,,BC,Canada,Other,20060809.0,,,,,,,,,,,,,,,,,,,,34158968.0,6117243.0,3791.0,6.0,TSXV,0.12716402691916223,0.175,1613.6225270377208,2006.0,20.0,1107290.0,,,,,,,,,,
V-00708,TSXV,FPX Nickel Corp.,FPX,118500000.0,316000000,Mining,,BC,Canada,TSX Comedown,20161017.0,,,,,,,,,,,,,,,,,,,,14509327.0,7708015.5,7755.0,6.0,TSXV,0.06504654430379747,0.375,993.9413926499033,2016.0,10.0,1023511.0,,,OTCQB,,,,,,,
V-04076,TSXV,Fredonia Mining Inc.,FRED,27237441.42,64851051,Mining,,Argentina,Latin America,QT from NEX,20210714.0,,,,,,,,,,,,,,,,,,,,23018092.0,12637910.0,5692.0,6.0,TSXV,0.46399035082348783,0.42000000000000004,2220.293394237526,2021.0,5.0,1160860.0,,,,Y,,,,,,
V-04845,TSXV,Freeman Gold Corp.,FMAN,103934247.14,310251484,Mining,,BC,Canada,Other,20220208.0,,,,,,,,,,,,,,,,,,,,38772010.0,12860607.0,4463.0,6.0,TSXV,0.12373791463247616,0.335,2881.6058704907014,2022.0,4.0,1186030.0,,,OTCQB,,,,,,,
V-00734,TSXV,Freeport Resources Inc.,FRI,17088540.84,379745352,Mining,,BC,Canada,,,,,,,,,,,,,,,,,,,,,,46034139.0,3365578.0,3399.0,6.0,TSXV,0.19694940788168547,0.045,990.1671079729332,,,29960.0,,,OTCQB,,,,,,,
V-00930,TSXV,Frontier Lithium Inc.,FL,115260838.86,250567041,Mining,,ON,Canada,,19950410.0,,,,,,,,,,,,,,,,,,,,42318072.0,29188286.0,18041.0,6.0,TSXV,0.2532368000154255,0.46,1617.886259076548,1995.0,31.0,1023563.0,,,OTCQX,,Y,,,,,
V-00740,TSXV,Full Metal Minerals Ltd.,FMM,2075935.96,59312456,Mining,,BC,Canada,,,,,,,,,,,,,,,,,,,,,,1330883.0,59903.0,111.0,6.0,TSXV,0.02885589977448052,0.034999999999999996,539.6666666666666,,,1094723.0,,,,,,,,,,
V-02165,TSXV,Fuse Battery Metals Inc.,FUSE,940743.625,37629745,Mining,,BC,Canada,,,,,,,,,,,,,,,,,,,,,,,,,,TSXV,,0.025,,,,1065762.0,,,OTCQB,,,,,,,
V-01749,TSXV,Future Fuels Inc.,FTUR,41846662.135,94037443,Mining,,BC,Canada,,,,,,,,,,,,,,,,,,,,,,7599938.0,4702098.0,3125.0,6.0,TSXV,0.11236494764697677,0.44499999999999995,1504.67136,,,14495.0,,,,,,,,,,
V-04407,TSXV,Gabriel Resources Ltd.,GBU,48514102.175,277223441,Mining,,England,UK/Europe,TSX Comedown,20180201.0,,,,,,,,,,,,,,,,,,,,4117451.0,559262.5,988.0,6.0,TSXV,0.011527833659224057,0.175,566.0551619433198,2018.0,8.0,1180667.0,,,,,,,,,,
V-04620,TSXV,Galactic Gold Corp.,GGAU,10370383.38,49382778,Mining,,BC,Canada,QT,20251105.0,,,,,,,,,,,,,,,,,,,,6896340.0,1856808.5,929.0,6.0,TSXV,0.17904916645424923,0.21000000000000002,1998.7174381054897,2025.0,1.0,1183050.0,,,,Y,,,,,,
V-00754,TSXV,Galantas Gold Corporation,GAL,338947642.0,736842700,Mining,,ON,Canada,,,,,,,,,,,,,,,,,,,,,,63262566.0,30220675.0,10588.0,3.0,TSXV,0.08916030458769204,0.46,2854.2382886286364,,,1062292.0,,AIM,OTCQX,,,,,,,
V-01357,TSXV,Galleon Gold Corp.,GGO,136469682.98,135118498,Mining,,ON,Canada,TSX Comedown,20131010.0,,,,,,,,,,,,,,,,,,,,44014298.0,48690411.0,32235.0,6.0,TSXV,0.35678555073023593,1.01,1510.4827361563518,2013.0,13.0,27626.0,,,,,,Y,,,,
V-02474,TSXV,Galore Resources Inc.,GRI,1773006.69,177300669,Mining,,BC,Canada,Other,20070319.0,,,,,,,,,,,,,,,,,,,,3570245.0,52153.0,194.0,6.0,TSXV,0.029415004632610833,0.01,268.8298969072165,2007.0,19.0,1106069.0,,,OTCQB,,,,,,,
V-04096,TSXV,Galway Metals Inc.,GWM,76089876.8,135874780,Mining,,ON,Canada,Other,20130104.0,,,,,,,,,,,,,,,,,,,,62618975.0,43643022.0,23252.0,6.0,TSXV,0.5735719892767654,0.5599999999999999,1876.9577670738001,2013.0,13.0,1161505.0,,,OTCQB,,,,,,,
V-01247,TSXV,Gamma Resources Ltd.,GAMA,3351389.195,35277781,Mining,,BC,Canada,,,,,,,,,,,,,,,,,,,,,,6879198.0,721950.0,931.0,6.0,TSXV,0.21541813200242177,0.095,775.4564983888292,,,22311.0,,,,,,,,,,
V-00761,TSXV,Garibaldi Resources Corp.,GGI,13683649.95,152040555,Mining,,BC,Canada,,,,,,,,,,,,,,,,,,,,,,8373463.0,1106135.5,1351.0,6.0,TSXV,0.08083629032033227,0.09,818.7531458179127,,,1023604.0,,,,,,,,,,
V-04446,TSXV,Geiger Energy Corporation,BEEP,16740986.45,88110455,Mining,,AB,Canada,QT,20200610.0,,,,,,,,,,,,,,,,,,,,10633511.0,2813373.5,3265.0,6.0,TSXV,0.16805303011281036,0.19,861.6764165390506,2020.0,6.0,1181245.0,,,OTCQB,Y,,,,,,
V-5090,TSXV,Gemdale Gold Inc.,GEMG,33154246.32,21252722,Mining,,BC,Canada,Other,20260211.0,,,,,,,,,,,,,,,,,,,,712772.0,985097.0,908.0,5.0,TSXV,0.029712543922488416,1.56,1084.90859030837,2026.0,0.0,1188575.0,,,,,,,,,,
V-04605,TSXV,Generation Uranium Inc.,GEN,4958341.15,70833445,Mining,,BC,Canada,QT,20221228.0,,,,,,,,,,,,,,,,,,,,15218607.0,1218627.5,1378.0,6.0,TSXV,0.24577322599111598,0.07,884.3450653120465,2022.0,4.0,1183281.0,,,OTCQB,Y,,,,,,
V-00161,TSXV,Gensource Potash Corporation,GSP,57401592.12,478346601,Mining,,ON,Canada,,,,,,,,,,,,,,,,,,,,,,28097484.0,3801440.0,3769.0,6.0,TSXV,0.06622534078938018,0.12,1008.6070575749536,,,1011549.0,Agriculture,AIM,,,,,,,,
V-03636,TSXV,Geomega Resources Inc.,GMA,48467220.92,167128348,Mining,,QC,Canada,IPO,20100930.0,,,,,,,,,,,,,,,,,,,,17860753.0,5729642.5,4673.0,6.0,TSXV,0.11821685649064444,0.29000000000000004,1226.1165204365504,2010.0,16.0,1137321.0,,,OTCQB,,,,,,,
V-00782,TSXV,Getty Copper Inc.,GTC,61940214.85,364354205,Mining,,BC,Canada,,,,,,,,,,,,,,,,,,,,,,24560627.0,4500992.0,2326.0,4.0,TSXV,0.0726667159760425,0.17,1935.0782459157351,,,22045.0,,,,,,,,,,
V-04020,TSXV,GFG Resources Inc.,GFG,68446191.375,304205295,Mining,,SK,Canada,QT from NEX,20161027.0,,,,,,,,,,,,,,,,,,,,26592224.0,4409721.0,2329.0,6.0,TSXV,0.06442609751418035,0.225,1893.3967367969085,2016.0,10.0,1155600.0,,,OTCQB,Y,,,,,,
V-00748,TSXV,GGL Resources Corp.,GGL,5739661.125,104357475,Mining,,BC,Canada,,,,,,,,,,,,,,,,,,,,,,1793583.0,106409.0,202.0,6.0,TSXV,0.018539247820140253,0.055,526.7772277227723,,,20855.0,,,,,,,,,,
V-03735,TSXV,GGX Gold Corp.,GGX,1919719.0,38394380,Mining,,BC,Canada,IPO,20110216.0,,,,,,,,,,,,,,,,,,,,1859686.0,130094.0,320.0,6.0,TSXV,0.06776720968016674,0.05,406.54375,2011.0,15.0,1138395.0,,,,,,,,,,
V-00899,TSXV,Giga Metals Corporation,GIGA,11855979.075,158079721,Mining,,BC,Canada,TSX Comedown,20141020.0,,,,,,,,,,,,,,,,,,,,18625993.0,2079717.5,2666.0,6.0,TSXV,0.17541507848857266,0.075,780.0890847711928,2014.0,12.0,15138.0,,,OTCQX,,,,,,,
V-02725,TSXV,Giyani Metals Corp.,EMM,30045332.25,333837025,Mining,,ON,Canada,QT,20091120.0,,,,,,,,,,,,,,,,,,,,11382141.0,1020062.0,992.0,6.0,TSXV,0.033950764515176896,0.09,1028.288306451613,2009.0,17.0,1116051.0,,,,Y,,,,,,
V-03855,TSXV,Gladiator Metals Corp.,GLAD,392802916.87,105876797,Mining,,BC,Canada,QT from NEX,20211014.0,,,,,,,,,,,,,,,,,,,,23528389.0,40601297.0,23340.0,6.0,TSXV,0.10336302317591291,3.71,1739.5585689802913,2021.0,5.0,1148670.0,,,OTCQB,Y,,,,,,
V-01436,TSXV,Glen Eagle Resources Inc.,GER,729009.925,145801985,Mining,,QC,Canada,,,,,,,,,,,,,,,,,,,,,,,,,,TSXV,,0.005,,,,1079919.0,,,,,,,,,,
V-04194,TSXV,Global Battery Metals Ltd.,GBML,2153819.415,14853927,Mining,,BC,Canada,TSX Comedown,20140428.0,,,,,,,,,,,,,,,,,,,,1259731.0,224079.0,668.0,6.0,TSXV,0.10403797014709332,0.145,335.4476047904192,2014.0,12.0,1169135.0,,,OTCQB,,,,,,,
V-02157,TSXV,Global Copper Corp.,CUCU,906454.76,45322738,Mining,,ON,Canada,,,,,,,,,,,,,,,,,,,,,,6389832.0,179018.0,564.0,6.0,TSXV,0.19749248158838065,0.02,317.4078014184397,,,1023879.0,,,,,,,,,,
V-04330,TSXV,Global Energy Metals Corporation,GEMC,1689303.175,67572127,Mining,,BC,Canada,Other,20170301.0,,,,,,,,,,,,,,,,,,,,2687758.0,81267.0,305.0,6.0,TSXV,0.048106817771179526,0.025,266.4491803278689,2017.0,9.0,1175125.0,,,OTCQB,,,,,,,
V-02411,TSXV,GMV Minerals Inc.,GMV,15331293.25,122650346,Mining,,BC,Canada,QT,20080104.0,,,,,,,,,,,,,,,,,,,,35282979.0,7888109.0,4805.0,6.0,TSXV,0.5145103463466789,0.125,1641.6459937565037,2008.0,18.0,1109065.0,,,OTCQB,Y,,,,,,
V-02849,TSXV,Golconda Gold Ltd.,GG,155654969.16,71401362,Mining,,ON,Canada,QT from NEX,20110906.0,,,,,,,,,,,,,,,,,,,,11234572.0,33210298.0,14956.0,6.0,TSXV,0.2133584181682157,2.18,2220.5334313987696,2011.0,15.0,1118764.0,,,OTCQB,Y,Y,Y,,,,
V-01371,TSXV,Gold Finder Resources Ltd.,GLD,4126512.06,68775201,Mining,,BC,Canada,,,,,,,,,,,,,,,,,,,,,,17694905.0,1690951.5,2541.0,6.0,TSXV,0.40977742834950054,0.06,665.4669421487604,,,35273.0,,,,,,,,,,
V-5056,TSXV,Gold Hart Copper Corp.,HART,48535080.24,211022088,Mining,,ON,Canada,Other,20250321.0,,,,,,,,,,,,,,,,,,,,30587389.0,9661338.0,4166.0,6.0,TSXV,0.19905886530373232,0.23,2319.0921747479597,2025.0,1.0,1188475.0,,,,,,,,,,
V-03959,TSXV,Gold Reserve Inc.,GRZ,961148714.5,147869033,Mining,,WA,USA,TSX Comedown,20120201.0,,,,,,,,,,,,,,Spokane,,,,,,7321328.0,40735599.5,16712.0,6.0,TSXV,0.042382202551445015,6.5,2437.5059538056485,2012.0,14.0,1154445.0,,SSEV,,,,,,,,
V-01289,TSXV,Gold Strategy Inc.,GST,3340401.12,2061976,Mining,,BC,Canada,,,,,,,,,,,,,,,,,,,,,,180256.0,339074.5,494.0,6.0,TSXV,0.10150712079751667,1.62,686.3856275303643,,,15667.0,,,,,,,,,,
V-02307,TSXV,Gold Strike Resources Corp.,GSR,70220885.85,156046413,Mining,,BC,Canada,Other,20060517.0,,,,,,,,,,,,,,,,,,,,19254413.0,10849795.0,4617.0,6.0,TSXV,0.15450951477850092,0.44999999999999996,2349.9664284167206,2006.0,20.0,1104541.0,,,,,,,,,,
V-02870,TSXV,Gold Terra Resource Corp.,YGT,86736784.54,468847484,Mining,,BC,Canada,IPO,20080703.0,,,,,,,,,,,,,,,,,,,,51292355.0,10867038.0,7938.0,6.0,TSXV,0.12528753582038193,0.18500000000000003,1368.989417989418,2008.0,18.0,1117336.0,,,OTCQX,,,,,,,
V-03701,TSXV,Gold X2 Mining Inc.,AUXX,651337713.04,547342616,Mining,,BC,Canada,RTO from NEX,20210604.0,,,,,,,,,,,,,,,,,,,,163672606.0,215451877.5,106408.0,6.0,TSXV,0.330783667499334,1.19,2024.771422261484,2021.0,5.0,1135745.0,,,OTCQB,,Y,,,,,
V-00199,TSXV,Goldbank Mining Corporation,GLB,51980731.02,192521226,Mining,,BC,Canada,,,,,,,,,,,,,,,,,,,,,,245201.0,87627.0,89.0,6.0,TSXV,0.0016857592858069812,0.27,984.5730337078652,,,14380.0,,,,,,,,,,
V-00816,TSXV,Goldcliff Resource Corporation,GCN,2829676.745,80847907,Mining,,BC,Canada,,,,,,,,,,,,,,,,,,,,,,6372907.0,349017.5,521.0,6.0,TSXV,0.12334182715983694,0.035,669.8992322456813,,,20469.0,,,,,,,,,,
V-00819,TSXV,Golden Arrow Resources Corporation,GRG,15247493.64,169416596,Mining,,BC,Canada,,,,,,,,,,,,,,,,,,,,,,18620803.0,1592015.0,1332.0,6.0,TSXV,0.10441158642778749,0.09,1195.2064564564564,,,1096692.0,,,OTCQB,,,,,,,
V-04245,TSXV,Golden Cross Resources Inc.,AUX,11498296.65,76655311,Mining,,BC,Canada,TSX Comedown,20150331.0,,,,,,,,,,,,,,,,,,,,19714915.0,5040309.0,4564.0,6.0,TSXV,0.4383526667839101,0.15,1104.3621822962314,2015.0,11.0,1174396.0,,,,,,,,,,
V-00825,TSXV,Golden Goliath Resources Ltd.,GNG,5437065.2,54370652,Mining,,BC,Canada,,,,,,,,,,,,,,,,,,,,,,3142851.0,393113.5,444.0,6.0,TSXV,0.07230251717415491,0.1,885.3907657657658,,,1023020.0,,,,,,,,,,
V-00245,TSXV,Golden Pursuit Resources Ltd.,GDP,14837394.0,44961800,Mining,,BC,Canada,RTO,20050119.0,,,,,,,,,,,,,,,,,,,,2077047.0,643531.5,370.0,6.0,TSXV,0.04337227278590836,0.33,1739.2743243243244,2005.0,21.0,1023713.0,,,,,,,,,,
V-03870,TSXV,Golden Ridge Resources Ltd.,GLDN,3512479.2,58541320,Mining,,BC,Canada,RTO,20171019.0,,,,,,,,,,,,,,,,,,,,7141409.0,404746.5,427.0,6.0,TSXV,0.11523100264906906,0.060000000000000005,947.884074941452,2017.0,9.0,1148995.0,,,,Y,,,,,,
V-04474,TSXV,Golden Sky Minerals Corp.,AUEN,5061968.73,24104613,Mining,,BC,Canada,Other,20180814.0,,,,,,,,,,,,,,,,,,,,3291386.0,996092.5,848.0,6.0,TSXV,0.19677966284078566,0.21000000000000002,1174.6373820754718,2018.0,8.0,1181925.0,,,,,,,,,,
V-00836,TSXV,Goldex Resources Corporation,GDX,1820649.71,33102722,Mining,,BC,Canada,,,,,,,,,,,,,,,,,,,,,,,,,,TSXV,,0.055,,,,19421.0,,,,,,,,,,
V-02034,TSXV,Goldflare Exploration Inc.,GOFL,789091.15,31563646,Mining,,QC,Canada,,,,,,,,,,,,,,,,,,,,,,3244799.0,140353.0,280.0,6.0,TSXV,0.17786665076651792,0.025,501.2607142857143,,,1081442.0,,,,Y,,,,,,
SIE0004,TSXV,Goldgroup Mining Inc.,GGA,497855437.2,301730568,Mining,,BC,Canada,TSX Comedown,20240220.0,,,,,,,,,,,,,,,,,,,,46598862.0,71954492.5,50760.0,6.0,TSXV,0.1445288875515368,1.65,1417.543193459417,2024.0,2.0,1187885.0,,,,,Y,Y,,,,
V-01197,TSXV,Goldhills Holding Ltd.,GHL,1572600.3,31452006,Mining,,BC,Canada,RTO,20050422.0,,,,,,,,,,,,,,,,,,,,1616290.0,83469.0,106.0,6.0,TSXV,0.0530770596953339,0.05,787.4433962264151,2005.0,21.0,821224.0,,,,,,,,,,
V-00813,TSXV,GoldQuest Mining Corp.,GQC,269097077.2,384424396,Mining,,ON,Canada,,,,,,,,,,,,,,,,,,,,,,77997058.0,114314105.0,45404.0,6.0,TSXV,0.4248061933241986,0.7,2517.7100035239187,,,1094412.0,,,,,Y,Y,,,,
V-04263,TSXV,Goldsky Resources Corp.,GSKR,857144470.0,263736760,Mining,,BC,Canada,Other,20150929.0,,,,,,,,,,,,,,,,,,,,47963296.0,172146277.5,74474.0,6.0,TSXV,0.20083694584181358,3.25,2311.4949848269193,2015.0,11.0,1175665.0,,Nasdaq Nordic,OTCQB,,Y,,,,,
V-04928,TSXV,Goldstorm Metals Corp.,GSTM,25609607.28,142275596,Mining,,BC,Canada,Other,20221111.0,,,,,,,,,,,,,,,,,,,,37042155.0,7464888.0,7040.0,6.0,TSXV,0.29148779668440117,0.18000000000000002,1060.353409090909,2022.0,4.0,1185755.0,,,,,,,,,,
V-02469,TSXV,Goliath Resources Limited,GOT,242989001.95,177364235,Mining,,QC,Canada,QT from NEX,20171018.0,,,,,,,,,,,,,,,,,,,,53329241.0,104109606.0,65975.0,6.0,TSXV,0.428453984190703,1.3699999999999999,1578.0160060629025,2017.0,9.0,1111374.0,,,OTCQB,Y,Y,,,,,
V-00847,TSXV,Gossan Resources Limited,GSS,1686486.775,67459471,Mining,,MB,Canada,,,,,,,,,,,,,,,,,,,,,,2753153.0,88685.5,236.0,6.0,TSXV,0.05258594452956799,0.024999999999999998,375.78601694915255,,,21848.0,,,,,,,,,,
V-00490,TSXV,GPM Metals Inc.,GPM,19167357.36,159727978,Mining,,ON,Canada,,,,,,,,,,,,,,,,,,,,,,26526873.0,3251022.0,1352.0,6.0,TSXV,0.1696124269475195,0.12,2404.602071005917,,,1023685.0,,,,,,,,,,
V-04323,TSXV,GR Silver Mining Ltd.,GRSL,157903315.23,509365533,Mining,,BC,Canada,QT,20180306.0,,,,,,,,,,,,,,,,,,,,278487395.0,117012404.0,62986.0,6.0,TSXV,0.7410382982115429,0.31,1857.752579938399,2018.0,8.0,1178611.0,,,OTCQB,Y,Y,,,,,
V-00452,TSXV,Granada Gold Mine Inc.,GGM,7954308.215,227265949,Mining,,BC,Canada,,,,,,,,,,,,,,,,,,,,,,44004676.0,2333605.5,2217.0,6.0,TSXV,0.2933762983435009,0.034999999999999996,1052.5960757780786,,,1023974.0,,,,,,,,,,
V-00853,TSXV,Grande Portage Resources Ltd.,GPG,61979975.42,185014852,Mining,,BC,Canada,,,,,,,,,,,,,,,,,,,,,,29497395.0,12233061.0,6385.0,6.0,TSXV,0.19737118185517344,0.335,1915.9061863743148,,,21630.0,,,,,,,,,,
V-04786,TSXV,Graphano Energy Ltd.,GEL,2927916.18,21688268,Mining,,BC,Canada,Other,20210930.0,,,,,,,,,,,,,,,,,,,,2926677.0,400797.0,695.0,6.0,TSXV,0.1368881400149918,0.135,576.6863309352518,2021.0,5.0,1185100.0,,,,,,,,,,
V-02624,TSXV,Graphite One Inc.,GPH,208967736.0,208967736,Mining,,BC,Canada,Other,20071029.0,,,,,,,,,,,,,,,,,,,,40470935.0,58076118.5,36781.0,6.0,TSXV,0.27791906832928504,1.0,1578.9706234197004,2007.0,19.0,1112804.0,,,OTCQX,,Y,,,,,
V-00926,TSXV,Great Atlantic Resources Corp.,GR,4646438.72,66377696,Mining,,BC,Canada,,,,,,,,,,,,,,,,,,,,,,12035063.0,1422994.0,2255.0,6.0,TSXV,0.30625476537006824,0.06999999999999999,631.0394678492239,,,1051020.0,,,,Y,,,,,,
V-04639,TSXV,Great Pacific Gold Corp.,GPAC,66639478.1,195998465,Mining,,BC,Canada,Other,20200414.0,,,,,,,,,,,,,,,,,,,,30750919.0,13880836.5,6974.0,6.0,TSXV,0.2082974971558188,0.34,1990.3694436478347,2020.0,6.0,1183655.0,,,OTCQX,,,,,,,
V-04595,TSXV,Great Plains Metals Corp.,GPS,11541107.85,76940719,Mining,,BC,Canada,QT,20210721.0,,,,,,,,,,,,,,,,,,,,8944900.0,1602804.5,631.0,6.0,TSXV,0.13887787210999852,0.15,2540.1022187004755,2021.0,5.0,1183025.0,,,,Y,,,,,,
V-04632,TSXV,Green Shift Commodities Ltd.,GCOM,11018097.44,137726218,Mining,,ON,Canada,TSX Comedown,20200227.0,,,,,,,,,,,,,,,,,,,,16681249.0,919047.0,849.0,6.0,TSXV,0.08341249521568944,0.08,1082.505300353357,2020.0,6.0,1183875.0,,,OTCQB,,,,,,,
V-00869,TSXV,Greencastle Resources Ltd.,VGN,1327766.775,53110671,Mining,,ON,Canada,,,,,,,,,,,,,,,,,,,,,,2864006.0,89430.5,139.0,6.0,TSXV,0.0673540727813437,0.024999999999999998,643.384892086331,,,1063002.0,,,,,,,,,,
V-05027,TSXV,Greenheart Gold Inc.,GHRT,179996351.64,214281371,Mining,,QC,Canada,Other,20240906.0,,,,,,,,,,,,,,,,,,,,11803694.0,11439572.5,7323.0,6.0,TSXV,0.06355446871989723,0.84,1562.1429059128773,2024.0,2.0,1188340.0,,,,,Y,,,,,
V-5058,TSXV,GreenLight Metals Inc.,GRL,24830920.5,99323682,Mining,,WI,USA,Other,20250414.0,,,,,,,,,,,,,,Medford,,,,,,9413960.0,3661345.5,2723.0,6.0,TSXV,0.1474510580467607,0.25,1344.5998898273963,2025.0,1.0,1185650.0,,,,,,,,,,
V-04120,TSXV,Grid Battery Metals Inc.,CELL,2900711.925,193380795,Mining,,BC,Canada,QT,20131028.0,,,,,,,,,,,,,,,,,,,,11022383.0,321660.0,1052.0,6.0,TSXV,0.11089001883563464,0.015,305.76045627376425,2013.0,13.0,1159886.0,,,OTCQB,Y,,,,,,
V-01324,TSXV,Grid Metals Corp.,GRDM,24468892.035,233037067,Mining,,ON,Canada,,,,,,,,,,,,,,,,,,,,,,18420473.0,2394332.5,1950.0,6.0,TSXV,0.09785210121386684,0.105,1227.8628205128205,,,1052374.0,,,OTCQB,,,,,,,
V-04885,TSXV,Grit Metals Corp.,FIN,7954657.8,66288815,Mining,,BC,Canada,Other,20220503.0,,,,,,,,,,,,,,,,,,,,5709651.0,960516.5,719.0,6.0,TSXV,0.12074894032525196,0.12,1335.9061196105702,2022.0,4.0,1185841.0,,,OTCQB,,,,,,,
V-00880,TSXV,Grizzly Discoveries Inc.,GZD,14796615.73,227640242,Mining,,AB,Canada,,,,,,,,,,,,,,,,,,,,,,16043990.0,808179.0,1505.0,6.0,TSXV,0.054619178787040104,0.065,536.9960132890366,,,1098534.0,,,OTCQB,,,,,,,
V-01130,TSXV,Grosvenor Resource Corporation,GVR,2171045.24,33400696,Mining,,BC,Canada,,,,,,,,,,,,,,,,,,,,,,818886.0,79299.0,85.0,6.0,TSXV,0.036525724355702505,0.065,932.9294117647058,,,1044318.0,,,,,,,,,,
V-00468,TSXV,Grounded Lithium Corp.,GRD,4828783.56,80479726,Mining,,AB,Canada,RTO,20220825.0,,,,,,,,,,,,,,,,,,,,9250839.0,726555.5,1319.0,6.0,TSXV,0.15046346372169972,0.06,550.8381349507202,2022.0,4.0,24145.0,,,,,,,,,,
V-04391,TSXV,Group Eleven Resources Corp.,ZNG,225886168.8,282357711,Mining,,Ireland,UK/Europe,IPO,20171213.0,,,,,,,,,,,,,,,,,,,,34990934.0,32771729.5,17066.0,6.0,TSXV,0.14508072660710866,0.8,1920.2935368569085,2017.0,9.0,1179300.0,,,,,Y,,,,,
V-04517,TSXV,GSP Resource Corp.,GSPR,6657294.8,57889520,Mining,,BC,Canada,IPO,20181129.0,,,,,,,,,,,,,,,,,,,,9370142.0,1316149.0,1371.0,6.0,TSXV,0.19770027308990434,0.11499999999999999,959.9919766593728,2018.0,8.0,1182010.0,,,,,,,,,,
V-02685,TSXV,GT Resources Inc.,GT,11673531.78,389117726,Mining,,BC,Canada,QT from NEX,20160229.0,,,,,,,,,,,,,,,,,,,,34240422.0,1224901.0,1844.0,6.0,TSXV,0.1049297695919752,0.03,664.2630151843817,2016.0,10.0,1114811.0,,,OTCQB,Y,,,,,,
V-02080,TSXV,Guanajuato Silver Company Ltd.,GSVR,342163760.52,743834262,Mining,,BC,Canada,,,,,,,,,,,,,,,,,,,,,,406170351.0,280402365.5,99724.0,6.0,TSXV,0.8194975560061103,0.45999999999999996,2811.7841793349644,,,34882.0,,,OTCQX,,Y,Y,,,,
V-00113,TSXV,Gungnir Resources Inc.,GUG,5265191.44,131629786,Mining,,BC,Canada,,,,,,,,,,,,,,,,,,,,,,24483232.0,1232791.0,1128.0,6.0,TSXV,0.23413982455308405,0.04,1092.8998226950355,,,1067751.0,,,,,,,,,,
V-00412,TSXV,Gunpoint Exploration Ltd.,GUN,46620547.74,59769933,Mining,,BC,Canada,,,,,,,,,,,,,,,,,,,,,,941806.0,906358.0,364.0,6.0,TSXV,0.019441170126415164,0.78,2489.9945054945056,,,821862.0,,,,,,,,,,
V-02723,TSXV,Guyana Goldstrike Inc.,GYA,4750332.0,38002656,Mining,,BC,Canada,IPO,20080130.0,,,,,,,,,,,,,,,,,,,,,,,,TSXV,,0.125,,2008.0,18.0,1112057.0,,,,,,,,,,
V-04560,TSXV,Halcones Precious Metals Corp.,HPM,5719409.725,228776389,Mining,,ON,Canada,QT,20220922.0,,,,,,,,,,,,,,,,,,,,40535996.0,2377692.5,993.0,6.0,TSXV,0.41572340754097664,0.024999999999999998,2394.4536757301107,2022.0,4.0,1182390.0,,,,Y,,,,,,
V-00391,TSXV,Hannan Metals Ltd.,HAN,95579459.58,144817363,Mining,,BC,Canada,RTO,20050915.0,,,,,,,,,,,,,,,,,,,,8502433.0,5684883.0,3811.0,6.0,TSXV,0.05947808268618378,0.66,1491.7037522959854,2005.0,21.0,1056713.0,,,,Y,,,,,,
V-04556,TSXV,Hanstone Gold Corp.,HANS,1033862.5,51693125,Mining,,BC,Canada,QT,20200824.0,,,,,,,,,,,,,,,,,,,,2824819.0,63874.0,228.0,6.0,TSXV,0.06178191007024628,0.02,280.14912280701753,2020.0,6.0,1182945.0,,,,Y,,,,,,
V-03754,TSXV,Harfang Exploration Inc.,HAR,5021785.85,100435717,Mining,,QC,Canada,QT from NEX,20170630.0,,,,,,,,,,,,,,,,,,,,13949346.0,843800.0,1095.0,6.0,TSXV,0.16802787398829444,0.049999999999999996,770.5936073059361,2017.0,9.0,1138440.0,,,,Y,,,,,,
V-02233,TSXV,Harvest Gold Corp.,HVG,5579090.595,123979791,Mining,,BC,Canada,Other,20051213.0,,,,,,,,,,,,,,,,,,,,19826368.0,1163487.5,1808.0,6.0,TSXV,0.20854429233372218,0.045,643.5218473451328,2005.0,21.0,1103569.0,,,,,,,,,,
V-00905,TSXV,Hawkeye Gold & Diamond Inc.,HAWK,689037.885,15311953,Mining,,BC,Canada,,,,,,,,,,,,,,,,,,,,,,2977225.0,125530.5,296.0,6.0,TSXV,0.18218229031049576,0.045,424.08952702702703,,,29422.0,,,,,,,,,,
V-02895,TSXV,Hayasa Metals Inc.,HAY,5437435.425,72499139,Mining,,BC,Canada,IPO,20080924.0,,,,,,,,,,,,,,,,,,,,8846931.0,601287.5,638.0,6.0,TSXV,0.11058292246293666,0.075,942.4568965517242,2008.0,18.0,1117273.0,,,OTCQB,,,,,,,
V-01669,TSXV,Heliostar Metals Ltd.,HSTR,497188665.5,279319475,Mining,,BC,Canada,,,,,,,,,,,,,,,,,,,,,,74430032.0,180080264.0,132610.0,6.0,TSXV,0.36219704208039716,1.78,1357.968961616771,,,40626.0,,,OTCQX,,Y,Y,,,,
V-03016,TSXV,Helius Minerals Limited,HHH,244618014.36,41043291,Mining,,BC,Canada,QT,20111220.0,,,,,,,,,,,,,,,,,,,,5523248.0,26846500.0,7453.0,6.0,TSXV,0.10974866291118887,5.96,3602.1065342814973,2011.0,15.0,1123005.0,,,,Y,Y,,,,,
V-04479,TSXV,Hercules Metals Corp.,BIG,182503115.76,325898421,Mining,,ON,Canada,QT,20210324.0,,,,,,,,,,,,,,,,,,,,47700677.0,34255680.0,17056.0,6.0,TSXV,0.18769915164104814,0.5599999999999999,2008.4240150093808,2021.0,5.0,1181820.0,,,OTCQB,Y,Y,,,,,
V-02361,TSXV,Highland Copper Company Inc.,HI,110728218.3,738188122,Mining,,BC,Canada,QT,20080926.0,,,,,,,,,,,,,,,,,,,,43376638.0,7067676.5,5776.0,6.0,TSXV,0.06382904564445611,0.15,1223.6282029085874,2008.0,18.0,1109312.0,,,OTCQB,Y,,,,,,
V-01934,TSXV,Highway 50 Gold Corp.,HWY,16922270.96,44532292,Mining,,BC,Canada,Other,20050922.0,,,,,,,,,,,,,,,,,,,,2433118.0,1063733.5,391.0,6.0,TSXV,0.06285997325739547,0.38,2720.5460358056266,2005.0,21.0,1101461.0,,,,,,,,,,
V-04544,TSXV,Hispania Resources Inc.,ESPN,6511100.635,100170779,Mining,,ON,Canada,QT,20220404.0,,,,,,,,,,,,,,,,,,,,3071782.0,211326.5,256.0,6.0,TSXV,0.03245634061682722,0.065,825.494140625,2022.0,4.0,1182760.0,,,,Y,,,,,,
V-01842,TSXV,Homeland Nickel Inc.,SHL,89787421.165,227309927,Mining,,ON,Canada,,,,,,,,,,,,,,,,,,,,,,100454441.0,37323871.0,16516.0,6.0,TSXV,0.4156915358044519,0.395,2259.8614071203683,,,1062245.0,,,OTCQB,,,,,,,
V-05008,TSXV,Homeland Uranium Corp.,HLU,13662154.44,113851287,Mining,,BC,Canada,RTO,20250312.0,,,,,,,,,,,,,,,,,,,,49173589.0,12070692.5,12260.0,6.0,TSXV,0.8835131057118982,0.12,984.5589314845024,2025.0,1.0,1187865.0,,,,,,,,,,
V-02202,TSXV,Homerun Resources Inc.,HMR,47173303.85,77333285,Mining,,BC,Canada,,,,,,,,,,,,,,,,,,,,,,10071757.0,8590903.5,6765.0,6.0,TSXV,0.1821136702088336,0.61,1269.9044345898005,,,42502.0,,,OTCQB,,,,,,,
V-01944,TSXV,Honey Badger Silver Inc.,TUF,116704307.52,162089316,Mining,,ON,Canada,,,,,,,,,,,,,,,,,,,,,,98847847.0,59154721.5,27263.0,6.0,TSXV,0.5068769333116728,0.72,2169.7803433224517,,,1023561.0,,,OTCQB,,,,,,,
V-04834,TSXV,Hot Chili Limited,HCH,388184845.44,202179607,Mining,,Australia,Australia/NZ/PNG,Other,20220104.0,,,,,,,,,,,,,,,,,,,,11353796.0,18690869.5,12746.0,6.0,TSXV,0.04814940541744813,1.92,1466.4105994037345,2022.0,4.0,1185566.0,,ASX,OTCQX,,,,,,,
V-04714,TSXV,Ibero Mining Corp.,IMC,2381220.75,95248830,Mining,,BC,Canada,Other,20210421.0,,,,,,,,,,,,,,,,,,,,,,,,TSXV,,0.025,,2021.0,5.0,1184535.0,,,OTCQB,,,,,,,
V-00265,TSXV,Iconic Minerals Ltd.,ICM,10216747.805,185759051,Mining,,BC,Canada,,,,,,,,,,,,,,,,,,,,,,70528414.0,12682916.0,17823.0,6.0,TSXV,1.2413848557359002,0.055,711.6038826235763,,,15928.0,,,,,,,,,,
V-04942,TSXV,IDEX Metals Corp.,IDEX,18657892.175,57408899,Mining,,BC,Canada,QT,20250610.0,,,,,,,,,,,,,,,,,,,,13102492.0,5528648.5,3564.0,6.0,TSXV,0.2963168855380096,0.325,1551.2481762065095,2025.0,1.0,1186755.0,,,,Y,,,,,,
V-02960,TSXV,IEMR Resources Inc.,IRI,948071.41,94807141,Mining,,China,Asia,QT,20100702.0,,,,,,,,,,,,,,,China,,,,,89420.0,1393.0,15.0,4.0,TSXV,0.0014692986048382157,0.01,92.86666666666666,2010.0,16.0,1119147.0,,,,Y,,,,,,
V-03771,TSXV,ILC Critical Minerals Ltd.,ILC,5448065.08,272403254,Mining,,BC,Canada,Other,20110524.0,,,,,,,,,,,,,,,,,,,,20240792.0,444476.5,896.0,6.0,TSXV,0.08158428606730227,0.02,496.06752232142856,2011.0,15.0,1134376.0,,,OTCQB,,,,,,,
V-01330,TSXV,Imagine Lithium Inc.,ILI,5109420.45,340628030,Mining,,BC,Canada,QT,20070628.0,,,,,,,,,,,,,,,,,,,,22450679.0,551525.5,1710.0,6.0,TSXV,0.10794286854979805,0.015000000000000001,322.5295321637427,2007.0,19.0,1098024.0,,,OTCQB,Y,,,,,,
V-00038,TSXV,iMetal Resources Inc.,IMR,4036106.8,40361068,Mining,,BC,Canada,,,,,,,,,,,,,,,,,,,,,,15409450.0,1664666.5,1870.0,6.0,TSXV,0.4124436201737774,0.09999999999999999,890.1959893048129,,,30196.0,,,OTCQB,,,,,,,
V-00951,TSXV,IMPACT Silver Corp.,IPT,103111673.91,349531098,Mining,,BC,Canada,,,,,,,,,,,,,,,,,,,,,,167926475.0,64906290.0,36112.0,6.0,TSXV,0.6294756698126422,0.295,1797.360711120957,,,25723.0,,,OTCQB,,,,,,,
V-03917,TSXV,Independence Gold Corp.,IGO,26394785.2,263947852,Mining,,BC,Canada,,20111229.0,,,,,,,,,,,,,,,,,,,,45628491.0,4662845.0,3687.0,6.0,TSXV,0.17665781193779143,0.09999999999999999,1264.671819907784,2011.0,15.0,1153630.0,,,OTCQB,,,,,,,
V-04428,TSXV,Infield Minerals Corp.,IN,4053670.005,73703091,Mining,,BC,Canada,QT,20210610.0,,,,,,,,,,,,,,,,,,,,8968644.0,527514.0,355.0,6.0,TSXV,0.13013244772005067,0.055,1485.9549295774648,2021.0,5.0,1181079.0,,,,Y,,,,,,
V-04805,TSXV,Infinico Metals Corp.,INFM,732534.79,5634883,Mining,,BC,Canada,IPO,20211122.0,,,,,,,,,,,,,,,,,,,,3694357.0,90503.5,249.0,6.0,TSXV,0.1235483982951854,0.13,363.46787148594376,2021.0,5.0,1185555.0,,,,,,,,,,
V-00210,TSXV,Infinitum Copper Corp.,INFI,1041919.63,6128939,Mining,,BC,Canada,RTO,20220316.0,,,,,,,,,,,,,,,,,,,,6921288.0,741047.5,805.0,6.0,TSXV,0.7112328807933104,0.17,920.555900621118,2022.0,4.0,1097782.0,,,OTCQB,Y,,,,,,
V-04171,TSXV,Inomin Mines Inc.,MINE,5282137.94,55601452,Mining,,BC,Canada,QT,20170202.0,,,,,,,,,,,,,,,,,,,,11983830.0,1138505.5,1370.0,6.0,TSXV,0.2155387672439315,0.095,831.0259124087592,2017.0,9.0,1161935.0,,,,Y,,,,,,
V-04384,TSXV,Integra Resources Corp.,ITR,638734732.65,202772931,Mining,,BC,Canada,Other,20171107.0,,,,,,,,,,,,,,,,,,,,50503344.0,224494036.0,123319.0,6.0,TSXV,0.35146677411546584,3.15,1820.4334774041308,2017.0,9.0,1180485.0,,NYSE Mkt,,,Y,Y,,,,
V-01223,TSXV,International Iconic Gold Exploration Corp.,ICON,904952.76,15082546,Mining,,BC,Canada,Other,20050203.0,,,,,,,,,,,,,,,,,,,,828167.0,117116.5,399.0,6.0,TSXV,0.12941725267515622,0.06,293.5250626566416,2005.0,21.0,1097884.0,,,,,,,,,,
V-00378,TSXV,International Metals Mining Corp.,IMM,1686878.475,22491713,Mining,,BC,Canada,,,,,,,,,,,,,,,,,,,,,,645204.0,75330.0,87.0,6.0,TSXV,0.04465644746578439,0.075,865.8620689655172,,,30748.0,,,,,,,,,,
V-03827,TSXV,International Prospect Ventures Ltd.,IZZ,2552425.47,72926442,Mining,,QC,Canada,Other,20110715.0,,,,,,,,,,,,,,,,,,,,3892444.0,169544.0,188.0,6.0,TSXV,0.06642466234283424,0.035,901.8297872340426,2011.0,15.0,1135692.0,,,,,,,,,,
V-00992,TSXV,Inter-Rock Minerals Inc.,IRO,22573315.44,21705111,Mining,,ON,Canada,,,,,,,,,,,,,,,,,,,,,,244878.0,254947.5,223.0,6.0,TSXV,0.011294198261555857,1.04,1143.262331838565,,,1055264.0,Agriculture,,,,,,,,,
V-01147,TSXV,Intrepid Metals Corp.,INTR,88352913.935,123570509,Mining,,NV,USA,COB,20220502.0,,,,,,,,,,,,,,Las Vegas,,,,,,46661789.0,32244307.5,14406.0,6.0,TSXV,0.3649489990077937,0.715,2238.255414410662,2022.0,4.0,17561.0,,,OTCQB,,,,,,,
V-02607,TSXV,Inventus Mining Corp.,IVS,55260195.25,221040781,Mining,,ON,Canada,Other,20070905.0,,,,,,,,,,,,,,,,,,,,14610587.0,3963339.5,2816.0,6.0,TSXV,0.07172141687284393,0.25,1407.4359019886363,2007.0,19.0,1114355.0,,,,,,,,,,
V-01146,TSXV,InZinc Mining Ltd.,IZN,7742052.12,140764584,Mining,,BC,Canada,,,,,,,,,,,,,,,,,,,,,,6263137.0,387499.5,518.0,6.0,TSXV,0.05005126470267162,0.055,748.0685328185328,,,1004693.0,,,,,,,,,,
V-04305,TSXV,Itafos Inc.,IFOS,476377847.1,186814842,Mining,,TX,USA,TSX Comedown,20160712.0,,,,,,,,,,,,,,Houston,,,,,,26202672.0,88546657.0,40506.0,6.0,TSXV,0.18587484186982464,2.5500000000000003,2186.013356046018,2016.0,10.0,1177295.0,Agriculture,,,,,,,,,
V-04758,TSXV,J2 Metals Inc.,JTWO,6660279.6,44401864,Mining,,BC,Canada,QT,20250327.0,,,,,,,,,,,,,,,,,,,,7471201.0,1957439.0,1615.0,6.0,TSXV,0.29389742136351155,0.15,1212.03653250774,2025.0,1.0,1185112.0,,,,Y,,,,,,
V-04775,TSXV,J4 Ventures Resources Corp.,JJJJ,2862300.0,19740000,Mining,,BC,Canada,QT,20251230.0,,,,,,,,,,,,,,,,,,,,1163304.0,177401.0,108.0,6.0,TSXV,0.06197847884568354,0.145,1642.601851851852,2025.0,1.0,1185290.0,,,,Y,,,,,,
V-01216,TSXV,Jade Leader Corp.,JADE,1120609.395,74707293,Mining,,AB,Canada,,,,,,,,,,,,,,,,,,,,,,3075570.0,54936.0,98.0,6.0,TSXV,0.04902332627686028,0.015,560.5714285714286,,,1056390.0,,,,,,,,,,
V-01732,TSXV,Japan Gold Corp.,JG,29206944.875,307441525,Mining,,BC,Canada,RTO from NEX,20160919.0,,,,,,,,,,,,,,,,,,,,12066444.0,1290629.5,1523.0,6.0,TSXV,0.04418913054835558,0.095,847.4258043335522,2016.0,10.0,19509.0,,,OTCQB,,,,,,,
V-01558,TSXV,Jayden Resources Inc.,JDN,1872571.2,5851785,Mining,,BC,Canada,TSX Comedown,20151015.0,,,,,,,,,,,,,,,,,,,,1466326.0,179411.5,169.0,6.0,TSXV,0.09581024208852512,0.32,1061.6065088757396,2015.0,11.0,1175655.0,,,OTCQB,,,,,,,
V-03129,TSXV,Jinhua Capital Corporation,JHC,152597.975,6103919,Mining,,BC,Canada,QT from NEX,20230811.0,,,,,,,,,,,,,,,,,,,,,,,,TSXV,,0.025,,2023.0,3.0,1133635.0,,,,Y,,,,,,
V-02404,TSXV,Juggernaut Exploration Ltd.,JUGR,43649663.68,41178928,Mining,,BC,Canada,QT,20070927.0,,,,,,,,,,,,,,,,,,,,18529678.0,25038763.0,13836.0,6.0,TSXV,0.573630147154435,1.06,1809.6822058398382,2007.0,19.0,1109937.0,,,,Y,,,,,,
V-02715,TSXV,JZR Gold Inc.,JZR,20208255.3,79248060,Mining,,BC,Canada,IPO,20080129.0,,,,,,,,,,,,,,,,,,,,14403018.0,5039704.5,4549.0,6.0,TSXV,0.24938840217443214,0.255,1107.8708507364256,2008.0,18.0,1105900.0,,,,,,,,,,
V-04033,TSXV,K2 Gold Corporation,KTO,176834361.23,242238851,Mining,,BC,Canada,IPO,20120723.0,,,,,,,,,,,,,,,,,,,,36228873.0,27370699.0,8121.0,6.0,TSXV,0.15478156399931936,0.73,3370.360669868243,2012.0,14.0,1156380.0,,,OTCQB,,Y,Y,,,,
V-5096,TSXV,Kairos Gold Inc.,KIRO,25464970.88,39789017,Mining,,AB,Canada,Other,20260326.0,,,,,,,,,,,,,,,,,,,,8972355.0,5157438.5,3403.0,4.0,TSXV,0.20253070479851262,0.64,1515.556420805172,2026.0,0.0,1188440.0,,,,,,,,,,
V-04627,TSXV,Kalo Gold Corp.,KALO,20021688.63,117774639,Mining,,BC,Canada,QT,20210301.0,,,,,,,,,,,,,,,,,,,,16623722.0,3748226.0,2738.0,6.0,TSXV,0.18720828543820983,0.16999999999999998,1368.964937910884,2021.0,5.0,1183330.0,,,,Y,,,,,,
V-04489,TSXV,KAPA Gold Inc.,KAPA,12054501.6,80363344,Mining,,BC,Canada,QT,20220525.0,,,,,,,,,,,,,,,,,,,,4553784.0,1037016.0,828.0,6.0,TSXV,0.08602728129381973,0.15,1252.4347826086957,2022.0,4.0,1181876.0,,,,Y,,,,,,
V-04594,TSXV,Kenorland Minerals Ltd.,KLD,172891601.28,80042408,Mining,,BC,Canada,RTO,20210113.0,,,,,,,,,,,,,,,,,,,,4490878.0,11325020.0,7534.0,6.0,TSXV,0.06550358673385756,2.16,1503.1882134324396,2021.0,5.0,1183285.0,,,OTCQX,,Y,,,,,
V-02658,TSXV,Kestrel Gold Inc.,KGC,2718025.65,108721026,Mining,,AB,Canada,QT,20100628.0,,,,,,,,,,,,,,,,,,,,6151730.0,226862.5,696.0,6.0,TSXV,0.08346591578339226,0.024999999999999998,325.951867816092,2010.0,16.0,1114295.0,,,,Y,,,,,,
V-04899,TSXV,Kiboko Gold Inc.,KIB,3003649.075,17163709,Mining,,BC,Canada,IPO,20220629.0,,,,,,,,,,,,,,,,,,,,3393300.0,312087.5,427.0,6.0,TSXV,0.10390278364991755,0.17500000000000002,730.884074941452,2022.0,4.0,1184935.0,,,,,,,,,,
V-02984,TSXV,Kincora Copper Limited,KCC,40051104.24,47679886,Mining,,BC,Canada,RTO,20110718.0,,,,,,,,,,,,,,,,,,,,5776679.0,6245364.5,4383.0,6.0,TSXV,0.1559348891500126,0.8400000000000001,1424.906342687657,2011.0,15.0,1118003.0,,ASX,,,,,,,,
V-04622,TSXV,King Copper Discovery Corp.,KCP,230321281.68,319890669,Mining,,BC,Canada,Other,20191203.0,,,,,,,,,,,,,,,,,,,,91607026.0,92171360.5,44090.0,6.0,TSXV,0.4001860350363087,0.72,2090.527568609662,2019.0,7.0,1183317.0,,,OTCQB,,Y,,,,,
V-04507,TSXV,Kingfisher Metals Corp.,KFR,138953498.1,107715890,Mining,,BC,Canada,QT,20210318.0,,,,,,,,,,,,,,,,,,,,47447954.0,38266295.0,22924.0,6.0,TSXV,0.2753892167037139,1.29,1669.2677979410225,2021.0,5.0,1180885.0,,,OTCQB,Y,,,,,,
V-02705,TSXV,Kingman Minerals Ltd.,KGS,2621251.26,43687521,Mining,,BC,Canada,QT,20090521.0,,,,,,,,,,,,,,,,,,,,24533897.0,2713383.5,1913.0,6.0,TSXV,1.035148191020803,0.06,1418.3917929952954,2009.0,17.0,1116713.0,,,OTCQB,Y,,,,,,
V-02027,TSXV,Kingsmen Resources Ltd.,KNG,36939702.02,34523086,Mining,,BC,Canada,,,,,,,,,,,,,,,,,,,,,,11569336.0,18267266.5,13255.0,6.0,TSXV,0.4945158055175887,1.07,1378.1415692191626,,,1049952.0,,,OTCQB,Y,,,,,,
V-00016,TSXV,Kiplin Metals Inc.,KIP,3926548.78,17847949,Mining,,BC,Canada,,,,,,,,,,,,,,,,,,,,,,827325.0,216573.5,471.0,6.0,TSXV,0.05515619749921966,0.22,459.8163481953291,,,29623.0,,,,,,,,,,
V-02124,TSXV,Kirkland Lake Discoveries Corp.,KLDC,65801345.92,205629206,Mining,,BC,Canada,,,,,,,,,,,,,,,,,,,,,,71807601.0,27036296.5,14149.0,6.0,TSXV,0.41087756066373177,0.32,1910.8273729592197,,,41452.0,,,,,,,,,,
V-5064,TSXV,Kirkstone Metals Corp.,KSM,10127749.83,39716666,Mining,,BC,Canada,Other,20250523.0,,,,,,,,,,,,,,,,,,,,62009311.0,33174415.5,25408.0,6.0,TSXV,3.275595868465483,0.255,1305.6681163413098,2025.0,1.0,1188805.0,,,,,,,,,,
V-01088,TSXV,Klondike Gold Corp.,KG,45893412.675,278141895,Mining,,BC,Canada,,,,,,,,,,,,,,,,,,,,,,28583762.0,5311873.0,3709.0,6.0,TSXV,0.11574369153186972,0.16499999999999998,1432.1577244540308,,,12471.0,,,OTCQB,,,,,,,
V-02288,TSXV,Klondike Silver Corp.,KS,4033226.7,26888178,Mining,,BC,Canada,Other,20060417.0,,,,,,,,,,,,,,,,,,,,30177563.0,1502168.0,2214.0,6.0,TSXV,0.37244819389894446,0.15,678.4859981933153,2006.0,20.0,1105156.0,,,,,,,,,,
V-04506,TSXV,Kobo Resources Inc.,KRI,32478205.44,135325856,Mining,,QC,Canada,QT,20230331.0,,,,,,,,,,,,,,,,,,,,24293316.0,6328382.0,3352.0,6.0,TSXV,0.1948501129993468,0.24000000000000002,1887.942124105012,2023.0,3.0,1181701.0,,,,Y,,,,,,
V-02217,TSXV,Kodiak Copper Corp.,KDK,67268188.76,98923807,Mining,,BC,Canada,,,,,,,,,,,,,,,,,,,,,,21890135.0,21640964.0,19806.0,6.0,TSXV,0.3217117094859029,0.68,1092.6468746844391,,,38326.0,,,OTCQB,,,,,,,
V-05011,TSXV,Kootenay Resources Inc.,KTRI,3488116.48,43601456,Mining,,BC,Canada,Other,20240501.0,,,,,,,,,,,,,,,,,,,,2372587.0,208787.5,449.0,6.0,TSXV,0.0598568027177808,0.08,465.0055679287305,2024.0,2.0,1187230.0,,,,,,,,,,
V-01099,TSXV,Kootenay Silver Inc.,KTN,132500025.42,102713198,Mining,,BC,Canada,QT,20050314.0,,,,,,,,,,,,,,,,,,,,57226089.0,105778000.5,74338.0,6.0,TSXV,0.7983243789176927,1.29,1422.933096128494,2005.0,21.0,1059092.0,,,,Y,Y,,,,,
V-00655,TSXV,KORE Mining Ltd.,KORE,12322790.1,82151934,Mining,,BC,Canada,RTO,20181102.0,,,,,,,,,,,,,,,,,,,,3249902.0,1043443.0,919.0,6.0,TSXV,0.08467587222799486,0.15,1135.411316648531,2018.0,8.0,29225.0,,,,,,,,,,
V-01047,TSXV,Koryx Copper S.A.,KRY,403390225.6,121503080,Mining,,BC,Canada,,,,,,,,,,,,,,,,,,,,,,25274920.0,75471664.0,36129.0,6.0,TSXV,0.18709343759567781,3.3200000000000003,2088.9497079908106,,,41266.0,,,OTCQB,,,,,,,
V-05005,TSXV,Kubera Gold Corp.,KBRA,4028606.4,19183840,Mining,,BC,Canada,IPO,20240313.0,,,,,,,,,,,,,,,,,,,,13508.0,3293.0,12.0,5.0,TSXV,0.0008174042517531621,0.21,274.4166666666667,2024.0,2.0,1187920.0,,,,,,,,,,
V-01028,TSXV,Kutcho Copper Corp.,KC,56828238.08,177588244,Mining,,BC,Canada,,,,,,,,,,,,,,,,,,,,,,19171168.0,6483491.0,4554.0,6.0,TSXV,0.11408924892010307,0.32,1423.691480017567,,,22572.0,,,OTCQX,,,,,,,
V-01386,TSXV,Labrador Gold Corp.,LAB,11900698.53,170009979,Mining,,BC,Canada,,,,,,,,,,,,,,,,,,,,,,12986811.0,901864.0,1186.0,4.0,TSXV,0.07578244232693794,0.06999999999999999,760.424957841484,,,24564.0,,,OTCQB,,,,,,,
V-04870,TSXV,Lahontan Gold Corp.,LG,153424427.885,432181487,Mining,,BC,Canada,Other,20220413.0,,,,,,,,,,,,,,,,,,,,212136401.0,74760917.0,41617.0,6.0,TSXV,0.48728170624848216,0.355,1796.4033207583439,2022.0,4.0,1184505.0,,,OTCQB,,,,,,,
V-03957,TSXV,Lake Victoria Gold Ltd.,LVG,51890629.18,199579343,Mining,,ON,Canada,Other,20120222.0,,,,,,,,,,,,,,,,,,,,35748452.0,10661990.5,8804.0,6.0,TSXV,0.20547044174421783,0.26,1211.0393571104044,2012.0,14.0,1062173.0,,,OTCQB,,,,,,,
V-03816,TSXV,Lake Winn Resources Corp.,LWR,1367923.35,27358467,Mining,,BC,Canada,QT,20130524.0,,,,,,,,,,,,,,,,,,,,22813834.0,1795778.0,1525.0,6.0,TSXV,1.312776772178061,0.05,1177.559344262295,2013.0,13.0,1141630.0,,,,Y,,,,,,
V-01120,TSXV,Lara Exploration Ltd.,LRA,236389606.28,59997362,Mining,,BC,Canada,Other,20050530.0,,,,,,,,,,,,,,,,,,,,2191350.0,7389558.5,2457.0,6.0,TSXV,0.031260082100425246,3.94,3007.553317053317,2005.0,21.0,1098699.0,,,,,Y,,,,,
V-04232,TSXV,LatAm Lithium Corp.,LALI,1159885.285,17844389,Mining,,BC,Canada,IPO,20141205.0,,,,,,,,,,,,,,,,,,,,7384153.0,95948.0,330.0,6.0,TSXV,0.08272197366483532,0.065,290.75151515151515,2014.0,12.0,1170845.0,,,,,,,,,,
V-5097,TSXV,Latin Explore Inc.,LXE,7862400.0,43680000,Mining,,BC,Canada,Other,20260330.0,,,,,,,,,,,,,,,,,,,,1156345.0,192720.0,316.0,3.0,TSXV,0.02451159951159951,0.18,609.873417721519,2026.0,0.0,1189096.0,,,,,,,,,,
V-02310,TSXV,Latin Metals Inc.,LMS,27800000.0,139000000,Mining,,BC,Canada,RTO,20150622.0,,,,,,,,,,,,,,,,,,,,10130579.0,2404239.0,1638.0,6.0,TSXV,0.08648341726618705,0.2,1467.7893772893774,2015.0,11.0,1106967.0,,,OTCQB,Y,,,,,,
V-01127,TSXV,Laurion Mineral Exploration Inc.,LME,55112204.94,282626692,Mining,,ON,Canada,,,,,,,,,,,,,,,,,,,,,,10903609.0,2514861.5,3120.0,6.0,TSXV,0.04563166185671395,0.19499999999999998,806.0453525641026,,,1062275.0,,,,,,,,,,
V-04871,TSXV,Lavras Gold Corp.,LGC,112648758.23,62236883,Mining,,ON,Canada,Other,20220412.0,,,,,,,,,,,,,,,,,,,,8722736.0,23933232.5,14770.0,6.0,TSXV,0.21245891100845027,1.81,1620.3948882870684,2022.0,4.0,1186170.0,,,OTCQX,,,,,,,
V-03802,TSXV,Leading Edge Materials Corp.,LEM,82409743.68,257530449,Mining,,BC,Canada,QT,20160826.0,,,,,,,,,,,,,,,,,,,,15969369.0,4845992.0,4664.0,6.0,TSXV,0.058803629080769394,0.32,1039.0205831903945,2016.0,10.0,1145095.0,,Nasdaq Nordic,OTCQB,Y,,,,,,
V-04974,TSXV,Legacy Gold Mines Ltd.,LEGY,61722537.23,61111423,Mining,,AB,Canada,QT,20241008.0,,,,,,,,,,,,,,,,,,,,2475576.0,1595377.5,654.0,6.0,TSXV,0.025847568353437243,1.01,2439.4151376146788,2024.0,2.0,1187365.0,,,,Y,,,,,,
V-04696,TSXV,Leviathan Metals Corp.,LVX,80217512.16,116257264,Mining,,BC,Canada,Other,20210210.0,,,,,,,,,,,,,,,,,,,,9945644.0,7613246.5,4345.0,6.0,TSXV,0.09490753695794996,0.69,1752.1856156501726,2021.0,5.0,1184231.0,,,OTCQB,,,,,,,
V-01754,TSXV,Libertystream Infrastructure Partners Inc.,LIB,209090566.45,215557285,Mining,,ON,Canada,,,,,,,,,,,,,,,,,,,,,,98221311.0,112350118.5,66696.0,6.0,TSXV,0.5373275342236273,0.97,1684.5105928391508,,,1062262.0,,,OTCQB,,,,,,,
V-04991,TSXV,Li-FT Power Ltd.,LIFT,385904075.65,86720017,Mining,,BC,Canada,Other,20231101.0,,,,,,,,,,,,,,,,,,,,7663659.0,46662881.0,17284.0,6.0,TSXV,0.12091834200352272,4.449999999999999,2699.7732585049757,2023.0,3.0,1187375.0,,ASX,OTCQX,,Y,,,,,
V-02515,TSXV,Lincoln Gold Mining Inc.,LMG,9565088.67,25851591,Mining,,BC,Canada,QT,20090821.0,,,,,,,,,,,,,,,,,,,,4237062.0,1902985.0,931.0,6.0,TSXV,0.1989511091484738,0.37,2044.0225563909773,2009.0,17.0,1112263.0,,,,Y,,,,,,
V-02184,TSXV,Lion One Metals Limited,LIO,54385343.325,402854395,Mining,,BC,Canada,RTO from NEX,20110131.0,,,,,,,,,,,,,,,,,,,,94256199.0,22002205.0,15202.0,6.0,TSXV,0.40456129638674115,0.135,1447.323049598737,2011.0,15.0,1003733.0,,,OTCQX,,,,,,,
V-01084,TSXV,Lion Rock Resources Inc.,ROAR,28387357.67,115866766,Mining,,BC,Canada,,,,,,,,,,,,,,,,,,,,,,29428906.0,8595516.5,6741.0,6.0,TSXV,0.30279382110592895,0.24500000000000002,1275.1099985165406,,,1084821.0,,,,,,,,,,
V-5036,TSXV,Lithium Africa Corp.,LAF,34969643.8,24978317,Mining,,Cayman Islands,Latin America,QT,20260219.0,,,,,,,,,,,,,,,,,,,,1545205.0,3065456.5,1498.0,5.0,TSXV,0.08766050113441534,1.4,2046.3661548731643,2026.0,0.0,1188420.0,,,,Y,,,,,,
V-03725,TSXV,Lithium Chile Inc.,LITH,125065106.88,223330548,Mining,,AB,Canada,QT,20130610.0,,,,,,,,,,,,,,,,,,,,29178928.0,17792295.0,8532.0,6.0,TSXV,0.14226426094267614,0.5599999999999999,2085.3604078762305,2013.0,13.0,1142290.0,,,,Y,,,,,,
V-04721,TSXV,Lithium Ionic Corp.,LTH,147975906.75,197301209,Mining,,ON,Canada,QT,20220524.0,,,,,,,,,,,,,,,,,,,,60576698.0,63610445.5,46900.0,6.0,TSXV,0.4298702869749436,0.75,1356.2994776119403,2022.0,4.0,1184670.0,,,OTCQX,Y,Y,,,,,
V-04872,TSXV,LithiumBank Resources Corp.,LBNK,29916890.52,67992933,Mining,,BC,Canada,Other,20220401.0,,,,,,,,,,,,,,,,,,,,11170476.0,6743957.0,4423.0,6.0,TSXV,0.22542305977593288,0.44,1524.7472303866155,2022.0,4.0,1186055.0,,,OTCQX,,,,,,,
V-01872,TSXV,Lode Gold Resources Inc.,LOD,17570753.778,58962261,Mining,,ON,Canada,,,,,,,,,,,,,,,,,,,,,,20549382.0,8215559.5,3678.0,6.0,TSXV,0.46757012270506815,0.298,2233.702963567156,,,1023965.0,,,OTCQB,,,,,,,
V-04158,TSXV,Lodestar Metals Corp.,LSTR,3606277.36,51518248,Mining,,BC,Canada,QT from NEX,20210305.0,,,,,,,,,,,,,,,,,,,,12760769.0,1816197.0,1514.0,6.0,TSXV,0.503620997138168,0.06999999999999999,1199.6017173051519,2021.0,5.0,1166601.0,,,OTCQB,Y,,,,,,
V-01150,TSXV,Lomiko Metals Inc.,LMR,6803433.575,80040395,Mining,,BC,Canada,,,,,,,,,,,,,,,,,,,,,,15190651.0,1681707.0,2033.0,6.0,TSXV,0.2471850399450692,0.085,827.2046237088048,,,19485.0,,,OTCQB,,,,,,,
V-00749,TSXV,Los Andes Copper Limited,LA,371699431.13,30392431,Mining,,Chile,Latin America,,,,,,,,,,,,,,,,,,,,,,1547874.0,21898793.0,4640.0,6.0,TSXV,0.058915325572131444,12.23,4719.567456896551,,,39153.0,,,OTCQX,,Y,,,,,
V-01809,TSXV,Luca Mining Corp.,LUCA,267012727.41,275270853,Mining,,BC,Canada,,,,,,,,,,,,,,,,,,,,,,75342443.0,108174463.5,101311.0,6.0,TSXV,0.4051284916239117,0.97,1067.7464786647058,,,37278.0,,,OTCQX,,Y,Y,,,,
V-02988,TSXV,Lucky Minerals Inc.,LKY,1011271.35,20225427,Mining,,BC,Canada,Other,20090615.0,,,,,,,,,,,,,,,,,,,,,,,,TSXV,,0.049999999999999996,,2009.0,17.0,1122256.0,,,,,,,,,,
V-04239,TSXV,Lupaka Gold Corp.,LPK,7910085.48,22927784,Mining,,BC,Canada,TSX Comedown,20150218.0,,,,,,,,,,,,,,,,,,,,1675383.0,638663.5,441.0,6.0,TSXV,0.0807404043375774,0.34500000000000003,1448.216553287982,2015.0,11.0,1173135.0,,,,,,,,,,
V-04116,TSXV,Lux Metals Corp.,LXM,11151256.32,76905216,Mining,,BC,Canada,IPO,20130410.0,,,,,,,,,,,,,,,,,,,,10238805.0,2249495.5,1800.0,6.0,TSXV,0.20172574600096718,0.145,1249.7197222222221,2013.0,13.0,1162145.0,,,,,,,,,,
V-5065,TSXV,Luxor Metals Ltd.,LUXR,2791099.2,19248960,Mining,,BC,Canada,Other,20250530.0,,,,,,,,,,,,,,,,,,,,799672.0,180489.5,453.0,6.0,TSXV,0.06466610000819749,0.14500000000000002,398.43156732891833,2025.0,1.0,1188880.0,,,,,,,,,,
V-02708,TSXV,M3 Metals Corp.,MT,4109889.6,10274724,Mining,,BC,Canada,QT,20100820.0,,,,,,,,,,,,,,,,,,,,840664.0,245707.5,146.0,6.0,TSXV,0.059784452604274334,0.4,1682.9280821917807,2010.0,16.0,1115735.0,,,OTCQB,Y,,,,,,
V-04523,TSXV,Mackay Gold & Silver Corp.,MACK,291439408.2,85717473,Mining,,BC,Canada,QT,20260424.0,,,,,,,,,,,,,,,,,,,,3758951.0,9488207.5,6383.0,3.0,TSXV,0.03255636414650118,3.4,1486.4808867303775,2026.0,0.0,1182030.0,,,,Y,,,,,,
V-01257,TSXV,Madoro Metals Corp.,MDM,1400950.74,93396716,Mining,,BC,Canada,,,,,,,,,,,,,,,,,,,,,,3398906.0,148438.5,167.0,1.0,TSXV,0.10595554558899052,0.015,888.8532934131737,,,32714.0,,,,,,,,,,
V-03088,TSXV,Magma Silver Corp.,MGMA,12125506.1,83624180,Mining,,BC,Canada,IPO,20100217.0,,,,,,,,,,,,,,,,,,,,37586617.0,9347877.0,9927.0,6.0,TSXV,0.7709267491935863,0.145,941.6618313689936,2010.0,16.0,1124165.0,,,,,,,,,,
V-01396,TSXV,Magna Terra Minerals Inc.,MTT,16253612.7,108357418,Mining,,ON,Canada,RTO,20200814.0,,,,,,,,,,,,,,,,,,,,11802054.0,1906137.0,1707.0,6.0,TSXV,0.11727466595780273,0.15,1116.659050966608,2020.0,6.0,1074410.0,,,,,,,,,,
V-01204,TSXV,Majestic Gold Corp.,MJS,104266438.1,1042664381,Mining,,BC,Canada,,,,,,,,,,,,,,,,,,,,,,117225042.0,19281174.0,9747.0,6.0,TSXV,0.18492215089871764,0.09999999999999999,1978.164973838104,,,38513.0,,,,,Y,,,,,
V-02395,TSXV,Mako Mining Corp.,MKO,913507868.21,87584647,Mining,,BC,Canada,Other,20181114.0,,,,,,,,,,,,,,,,,,,,17356057.0,173690774.0,62258.0,6.0,TSXV,0.1901360459438007,10.43,2789.854701403836,2018.0,8.0,1101079.0,,,OTCQX,,Y,,,,,
V-03773,TSXV,Mammoth Resources Corp.,MTH,3196707.99,106556933,Mining,,ON,Canada,QT,20111228.0,,,,,,,,,,,,,,,,,,,,5311515.0,260361.0,300.0,6.0,TSXV,0.08144660094524304,0.030000000000000002,867.87,2011.0,15.0,1146400.0,,,,Y,,,,,,
V-02863,TSXV,Manganese X Energy Corp.,MN,26817325.04,243793864,Mining,,QC,Canada,QT,20101213.0,,,,,,,,,,,,,,,,,,,,15133004.0,1948453.0,3346.0,6.0,TSXV,0.0726565008662773,0.11,582.3230723251644,2010.0,16.0,1118681.0,,,OTCQB,Y,,,,,,
V-00936,TSXV,Manhattan Uranium Discovery Corp.,MANU,38528181.3,110080518,Mining,,BC,Canada,RTO from NEX,20201231.0,,,,,,,,,,,,,,,,,,,,10265412.0,4044295.0,3430.0,6.0,TSXV,0.10496978740078759,0.35,1179.094752186589,2020.0,6.0,1099280.0,,,,Y,,,,,,
V-03831,TSXV,Maple Gold Mines Ltd.,MGM,203143449.3,74139945,Mining,,ON,Canada,IPO,20110809.0,,,,,,,,,,,,,,,,,,,,14210046.0,37928598.0,20371.0,6.0,TSXV,0.1867084473099965,2.74,1861.8918069805115,2011.0,15.0,1145850.0,,,OTCQB,,,,,,,
V-03859,TSXV,Masivo Silver Corp.,MASS,7356980.5,77441900,Mining,,AZ,USA,QT,20131003.0,,,,,,,,,,,,,,Scottsdale,,,,,,24183807.0,2957694.5,2575.0,6.0,TSXV,0.40202560004066884,0.095,1148.6192233009708,2013.0,13.0,1146290.0,,,,Y,,,,,,
V-01231,TSXV,"Matachewan Consolidated Mines, Limited",MCM,4229957.75,13645025,Mining,,ON,Canada,,,,,,,,,,,,,,,,,,,,,,1008657.0,439829.0,623.0,6.0,TSXV,0.10397952556381916,0.31,705.9855537720706,,,1063108.0,,,,,,,,,,
V-01175,TSXV,MAX Resource Corp.,MAX,13876833.75,55507335,Mining,,BC,Canada,,,,,,,,,,,,,,,,,,,,,,9451608.0,2715763.5,1819.0,6.0,TSXV,0.19570483792817653,0.25,1492.9980758658603,,,1023635.0,,,,,,,,,,
V-04701,TSXV,Mayfair Gold Corp.,MFG,234313351.04,67138496,Mining,,ON,Canada,IPO,20210322.0,,,,,,,,,,,,,,,,,,,,12152762.0,56338596.0,21365.0,6.0,TSXV,0.24044125420058693,3.4899999999999998,2636.957453779546,2021.0,5.0,1184640.0,,NYSE Mkt,,,Y,,,,,
V-01259,TSXV,Melkior Resources Inc.,MKR,6246025.2,52050210,Mining,,QC,Canada,,,,,,,,,,,,,,,,,,,,,,8594190.0,1133423.0,927.0,6.0,TSXV,0.18146308471506006,0.12000000000000001,1222.678532901834,,,1074399.0,,,,,,,,,,
V-04723,TSXV,Metal Energy Corp.,MERG,33577346.88,46635204,Mining,,ON,Canada,QT,20211129.0,,,,,,,,,,,,,,,,,,,,6748582.0,5963247.5,2698.0,6.0,TSXV,0.17759734029349253,0.7200000000000001,2210.2474054855447,2021.0,5.0,1184805.0,,,OTCQB,Y,,,,,,
V-04609,TSXV,Metalero Mining Corp.,MLO,5242545.0,30838500,Mining,,AB,Canada,QT,20200910.0,,,,,,,,,,,,,,,,,,,,6005862.0,1072410.5,775.0,6.0,TSXV,0.20455914064638453,0.17,1383.7554838709677,2020.0,6.0,1183045.0,,,,Y,,,,,,
V-01269,TSXV,Metalex Ventures Ltd.,MTX,4146718.77,276447918,Mining,,BC,Canada,,,,,,,,,,,,,,,,,,,,,,13596973.0,155147.5,656.0,6.0,TSXV,0.037414521843737183,0.015,236.50533536585365,,,18225.0,,,,,,,,,,
V-04409,TSXV,Metalla Royalty & Streaming Ltd.,MTA,1008247401.98,93442762,Mining,,BC,Canada,Other,20180202.0,,,,,,,,,,,,,,,,,,,,4619117.0,48454704.0,24146.0,6.0,TSXV,0.048058347489757444,10.790000000000001,2006.7383417543278,2018.0,8.0,1179915.0,,NYSE Mkt,,,Y,,,,,
V-03775,TSXV,Metallic Minerals Corp.,MMG,40144420.012,213534149,Mining,,BC,Canada,IPO,20110519.0,,,,,,,,,,,,,,,,,,,,48435857.0,15176797.0,10999.0,6.0,TSXV,0.37805495746266454,0.188,1379.8342576597872,2011.0,15.0,1141470.0,,,OTCQB,,,,,,,
V-02627,TSXV,Metallis Resources Inc.,MTS,12089025.39,92992503,Mining,,BC,Canada,QT,20090504.0,,,,,,,,,,,,,,,,,,,,7705640.0,1268635.0,1210.0,6.0,TSXV,0.10494104851904856,0.13,1048.4586776859503,2009.0,17.0,1115907.0,,,OTCQB,Y,,,,,,
V-00617,TSXV,Metalquest Mining Inc.,MQM,7337928.6,48919524,Mining,,BC,Canada,,,,,,,,,,,,,,,,,,,,,,5282472.0,1526021.5,1699.0,6.0,TSXV,0.2079635252924102,0.15,898.1880517951736,,,42136.0,,,OTCQB,,,,,,,
V-00632,TSXV,Metals Creek Resources Corp.,MEK,13164077.63,239346866,Mining,,ON,Canada,QT from NEX,20080128.0,,,,,,,,,,,,,,,,,,,,40781773.0,1782668.0,1636.0,6.0,TSXV,0.13541913456491822,0.055,1089.6503667481663,2008.0,18.0,1099221.0,,,,Y,,,,,,
V-02841,TSXV,Mexican Gold Mining Corp.,MEX,6182495.85,41216639,Mining,,BC,Canada,IPO,20080602.0,,,,,,,,,,,,,,,,,,,,7826526.0,1119595.5,738.0,6.0,TSXV,0.18109118504301142,0.15,1517.0670731707316,2008.0,18.0,1114745.0,,,OTCQB,,,,,,,
V-5100,TSXV,Miata Metals Corp.,MMET,40182671.36,105743872,Mining,,BC,Canada,Other,20260423.0,,,,,,,,,,,,,,,,,,,,5279025.0,2683387.0,1841.0,3.0,TSXV,0.06677970650480915,0.38,1457.5703422053232,2026.0,0.0,1189120.0,,,OTCQX,,,,,,,
V-02479,TSXV,Midland Exploration Inc.,MD,52417221.78,124802909,Mining,,QC,Canada,Other,20070302.0,,,,,,,,,,,,,,,,,,,,6544455.0,3109563.0,2239.0,6.0,TSXV,0.059323308149583504,0.42,1388.8177757927647,2007.0,19.0,1112078.0,,,,,,,,,,
V-02718,TSXV,Midnight Sun Mining Corp.,MMA,134896251.38,217574599,Mining,,BC,Canada,QT,20100512.0,,,,,,,,,,,,,,,,,,,,70755250.0,84508313.5,58864.0,6.0,TSXV,0.6264689539959254,0.62,1435.6535998233217,2010.0,16.0,1113692.0,,,,Y,Y,,,,,
V-04291,TSXV,Millennial Potash Corp.,MLP,220478757.95,119177707,Mining,,BC,Canada,QT from NEX,20201110.0,,,,,,,,,,,,,,,,,,,,59638619.0,142032594.0,84456.0,6.0,TSXV,0.6442008079173326,1.8499999999999999,1681.7347968172776,2020.0,6.0,1176010.0,,,OTCQB,Y,Y,Y,,,,
V-02465,TSXV,Millennium Silver Corp.,MSC,10915175.625,436607025,Mining,,BC,Canada,Other,20070226.0,,,,,,,,,,,,,,,,,,,,72044790.0,1309906.0,2638.0,6.0,TSXV,0.12000778045199799,0.025,496.5526914329037,2007.0,19.0,1109122.0,,,,,,,,,,
V-03086,TSXV,Minaurum Silver Inc.,MGG,166833266.18,516511660,Mining,,BC,Canada,Other,20100225.0,,,,,,,,,,,,,,,,,,,,122593819.0,54771319.0,33119.0,6.0,TSXV,0.32829974653200183,0.323,1653.773332528156,2010.0,16.0,1122915.0,,,OTCQX,,Y,,,,,
V-04343,TSXV,Minco Capital Corp.,MMM,4965226.315,43175881,Mining,,BC,Canada,TSX Comedown,20170501.0,,,,,,,,,,,,,,,,,,,,3464493.0,366440.0,420.0,6.0,TSXV,0.07380126841207237,0.115,872.4761904761905,2017.0,9.0,1178470.0,,,OTCQB,,,,,,,
V-02340,TSXV,Mining Americas Inc.,MAI,553044968.94,109949298,Mining,,ON,Canada,TSX Comedown,20100511.0,,,,,,,,,,,,,,,,,,,,53802800.0,308727657.0,126442.0,6.0,TSXV,0.5582324663249832,5.03,2441.6543316303128,2010.0,16.0,1105685.0,,,OTCQX,,Y,,,,,
V-04788,TSXV,Mink Ventures Corporation,MINK,4559202.56,41447296,Mining,,ON,Canada,QT,20230104.0,,,,,,,,,,,,,,,,,,,,5191950.0,693548.5,830.0,6.0,TSXV,0.15212057171682236,0.10999999999999999,835.6006024096386,2023.0,3.0,1185445.0,,,,Y,,,,,,
V-03664,TSXV,Minnova Corp.,MCI,24287015.025,124548795,Mining,,ON,Canada,Other,20101104.0,,,,,,,,,,,,,,,,,,,,16704603.0,5252664.0,2933.0,6.0,TSXV,0.2162745810711253,0.19499999999999998,1790.8844186839412,2010.0,16.0,1108683.0,,,,,,,,,,
V-02888,TSXV,Minsud Resources Corp.,MSR,84633707.5,169267415,Mining,,Argentina,Latin America,QT from NEX,20110525.0,,,,,,,,,,,,,,,,,,,,208804.0,114558.5,92.0,6.0,TSXV,0.0013535800732822677,0.5,1245.2010869565217,2011.0,15.0,1118204.0,,,,Y,,,,,,
V-01296,TSXV,Mirasol Resources Ltd.,MRZ,27022142.645,88597189,Mining,,BC,Canada,Other,20050504.0,,,,,,,,,,,,,,,,,,,,5142204.0,2466050.5,1472.0,6.0,TSXV,0.0912603612673291,0.305,1675.3060461956522,2005.0,21.0,1099872.0,,,,,,,,,,
V-05028,TSXV,Mithril Silver and Gold Limited,MSG,42173495.55,187437758,Mining,,Australia,Australia/NZ/PNG,Other,20240927.0,,,,,,,,,,,,,,,,,,,,9684550.0,3718178.0,1175.0,6.0,TSXV,0.08816385626825282,0.22499999999999998,3164.4068085106383,2024.0,2.0,1188415.0,,ASX,,,,,,,,
V-02891,TSXV,Mkango Resources Ltd.,MKA,298344418.68,387460284,Mining,,AB,Canada,QT,20110106.0,,,,,,,,,,,,,,,,,,,,8662013.0,7979599.5,6266.0,6.0,TSXV,0.026746267067120185,0.77,1273.4758218959464,2011.0,15.0,1118519.0,,AIM,,Y,Y,,,,,
V-05016,TSXV,Mogotes Metals Inc.,MOG,287877315.55,523413301,Mining,,ON,Canada,Other,20240612.0,,,,,,,,,,,,,,,,,,,,121641295.0,50549980.5,26581.0,6.0,TSXV,0.17559556717215608,0.55,1901.7335879011323,2024.0,2.0,1187145.0,,,,,,,,,,
V-01455,TSXV,Monarca Minerals Inc.,MMN,1265546.06,126554606,Mining,,ON,Canada,,,,,,,,,,,,,,,,,,,,,,19487768.0,476217.0,1220.0,4.0,TSXV,0.3762936925424903,0.01,390.34180327868853,,,1092234.0,,,,,,,,,,
V-00443,TSXV,Mont Royal Resources Limited,MRZL,26949031.76,192493084,Mining,,Australia,Australia/NZ/PNG,,,,,,,,,,,,,,,,,,,,,,13521449.0,2724969.0,2065.0,6.0,TSXV,0.10111565507316764,0.14,1319.597578692494,,,1073517.0,,ASX,OTCQX,,,,,,,
V-03729,TSXV,Montero Mining and Exploration Ltd.,MON,4845223.14,8353833,Mining,,BC,Canada,IPO,20110215.0,,,,,,,,,,,,,,,,,,,,2453818.0,1553338.0,2144.0,6.0,TSXV,0.3205916332678953,0.58,724.5046641791045,2011.0,15.0,1118527.0,,,,,,,,,,
V-01301,TSXV,Monument Mining Limited,MMY,270050327.04,346218368,Mining,,BC,Canada,RTO,20070709.0,,,,,,,,,,,,,,,,,,,,79227614.0,82813139.5,51615.0,6.0,TSXV,0.30665817148865615,0.78,1604.4393974619782,2007.0,19.0,1023346.0,,,,,Y,Y,,,,
V-04718,TSXV,Monumental Energy Corp.,MNRG,10137494.97,112638833,Mining,,BC,Canada,IPO,20210430.0,,,,,,,,,,,,,,,,,,,,42804526.0,4503148.0,4637.0,6.0,TSXV,0.4442071747829434,0.09000000000000001,971.1339227949105,2021.0,5.0,1184545.0,,,OTCQB,,,,,,,
V-04637,TSXV,Moon River Moly Ltd.,MOO,28908106.92,37542996,Mining,,ON,Canada,QT,20231120.0,,,,,,,,,,,,,,,,,,,,6221000.0,4917051.0,2592.0,6.0,TSXV,0.1700924593093348,0.77,1897.0104166666667,2023.0,3.0,1183745.0,,,OTCQB,Y,,,,,,
V-00228,TSXV,Morien Resources Corp.,MOX,10832560.02,60180889,Mining,,NS,Canada,RTO,20121109.0,,,,,,,,,,,,,,,,,,,,5995657.0,1279007.0,783.0,6.0,TSXV,0.11807061282269268,0.18,1633.4699872286078,2012.0,14.0,1088969.0,,,,,,,,,,
V-04785,TSXV,Morocco Strategic Minerals Corporation,MCC,28200000.0,188000000,Mining,,QC,Canada,Other,20210930.0,,,,,,,,,,,,,,,,,,,,15400893.0,2440948.5,1638.0,6.0,TSXV,0.08655845744680851,0.15,1490.2005494505495,2021.0,5.0,1185380.0,,,,,,,,,,
V-03869,TSXV,Mundoro Capital Inc.,MUN,41640917.77,112543021,Mining,,BC,Canada,TSX Comedown,20110930.0,,,,,,,,,,,,,,,,,,,,7968147.0,3519546.0,2834.0,6.0,TSXV,0.08452133594749056,0.37000000000000005,1241.9004940014115,2011.0,15.0,1151510.0,,,OTCQB,,,,,,,
V-04419,TSXV,Murchison Minerals Ltd.,MUR,5713054.875,20774745,Mining,,ON,Canada,Other,20180322.0,,,,,,,,,,,,,,,,,,,,805326.0,270526.5,377.0,6.0,TSXV,0.047352337045423534,0.275,717.5769230769231,2018.0,8.0,1180810.0,,,,,,,,,,
V-04260,TSXV,Mustang Minerals Limited,MMX,6275467.125,73829025,Mining,,BC,Canada,RTO,20180525.0,,,,,,,,,,,,,,,,,,,,4059614.0,325664.5,549.0,6.0,TSXV,0.05189486193029814,0.085,593.195810564663,2018.0,8.0,1174970.0,,,OTCQB,,,,,,,
V-04356,TSXV,Namibia Critical Metals Inc.,NMI,51389091.38,233586779,Mining,,NS,Canada,TSX Comedown,20170704.0,,,,,,,,,,,,,,,,,,,,9593464.0,2542012.5,2099.0,6.0,TSXV,0.04946599427498965,0.22,1211.0588375416864,2017.0,9.0,1179336.0,,,OTCQB,,,,,,,
V-5108,TSXV,Napoleon Resources Inc.,NAP,2355000.0,15700000,Mining,,BC,Canada,IPO,20260618.0,,,,,,,,,,,,,,,,,,,,88963.0,13273.0,46.0,1.0,TSXV,0.005636093418259024,0.15,288.54347826086956,2026.0,0.0,1189210.0,,,,,,,,,,
V-05017,TSXV,Nations Royalty Corp.,NRC,130393735.08,155230637,Mining,,BC,Canada,Other,20240621.0,,,,,,,,,,,,,,,,,,,,16155021.0,20270826.5,12685.0,6.0,TSXV,0.1554585922978839,0.84,1598.015490737091,2024.0,2.0,1188140.0,,,OTCQB,,,,,,,
V-04902,TSXV,Neoterrex Minerals Inc.,NTX,8285156.8,82851568,Mining,,ON,Canada,QT,20240109.0,,,,,,,,,,,,,,,,,,,,4494271.0,638278.5,1036.0,6.0,TSXV,0.07703879545164433,0.09999999999999999,616.0989382239383,2024.0,2.0,1185985.0,,,,Y,,,,,,
V-01692,TSXV,Nevada King Gold Corp.,NKG,70256839.1,100366913,Mining,,BC,Canada,RTO from NEX,20190211.0,,,,,,,,,,,,,,,,,,,,28741235.0,7265518.0,5312.0,6.0,TSXV,0.10341367606445592,0.7,1367.7556475903614,2019.0,7.0,1067356.0,,,OTCQB,Y,,,,,,
V-5037,TSXV,Nevada Lithium Resources Inc.,NVLH,28534169.51,259401541,Mining,,BC,Canada,Other,20241231.0,,,,,,,,,,,,,,,,,,,,9120340.0,1311960.5,1410.0,6.0,TSXV,0.04597857665141487,0.11,930.4684397163121,2024.0,2.0,1187655.0,,,OTCQB,,,,,,,
V-02901,TSXV,Nevada Sunrise Metals Corporation,NEV,5681559.42,126256876,Mining,,CA,USA,IPO,20080922.0,,,,,,,,,,,,,,Auburn,,,,,,41679917.0,1438923.5,1750.0,6.0,TSXV,0.2532620700814566,0.045,822.242,2008.0,18.0,1117697.0,,,,,,,,,,
V-03955,TSXV,Nevgold Corp.,NAU,355442780.16,171711488,Mining,,BC,Canada,RTO,20210629.0,,,,,,,,,,,,,,,,,,,,105590250.0,161968741.0,54050.0,6.0,TSXV,0.45568161752249103,2.0700000000000003,2996.6464569842738,2021.0,5.0,1152445.0,,,OTCQX,,Y,Y,,,,
V-04177,TSXV,New Age Metals Inc.,NAM,19358711.63,73051742,Mining,,BC,Canada,TSX Comedown,20140114.0,,,,,,,,,,,,,,,,,,,,17052968.0,6951598.5,4866.0,6.0,TSXV,0.3590940674599015,0.265,1428.606350184957,2014.0,12.0,1013089.0,,,OTCQB,,,,,,,
V-03718,TSXV,New Destiny Mining Corp.,NED,791198.415,22605669,Mining,,BC,Canada,IPO,20110111.0,,,,,,,,,,,,,,,,,,,,5431585.0,202563.0,267.0,6.0,TSXV,0.2560204825486158,0.035,758.6629213483146,2011.0,15.0,1136860.0,,,,,,,,,,
V-04399,TSXV,New Energy Metals Corp.,ENRG,2078028.4,5937224,Mining,,BC,Canada,IPO,20180125.0,,,,,,,,,,,,,,,,,,,,611335.0,145902.5,197.0,6.0,TSXV,0.0702119855532292,0.35,740.6218274111675,2018.0,8.0,1180260.0,,,OTCQB,,,,,,,
V-04656,TSXV,New Found Gold Corp.,NFG,841231119.81,384123799,Mining,,BC,Canada,IPO,20200811.0,,,,,,,,,,,,,,,,,,,,93248809.0,307047496.0,173639.0,6.0,TSXV,0.36499778570881874,2.19,1768.3095157193948,2020.0,6.0,1184000.0,,NYSE Mkt,,,Y,,,,,
V-01172,TSXV,New Tymbal Resources Ltd.,NTB,358839.66,17941983,Mining,,BC,Canada,,,,,,,,,,,,,,,,,,,,,,2037918.0,42683.5,89.0,5.0,TSXV,0.1189486691632692,0.019999999999999997,479.58988764044943,,,24363.0,,,,,,,,,,
V-03145,TSXV,Newcore Gold Ltd.,NCAU,101626083.0,312695640,Mining,,BC,Canada,QT,20110714.0,,,,,,,,,,,,,,,,,,,,68936347.0,44428766.5,17010.0,6.0,TSXV,0.4371787752559547,0.325,2611.9204291593182,2011.0,15.0,1132800.0,,,OTCQX,Y,Y,,,,,
V-01376,TSXV,Newport Exploration Ltd.,NWX,12141685.51,105579874,Mining,,BC,Canada,,,,,,,,,,,,,,,,,,,,,,6693160.0,839743.5,1719.0,6.0,TSXV,0.06916202032315694,0.11499999999999999,488.5069808027923,,,24205.0,,,,,,,,,,
TRE0011,TSXV,NeXGold Mining Corp.,NEXG,293792937.88,248977066,Mining,,ON,Canada,TSX Comedown,20240705.0,,,,,,,,,,,,,,,,,,,,93466728.0,155509884.5,92943.0,6.0,TSXV,0.5293179802828282,1.18,1673.1747899250079,2024.0,2.0,1188290.0,,,OTCQX,,Y,Y,,,,
V-03777,TSXV,NexMetals Mining Corp.,NEXM,120490794.32,35648164,Mining,,BC,Canada,RTO,20220818.0,,,,,,,,,,,,,,,,,,,,14212346.0,55704473.5,31383.0,6.0,TSXV,0.4623131071080817,3.38,1774.9887996686105,2022.0,4.0,1137615.0,,,,,,,,,,
V-03037,TSXV,Nexus Gold Corp.,NXS,6001281.25,24005125,Mining,,BC,Canada,RTO,20140812.0,,,,,,,,,,,,,,,,,,,,3204408.0,982708.0,1468.0,6.0,TSXV,0.16374969928296562,0.25,669.4196185286104,2014.0,12.0,1126305.0,,,,Y,,,,,,
V-04914,TSXV,NiCan Limited,NICN,11282466.67,132734902,Mining,,ON,Canada,Other,20220803.0,,,,,,,,,,,,,,,,,,,,48586041.0,4277887.5,3661.0,6.0,TSXV,0.3791624318620744,0.085,1168.5024583447146,2022.0,4.0,1186490.0,,,OTCQB,,,,,,,
V-04608,TSXV,Nickel 28 Capital Corp.,NKL,98965804.15,86057221,Mining,,ON,Canada,Other,20191115.0,,,,,,,,,,,,,,,,,,,,7345586.0,7973196.5,5404.0,6.0,TSXV,0.08056516660962229,1.1500000000000001,1475.4249629903775,2019.0,7.0,1183495.0,,,,,,,,,,
WEL0006,TSXV,Nickel Creek Platinum Corp.,NCP,14595197.4,7050820,Mining,,ON,Canada,TSX Comedown,20241223.0,,,,,,,,,,,,,,,,,,,,597047.0,2343051.5,2516.0,6.0,TSXV,0.16053578692947312,2.07,931.260532591415,2024.0,2.0,1188555.0,,,OTCQB,,,,,,,
V-02610,TSXV,Nickel North Exploration Corp.,NNX,8227515.17,235071862,Mining,,BC,Canada,QT from NEX,20120809.0,,,,,,,,,,,,,,,,,,,,5365704.0,243243.5,494.0,6.0,TSXV,0.029564637071340702,0.034999999999999996,492.39574898785423,2012.0,14.0,1114055.0,,,,Y,,,,,,
V-00933,TSXV,Nicola Mining Inc.,NIM,156077482.12,229525709,Mining,,BC,Canada,,,,,,,,,,,,,,,,,,,,,,19809693.0,19215950.5,10497.0,6.0,TSXV,0.12311801958226003,0.68,1830.6135562541679,,,25043.0,,,OTCQB,,Y,,,,,
V-04223,TSXV,Nio Strategic Metals Inc.,NIO,22921060.0,143256625,Mining,,QC,Canada,TSX Comedown,20141028.0,,,,,,,,,,,,,,,,,,,,7119976.0,1560117.5,2181.0,6.0,TSXV,0.06806480590339191,0.16,715.3220999541495,2014.0,12.0,1162567.0,,,,,,,,,,
V-04287,TSXV,Niobay Metals Inc.,NBY,16881356.97,187570633,Mining,,QC,Canada,TSX Comedown,20160331.0,,,,,,,,,,,,,,,,,,,,24132025.0,2767104.5,3115.0,6.0,TSXV,0.16391481472238545,0.09,888.316051364366,2016.0,10.0,1176795.0,,,OTCQB,,,,,,,
V-04443,TSXV,NOA Lithium Brines Inc.,NOAL,70730828.75,282923315,Mining,,ON,Canada,QT,20230303.0,,,,,,,,,,,,,,,,,,,,15771186.0,4204298.0,2072.0,6.0,TSXV,0.05944081349393209,0.25,2029.1013513513512,2023.0,3.0,1180795.0,,,,Y,,,,,,
V-04720,TSXV,Nobel Resources Corp.,NBLC,6281963.52,209398784,Mining,,ON,Canada,Other,20210420.0,,,,,,,,,,,,,,,,,,,,64901310.0,5026408.5,2958.0,6.0,TSXV,0.8001333474792289,0.03,1699.2591277890467,2021.0,5.0,1184570.0,,,,,,,,,,
V-02534,TSXV,Noble Mineral Exploration Inc.,NOB,15854008.02,264233467,Mining,,ON,Canada,Other,20070628.0,,,,,,,,,,,,,,,,,,,,60674206.0,8694031.0,7242.0,6.0,TSXV,0.5483806359270404,0.06,1200.5013808340238,2007.0,19.0,1104415.0,,,OTCQB,,,,,,,
V-03054,TSXV,Noble Plains Uranium Corp.,NOBL,7005222.72,77835808,Mining,,BC,Canada,IPO,20091231.0,,,,,,,,,,,,,,,,,,,,17573592.0,2376545.0,2171.0,6.0,TSXV,0.3392533107070149,0.09,1094.677567941041,2009.0,17.0,1126240.0,,,OTCQB,,,,,,,
V-03821,TSXV,Noram Lithium Corp.,NRM,9512123.045,100127611,Mining,,BC,Canada,IPO,20110729.0,,,,,,,,,,,,,,,,,,,,9170197.0,1252100.5,2031.0,6.0,TSXV,0.13163207562355497,0.095,616.4945839487937,2011.0,15.0,1148110.0,,,OTCQB,,,,,,,
V-01341,TSXV,Nord Precious Metals Mining Inc.,NTH,22020654.24,137629089,Mining,,BC,Canada,QT,20071002.0,,,,,,,,,,,,,,,,,,,,46890006.0,10270385.0,9089.0,6.0,TSXV,0.4663978139824787,0.15999999999999998,1129.9796457256023,2007.0,19.0,1102201.0,,,OTCQB,Y,,,,,,
V-00074,TSXV,Norse Gold Corp.,VKG,5242207.3,52422073,Mining,,BC,Canada,,,,,,,,,,,,,,,,,,,,,,2197795.0,204442.0,269.0,6.0,TSXV,0.038999220805327556,0.09999999999999999,760.007434944238,,,1024623.0,,,,,,,,,,
V-01400,TSXV,Nortec Minerals Corp.,NVT,3599899.25,71997985,Mining,,BC,Canada,,,,,,,,,,,,,,,,,,,,,,11237802.0,753468.5,770.0,6.0,TSXV,0.20930266312314158,0.05,978.5305194805195,,,1058426.0,,,,Y,,,,,,
V-02519,TSXV,North Arrow Minerals Inc.,NAR,8278892.82,45993849,Mining,,BC,Canada,Other,20070510.0,,,,,,,,,,,,,,,,,,,,6165795.0,1982812.5,1116.0,6.0,TSXV,0.23950213429626208,0.18,1776.7137096774193,2007.0,19.0,1113614.0,,,,,,,,,,
V-03920,TSXV,North Peak Resources Ltd.,NPR,41419345.7,48728642,Mining,,ON,Canada,COB,20200630.0,,,,,,,,,,,,,,,,,,,,2761367.0,2650673.5,1912.0,6.0,TSXV,0.06399602541283021,0.8500000000000001,1386.3355125523012,2020.0,6.0,1152255.0,,,,Y,,,,,,
V-04855,TSXV,North Shore Uranium Ltd.,NSU,18670833.3,88908730,Mining,,BC,Canada,QT,20231102.0,,,,,,,,,,,,,,,,,,,,12240979.0,3169286.0,3120.0,6.0,TSXV,0.16974528930104046,0.21000000000000002,1015.7967948717949,2023.0,3.0,1186180.0,,,,Y,,,,,,
V-03762,TSXV,Northern Graphite Corporation,NGC,22411845.18,166013668,Mining,,ON,Canada,IPO,20110420.0,,,,,,,,,,,,,,,,,,,,25849773.0,5963492.0,7218.0,6.0,TSXV,0.2660866141142958,0.135,826.1972845663619,2011.0,15.0,1139490.0,,,OTCQB,,,,,,,
V-01411,TSXV,Northern Lion Gold Corp.,NL,3743465.0,13612600,Mining,,BC,Canada,,,,,,,,,,,,,,,,,,,,,,91249.0,26966.5,55.0,6.0,TSXV,0.007203620175425709,0.275,490.3,,,26798.0,,,,,,,,,,
V-01413,TSXV,Northern Shield Resources Inc.,NRN,8439324.74,153442268,Mining,,ON,Canada,,,,,,,,,,,,,,,,,,,,,,18047357.0,930916.0,854.0,6.0,TSXV,0.11030692960394364,0.055,1090.0655737704917,,,1023400.0,,,,,,,,,,
V-03877,TSXV,NorthIsle Copper and Gold Inc.,NCX,943415007.72,332188383,Mining,,BC,Canada,Other,20111024.0,,,,,,,,,,,,,,,,,,,,78435813.0,233343484.5,122661.0,6.0,TSXV,0.24733916949650112,2.8400000000000003,1902.3445471665812,2011.0,15.0,1151651.0,,,,,Y,Y,,,,
V-05015,TSXV,NorthMin Corporation,NMB,10029150.0,52785000,Mining,,ON,Canada,QT,20260623.0,,,,,,,,,,,,,,,,,,,,89895.0,18318.0,53.0,1.0,TSXV,0.001826475822976025,0.19,345.62264150943395,2026.0,0.0,1188035.0,,,,Y,,,,,,
V-01768,TSXV,Northwest Copper Corp.,NWST,74187723.5,269773540,Mining,,BC,Canada,,,,,,,,,,,,,,,,,,,,,,35262347.0,13076384.0,6577.0,6.0,TSXV,0.17626075289936616,0.275,1988.1988748669605,,,36920.0,,,,,,,,,,
V-03694,TSXV,Nulegacy Gold Corporation,NUG,969857.495,2895097,Mining,,BC,Canada,IPO,20101209.0,,,,,,,,,,,,,,,,,,,,140971.0,59503.0,208.0,6.0,TSXV,0.06135231238275887,0.335,286.07211538461536,2010.0,16.0,1139740.0,,,,,,,,,,
V-04881,TSXV,Nuvau Minerals Inc.,NMC,55899631.36,87343174,Mining,,ON,Canada,QT,20241217.0,,,,,,,,,,,,,,,,,,,,11790957.0,10209298.0,5312.0,6.0,TSXV,0.1826362312525991,0.64,1921.9310993975903,2024.0,2.0,1186495.0,,,,Y,,,,,,
V-02790,TSXV,NV Gold Corporation,NVX,7966678.59,29506217,Mining,,BC,Canada,QT,20091126.0,,,,,,,,,,,,,,,,,,,,1245321.0,323218.5,432.0,6.0,TSXV,0.04057129911149083,0.27,748.1909722222222,2009.0,17.0,1115906.0,,,OTCQB,Y,,,,,,
V-01479,TSXV,Oceanic Iron Ore Corp.,FEO,170362796.1,243375423,Mining,,BC,Canada,,,,,,,,,,,,,,,,,,,,,,16077363.0,13324838.0,4669.0,6.0,TSXV,0.07821448288614935,0.7,2853.895480831013,,,41170.0,,,,Y,,,,,,
V-00142,TSXV,Olivut Resources Ltd.,OLV,3296124.44,82403111,Mining,,AB,Canada,QT from NEX,20070110.0,,,,,,,,,,,,,,,,,,,,1509670.0,73586.0,151.0,6.0,TSXV,0.022325006637188734,0.04,487.3245033112583,2007.0,19.0,1089851.0,,,,Y,,,,,,
V-00422,TSXV,OMAI Gold Mines Corp.,OMG,1492660692.38,675412078,Mining,,ON,Canada,RTO,20201118.0,,,,,,,,,,,,,,,,,,,,186203264.0,381776530.0,182307.0,6.0,TSXV,0.2557691322274116,2.21,2094.1408174123867,2020.0,6.0,1061421.0,,,OTCQB,,Y,Y,,,,
V-03779,TSXV,Omineca Mining and Metals Ltd.,OMM,16062650.82,267710847,Mining,,SK,Canada,Other,20110524.0,,,,,,,,,,,,,,,,,,,,38303547.0,3407255.5,3238.0,6.0,TSXV,0.21212286428822463,0.06,1052.2716182828906,2011.0,15.0,1147285.0,,,,,,,,,,
V-00970,TSXV,One Bullion Limited,OBUL,5425033.075,19727393,Mining,,ON,Canada,RTO,20251222.0,,,,,,,,,,,,,,,,,,,,27375303.0,3781273.5,3327.0,6.0,TSXV,0.6970046906119554,0.275,1136.5414788097385,2025.0,1.0,17316.0,,,,,,,,,,
V-05012,TSXV,OnGold Resources Ltd.,ONAU,43638412.49,73963411,Mining,,ON,Canada,Other,20240508.0,,,,,,,,,,,,,,,,,,,,11630295.0,10723827.0,6611.0,6.0,TSXV,0.24574283041248185,0.5900000000000001,1622.1187414914536,2024.0,2.0,1187855.0,,,OTCQB,,,,,,,
V-00863,TSXV,Ongwe Minerals Inc.,OGW,61029173.92,42677744,Mining,,BC,Canada,RTO,20260212.0,,,,,,,,,,,,,,,,,,,,8973313.0,10984074.5,4540.0,5.0,TSXV,0.17998071732706816,1.43,2419.399669603524,2026.0,0.0,41773.0,,,,,,,,,,
V-04972,TSXV,Onyx Gold Corp.,ONYX,129297941.76,85627776,Mining,,BC,Canada,Other,20230724.0,,,,,,,,,,,,,,,,,,,,17197257.0,25457786.0,16770.0,6.0,TSXV,0.19689243040894017,1.51,1518.0552176505664,2023.0,3.0,1187385.0,,,OTCQX,,,Y,,,,
V-03031,TSXV,Opawica Explorations Inc.,OPW,3933876.7,39338767,Mining,,BC,Canada,Other,20091005.0,,,,,,,,,,,,,,,,,,,,5082214.0,545562.0,674.0,6.0,TSXV,0.1386830451498391,0.1,809.4391691394659,2009.0,17.0,1125460.0,,,OTCQB,,,,,,,
V-03731,TSXV,Ophir Metals Corp.,OPHR,2497154.025,99886161,Mining,,BC,Canada,QT,20110914.0,,,,,,,,,,,,,,,,,,,,8200393.0,275290.0,460.0,6.0,TSXV,0.11024149781870184,0.024999999999999998,598.4565217391304,2011.0,15.0,1076399.0,,,OTCQB,Y,,,,,,
V-04329,TSXV,Optegra Ventures Inc.,OPTG,1037380.205,12204473,Mining,,BC,Canada,IPO,20170315.0,,,,,,,,,,,,,,,,,,,,194985.0,26686.5,53.0,3.0,TSXV,0.025724898037744994,0.08499999999999999,503.5188679245283,2017.0,9.0,1176100.0,,,,,,,,,,
V-01389,TSXV,Opus One Gold Corporation,OOR,15015000.0,273000000,Mining,,QC,Canada,,,,,,,,,,,,,,,,,,,,,,18496880.0,1297063.0,903.0,6.0,TSXV,0.08638448218448218,0.055,1436.393133997785,,,17582.0,,,,,,,,,,
V-05009,TSXV,Oracle Commodity Holding Corp.,ORCL,3117406.2,103913540,Mining,,BC,Canada,Other,20240405.0,,,,,,,,,,,,,,,,,,,,45482244.0,1992214.5,2055.0,6.0,TSXV,0.6390615698396955,0.030000000000000002,969.4474452554745,2024.0,2.0,1187975.0,,,OTCQB,,,,,,,
V-02767,TSXV,Orestone Mining Corp.,ORS,9123437.855,107334563,Mining,,BC,Canada,IPO,20080311.0,,,,,,,,,,,,,,,,,,,,14972923.0,1641584.5,1289.0,6.0,TSXV,0.17993047424555508,0.085,1273.533359193173,2008.0,18.0,1115206.0,,,,,,,,,,
V-01714,TSXV,Oreterra Metals Corp.,OTMC,24599669.32,53477542,Mining,,ON,Canada,,,,,,,,,,,,,,,,,,,,,,10609736.0,1809164.5,1335.0,6.0,TSXV,0.07354426096000871,0.46,1355.1794007490637,,,1062224.0,,,,,,,,,,
V-01457,TSXV,Orex Minerals Inc.,REX,10941480.225,70590195,Mining,,BC,Canada,,,,,,,,,,,,,,,,,,,,,,14754067.0,4090248.5,2161.0,6.0,TSXV,0.37382953822411175,0.155,1892.7572882924571,,,1021709.0,,,OTCQB,,,,,,,
V-02769,TSXV,Oroco Resource Corp.,OCO,120603032.91,325954143,Mining,,BC,Canada,IPO,20080318.0,,,,,,,,,,,,,,,,,,,,101998291.0,51234328.0,33523.0,6.0,TSXV,0.42481790684512566,0.37,1528.3336216925693,2008.0,18.0,1114877.0,,,OTCQB,,,,,,,
V-03712,TSXV,Orogen Royalties Inc.,OGN,219640639.5,59362335,Mining,,BC,Canada,Other,20200820.0,,,,,,,,,,,,,,,,,,,,4368455.0,14614428.0,8306.0,6.0,TSXV,0.06653790497636937,3.7,1759.5025282928004,2020.0,6.0,1144950.0,,,OTCQX,,,,,,,
ORO0008,TSXV,Orosur Mining Inc.,OMI,128321623.68,401005074,Mining,,UK,UK/Europe,TSX Comedown,20211101.0,,,,,,,,,,,,,,,,,,,,38289341.0,17788905.5,8805.0,6.0,TSXV,0.1386274969864845,0.32,2020.3186257808063,2021.0,5.0,1185336.0,,AIM,,,Y,Y,,,,
V-04413,TSXV,Osiris One Metals Ltd.,OSM,3120559.11,104018637,Mining,,ON,Canada,QT,20200831.0,,,,,,,,,,,,,,,,,,,,5412758.0,220374.5,465.0,6.0,TSXV,0.07062019728894031,0.03,473.9236559139785,2020.0,6.0,1180556.0,,,,Y,,,,,,
V-02643,TSXV,Osisko Development Corp.,ODV,1055053276.8,305812544,Mining,,QC,Canada,RTO from NEX,20201202.0,,,,,,,,,,,,,,,,,,,,24321720.0,110317499.5,60223.0,6.0,TSXV,0.10456106997231024,3.4499999999999997,1831.8167394517045,2020.0,6.0,1110106.0,,NYSE,,,Y,,,,,
V-04499,TSXV,P2 Gold Inc.,PGLD,200612576.88,278628579,Mining,,ON,Canada,IPO,20181016.0,,,,,,,,,,,,,,,,,,,,75219228.0,59425912.5,28861.0,6.0,TSXV,0.2962222679366044,0.72,2059.0385814767333,2018.0,8.0,1181540.0,,,OTCQB,,Y,,,,,
V-00463,TSXV,Pacific Bay Minerals Ltd.,PBM,1641041.325,36467585,Mining,,BC,Canada,,,,,,,,,,,,,,,,,,,,,,2369311.0,131266.0,234.0,6.0,TSXV,0.07998945425704011,0.045,560.965811965812,,,35031.0,,,,,,,,,,
V-01475,TSXV,Pacific Booker Minerals Inc.,BKM,37376032.42,17144969,Mining,,BC,Canada,,,,,,,,,,,,,,,,,,,,,,1928428.0,4139142.5,1593.0,6.0,TSXV,0.11074322853447481,2.18,2598.3317639673573,,,14617.0,,,,,,,,,,
V-04420,TSXV,Pacific Empire Minerals Corp.,PEMC,13256859.75,265137195,Mining,,BC,Canada,IPO,20180320.0,,,,,,,,,,,,,,,,,,,,69551251.0,6417219.0,5340.0,6.0,TSXV,0.48406780497168644,0.05,1201.726404494382,2018.0,8.0,1179546.0,,,,,,,,,,
V-01480,TSXV,Pacific Imperial Mines Inc.,PPM,1241405.61,82760374,Mining,,BC,Canada,Other,20051215.0,,,,,,,,,,,,,,,,,,,,15514133.0,583580.0,836.0,6.0,TSXV,0.47009615173238983,0.015000000000000001,698.0622009569378,2005.0,21.0,17407.0,,,,,,,,,,
V-01483,TSXV,Pacific Ridge Exploration Ltd.,PEX,11311785.0,62843250,Mining,,BC,Canada,,,,,,,,,,,,,,,,,,,,,,31147698.0,7514305.0,5794.0,6.0,TSXV,0.6642899418615188,0.18,1296.91146013117,,,18293.0,,,,,,,,,,
V-04270,TSXV,Palamina Corp.,PA,11654354.5,93234836,Mining,,ON,Canada,Other,20151113.0,,,,,,,,,,,,,,,,,,,,6969624.0,1203331.5,698.0,6.0,TSXV,0.10325166443152214,0.125,1723.970630372493,2015.0,11.0,1175810.0,,,OTCQB,,,,,,,
V-02429,TSXV,Pambili Natural Resources Corporation,PNN,3340164.355,60730261,Mining,,AB,Canada,Other,20070105.0,,,,,,,,,,,,,,,,,,,,,,,,TSXV,,0.055,,2007.0,19.0,1109438.0,,,,,,,,,,
V-02401,TSXV,Pan Global Resources Inc.,PGZ,65569708.08,364276156,Mining,,BC,Canada,QT,20090609.0,,,,,,,,,,,,,,,,,,,,32656583.0,5412364.5,3594.0,6.0,TSXV,0.08254367235242997,0.18,1505.94449081803,2009.0,17.0,1109593.0,,,OTCQX,Y,,,,,,
V-01502,TSXV,Panoro Minerals Ltd.,PML,474336664.34,308010821,Mining,,BC,Canada,,,,,,,,,,,,,,,,,,,,,,85239705.0,91937127.5,31371.0,6.0,TSXV,0.1938225197664677,1.5399999999999998,2930.6406394440723,,,1087567.0,,Lima (BVL),OTCQB,Y,Y,,,,,
V-00172,TSXV,Pantera Silver Corp.,PNTR,31008685.46,72113222,Mining,,BC,Canada,,,,,,,,,,,,,,,,,,,,,,16855201.0,11312743.0,7003.0,6.0,TSXV,0.3648249782981932,0.43,1615.4138226474367,,,22277.0,,,,,,,,,,
V-03803,TSXV,Paradigm Gold Corporation,PDQ,1494431.155,17581543,Mining,,BC,Canada,Other,20110628.0,,,,,,,,,,,,,,,,,,,,1106505.0,111614.5,148.0,6.0,TSXV,0.07468694668641326,0.085,754.152027027027,2011.0,15.0,1146680.0,,,,,,,,,,
V-02889,TSXV,Patagonia Gold Corp.,PGDC,244270772.72,469751486,Mining,,Argentina,Latin America,RTO,20190724.0,,,,,,,,,,,,,,,,,,,,56485848.0,51921530.5,21441.0,6.0,TSXV,0.2125572778185626,0.52,2421.600228534117,2019.0,7.0,1108787.0,,,,Y,Y,,,,,
V-04097,TSXV,Patterson Metals Corp.,PAT,2417648.2,7110730,Mining,,BC,Canada,QT,20140919.0,,,,,,,,,,,,,,,,,,,,269175.0,91905.5,311.0,6.0,TSXV,0.03801442244574706,0.34,295.516077170418,2014.0,12.0,1160350.0,,,,Y,,,,,,
V-5072,TSXV,Pecoy Copper Corp.,PCU,387554378.05,209488853,Mining,,BC,Canada,Other,20250908.0,,,,,,,,,,,,,,,,,,,,34459894.0,60700192.5,31935.0,6.0,TSXV,0.15662367899290977,1.85,1900.7418976045092,2025.0,1.0,1188915.0,,,,,Y,,,,,
V-02903,TSXV,Pelangio Exploration Inc.,PX,38984521.975,251513045,Mining,,ON,Canada,Other,20080910.0,,,,,,,,,,,,,,,,,,,,15246076.0,3220187.5,3207.0,6.0,TSXV,0.08260169259135823,0.155,1004.1120985344559,2008.0,18.0,1118330.0,,,,,,,,,,
V-5076,TSXV,Perseverance Metals Inc.,PMI,19304855.0,38609710,Mining,,BC,Canada,Other,20251014.0,,,,,,,,,,,,,,,,,,,,5894726.0,4269176.0,2325.0,6.0,TSXV,0.22114519896678841,0.5,1836.2047311827957,2025.0,1.0,1188430.0,,,,,,,,,,
V-00581,TSXV,Peruvian Metals Corp.,PER,24409514.25,147936450,Mining,,ON,Canada,RTO,,,,,,,,,,,,,,,,,,,,,51601268.0,8989393.0,6772.0,6.0,TSXV,0.3682741453980388,0.165,1327.4354695806262,,,1005786.0,,,OTCQB,,,,,,,
V-02518,TSXV,Phenom Resources Corp.,PHNM,49827418.92,123030664,Mining,,BC,Canada,Other,20070514.0,,,,,,,,,,,,,,,,,,,,13508153.0,4675647.0,3130.0,6.0,TSXV,0.09383682922663415,0.405,1493.8169329073482,2007.0,19.0,1112789.0,,,OTCQX,,,,,,,
V-02785,TSXV,Pinnacle Silver and Gold Corp.,PINN,16129537.38,146632158,Mining,,BC,Canada,IPO,20080402.0,,,,,,,,,,,,,,,,,,,,19005304.0,2386118.5,2092.0,6.0,TSXV,0.1479347140457168,0.11,1140.592017208413,2008.0,18.0,1112886.0,,,,,,,,,,
V-02430,TSXV,Pirate Gold Corp.,YARR,125756191.912,507081419,Mining,,NL,Canada,QT,20080910.0,,,,,,,,,,,,,,,,,,,,96371989.0,24390403.5,15854.0,6.0,TSXV,0.19394992110660916,0.248,1538.4384697868045,2008.0,18.0,1109135.0,,,OTCQB,Y,,,,,,
V-03862,TSXV,PJX Resources Inc.,PJX,36449115.69,186918542,Mining,,ON,Canada,IPO,20110914.0,,,,,,,,,,,,,,,,,,,,9794184.0,1426995.0,878.0,6.0,TSXV,0.03915033253856152,0.19499999999999998,1625.2790432801821,2011.0,15.0,1142080.0,,,OTCQB,,,,,,,
V-01567,TSXV,Plato Gold Corp.,PGC,6919971.51,230665717,Mining,,ON,Canada,QT,20050601.0,,,,,,,,,,,,,,,,,,,,9663898.0,269704.0,319.0,6.0,TSXV,0.03897472693496682,0.03,845.4670846394985,2005.0,21.0,1092371.0,,,OTCQB,Y,,,,,,
V-01568,TSXV,Playfair Mining Ltd.,PLY,5310203.7,88503395,Mining,,BC,Canada,,,,,,,,,,,,,,,,,,,,,,21860524.0,1156478.0,1030.0,6.0,TSXV,0.21778411250024174,0.060000000000000005,1122.7941747572816,,,30132.0,,,,,,,,,,
V-03154,TSXV,Power Group Projects Corp.,PGP,254340.855,16956057,Mining,,BC,Canada,QT,20111205.0,,,,,,,,,,,,,,,,,,,,,,,,TSXV,,0.015000000000000001,,2011.0,15.0,1133845.0,,,,Y,,,,,,
V-01012,TSXV,Power Metallic Mines Inc.,PNPN,293550062.08,259778816,Mining,,BC,Canada,,,,,,,,,,,,,,,,,,,,,,83587448.0,106515520.0,75377.0,6.0,TSXV,0.36285299769744817,1.13,1413.103731907611,,,33630.0,,,OTCQB,,Y,,,,,
V-02549,TSXV,Power Metals Corp.,PWM,120413300.7,174512030,Mining,,BC,Canada,Other,20070705.0,,,,,,,,,,,,,,,,,,,,24073762.0,13845109.0,9256.0,6.0,TSXV,0.11497989773151364,0.6900000000000001,1495.7982929991356,2007.0,19.0,1112214.0,,,OTCQB,,,,,,,
V-04998,TSXV,Power One Resources Corp.,PWRO,996557.76,33218592,Mining,,BC,Canada,Other,20240118.0,,,,,,,,,,,,,,,,,,,,3334165.0,142112.0,502.0,6.0,TSXV,0.14260287331463858,0.03,283.0916334661355,2024.0,2.0,1186636.0,,,,,,,,,,
V-01783,TSXV,PPX Mining Corp.,PPX,152146744.925,869409971,Mining,,BC,Canada,Other,20050715.0,,,,,,,,,,,,,,,,,,,,16718681.0,4894260.5,4260.0,6.0,TSXV,0.03216802635122166,0.17500000000000002,1148.887441314554,2005.0,21.0,1023916.0,,Lima (BVL),,,Y,,,,,
V-04011,TSXV,Precipitate Gold Corp.,PRG,59037876.44,193566808,Mining,,BC,Canada,IPO,20120529.0,,,,,,,,,,,,,,,,,,,,73945415.0,30613068.5,10037.0,6.0,TSXV,0.5185326835241434,0.305,3050.021769453024,2012.0,14.0,1151635.0,,,OTCQB,,,,,,,
V-04993,TSXV,Premier American Uranium Inc.,PUR,45429748.6,95641576,Mining,,ON,Canada,Other,20231201.0,,,,,,,,,,,,,,,,,,,,42783289.0,34068548.5,16304.0,6.0,TSXV,0.7499171699136367,0.47500000000000003,2089.5822190873405,2023.0,3.0,1187605.0,,,OTCQB,,,,,,,
V-04776,TSXV,Primary Hydrogen Corp.,HDRO,4944141.0,4944141,Mining,,BC,Canada,Other,20210827.0,,,,,,,,,,,,,,,,,,,,2269347.0,574595.0,583.0,6.0,TSXV,0.1162173570697114,1.0,985.5831903945111,2021.0,5.0,1185285.0,,,OTCQB,,,,,,,
V-01600,TSXV,ProAm Explorations Corporation,PMX,3298100.96,20613131,Mining,,BC,Canada,,,,,,,,,,,,,,,,,,,,,,5383138.0,802020.5,428.0,6.0,TSXV,0.2431764550955408,0.16,1873.8796728971963,,,34360.0,,,,,,,,,,
V-02692,TSXV,Prospector Metals Corp.,PPP,191841738.0,159868115,Mining,,BC,Canada,QT,20090720.0,,,,,,,,,,,,,,,,,,,,58816711.0,78188115.0,41624.0,6.0,TSXV,0.407565714401524,1.2,1878.4382807995387,2009.0,17.0,1115632.0,,,OTCQB,Y,Y,Y,,,,
V-02762,TSXV,Prosper Gold Corp.,PGX,2170258.475,62007385,Mining,,ON,Canada,QT from NEX,20130903.0,,,,,,,,,,,,,,,,,,,,7601998.0,358119.5,442.0,6.0,TSXV,0.16501237254700732,0.035,810.2251131221719,2013.0,13.0,1116553.0,,,OTCQB,Y,,,,,,
V-04087,TSXV,Providence Gold Mines Inc.,PHD,3542536.6,70850732,Mining,,BC,Canada,IPO,20121211.0,,,,,,,,,,,,,,,,,,,,4392738.0,249103.5,340.0,6.0,TSXV,0.07031783383691788,0.05,732.6573529411764,2012.0,14.0,1155086.0,,,,,,,,,,
V-01565,TSXV,PTX Metals Inc.,PTX,18284745.15,174140430,Mining,,ON,Canada,Other,20250311.0,,,,,,,,,,,,,,,,,,,,54702815.0,7877676.0,6257.0,6.0,TSXV,0.4308332402434387,0.105,1259.0180597730541,2025.0,1.0,1044234.0,,,OTCQB,,,,,,,
V-01611,TSXV,Puma Exploration Inc.,PUMA,25251878.625,202015029,Mining,,QC,Canada,,,,,,,,,,,,,,,,,,,,,,16999673.0,2988688.5,2882.0,6.0,TSXV,0.11835509525382887,0.125,1037.0189104788342,,,1060173.0,,SSEV,OTCQB,Y,,,,,,
V-00180,TSXV,Pure Energy Minerals Limited,PE,9511035.24,33967983,Mining,,BC,Canada,COB,20090817.0,,,,,,,,,,,,,,,,,,,,1511872.0,489338.0,735.0,6.0,TSXV,0.05144949920299107,0.28,665.7659863945578,2009.0,17.0,1020424.0,,,OTCQB,Y,,,,,,
V-01613,TSXV,Purepoint Uranium Group Inc.,PTU,26194115.97,79376109,Mining,,ON,Canada,QT,20050603.0,,,,,,,,,,,,,,,,,,,,17128252.0,8522627.5,6540.0,6.0,TSXV,0.3253641966677145,0.32999999999999996,1303.1540519877676,2005.0,21.0,1094712.0,,,OTCQB,Y,,,,,,
V-04887,TSXV,Purewave Hydrogen Corp.,PWH,356730.0,35673000,Mining,,CO,USA,IPO,20220509.0,,,,,,,,,,,,,,Denver,,,,,,871215.0,25013.5,104.0,3.0,TSXV,0.07011885739915343,0.01,240.51442307692307,2022.0,4.0,1186050.0,,,,,,,,,,
V-03655,TSXV,Q2 Metals Corp.,QTWO,611456539.7,200477554,Mining,,ON,Canada,QT,20120125.0,,,,,,,,,,,,,,,,,,,,48801689.0,122287248.5,115815.0,6.0,TSXV,0.19999336103265491,3.0500000000000003,1055.884371627164,2012.0,14.0,1138406.0,,,OTCQB,Y,Y,,,,,
V-02845,TSXV,QCX Gold Corp.,QCX,4749533.25,22616825,Mining,,BC,Canada,QT,20110104.0,,,,,,,,,,,,,,,,,,,,341243.0,86578.5,129.0,6.0,TSXV,0.018228843855340942,0.21,671.1511627906976,2011.0,15.0,1118018.0,,,,Y,,,,,,
V-01616,TSXV,Q-Gold Resources Ltd.,QGR,39408869.95,192238390,Mining,,AZ,USA,Other,19980325.0,,,,,,,,,,,,,,Flagstaff,,,,,,42035065.0,10314466.0,7971.0,6.0,TSXV,0.26172955512519075,0.20500000000000002,1293.9989963618116,1998.0,28.0,1023132.0,,,,,,,,,,
V-03734,TSXV,QMC Quantum Minerals Corp.,QMC,3642828.84,104080824,Mining,,BC,Canada,IPO,20110228.0,,,,,,,,,,,,,,,,,,,,2119761.0,120574.5,614.0,6.0,TSXV,0.03309913951378512,0.034999999999999996,196.37540716612378,2011.0,15.0,1139030.0,,,,,,,,,,
V-02006,TSXV,Quadro Resources Ltd.,QRO,1607663.79,35725862,Mining,,BC,Canada,,,,,,,,,,,,,,,,,,,,,,1292014.0,63965.5,114.0,6.0,TSXV,0.03978785887813023,0.045,561.1008771929825,,,38823.0,,,,,,,,,,
V-02991,TSXV,Quantum Critical Metals Corp.,LEAP,5395404.375,119897875,Mining,,BC,Canada,IPO,20090702.0,,,,,,,,,,,,,,,,,,,,41697588.0,3262669.0,3592.0,6.0,TSXV,0.6047125985807135,0.045,908.3154231625836,2009.0,17.0,1117467.0,,,OTCQB,,,,,,,
V-01620,TSXV,Quartz Mountain Resources Ltd.,QZM,41010135.65,74563883,Mining,,BC,Canada,Other,20050217.0,,,,,,,,,,,,,,,,,,,,5856467.0,4504334.5,2272.0,6.0,TSXV,0.10983466473854495,0.5499999999999999,1982.541593309859,2005.0,21.0,1063785.0,,,,,,,,,,
V-04915,TSXV,Quri-Mayu Developments Ltd.,QURI,2535061.95,84502065,Mining,,BC,Canada,IPO,20220815.0,,,,,,,,,,,,,,,,,,,,20065154.0,1065360.0,619.0,6.0,TSXV,0.4202500850127153,0.030000000000000002,1721.0985460420031,2022.0,4.0,1186185.0,,,,,,,,,,
V-03922,TSXV,Rackla Metals Inc.,RAK,26455242.315,182449947,Mining,,BC,Canada,Other,20111209.0,,,,,,,,,,,,,,,,,,,,37678520.0,5108799.0,4051.0,6.0,TSXV,0.1931110265092274,0.14500000000000002,1261.1204640829426,2011.0,15.0,1152440.0,,,,,,,,,,
V-01644,TSXV,Radisson Mining Resources Inc.,RDS,334967579.34,452658891,Mining,,QC,Canada,,,,,,,,,,,,,,,,,,,,,,96551503.0,83818842.5,40237.0,6.0,TSXV,0.2502297167539367,0.74,2083.1285259835477,,,1074424.0,,,OTCQB,,Y,,,,,
V-01645,TSXV,Radius Gold Inc.,RDU,15041552.63,115704251,Mining,,BC,Canada,,,,,,,,,,,,,,,,,,,,,,12355860.0,1809297.5,1711.0,6.0,TSXV,0.12028661831035989,0.13,1057.4503214494448,,,1003178.0,,,,,,,,,,
V-00609,TSXV,Rainy Mountain Royalty Corp.,RMO,2362516.02,26250178,Mining,,BC,Canada,,,,,,,,,,,,,,,,,,,,,,290535.0,31652.0,71.0,6.0,TSXV,0.013397581109312435,0.09,445.80281690140845,,,29318.0,,,,,,,,,,
V-04710,TSXV,Ramp Metals Inc.,RAMP,12363112.35,45789305,Mining,,BC,Canada,QT,20240322.0,,,,,,,,,,,,,,,,,,,,9227543.0,3140233.5,2432.0,6.0,TSXV,0.25400023967265817,0.27,1291.2144325657894,2024.0,2.0,1184465.0,,,,Y,,,,,,
V-00429,TSXV,Ranchero Gold Corp.,RNCH,2825159.52,70628988,Mining,,BC,Canada,RTO,20211020.0,,,,,,,,,,,,,,,,,,,,506453.0,22981.5,91.0,6.0,TSXV,0.008134584910093855,0.04,252.54395604395606,2021.0,5.0,1139185.0,,,,,,,,,,
V-03152,TSXV,Rathdowney Resources Ltd.,RTH,6912823.5,230427450,Mining,,BC,Canada,QT,20110317.0,,,,,,,,,,,,,,,,,,,,4302178.0,117253.0,202.0,6.0,TSXV,0.0169616655191616,0.03,580.460396039604,2011.0,15.0,1119112.0,,,,Y,,,,,,
V-03938,TSXV,Record Resources Inc.,REC,10702756.26,152896518,Mining,,AB,Canada,QT,20140129.0,,,,,,,,,,,,,,,,,,,,22824867.0,1573339.5,1078.0,6.0,TSXV,0.1470032075644036,0.06999999999999999,1459.4986085343228,2014.0,12.0,1151186.0,,,,Y,,,,,,
V-04496,TSXV,ReeXploration Inc.,REE,5409164.28,135229107,Mining,,NS,Canada,QT,20211021.0,,,,,,,,,,,,,,,,,,,,10122981.0,997571.0,969.0,6.0,TSXV,0.18442238918282586,0.04,1029.4850361197111,2021.0,5.0,1181795.0,,,,Y,,,,,,
V-04876,TSXV,Regency Silver Corp.,RSMX,13112479.405,138026099,Mining,,BC,Canada,IPO,20220426.0,,,,,,,,,,,,,,,,,,,,96458713.0,20279337.5,13120.0,6.0,TSXV,1.54656772938512,0.095,1545.681211890244,2022.0,4.0,1184305.0,,,OTCQB,,,,,,,
V-03699,TSXV,Regulus Resources Inc.,REG,519754925.52,125544668,Mining,,AB,Canada,Other,20101220.0,,,,,,,,,,,,,,,,,,,,6602504.0,28070683.5,15613.0,6.0,TSXV,0.05400753724828308,4.14,1797.9045346826363,2010.0,16.0,1142685.0,,Lima (BVL),OTCQX,,Y,,,,,
V-04979,TSXV,Relevant Gold Corp.,RGC,51481537.45,147090107,Mining,,BC,Canada,Other,20230809.0,,,,,,,,,,,,,,,,,,,,5031883.0,2324421.5,1905.0,6.0,TSXV,0.045150584367406064,0.35000000000000003,1220.1687664041995,2023.0,3.0,1187250.0,,,OTCQB,,,,,,,
V-02850,TSXV,Renegade Gold Inc.,RAGE,15130903.68,42030288,Mining,,ON,Canada,IPO,20080715.0,,,,,,,,,,,,,,,,,,,,5529517.0,2666799.0,2069.0,6.0,TSXV,0.1762484948949196,0.36,1288.9313678105366,2008.0,18.0,1117880.0,,,OTCQX,,,,,,,
V-02216,TSXV,Resouro Strategic Metals Inc.,RSM,31320000.0,108000000,Mining,,ON,Canada,RTO from NEX,20220518.0,,,,,,,,,,,,,,,,,,,,17992996.0,5393075.5,2218.0,6.0,TSXV,0.1721927043422733,0.29,2431.5038322813343,2022.0,4.0,30787.0,,ASX,OTCQB,,,,,,,
V-03026,TSXV,Rev Exploration Corp.,REVX,85299157.18,60069829,Mining,,BC,Canada,Other,20091019.0,,,,,,,,,,,,,,,,,,,,38644224.0,34499066.0,14214.0,6.0,TSXV,0.4044479118029194,1.4200000000000002,2427.1187561559027,2009.0,17.0,1024444.0,,,,,,,,,,
V-02996,TSXV,Revival Gold Inc.,RVG,207558064.35,319320099,Mining,,ON,Canada,QT,20110426.0,,,,,,,,,,,,,,,,,,,,62347247.0,51471269.0,28412.0,6.0,TSXV,0.2479849152630624,0.65,1811.6031606363508,2011.0,15.0,1121818.0,,,OTCQX,Y,Y,,,,,
V-04752,TSXV,Rex Resources Corp.,OWN,1817309.5,18173095,Mining,,BC,Canada,IPO,20210602.0,,,,,,,,,,,,,,,,,,,,,,,,TSXV,,0.1,,2021.0,5.0,1184660.0,,,,,,,,,,
V-02383,TSXV,Rhyolite Resources Ltd.,RYE,9646672.77,107185253,Mining,,BC,Canada,Other,20061003.0,,,,,,,,,,,,,,,,,,,,9438031.0,1235734.0,348.0,6.0,TSXV,0.12809950430193767,0.09,3550.9597701149423,2006.0,20.0,1107723.0,,,,,,,,,,
V-01687,TSXV,Richmond Minerals Inc.,RMD,4526673.375,36213387,Mining,,ON,Canada,,,,,,,,,,,,,,,,,,,,,,2841641.0,188194.0,410.0,6.0,TSXV,0.0415744597432988,0.125,459.00975609756097,,,1062180.0,,,,,,,,,,
V-04657,TSXV,Ridgeline Minerals Corp.,RDG,25235746.725,144204267,Mining,,BC,Canada,IPO,20200813.0,,,,,,,,,,,,,,,,,,,,20021152.0,4315687.0,3228.0,6.0,TSXV,0.17101483253216473,0.17500000000000002,1336.9538413878563,2020.0,6.0,1183850.0,,,OTCQB,,,,,,,
V-04412,TSXV,Ridgestone Mining Inc.,RMI,2448197.76,15301236,Mining,,Taiwan,Asia,IPO,20180216.0,,,,,,,,,,,,,,,Taiwan,,,,,1092475.0,354382.0,427.0,6.0,TSXV,0.14475219518214086,0.15999999999999998,829.9344262295082,2018.0,8.0,1180613.0,,,,,,,,,,
V-04236,TSXV,Riley Gold Corp.,RLYG,22231427.855,48860281,Mining,,BC,Canada,QT,20170329.0,,,,,,,,,,,,,,,,,,,,2790280.0,1289139.0,591.0,6.0,TSXV,0.057987233586980956,0.455,2181.284263959391,2017.0,9.0,1173125.0,,,OTCQB,Y,,,,,,
V-00649,TSXV,Rio Silver Inc.,RYO,15281946.255,59929201,Mining,,ON,Canada,QT,20011011.0,,,,,,,,,,,,,,,,,,,,38495784.0,20806401.0,13542.0,6.0,TSXV,1.3615020399114732,0.255,1536.434869295525,2001.0,25.0,1061548.0,,,,Y,,,,,,
V-5073,TSXV,River Road Resources Ltd.,RRRL,1607666.76,11483334,Mining,,BC,Canada,IPO,20250917.0,,,,,,,,,,,,,,,,,,,,276609.0,46701.5,26.0,6.0,TSXV,0.029049241523162423,0.14,1796.2115384615386,2025.0,1.0,1188790.0,,,,,,,,,,
V-02572,TSXV,Riverside Resources Inc.,RRI,23360866.0,93443464,Mining,,BC,Canada,Other,20070827.0,,,,,,,,,,,,,,,,,,,,8925735.0,2252575.5,1468.0,6.0,TSXV,0.09642517105316216,0.25,1534.4519754768392,2007.0,19.0,1112973.0,,,OTCQB,,,,,,,
V-01633,TSXV,RJK Explorations Ltd.,RJX,3622184.37,103490982,Mining,,ON,Canada,,,,,,,,,,,,,,,,,,,,,,6146800.0,162558.0,317.0,6.0,TSXV,0.0448784444398671,0.035,512.801261829653,,,1023711.0,,,,,,,,,,
V-01703,TSXV,Rochester Resources Ltd.,RCT,9080883.75,47794125,Mining,,BC,Canada,,,,,,,,,,,,,,,,,,,,,,3193287.0,1078541.0,851.0,6.0,TSXV,0.11877048861020822,0.19,1267.3807285546416,,,818794.0,,,,,,,,,,
V-00857,TSXV,Rock Tech Lithium Inc.,RCK,97199987.85,119999985,Mining,,BC,Canada,,,,,,,,,,,,,,,,,,,,,,4855533.0,4724008.5,3672.0,6.0,TSXV,0.048600916568941735,0.8099999999999999,1286.4946895424837,,,1023316.0,,,OTCQX,,,,,,,
V-02809,TSXV,Rockhaven Resources Ltd.,RK,57096611.715,292803137,Mining,,BC,Canada,Other,20080429.0,,,,,,,,,,,,,,,,,,,,20059407.0,4383776.5,1683.0,6.0,TSXV,0.07677822498262758,0.195,2604.7394533571005,2008.0,18.0,1118271.0,,,,,,,,,,
V-03898,TSXV,Rokmaster Resources Corp.,RKR,8947821.51,198840478,Mining,,BC,Canada,IPO,20111121.0,,,,,,,,,,,,,,,,,,,,19029922.0,853871.0,786.0,6.0,TSXV,0.09542780877398169,0.045,1086.3498727735368,2011.0,15.0,1148920.0,,,OTCQB,,,,,,,
V-00287,TSXV,Roland Minerals Enterprises Corp.,RME,40625111.31,159314162,Mining,,BC,Canada,,,,,,,,,,,,,,,,,,,,,,381192.0,100671.5,140.0,6.0,TSXV,0.0024780609025733154,0.255,719.0821428571429,,,22181.0,,,,,,,,,,
V-01715,TSXV,Roscan Gold Corporation,ROS,72354926.325,438514705,Mining,,ON,Canada,,,,,,,,,,,,,,,,,,,,,,44928091.0,9070875.5,4385.0,6.0,TSXV,0.1253663843047248,0.165,2068.614709236032,,,27307.0,,,OTCQB,,,,,,,
V-04408,TSXV,Route 109 Resources Inc.,RTE,1256991.675,16759889,Mining,,BC,Canada,IPO,20180222.0,,,,,,,,,,,,,,,,,,,,1046100.0,137336.5,182.0,6.0,TSXV,0.10925808239740331,0.075,754.5961538461538,2018.0,8.0,1180560.0,,,OTCQB,,,,,,,
V-03748,TSXV,Royal Road Minerals Limited,RYR,67785214.52,294718324,Mining,,Jersey,UK/Europe,QT from NEX,20150420.0,,,,,,,,,,,,,,,,,,,,12199518.0,2586277.5,1394.0,6.0,TSXV,0.038154006272812194,0.22999999999999998,1855.2923242467718,2015.0,11.0,1143440.0,,,,Y,,,,,,
V-02089,TSXV,RPX Gold Inc.,RPX,64668553.625,445990025,Mining,,ON,Canada,Other,20010115.0,,,,,,,,,,,,,,,,,,,,100671752.0,19603266.5,14357.0,6.0,TSXV,0.3031344509987871,0.145,1365.415232987393,2001.0,25.0,1066050.0,,,OTCQB,,,,,,,
V-03846,TSXV,RT Minerals Corp.,RTM,286579.375,11463175,Mining,,BC,Canada,Other,20110805.0,,,,,,,,,,,,,,,,,,,,3298025.0,190979.5,223.0,6.0,TSXV,0.6664104840063944,0.025,856.4103139013453,2011.0,15.0,1133150.0,,,,,,,,,,
V-01378,TSXV,Rusoro Mining Ltd.,RML,723927842.22,635024423,Mining,,BC,Canada,RTO,20061109.0,,,,,,,,,,,,,,,,,,,,65798002.0,77872422.5,21691.0,6.0,TSXV,0.10756931555663907,1.1400000000000001,3590.0798718362453,2006.0,20.0,1052749.0,,,,Y,Y,,,,,
V-01735,TSXV,Sable Resources Ltd.,SAE,20786885.015,319798231,Mining,,BC,Canada,,,,,,,,,,,,,,,,,,,,,,49464756.0,3276759.5,2451.0,6.0,TSXV,0.15763590829676796,0.065,1336.9071807425541,,,36356.0,,,OTCQB,,,,,,,
V-01497,TSXV,Safi Silver Corp.,SF,19850069.16,55139081,Mining,,ON,Canada,,,,,,,,,,,,,,,,,,,,,,9039806.0,3791435.0,1873.0,6.0,TSXV,0.19100361663425056,0.36,2024.2578750667378,,,1023157.0,,,,,,,,,,
V-05029,TSXV,Saga Metals Corp.,SAGA,48488738.0,96977476,Mining,,BC,Canada,IPO,20240923.0,,,,,,,,,,,,,,,,,,,,36947610.0,24041139.0,14645.0,6.0,TSXV,0.4958087174799229,0.5,1641.5936497097985,2024.0,2.0,1188306.0,,,OTCQB,,,,,,,
V-04951,TSXV,Sage Potash Corp.,SAGE,24829601.785,171238633,Mining,,BC,Canada,Other,20230320.0,,,,,,,,,,,,,,,,,,,,39863435.0,7044057.5,4371.0,6.0,TSXV,0.28369595134850045,0.145,1611.5436970944863,2023.0,3.0,1187035.0,,,OTCQB,,,,,,,
V-04394,TSXV,Sailfish Royalty Corp.,FISH,383332196.16,77913048,Mining,,British Virgin Islands,Latin America,Other,20171222.0,,,,,,,,,,,,,,,,,,,,6934315.0,27796679.0,7816.0,6.0,TSXV,0.07251329076568844,4.92,3556.381653019447,2017.0,9.0,1180375.0,,,OTCQX,,,,,,,
V-01097,TSXV,Salazar Resources Limited,SRL,74223407.16,265083597,Mining,,BC,Canada,RTO from NEX,20070309.0,,,,,,,,,,,,,,,,,,,,13728124.0,3069225.0,2294.0,6.0,TSXV,0.04135117367199019,0.27999999999999997,1337.9359197907586,2007.0,19.0,27240.0,,,,,,,,,,
V-02447,TSXV,Sama Resources Inc.,SME,16505133.0,220068440,Mining,,BC,Canada,QT,20091118.0,,,,,,,,,,,,,,,,,,,,16425941.0,1070691.5,1007.0,6.0,TSXV,0.06487021340573262,0.075,1063.2487586891757,2009.0,17.0,1109331.0,,,,Y,,,,,,
V-04448,TSXV,San Lorenzo Gold Corp.,SLG,454327596.4,107152735,Mining,,AB,Canada,QT,20201229.0,,,,,,,,,,,,,,,,,,,,32272926.0,99499700.5,36688.0,6.0,TSXV,0.21900430721887798,4.24,2712.0502752943744,2020.0,6.0,1181050.0,,,,Y,Y,,,,,
V-00796,TSXV,Sandfire Resources America Inc.,SFR,204670558.8,1023352794,Mining,,MT,USA,Other,20050214.0,,,,,,,,,,,,,,White Sulphur Springs,,,,,,1983305.0,507225.5,588.0,6.0,TSXV,0.002478253359808582,0.2,862.6284013605442,2005.0,21.0,1009773.0,,,OTCQB,,Y,,,,,
V-03875,TSXV,Santacruz Silver Mining Ltd.,SCZ,850914430.8,92490699,Mining,,Mexico,Latin America,QT,20120416.0,,,,,,,,,,,,,,,,,,,,52369696.0,728302819.0,212185.0,6.0,TSXV,0.8559060613360091,9.2,3432.395404953225,2012.0,14.0,1146075.0,,NasdaqCM,,Y,Y,Y,,,,
V-03900,TSXV,Sarama Resources Ltd.,SWA,20143677.92,503591948,Mining,,Australia,Australia/NZ/PNG,IPO,20111103.0,,,,,,,,,,,,,,,,,,,,10229198.0,457790.0,447.0,6.0,TSXV,0.022726237076372,0.04,1024.13870246085,2011.0,15.0,1151090.0,,ASX,,,,,,,,
V-04401,TSXV,Scandium Canada Ltd.,SCD,82048568.7,468848964,Mining,,QC,Canada,Other,20180116.0,,,,,,,,,,,,,,,,,,,,255613517.0,52593877.0,51420.0,6.0,TSXV,0.6410090734465183,0.17500000000000002,1022.8291909762738,2018.0,8.0,1180550.0,,,OTCQB,,,,,,,
GOL0061,TSXV,Scandium International Mining Corp.,SCY,50170513.82,358360813,Mining,,NV,USA,TSX Comedown,20250204.0,,,,,,,,,,,,,,Reno,,,,,,25755430.0,3357199.0,4174.0,6.0,TSXV,0.06691577869911479,0.14,804.3121705797796,2025.0,1.0,1188620.0,,,,,,,,,,
V-02529,TSXV,Scorpio Gold Corporation,SGN,81766582.38,302839194,Mining,,BC,Canada,QT,20090615.0,,,,,,,,,,,,,,,,,,,,61287889.0,24765530.5,13214.0,6.0,TSXV,0.3028808319871471,0.26999999999999996,1874.188777054639,2009.0,17.0,1109449.0,,,OTCQB,Y,,,,,,
V-03879,TSXV,Scottie Resources Corp.,SCOT,152351777.16,76945342,Mining,,BC,Canada,IPO,20111007.0,,,,,,,,,,,,,,,,,,,,14232047.0,31756257.0,17281.0,6.0,TSXV,0.20844034504861433,1.98,1837.6400092587235,2011.0,15.0,1149920.0,,,OTCQB,,,,,,,
V-02525,TSXV,Search Minerals Inc.,SMY,9895867.74,44981217,Mining,,BC,Canada,QT,20081027.0,,,,,,,,,,,,,,,,,,,,1670500.0,561942.0,909.0,6.0,TSXV,0.056785520458057376,0.22,618.1980198019802,2008.0,18.0,1112242.0,,,,Y,,,,,,
V-03813,TSXV,Searchlight Resources Inc.,SCLT,5173426.56,43111888,Mining,,BC,Canada,Other,20110718.0,,,,,,,,,,,,,,,,,,,,8071852.0,908234.0,753.0,6.0,TSXV,0.17555753222096576,0.12,1206.1540504648074,2011.0,15.0,1127341.0,,,,,,,,,,
V-02482,TSXV,Sego Resources Inc.,SGZ,9254984.22,205666316,Mining,,BC,Canada,Other,20070327.0,,,,,,,,,,,,,,,,,,,,20694989.0,1417040.0,1105.0,6.0,TSXV,0.15311101200343266,0.045000000000000005,1282.3891402714933,2007.0,19.0,1111045.0,,,,,,,,,,
V-03648,TSXV,Selkirk Copper Mines Inc.,SCMI,207167378.52,131118594,Mining,,BC,Canada,QT,20110525.0,,,,,,,,,,,,,,,,,,,,73689190.0,88957979.0,42122.0,6.0,TSXV,0.4294014802693078,1.58,2111.91251602488,2011.0,15.0,1132970.0,,,,Y,,,,,,
V-04987,TSXV,Sendero Resources Corp.,SEND,27877104.15,26549623,Mining,,BC,Canada,Other,20231004.0,,,,,,,,,,,,,,,,,,,,4905682.0,7399663.5,3690.0,6.0,TSXV,0.2654387435719359,1.05,2005.3288617886178,2023.0,3.0,1187382.0,,,,,,,,,,
V-00786,TSXV,Seva Mining Corp.,SEVA,61108404.025,167420285,Mining,,BC,Canada,RTO from NEX,20260318.0,,,,,,,,,,,,,,,,,,,,10080108.0,4611405.5,1168.0,4.0,TSXV,0.07546270555705288,0.365,3948.121147260274,2026.0,0.0,19921.0,,,,,,,,,,
V-04493,TSXV,Sherpa II Holdings Corp.,SHRP,1901100.95,27158585,Mining,,BC,Canada,QT,20201229.0,,,,,,,,,,,,,,,,,,,,42356.0,7252.0,10.0,5.0,TSXV,0.003814631726947483,0.06999999999999999,725.2,2020.0,6.0,1181065.0,,,,Y,,,,,,
V-00895,TSXV,Sienna Resources Inc.,SIEN,3901108.15,45895390,Mining,,BC,Canada,,,,,,,,,,,,,,,,,,,,,,15847579.0,1737492.0,1347.0,6.0,TSXV,0.4453842173024606,0.08499999999999999,1289.8975501113587,,,16392.0,,,,,,,,,,
V-04725,TSXV,Sierra Madre Gold and Silver Ltd.,SM,281483382.18,196841526,Mining,,BC,Canada,Other,20210419.0,,,,,,,,,,,,,,,,,,,,59470076.0,127725087.5,73560.0,6.0,TSXV,0.4537571152897535,1.43,1736.33887302882,2021.0,5.0,1184430.0,,,OTCQX,,Y,Y,,,,
V-03935,TSXV,Sigma Lithium Corporation,SGML,2017120000.0,112000000,Mining,,Brazil,Latin America,QT from NEX,20180509.0,,,,,,,,,,,,,,,,,,,,10292735.0,209340989.5,60405.0,6.0,TSXV,0.1037821198044737,18.01,3465.623532820131,2018.0,8.0,1152880.0,,NasdaqCM,,Y,Y,,,,,
V-03901,TSXV,Signature Resources Ltd.,SGU,9849400.64,246235016,Mining,,BC,Canada,IPO,20111118.0,,,,,,,,,,,,,,,,,,,,7256627.0,472567.0,710.0,6.0,TSXV,0.04797926465503184,0.04,665.587323943662,2011.0,15.0,1143120.0,,,OTCQB,,,,,,,
V-04559,TSXV,Silver Bullet Mines Corp.,SBMI,14800000.0,148000000,Mining,,ON,Canada,QT,20211202.0,,,,,,,,,,,,,,,,,,,,19990382.0,4779815.5,3023.0,6.0,TSXV,0.32296050675675675,0.1,1581.1496857426398,2021.0,5.0,1182395.0,,,OTCQB,Y,,,,,,
V-01292,TSXV,Silver Grail Resources Ltd.,SVG,4804428.42,43676622,Mining,,BC,Canada,,,,,,,,,,,,,,,,,,,,,,5187567.0,1033298.0,1126.0,6.0,TSXV,0.21507199393346357,0.11,917.671403197158,,,32638.0,,,,,,,,,,
V-02278,TSXV,Silver North Resources Ltd.,SNAG,24265321.425,107845873,Mining,,BC,Canada,QT,20070731.0,,,,,,,,,,,,,,,,,,,,38463024.0,12219947.0,7488.0,6.0,TSXV,0.5035971618084594,0.225,1631.9373664529915,2007.0,19.0,1105053.0,,,OTCQB,Y,,,,,,
V-02753,TSXV,Silver One Resources Inc.,SVE,132242752.5,352647340,Mining,,BC,Canada,QT from NEX,20160805.0,,,,,,,,,,,,,,,,,,,,65190712.0,41233730.5,24152.0,6.0,TSXV,0.3118033292599532,0.375,1707.25946091421,2016.0,10.0,1117441.0,,,OTCQX,Y,Y,,,,,
V-04191,TSXV,Silver Predator Corp.,SPD,3362120.775,35390745,Mining,,ID,USA,TSX Comedown,20140313.0,,,,,,,,,,,,,,Hayden,,,,,,1125640.0,145621.0,511.0,6.0,TSXV,0.04331224537881154,0.095,284.972602739726,2014.0,12.0,1168740.0,,,,,,,,,,
V-03847,TSXV,Silver Range Resources Ltd.,SNG,10896064.19,99055129,Mining,,BC,Canada,Other,20110810.0,,,,,,,,,,,,,,,,,,,,8531513.0,1341617.5,934.0,6.0,TSXV,0.12312863402835736,0.11,1436.4213062098502,2011.0,15.0,1150286.0,,,,,,,,,,
V-01791,TSXV,Silver Spruce Resources Inc.,SSE,3389752.665,35681607,Mining,,NS,Canada,,,,,,,,,,,,,,,,,,,,,,7034936.0,1475298.5,1825.0,6.0,TSXV,0.43522305188599947,0.095,808.3827397260274,,,1023409.0,,,,,,,,,,
V-00834,TSXV,Silver Storm Mining Ltd.,SVRS,364198833.0,809330740,Mining,,QC,Canada,,,,,,,,,,,,,,,,,,,,,,281693049.0,157544434.5,75980.0,6.0,TSXV,0.4325780870912346,0.45,2073.498743090287,,,21540.0,,,,,Y,,,,,
V-00226,TSXV,Silver Valley Metals Corp.,SILV,6112764.46,35957438,Mining,,BC,Canada,Other,20050413.0,,,,,,,,,,,,,,,,,,,,7434503.0,2066113.5,2856.0,6.0,TSXV,0.33799985481527944,0.17,723.4290966386554,2005.0,21.0,1099483.0,,,,,,,,,,
V-04371,TSXV,Silver Viper Minerals Corp.,VIPR,49200000.0,120000000,Mining,,BC,Canada,IPO,20170927.0,,,,,,,,,,,,,,,,,,,,24566650.0,35939071.0,24646.0,6.0,TSXV,0.7304689227642276,0.41,1458.2111093077983,2017.0,9.0,1179295.0,,,OTCQB,,,Y,,,,
V-02396,TSXV,Silver Wolf Exploration Ltd.,SWLF,6839501.46,62177286,Mining,,BC,Canada,Other,20061129.0,,,,,,,,,,,,,,,,,,,,8519017.0,1379287.0,1220.0,6.0,TSXV,0.20166484473562785,0.11,1130.5631147540983,2006.0,20.0,822281.0,,,OTCQB,,,,,,,
V-03091,TSXV,Silver X Mining Corp.,AGX,183511516.8,286736745,Mining,,BC,Canada,IPO,20100201.0,,,,,,,,,,,,,,,,,,,,178867889.0,174544863.5,83492.0,6.0,TSXV,0.9511384709997667,0.64,2090.557939682844,2010.0,16.0,1127925.0,,,OTCQB,,Y,Y,,,,
V-5034,TSXV,Silver47 Exploration Corp.,AGA,121021845.9,208658355,Mining,,BC,Canada,Other,20241114.0,,,,,,,,,,,,,,,,,,,,114369913.0,98005155.5,39715.0,6.0,TSXV,0.8098137552866395,0.5800000000000001,2467.7113307314617,2024.0,2.0,1186960.0,,,,,,Y,,,,
V-04790,TSXV,Silverco Mining Ltd.,SICO,406063598.46,54799406,Mining,,BC,Canada,RTO,20251023.0,,,,,,,,,,,,,,,,,,,,13978205.0,149469694.0,41776.0,6.0,TSXV,0.36809429499926916,7.409999999999999,3577.8842876292606,2025.0,1.0,1185300.0,,,,Y,,,,,,
V-01796,TSXV,Sirios Resources Inc.,SOI,110850120.15,671818910,Mining,,QC,Canada,,,,,,,,,,,,,,,,,,,,,,90583560.0,18274091.5,10385.0,6.0,TSXV,0.16485405225787658,0.165,1759.6621569571498,,,1074432.0,,,OTCQB,,,,,,,
V-05006,TSXV,Sitka Gold Corp.,SIG,423329680.0,423329680,Mining,,BC,Canada,Other,20240305.0,,,,,,,,,,,,,,,,,,,,109606003.0,105240114.5,31746.0,6.0,TSXV,0.24860084107497496,1.0,3315.066921816922,2024.0,2.0,1187895.0,,,OTCQB,,Y,,,,,
V-03028,TSXV,Skeleton Coast Uranium Corp.,SKEL,12386447.84,47640184,Mining,,BC,Canada,IPO,20091007.0,,,,,,,,,,,,,,,,,,,,1696489.0,180405.5,146.0,6.0,TSXV,0.014564748693924181,0.26,1235.6541095890411,2009.0,17.0,1123950.0,,,,,,,,,,
V-04058,TSXV,SKRR Exploration Inc.,SKRR,2760033.12,17250207,Mining,,BC,Canada,IPO,20121031.0,,,,,,,,,,,,,,,,,,,,,,,,TSXV,,0.16,,2012.0,14.0,1118651.0,,,,,,,,,,
V-02933,TSXV,Sky Gold Corp.,SKYG,4372748.595,97172191,Mining,,BC,Canada,QT,20110322.0,,,,,,,,,,,,,,,,,,,,20856134.0,1128607.0,995.0,6.0,TSXV,0.25810013438469814,0.045,1134.278391959799,2011.0,15.0,1118673.0,,,,Y,,,,,,
V-01801,TSXV,Skyharbour Resources Ltd.,SYH,85142060.85,221148210,Mining,,BC,Canada,,,,,,,,,,,,,,,,,,,,,,86344940.0,41823985.0,31144.0,6.0,TSXV,0.4912258944927806,0.38499999999999995,1342.9227138453634,,,16380.0,,,OTCQX,,,,,,,
V-01803,TSXV,SLAM Exploration Ltd.,SXL,14319340.2,159103780,Mining,,NB,Canada,,,,,,,,,,,,,,,,,,,,,,8314599.0,669198.5,737.0,6.0,TSXV,0.04673389211047588,0.09,908.0033921302578,,,1044236.0,,,,,,,,,,
V-00281,TSXV,Smooth Rock Ventures Corp.,SMRV,5000317.185,19609087,Mining,,BC,Canada,,,,,,,,,,,,,,,,,,,,,,849248.0,275402.5,325.0,6.0,TSXV,0.05507700607996531,0.255,847.3923076923077,,,12154.0,,,,,,,,,,
V-04447,TSXV,Solstice Gold Corp.,SGC,15748928.58,262482143,Mining,,BC,Canada,Other,20180514.0,,,,,,,,,,,,,,,,,,,,22423870.0,2013311.0,2773.0,6.0,TSXV,0.12783796623198604,0.06,726.040750090155,2018.0,8.0,1181110.0,,,,,,,,,,
V-03692,TSXV,Soma Gold Corp.,SOMA,97903881.27,141889683,Mining,,BC,Canada,QT,20120502.0,,,,,,,,,,,,,,,,,,,,28313486.0,45254668.0,33011.0,6.0,TSXV,0.462235688850745,0.69,1370.8966102208356,2012.0,14.0,1136330.0,,,OTCQX,Y,,,,,,
V-00218,TSXV,Sonoro Gold Corp.,SGO,92210286.825,428885055,Mining,,AB,Canada,Other,20000929.0,,,,,,,,,,,,,,,,,,,,30049461.0,7889221.5,5114.0,6.0,TSXV,0.0855568480659045,0.215,1542.6713922565507,2000.0,26.0,1062160.0,,,OTCQB,,,,,,,
V-02536,TSXV,South Atlantic Gold Inc.,SAO,17771219.11,209073166,Mining,,BC,Canada,QT,20090826.0,,,,,,,,,,,,,,,,,,,,25540014.0,2114708.5,912.0,6.0,TSXV,0.1189962538253798,0.08499999999999999,2318.7593201754385,2009.0,17.0,1112583.0,,,,Y,,,,,,
V-04551,TSXV,South Pacific Metals Corp.,SPMC,29038808.4,69140020,Mining,,Singapore,Asia,QT,20201208.0,,,,,,,,,,,,,,,Singapore,,,,,10305229.0,4986579.0,3057.0,6.0,TSXV,0.1717211991384605,0.42,1631.2001962708537,2020.0,6.0,1182440.0,,,OTCQB,Y,,,,,,
V-01821,TSXV,South Star Battery Metals Corp.,STS,23413584.315,141900511,Mining,,BC,Canada,,,,,,,,,,,,,,,,,,,,,,8558068.0,1250878.5,972.0,6.0,TSXV,0.05342533134487315,0.165,1286.912037037037,,,13542.0,,,OTCQB,,,,,,,
V-04444,TSXV,Southern Empire Resources Corp.,SMP,6060000.0,101000000,Mining,,BC,Canada,QT,20200324.0,,,,,,,,,,,,,,,,,,,,4417459.0,316797.5,306.0,6.0,TSXV,0.05227681518151815,0.06,1035.2859477124182,2020.0,6.0,1180975.0,,,,Y,,,,,,
V-01830,TSXV,Southern Silver Exploration Corp.,SSV,186299216.1,413998258,Mining,,BC,Canada,,,,,,,,,,,,,,,,,,,,,,161081354.0,109256480.0,48963.0,6.0,TSXV,0.5864570033475305,0.45,2231.409023139922,,,28662.0,,SSEV,,,Y,Y,,,,
SOU0021,TSXV,SouthGobi Resources Ltd.,SGQ,89095399.8,296984666,Mining,,BC,Canada,TSX Comedown,20230417.0,,,,,,,,,,,,,,,,,,,,650650.0,232311.0,548.0,6.0,TSXV,0.0026074410185204645,0.3,423.92518248175185,2023.0,3.0,1186815.0,,HKEx,,,,,,,,
V-03770,TSXV,Southstone Minerals Limited,SML,160209.44,32041888,Mining,,BC,Canada,IPO,20110512.0,,,,,,,,,,,,,,,,,,,,,,,,TSXV,,0.005,,2011.0,15.0,1142855.0,,,,,,,,,,
V-01800,TSXV,Spanish Mountain Gold Ltd.,SPA,165464924.625,525285475,Mining,,BC,Canada,,,,,,,,,,,,,,,,,,,,,,99685868.0,27018752.0,17464.0,6.0,TSXV,0.16328990607062926,0.315,1547.111314704535,,,1023428.0,,,OTCQB,,,,,,,
V-01277,TSXV,Spartan Metals Corp.,W,29779938.65,54145343,Mining,,BC,Canada,,,,,,,,,,,,,,,,,,,,,,11604863.0,7192163.0,4429.0,6.0,TSXV,0.24151033635524297,0.5499999999999999,1623.8796568074058,,,806707.0,,,,,,,,,,
V-01835,TSXV,Sparton Resources Inc.,SRI,3634545.04,181727252,Mining,,ON,Canada,,,,,,,,,,,,,,,,,,,,,,7527501.0,194779.0,274.0,6.0,TSXV,0.05359102662268838,0.02,710.8722627737226,,,1062243.0,,,,,,,,,,
V-04703,TSXV,SPC Nickel Corp.,SPC,33514036.875,446853825,Mining,,ON,Canada,Other,20210308.0,,,,,,,,,,,,,,,,,,,,36843738.0,2686515.5,2322.0,6.0,TSXV,0.08016090422112122,0.075,1156.9834194659777,2021.0,5.0,1184555.0,,,,,,,,,,
V-04980,TSXV,SRQ Resources Inc.,SRQ,2304782.5,46095650,Mining,,QC,Canada,Other,20230816.0,,,,,,,,,,,,,,,,,,,,5592853.0,362707.5,602.0,6.0,TSXV,0.15737168257742326,0.05,602.5041528239203,2023.0,3.0,1187555.0,,,,,,,,,,
V-00203,TSXV,St. James Gold Corp.,LORD,5139631.64,39535628,Mining,,BC,Canada,,,,,,,,,,,,,,,,,,,,,,545951.0,61336.5,154.0,6.0,TSXV,0.011934026462643538,0.13,398.288961038961,,,14398.0,,,,,,,,,,
V-03801,TSXV,Stakeholder Gold Corp.,SRC,45325119.84,24903912,Mining,,ON,Canada,Other,20110621.0,,,,,,,,,,,,,,,,,,,,1843144.0,2447335.0,1303.0,6.0,TSXV,0.053995113717056197,1.82,1878.2310053722179,2011.0,15.0,1146725.0,,,,,,,,,,
V-04159,TSXV,Stallion Uranium Corp.,STUD,30026506.0,150132530,Mining,,BC,Canada,IPO,20131022.0,,,,,,,,,,,,,,,,,,,,29962443.0,10666141.0,9004.0,6.0,TSXV,0.3552241809286768,0.2,1184.600288760551,2013.0,13.0,1164150.0,,,OTCQB,,,,,,,
V-01512,TSXV,Standard Lithium Ltd.,SLI,952311941.36,245441222,Mining,,BC,Canada,,,,,,,,,,,,,,,,,,,,,,29214564.0,171368822.0,90665.0,6.0,TSXV,0.17995030258180694,3.88,1890.1320465449733,,,1018160.0,,NYSE Mkt,,,Y,Y,,,,
V-04642,TSXV,Standard Uranium Ltd.,STND,14304967.665,150578607,Mining,,BC,Canada,Other,20200504.0,,,,,,,,,,,,,,,,,,,,50342898.0,5662364.5,4853.0,6.0,TSXV,0.3958320376951373,0.09499999999999999,1166.776117865238,2020.0,6.0,1182925.0,,,OTCQB,,,,,,,
V-04698,TSXV,Star Royalties Ltd.,STRR,37386209.715,80400451,Mining,,ON,Canada,IPO,20210219.0,,,,,,,,,,,,,,,,,,,,15215374.0,7084143.0,3793.0,6.0,TSXV,0.18948545610810388,0.465,1867.6886369628262,2021.0,5.0,1184385.0,,,OTCQX,,,,,,,
V-01029,TSXV,Starr Peak Mining Ltd.,STE,24651558.32,60125752,Mining,,BC,Canada,,,,,,,,,,,,,,,,,,,,,,12213528.0,5481934.0,2176.0,6.0,TSXV,0.2223767734615164,0.41000000000000003,2519.2711397058824,,,33712.0,,,OTCQX,,,,,,,
V-01857,TSXV,Stellar AfricaGold Inc.,SPX,4547954.88,64970784,Mining,,QC,Canada,,,,,,,,,,,,,,,,,,,,,,7945641.0,754524.0,1094.0,6.0,TSXV,0.1659040205781461,0.06999999999999999,689.6928702010969,,,21346.0,,,,,,,,,,
V-01126,TSXV,Sterling Metals Corp.,SAG,50864453.2,46240412,Mining,,ON,Canada,QT,20060411.0,,,,,,,,,,,,,,,,,,,,10416954.0,16299125.0,7962.0,6.0,TSXV,0.3204423516736045,1.1,2047.1144184878171,2006.0,20.0,1095689.0,,,OTCQB,Y,,Y,,,,
V-02358,TSXV,Stillwater Critical Minerals Corp.,PGE,79315551.645,311041379,Mining,,BC,Canada,QT,20071001.0,,,,,,,,,,,,,,,,,,,,101382056.0,41682393.5,26497.0,6.0,TSXV,0.525526112288316,0.255,1573.0985960674793,2007.0,19.0,1108531.0,,,OTCQB,Y,,,,,,
V-03991,TSXV,Stockworks Gold Inc.,STW,1707176.495,14845013,Mining,,BC,Canada,QT from NEX,20180629.0,,,,,,,,,,,,,,,,,,,,1403802.0,153381.5,249.0,6.0,TSXV,0.08984513344064053,0.115,615.9899598393574,2018.0,8.0,1152135.0,,,,Y,,,,,,
V-00469,TSXV,Storm Exploration Inc.,STRM,8603800.39,20984879,Mining,,BC,Canada,RTO from NEX,20171129.0,,,,,,,,,,,,,,,,,,,,5612061.0,1528036.0,655.0,6.0,TSXV,0.17760012212463705,0.41000000000000003,2332.8793893129773,2017.0,9.0,42092.0,,,,,,,,,,
V-01876,TSXV,Strategic Metals Ltd.,SMD,34982629.605,111055967,Mining,,BC,Canada,,,,,,,,,,,,,,,,,,,,,,8289723.0,2944690.0,1785.0,6.0,TSXV,0.0841757761851934,0.31499999999999995,1649.686274509804,,,818115.0,,,,,,,,,,
V-02057,TSXV,Strategic Resources Inc.,SR,16527838.6,59027995,Mining,,BC,Canada,Other,20050923.0,,,,,,,,,,,,,,,,,,,,2224836.0,660436.0,812.0,6.0,TSXV,0.03995900589203479,0.27999999999999997,813.3448275862069,2005.0,21.0,1101789.0,,,,,,,,,,
V-03956,TSXV,Stria Lithium Inc.,SRA,27031351.75,41586695,Mining,,ON,Canada,QT,20131218.0,,,,,,,,,,,,,,,,,,,,2588330.0,1752182.0,1227.0,4.0,TSXV,0.0648203617860139,0.65,1428.0211898940506,2013.0,13.0,1151956.0,,,OTCQB,Y,,,,,,
V-01228,TSXV,Strikepoint Gold Inc.,SKP,7799047.75,62392382,Mining,,BC,Canada,,,,,,,,,,,,,,,,,,,,,,20743512.0,4064126.5,3573.0,6.0,TSXV,0.5211054772680421,0.125,1137.4549398264764,,,1014103.0,,,OTCQB,,,,,,,
V-01887,TSXV,Stroud Resources Ltd.,SDR,6044203.905,63623199,Mining,,ON,Canada,,,,,,,,,,,,,,,,,,,,,,4605876.0,701526.0,836.0,6.0,TSXV,0.11606590562235507,0.095,839.1459330143541,,,1057716.0,,,,,,,,,,
V-04464,TSXV,Stuve Gold Corp.,STUV,20130210.63,35316159,Mining,,AB,Canada,QT,20201013.0,,,,,,,,,,,,,,,,,,,,970955.0,439745.5,304.0,5.0,TSXV,0.02184505210018262,0.57,1446.53125,2020.0,6.0,1181196.0,,,,Y,,,,,,
V-5081,TSXV,Summit Royalties Ltd.,SUM,104395145.1,74039110,Mining,,ON,Canada,Other,20251110.0,,,,,,,,,,,,,,,,,,,,11161106.0,17696390.0,13740.0,6.0,TSXV,0.1695135342074447,1.41,1287.9468704512374,2025.0,1.0,1188955.0,,,,,,,,,,
V-04659,TSXV,Sun Peak Metals Corp.,PEAK,71434480.26,164217196,Mining,,BC,Canada,Other,20200817.0,,,,,,,,,,,,,,,,,,,,9414353.0,3939737.5,2264.0,6.0,TSXV,0.05515176264544155,0.43500000000000005,1740.1667402826856,2020.0,6.0,1183840.0,,,OTCQB,,,,,,,
V-02701,TSXV,Sun Summit Minerals Corp.,SMN,38103053.52,317525446,Mining,,BC,Canada,IPO,20071218.0,,,,,,,,,,,,,,,,,,,,119672697.0,17073538.0,6624.0,6.0,TSXV,0.44808844495988304,0.12000000000000001,2577.5268719806763,2007.0,19.0,1111413.0,,,OTCQB,,,,,,,
V-01896,TSXV,Superior Mining International Corporation,SUI,3526787.16,78373048,Mining,,BC,Canada,,19900314.0,,,,,,,,,,,,,,,,,,,,1789230.0,123788.0,234.0,6.0,TSXV,0.03509936789040595,0.045000000000000005,529.008547008547,1990.0,36.0,38397.0,,,,,,,,,,
V-00480,TSXV,Surge Battery Metals Inc.,NILI,184983122.01,253401537,Mining,,BC,Canada,,,,,,,,,,,,,,,,,,,,,,165986377.0,119412378.0,41352.0,6.0,TSXV,0.6455312068608329,0.73,2887.7050203134067,,,40740.0,,,OTCQX,,Y,,,,,
V-00808,TSXV,Surge Copper Corp.,SURG,212445465.65,386264483,Mining,,BC,Canada,,,,,,,,,,,,,,,,,,,,,,124295246.0,80074474.0,40537.0,6.0,TSXV,0.37691778337091564,0.55,1975.3428719441497,,,22614.0,,,OTCQB,,Y,,,,,
V-00157,TSXV,Sylla Gold Corp.,SYG,4828402.44,107297832,Mining,,NS,Canada,,,,,,,,,,,,,,,,,,,,,,12347678.0,870436.5,932.0,6.0,TSXV,0.18027422337231688,0.045000000000000005,933.9447424892704,,,1023845.0,,,OTCQB,,,,,,,
V-00054,TSXV,T2 Metals Corp.,TWO,23231858.96,62788808,Mining,,BC,Canada,,,,,,,,,,,,,,,,,,,,,,4919192.0,2294961.0,1512.0,6.0,TSXV,0.0987850780237347,0.37,1517.8313492063492,,,12037.0,,,OTCQB,,,,,,,
V-04981,TSXV,Tactical Resources Corp.,RARE,67702650.4,8792552,Mining,,BC,Canada,Other,20230831.0,,,,,,,,,,,,,,,,,,,,530420.0,3575198.5,1997.0,6.0,TSXV,0.05280736394922583,7.700000000000001,1790.2846770155234,2023.0,3.0,1187525.0,,,,,,,,,,
V-02950,TSXV,Tajiri Resources Corp.,TAJ,52976527.6,264882638,Mining,,BC,Canada,QT,20110426.0,,,,,,,,,,,,,,,,,,,,22572017.0,5052147.0,2126.0,6.0,TSXV,0.0953657634593627,0.2,2376.362652869238,2011.0,15.0,1119259.0,,,,Y,,,,,,
V-04782,TSXV,Talamore Mining Corp.,TALA,1100658335.4,141110043,Mining,,BC,Canada,Other,20210907.0,,,,,,,,,,,,,,,,,,,,30640163.0,271679899.5,74549.0,6.0,TSXV,0.24683399994537486,7.800000000000001,3644.313129619445,2021.0,5.0,1184750.0,,,OTCQB,,Y,Y,,,,
V-01930,TSXV,Taranis Resources Inc.,TRO,12448738.44,103739487,Mining,,CO,USA,,20030918.0,,,,,,,,,,,,,,Lakewood,,,,,,3109457.0,534480.5,801.0,6.0,TSXV,0.04293451120176319,0.12,667.2665418227216,2003.0,23.0,1091209.0,,,OTCQB,,,,,,,
V-04490,TSXV,TDG Gold Corp.,TDG,134359061.76,279914712,Mining,,BC,Canada,QT,20201217.0,,,,,,,,,,,,,,,,,,,,66092830.0,47426027.5,14290.0,6.0,TSXV,0.3529797460532669,0.48,3318.8262771168647,2020.0,6.0,1181705.0,,,,Y,Y,Y,,,,
V-04611,TSXV,Tectonic Metals Inc.,TECT,213232747.2,96923976,Mining,,BC,Canada,Other,20191118.0,,,,,,,,,,,,,,,,,,,,23505320.0,53675355.5,27833.0,6.0,TSXV,0.25172191515994313,2.1999999999999997,1928.478981784213,2019.0,7.0,1183551.0,,,OTCQB,,Y,,,,,
V-03685,TSXV,Terra Rossa Gold Ltd.,TRR,27737037.14,72992203,Mining,,BC,Canada,RTO,20251022.0,,,,,,,,,,,,,,,,,,,,5637117.0,2324783.5,1170.0,6.0,TSXV,0.08381513455333679,0.38,1986.9944444444445,2025.0,1.0,1113437.0,,,,,,,,,,
V-02181,TSXV,Tesoro Minerals Corp.,TES,4973319.12,41444326,Mining,,BC,Canada,,,,,,,,,,,,,,,,,,,,,,672522.0,70502.5,138.0,6.0,TSXV,0.014176146412257574,0.12000000000000001,510.8876811594203,,,18275.0,,,,,,,,,,
V-01956,TSXV,Teuton Resources Corp.,TUO,110164261.04,59871881,Mining,,BC,Canada,,,,,,,,,,,,,,,,,,,,,,4270334.0,8367131.5,4316.0,6.0,TSXV,0.07595141492359253,1.84,1938.6310240963855,,,40289.0,,,OTCQB,,,,,,,
V-02024,TSXV,TGX Energy & Resources Inc.,TGX,9170413.0,12392450,Mining,,BC,Canada,,,,,,,,,,,,,,,,,,,,,,366149.0,161450.0,164.0,6.0,TSXV,0.017605532051827983,0.74,984.4512195121952,,,1088867.0,,,,,,,,,,
V-04078,TSXV,Thesis Gold & Silver Inc.,TAU,812820274.62,279319682,Mining,,BC,Canada,IPO,20121101.0,,,,,,,,,,,,,,,,,,,,61400701.0,191633361.5,105633.0,6.0,TSXV,0.23576351068456078,2.91,1814.1429430197004,2012.0,14.0,1155905.0,,,OTCQX,,Y,Y,,,,
V-04922,TSXV,Thistle Resources Inc.,TRCG,9705294.88,60658093,Mining,,NB,Canada,QT,20260505.0,,,,,,,,,,,,,,,,,,,,999730.0,214813.0,222.0,2.0,TSXV,0.02213358817594216,0.16,967.6261261261261,2026.0,0.0,1185950.0,,,,Y,,,,,,
V-01964,TSXV,Thor Explorations Ltd.,THX,703234658.48,666573136,Mining,,BC,Canada,,,,,,,,,,,,,,,,,,,,,,64217842.0,91799789.0,60084.0,6.0,TSXV,0.1305393411616256,1.055,1527.857482857333,,,39347.0,,AIM,,,Y,Y,,,,
V-00331,TSXV,Thunder Gold Corp.,TGOL,35357665.4,307457960,Mining,,BC,Canada,,,,,,,,,,,,,,,,,,,,,,64335944.0,7382895.5,5754.0,6.0,TSXV,0.20880607971362272,0.11499999999999999,1283.0892422662496,,,17006.0,,,OTCQB,,,,,,,
V-03647,TSXV,"Thunder Mountain Gold, Inc.",THM,89083469.53,83255579,Mining,,ID,USA,Other,20100924.0,,,,,,,,,,,,,,Boise,,,,,,2326347.0,2556313.5,2258.0,6.0,TSXV,0.028695711039174655,1.07,1132.1140389725422,2010.0,16.0,1132340.0,,,OTCQB,,,,,,,
V-04965,TSXV,Thunderbird Minerals Corp.,BIRD,8945066.12,52618036,Mining,,BC,Canada,Other,20230629.0,,,,,,,,,,,,,,,,,,,,6318532.0,703306.0,779.0,6.0,TSXV,0.07862501971086605,0.16999999999999998,902.8318356867779,2023.0,3.0,1187480.0,,,,,,,,,,
V-03975,TSXV,Thunderstruck Resources Ltd.,AWE,7350079.36,56539072,Mining,,BC,Canada,QT,20140512.0,,,,,,,,,,,,,,,,,,,,2368720.0,271019.0,329.0,6.0,TSXV,0.03687293520596763,0.13,823.7659574468086,2014.0,12.0,1155185.0,,,,Y,,,,,,
V-04755,TSXV,Tier One Silver Inc.,TSLV,28460614.16,258732856,Mining,,BC,Canada,Other,20210609.0,,,,,,,,,,,,,,,,,,,,40368498.0,5352572.5,4039.0,6.0,TSXV,0.18806946575041864,0.11,1325.2222084674424,2021.0,5.0,1184730.0,,,OTCQB,,,,,,,
V-04688,TSXV,Tiernan Gold Corp.,TNGD,344261840.16,48215944,Mining,,BC,Canada,QT,20251219.0,,,,,,,,,,,,,,,,,,,,4258735.0,35980650.5,12877.0,6.0,TSXV,0.104515360991731,7.140000000000001,2794.17958375398,2025.0,1.0,1184286.0,,,,Y,,,,,,
V-04739,TSXV,Tiger Gold Corp.,TIGR,67632958.72,105676498,Mining,,BC,Canada,QT,20251219.0,,,,,,,,,,,,,,,,,,,,60964495.0,47514147.0,20034.0,6.0,TSXV,0.7025294752623237,0.64,2371.6755016472,2025.0,1.0,1184920.0,,,,Y,,,,,,
V-01973,TSXV,Tinka Resources Limited,TK,54846746.73,133772553,Mining,,BC,Canada,,20030211.0,,,,,,,,,,,,,,,,,,,,29676228.0,13613661.5,6550.0,6.0,TSXV,0.2482127439028871,0.41,2078.4216030534353,2003.0,23.0,18705.0,,Lima (BVL),OTCQB,,,,,,,
V-04650,TSXV,TinOne Resources Inc.,TORC,2189058.5,21890585,Mining,,BC,Canada,QT,20220105.0,,,,,,,,,,,,,,,,,,,,2668014.0,422421.0,242.0,6.0,TSXV,0.19296926052912702,0.1,1745.5413223140497,2022.0,4.0,1183690.0,,,,Y,,,,,,
V-01974,TSXV,Tintina Mines Ltd.,TTS,523754878.5,149644251,Mining,,ON,Canada,,,,,,,,,,,,,,,,,,,,,,3553180.0,5041487.0,3026.0,6.0,TSXV,0.00962566117653833,3.5,1666.0565102445473,,,1057717.0,,,,,,,,,,
V-5098,TSXV,Titiminas Silver Inc.,TITI,41074850.3,37340773,Mining,,BC,Canada,Other,20260409.0,,,,,,,,,,,,,,,,,,,,1447120.0,1849020.0,1658.0,3.0,TSXV,0.04501586704504679,1.0999999999999999,1115.211097708082,2026.0,0.0,1189088.0,,,,,,,,,,
V-01912,TSXV,TNR Gold Corp.,TNR,58305536.1,237981780,Mining,,BC,Canada,,,,,,,,,,,,,,,,,,,,,,45151374.0,9213330.5,2639.0,6.0,TSXV,0.1580181079923215,0.245,3491.2203486169005,,,39686.0,,,,,,,,,,
V-02669,TSXV,TomaGold Corporation,LOT,14053463.685,312299193,Mining,,QC,Canada,QT,20091007.0,,,,,,,,,,,,,,,,,,,,44582826.0,2853587.5,2794.0,6.0,TSXV,0.20305225558349602,0.045,1021.3269506084466,2009.0,17.0,1108570.0,,,,Y,,,,,,
V-03788,TSXV,Tombill Mines Limited,TBLL,5270069.02,263503451,Mining,,BC,Canada,QT,20201215.0,,,,,,,,,,,,,,,,,,,,7688068.0,135331.0,307.0,6.0,TSXV,0.025679170327070976,0.019999999999999997,440.8175895765472,2020.0,6.0,1147880.0,,,,Y,,,,,,
V-04799,TSXV,Toogood Gold Corp.,TGC,7635270.42,84836338,Mining,,BC,Canada,QT,20250716.0,,,,,,,,,,,,,,,,,,,,23441713.0,3264372.5,2533.0,6.0,TSXV,0.42753855730495527,0.09,1288.737662850375,2025.0,1.0,1184960.0,,,,Y,,,,,,
V-01824,TSXV,Torq Resources Inc.,TORQ,10224343.03,185897146,Mining,,BC,Canada,RTO,20110914.0,,,,,,,,,,,,,,,,,,,,8531892.0,716738.0,737.0,6.0,TSXV,0.0701011300087415,0.05499999999999999,972.5074626865671,2011.0,15.0,20215.0,,,OTCQB,,,,,,,
V-04615,TSXV,Torr Metals Inc.,TMET,8402495.3,84024953,Mining,,AB,Canada,QT,20211207.0,,,,,,,,,,,,,,,,,,,,28207553.0,3673839.5,3071.0,6.0,TSXV,0.4372319613198712,0.1,1196.3007163790296,2021.0,5.0,1182150.0,,,,Y,,,,,,
V-00278,TSXV,Total Metals Corp.,TT,14532362.67,59315766,Mining,,BC,Canada,RTO,20250818.0,,,,,,,,,,,,,,,,,,,,26064962.0,10264477.0,5807.0,6.0,TSXV,0.7063185273506527,0.245,1767.6040985018083,2025.0,1.0,1063208.0,,,,,,,,,,
V-04953,TSXV,Totec Resources Ltd.,TOTC,21255038.75,38645525,Mining,,BC,Canada,QT,20260122.0,,,,,,,,,,,,,,,,,,,,1106409.0,712928.0,268.0,6.0,TSXV,0.033541599635992195,0.55,2660.179104477612,2026.0,0.0,1186625.0,,,,Y,,,,,,
V-01991,TSXV,Tower Resources Ltd.,TWR,27724976.16,173281101,Mining,,BC,Canada,,,,,,,,,,,,,,,,,,,,,,11297062.0,2078354.0,1430.0,6.0,TSXV,0.07496323848958,0.16,1453.3944055944055,,,752876.0,,,,,,,,,,
V-00027,TSXV,Trailbreaker Resources Ltd.,TBK,19202340.24,53339834,Mining,,BC,Canada,,,,,,,,,,,,,,,,,,,,,,4886634.0,2058086.0,1543.0,6.0,TSXV,0.10717891539661627,0.36,1333.8211276733637,,,27552.0,,,OTCQB,,,,,,,
V-03741,TSXV,Transatlantic Mining Corp.,TCO,5198394.96,86639916,Mining,,BC,Canada,Other,20110325.0,,,,,,,,,,,,,,,,,,,,7058299.0,598497.0,810.0,6.0,TSXV,0.11513111346968527,0.06,738.8851851851852,2011.0,15.0,1133295.0,,,,,,,,,,
V-03850,TSXV,Transition Metals Corp.,XTM,5248009.56,87466826,Mining,,ON,Canada,IPO,20110826.0,,,,,,,,,,,,,,,,,,,,8338028.0,654815.5,763.0,6.0,TSXV,0.12477406767528831,0.06,858.2116644823067,2011.0,15.0,1144986.0,,,,,,,,,,
V-02004,TSXV,Tres-Or Resources Ltd.,TRS,1387862.465,25233863,Mining,,BC,Canada,,,,,,,,,,,,,,,,,,,,,,922454.0,56471.0,160.0,6.0,TSXV,0.04068919033702666,0.055,352.94375,,,38078.0,,,,,,,,,,
V-00704,TSXV,Tribeca Resources Corporation,TRBC,26308200.33,97437779,Mining,,BC,Canada,RTO,20221102.0,,,,,,,,,,,,,,,,,,,,15973777.0,3718505.5,2035.0,6.0,TSXV,0.14134397082873362,0.26999999999999996,1827.27542997543,2022.0,4.0,30052.0,,,OTCQB,,,,,,,
V-00266,TSXV,Trident Resources Corp.,ROCK,159437090.73,39759873,Mining,,BC,Canada,RTO from NEX,20070615.0,,,,,,,,,,,,,,,,,,,,22446385.0,69283814.5,39389.0,6.0,TSXV,0.43455267643668455,4.01,1758.9635304272767,2007.0,19.0,27371.0,,,OTCQB,,,Y,,,,
V-04351,TSXV,Trifecta Gold Ltd.,TG,9063326.99,47701721,Mining,,BC,Canada,Other,20170615.0,,,,,,,,,,,,,,,,,,,,5331524.0,1202525.0,1027.0,6.0,TSXV,0.13268030617529336,0.19,1170.9104186952288,2017.0,9.0,1178845.0,,,OTCQB,,,,,,,
V-04134,TSXV,Trinity One Metals Ltd.,TOM,10757580.64,67234879,Mining,,Mongolia,Asia,QT from NEX,20170425.0,,,,,,,,,,,,,,,Mongolia,,,,,16973190.0,4372540.0,2860.0,6.0,TSXV,0.4064612803125592,0.16,1528.86013986014,2017.0,9.0,1162870.0,,,,Y,,,,,,
V-03149,TSXV,Tristar Gold Inc.,TSG,54586853.44,352173248,Mining,,TX,USA,,20100721.0,,,,,,,,,,,,,,Houston,,,,,,25154150.0,5809640.5,5233.0,6.0,TSXV,0.10642929815300232,0.155,1110.1931014714312,2010.0,16.0,1138245.0,,,OTCQB,,,,,,,
V-02367,TSXV,Triumph Gold Corp.,TIG,37918432.44,61158762,Mining,,BC,Canada,Other,20060907.0,,,,,,,,,,,,,,,,,,,,20493688.0,12749528.5,11784.0,6.0,TSXV,0.33623564265675115,0.62,1081.9355482009505,2006.0,20.0,1108201.0,,,,,,,,,,
V-04463,TSXV,Troubadour Resources Inc.,TR,1015994.265,7006857,Mining,,BC,Canada,Other,20180611.0,,,,,,,,,,,,,,,,,,,,49448394.0,1846841.5,2722.0,6.0,TSXV,1.817767642615581,0.145,678.4869581190301,2018.0,8.0,1180475.0,,,OTCQB,,,,,,,
V-02019,TSXV,TRU Precious Metals Corp.,TRU,6576872.72,164421818,Mining,,NB,Canada,COB,20180411.0,,,,,,,,,,,,,,,,,,,,22088854.0,1225464.0,1058.0,6.0,TSXV,0.1863292862994618,0.04,1158.2835538752363,2018.0,8.0,1023293.0,,,OTCQB,,,,,,,
V-02026,TSXV,Tsodilo Resources Limited,TSD,8668265.19,66678963,Mining,,ON,Canada,,,,,,,,,,,,,,,,,,,,,,3756390.0,773033.5,1069.0,6.0,TSXV,0.08917972432267039,0.13,723.1370439663236,,,1056529.0,,,OTCQB,,,,,,,
V-03156,TSXV,Tudor Gold Corp.,TUD,328358206.4,410447758,Mining,,BC,Canada,QT from NEX,20160510.0,,,,,,,,,,,,,,,,,,,,110443138.0,125650893.0,70526.0,6.0,TSXV,0.3826640862050951,0.7999999999999999,1781.6251169781358,2016.0,10.0,1134680.0,,,,Y,Y,,,,,
V-01041,TSXV,Tuktu Resources Ltd.,TUK,3983453.22,265563548,Mining,,AB,Canada,,,,,,,,,,,,,,,,,,,,,,36392470.0,936313.5,834.0,6.0,TSXV,0.2350507080888978,0.015000000000000001,1122.678057553957,,,1023430.0,,,,,,,,,,
V-04310,TSXV,TVI Pacific Inc.,TVI,43715222.34,728587039,Mining,,AB,Canada,TSX Comedown,20160802.0,,,,,,,,,,,,,,,,,,,,55012882.0,3202099.5,1666.0,6.0,TSXV,0.07324907271648569,0.060000000000000005,1922.0285114045619,2016.0,10.0,1023816.0,,,,,,,,,,
V-5109,TSXV,Twenty Mile Metals Inc.,MILE,1326000.0,10200000,Mining,,BC,Canada,Other,20260624.0,,,,,,,,,,,,,,,,,,,,134828.0,14287.5,38.0,1.0,TSXV,0.010774886877828054,0.13,375.9868421052632,2026.0,0.0,1189060.0,,,,,,,,,,
V-5061,TSXV,U92 Energy Corp.,UTWO,20614430.77,43860491,Mining,,ON,Canada,QT,20260209.0,,,,,,,,,,,,,,,,,,,,8848134.0,3053335.0,1493.0,5.0,TSXV,0.1481163867228142,0.47,2045.100468854655,2026.0,0.0,1188625.0,,,,Y,,,,,,
V-02264,TSXV,Ucore Rare Metals Inc.,UCU,569331912.66,116427794,Mining,,NS,Canada,QT,20061010.0,,,,,,,,,,,,,,,,,,,,44790960.0,304944632.5,149769.0,6.0,TSXV,0.5356183725504778,4.89,2036.0998103746435,2006.0,20.0,1105116.0,,,OTCQX,Y,Y,Y,,,,
V-02272,TSXV,Ultra Lithium Inc.,ULT,2521430.265,168095351,Mining,,BC,Canada,Other,20060321.0,,,,,,,,,,,,,,,,,,,,2217344.0,47464.5,202.0,3.0,TSXV,0.018824434948233635,0.015000000000000001,234.97277227722773,2006.0,20.0,1105308.0,,,,,,,,,,
V-02042,TSXV,Unigold Inc.,UGD,72950320.655,339303817,Mining,,ON,Canada,,20030211.0,,,,,,,,,,,,,,,,,,,,34134925.0,11502189.0,5127.0,6.0,TSXV,0.1576715345008102,0.215,2243.454066705676,2003.0,23.0,1072601.0,,,,,,,,,,
V-02379,TSXV,URZ3 Energy Corp.,URZ,9942281.05,52327795,Mining,,QC,Canada,QT,20070305.0,,,,,,,,,,,,,,,,,,,,6469807.0,1906920.5,1810.0,6.0,TSXV,0.191799094233008,0.19,1053.5472375690608,2007.0,19.0,1108742.0,,,OTCQB,Y,,,,,,
V-02673,TSXV,US Copper Corp.,USCU,23493944.1,156626294,Mining,,ON,Canada,QT,20090224.0,,,,,,,,,,,,,,,,,,,,46025921.0,9642073.5,7754.0,6.0,TSXV,0.4104067609490907,0.15000000000000002,1243.4967113747743,2009.0,17.0,1115100.0,,,OTCQB,Y,,,,,,
V-04509,TSXV,Usha Resources Ltd.,USHA,4599079.3,91981586,Mining,,BC,Canada,QT,20191211.0,,,,,,,,,,,,,,,,,,,,10128089.0,608291.0,427.0,6.0,TSXV,0.13226364676947405,0.049999999999999996,1424.5690866510538,2019.0,7.0,1181430.0,,,OTCQB,Y,,,,,,
V-04984,TSXV,V Ten Metals Corp.,VTEN,17926396.6,25609138,Mining,,Australia,Australia/NZ/PNG,QT,20260304.0,,,,,,,,,,,,,,,,,,,,603308.0,397740.5,195.0,4.0,TSXV,0.02218742053269088,0.7000000000000001,2039.6948717948717,2026.0,0.0,1187340.0,,,,Y,,,,,,
V-03822,TSXV,Val-D'Or Mining Corporation,VZZ,16258610.7,108390738,Mining,,QC,Canada,Other,20110715.0,,,,,,,,,,,,,,,,,,,,7716853.0,990506.0,1018.0,6.0,TSXV,0.06092193350813179,0.15,972.9921414538311,2011.0,15.0,1135691.0,,,,,,,,,,
V-03919,TSXV,Valhalla Metals Inc.,VMXX,184361399.22,151115901,Mining,,BC,Canada,RTO,20220928.0,,,,,,,,,,,,,,,,,,,,3154088.0,2675441.5,1242.0,6.0,TSXV,0.014511939653958545,1.22,2154.139694041868,2022.0,4.0,1148390.0,,,OTCQB,Y,,,,,,
V-04836,TSXV,Valkea Resources Corp.,OZ,24351907.79,65815967,Mining,,BC,Canada,Other,20220106.0,,,,,,,,,,,,,,,,,,,,11697088.0,5181286.0,2733.0,6.0,TSXV,0.2127671492796828,0.37,1895.823637028906,2022.0,4.0,1184580.0,,,OTCQB,,,,,,,
V-02855,TSXV,ValOre Metals Corp.,VO,21671095.61,254954066,Mining,,BC,Canada,Other,20080707.0,,,,,,,,,,,,,,,,,,,,62392791.0,6926417.0,3864.0,6.0,TSXV,0.319615451135929,0.08499999999999999,1792.550983436853,2008.0,18.0,1118523.0,,,OTCQB,,,,,,,
V-01423,TSXV,VanadiumCorp Resource Inc.,VRB,2243839.05,24931545,Mining,,BC,Canada,,,,,,,,,,,,,,,,,,,,,,8283186.0,1084619.5,1115.0,6.0,TSXV,0.4833766931723557,0.09,972.7529147982062,,,23197.0,,,,,,,,,,
V-02083,TSXV,Vantex Resources Ltd.,VAX,601153.875,4809231,Mining,,BC,Canada,,,,,,,,,,,,,,,,,,,,,,471483.0,81995.5,146.0,6.0,TSXV,0.13639685845824415,0.125,561.6130136986301,,,39360.0,,,,,,,,,,
V-02826,TSXV,Vatic Ventures Corp.,VCV,1447298.79,41351394,Mining,,BC,Canada,QT from NEX,20110127.0,,,,,,,,,,,,,,,,,,,,2225866.0,112294.5,105.0,1.0,TSXV,0.07758902361826751,0.035,1069.4714285714285,2011.0,15.0,1118178.0,Agriculture,,,Y,,,,,,
V-03860,TSXV,Vault Strategic Mining Corp.,KNOX,3912061.175,14762495,Mining,,BC,Canada,QT from NEX,20140421.0,,,,,,,,,,,,,,,,,,,,7287922.0,4500837.5,2334.0,6.0,TSXV,1.1505028420216359,0.265,1928.3793916023992,2014.0,12.0,1148515.0,,,,Y,,,,,,
V-04079,TSXV,Velocity Minerals Ltd.,VLC,37838578.545,204532857,Mining,,BC,Canada,TSX Comedown,20121106.0,,,,,,,,,,,,,,,,,,,,4051845.0,827884.5,277.0,6.0,TSXV,0.0218793763358586,0.185,2988.7527075812272,2012.0,14.0,1161501.0,,,OTCQB,,,,,,,
V-00512,TSXV,Velox Energy Materials Inc.,VLX,6250739.04,178592544,Mining,,ON,Canada,,,,,,,,,,,,,,,,,,,,,,4775476.0,183849.0,371.0,6.0,TSXV,0.02941236209406688,0.035,495.54986522911054,,,24104.0,,,,,,,,,,
V-03661,TSXV,Vendetta Mining Corp.,VTT,3626890.57,362689057,Mining,,BC,Canada,IPO,20101018.0,,,,,,,,,,,,,,,,,,,,11720528.0,119297.0,326.0,6.0,TSXV,0.03289236267197331,0.01,365.94171779141107,2010.0,16.0,1135990.0,,,,,,,,,,
V-5095,TSXV,Ventra Metals Corp.,VENT,2749295.76,16172328,Mining,,BC,Canada,Other,20260324.0,,,,,,,,,,,,,,,,,,,,531749.0,113340.0,142.0,4.0,TSXV,0.04122510267865834,0.16999999999999998,798.169014084507,2026.0,0.0,1189092.0,,,,,,,,,,
V-04930,TSXV,Verdera Energy Corp.,V,31062397.025,73087993,Mining,,BC,Canada,QT,20260224.0,,,,,,,,,,,,,,,,,,,,5904458.0,3774664.5,2124.0,5.0,TSXV,0.12151877709122161,0.425,1777.149011299435,2026.0,0.0,1187075.0,,,,Y,,,,,,
V-02662,TSXV,Vertical Exploration Inc.,VERT,6116162.12,152904053,Mining,,BC,Canada,IPO,20071126.0,,,,,,,,,,,,,,,,,,,,12252868.0,481517.5,661.0,6.0,TSXV,0.07872870119407495,0.04,728.4682299546142,2007.0,19.0,1113853.0,Agriculture,,,,,,,,,
V-5063,TSXV,Vinland Lithium Inc.,VLD,4472362.14,10050252,Mining,,BC,Canada,Other,20250523.0,,,,,,,,,,,,,,,,,,,,600341.0,376235.5,416.0,6.0,TSXV,0.08412456062871511,0.44499999999999995,904.4122596153846,2025.0,1.0,1188245.0,,,,,,,,,,
V-02107,TSXV,Vior Gold Corporation Inc.,VIO,45716676.06,415606146,Mining,,QC,Canada,,,,,,,,,,,,,,,,,,,,,,46334837.0,6194501.0,6188.0,6.0,TSXV,0.13549762436512536,0.11,1001.05058177117,,,1074443.0,,,OTCQB,,,,,,,
V-04060,TSXV,Viscount Mining Corp.,VML,41402465.38,121771957,Mining,,BC,Canada,QT,20130725.0,,,,,,,,,,,,,,,,,,,,11264043.0,6269439.5,5232.0,6.0,TSXV,0.15142671921726994,0.34,1198.287366207951,2013.0,13.0,1153800.0,,,,Y,,,,,,
V-02563,TSXV,Visible Gold Mines Inc.,VGD,4960171.32,38155164,Mining,,QC,Canada,Other,20070717.0,,,,,,,,,,,,,,,,,,,,4423511.0,804040.5,755.0,6.0,TSXV,0.16209934055261624,0.13,1064.9543046357617,2007.0,19.0,1113391.0,,,,,,,,,,
V-00021,TSXV,Vision Lithium inc.,VLI,4395287.265,293019151,Mining,,QC,Canada,,,,,,,,,,,,,,,,,,,,,,34835844.0,685567.5,2051.0,6.0,TSXV,0.15597785961778315,0.015,334.26011701608974,,,25012.0,,,OTCQB,,,,,,,
V-03812,TSXV,Visionary Copper and Gold Mines Inc.,VCG,40999198.2,22904580,Mining,,BC,Canada,Other,20110714.0,,,,,,,,,,,,,,,,,,,,6049758.0,5726324.5,3378.0,6.0,TSXV,0.13966918260367345,1.79,1695.181912374186,2011.0,15.0,1148330.0,,,OTCQX,,,,,,,
V-01578,TSXV,Visionary Metals Corp.,VIZ,10979918.0,43919672,Mining,,BC,Canada,,,,,,,,,,,,,,,,,,,,,,8683647.0,820931.0,374.0,6.0,TSXV,0.07476658751003423,0.25,2195.0026737967914,,,1064610.0,,,,Y,,,,,Software,
V-03079,TSXV,Viva Gold Corp.,VAU,20652852.24,172107102,Mining,,BC,Canada,QT from NEX,20171108.0,,,,,,,,,,,,,,,,,,,,14195892.0,2156594.5,1888.0,6.0,TSXV,0.10442114604505591,0.12,1142.2640360169491,2017.0,9.0,1128565.0,,,OTCQB,Y,,,,,,
V-04789,TSXV,Vizsla Copper Corp.,VCU,95205276.24,90241968,Mining,,BC,Canada,Other,20210917.0,,,,,,,,,,,,,,,,,,,,40288057.0,61032034.5,33455.0,6.0,TSXV,0.6410572702519791,1.055,1824.3023314900613,2021.0,5.0,1185195.0,,,OTCQB,,,,,,,
V-05024,TSXV,Vizsla Royalties Corp.,VROY,256038531.8,67378561,Mining,,BC,Canada,Other,20240826.0,,,,,,,,,,,,,,,,,,,,26512725.0,92475212.0,38361.0,6.0,TSXV,0.3611769343851549,3.8000000000000003,2410.6569693177967,2024.0,2.0,1188305.0,,,,,Y,Y,,,,
V-02812,TSXV,Volcanic Gold Mines Inc.,VG,4753563.36,59419542,Mining,,BC,Canada,QT,20100201.0,,,,,,,,,,,,,,,,,,,,4257860.0,472658.0,518.0,6.0,TSXV,0.09943235509960678,0.08,912.4671814671815,2010.0,16.0,1114439.0,,,,Y,,,,,,
V-01985,TSXV,Volt Carbon Technologies Inc.,VCT,25588022.26,301035556,Mining,,AB,Canada,,,,,,,,,,,,,,,,,,,,,,35650239.0,1907735.0,2397.0,6.0,TSXV,0.0745557816315578,0.085,795.8844388819358,,,1044272.0,,,OTCQB,,,,,,,
V-04389,TSXV,Vortex Metals Inc.,VMS,4325270.88,123579168,Mining,,BC,Canada,QT,20220510.0,,,,,,,,,,,,,,,,,,,,17892385.0,811437.5,725.0,6.0,TSXV,0.1876038570791201,0.034999999999999996,1119.2241379310344,2022.0,4.0,1178825.0,,,,Y,,,,,,
V-04006,TSXV,Voyageur Pharmaceuticals Ltd.,VM,28292794.0,226342352,Mining,,AB,Canada,QT from NEX,20170307.0,,,,,,,,,,,,,,,,,,,,11866667.0,1482114.5,1351.0,6.0,TSXV,0.052384875809720316,0.125,1097.0499629903775,2017.0,9.0,1152795.0,,,,Y,,,,,,
V-04267,TSXV,VR Resources Ltd.,VRR,4376380.69,39785279,Mining,,BC,Canada,QT,20170323.0,,,,,,,,,,,,,,,,,,,,19739137.0,2262303.0,1728.0,6.0,TSXV,0.5169346910723162,0.11000000000000001,1309.203125,2017.0,9.0,1175165.0,,,OTCQB,Y,,,,,,
V-02119,TSXV,Vulcan Minerals Inc.,VUL,55858031.14,129902398,Mining,,NL,Canada,,,,,,,,,,,,,,,,,,,,,,11507692.0,3327028.0,2064.0,6.0,TSXV,0.05956221392159867,0.43,1611.9321705426357,,,1023581.0,,,,,,,,,,
V-02071,TSXV,VVC Exploration Corp.,VVC,5726818.15,572681815,Mining,,ON,Canada,,20011001.0,,,,,,,,,,,,,,,,,,,,7084417.0,109554.0,253.0,6.0,TSXV,0.019129994550289672,0.01,433.0197628458498,2001.0,25.0,22442.0,,,,,,,,,,
V-00302,TSXV,Walker Lane Resources Ltd.,WLR,2510057.965,21826591,Mining,,BC,Canada,,,,,,,,,,,,,,,,,,,,,,1941642.0,289449.5,455.0,3.0,TSXV,0.11531586283506405,0.11499999999999999,636.1527472527473,,,1023378.0,,,,,,,,,,
V-04024,TSXV,Walker River Resources Corp.,WRR,14746286.88,61442862,Mining,,BC,Canada,IPO,20120629.0,,,,,,,,,,,,,,,,,,,,7223836.0,2683922.5,1767.0,6.0,TSXV,0.18200666526026515,0.24000000000000002,1518.9148273910582,2012.0,14.0,1155186.0,,,,,,,,,,
V-02139,TSXV,Wealth Minerals Ltd.,WML,24825982.415,381938191,Mining,,BC,Canada,,,,,,,,,,,,,,,,,,,,,,14435750.0,1148288.0,1471.0,6.0,TSXV,0.04625347673275551,0.065,780.6172671651938,,,1023508.0,,SSEV,OTCQB,,,,,,,
V-02144,TSXV,Wescan Goldfields Inc.,WGF,18208813.68,75870057,Mining,,SK,Canada,,,,,,,,,,,,,,,,,,,,,,3482907.0,718427.5,392.0,6.0,TSXV,0.03945493169547331,0.24,1832.7232142857142,,,1097760.0,,,,,,,,,,
V-02355,TSXV,West High Yield (W.H.Y.) Resources Ltd.,WHY,41489221.82,122027123,Mining,,AB,Canada,Other,20060801.0,,,,,,,,,,,,,,,,,,,,11146814.0,3947462.5,3524.0,6.0,TSXV,0.09514428872939512,0.34,1120.1652951191827,2006.0,20.0,1106552.0,,,,,,,,,,
V-02229,TSXV,West Point Gold Corp.,WPG,193071335.18,135965729,Mining,,BC,Canada,Other,20051219.0,,,,,,,,,,,,,,,,,,,,33602671.0,46739640.5,27575.0,6.0,TSXV,0.24208482557198213,1.4200000000000002,1695.0005621033545,2005.0,21.0,1095424.0,,,OTCQB,,Y,Y,,,,
V-00568,TSXV,West Red Lake Gold Mines Ltd.,WRLG,268430267.3,412969642,Mining,,BC,Canada,,,,,,,,,,,,,,,,,,,,,,308143311.0,293868597.5,122816.0,6.0,TSXV,1.0947669964936178,0.65,2392.7549952774884,,,33265.0,,,OTCQB,,Y,,,,,
V-02617,TSXV,West Vault Mining Inc.,WVM,84209570.7,58075566,Mining,,BC,Canada,QT,20100531.0,,,,,,,,,,,,,,,,,,,,1632617.0,3326845.5,2181.0,6.0,TSXV,0.03950673863250083,1.45,1525.3762035763411,2010.0,16.0,1113805.0,,,OTCQX,Y,,,,,,
V-03791,TSXV,Western Exploration Inc.,WEX,34334997.95,62427269,Mining,,NV,USA,RTO,20220119.0,,,,,,,,,,,,,,Reno,,,,,,11725226.0,9308996.0,7034.0,6.0,TSXV,0.27112266071942487,0.55,1323.4284901905032,2022.0,4.0,1136050.0,,,OTCQX,,,,,,,
V-04484,TSXV,Western Gold Exploration Ltd.,WGLD,8496314.6,42481573,Mining,,Scotland,UK/Europe,QT,20201029.0,,,,,,,,,,,,,,,,,,,,1853307.0,522245.0,245.0,6.0,TSXV,0.06146723898382953,0.19999999999999998,2131.612244897959,2020.0,6.0,1181747.0,,,,Y,,,,,,
V-04797,TSXV,Western Metallica Resources Corp.,WMS,253085.97,8436199,Mining,,ON,Canada,QT,20220419.0,,,,,,,,,,,,,,,,,,,,1608351.0,107403.0,158.0,6.0,TSXV,0.4243735834112021,0.03,679.7658227848101,2022.0,4.0,1185060.0,,,,Y,,,,,,
V-03704,TSXV,Westhaven Gold Corp.,WHN,68944180.27,260166718,Mining,,BC,Canada,QT,20110720.0,,,,,,,,,,,,,,,,,,,,50923364.0,13702862.5,7438.0,6.0,TSXV,0.1987529976618286,0.26499999999999996,1842.2778300618445,2011.0,15.0,1136465.0,,,,Y,,,,,,
V-01733,TSXV,White Gold Corp.,WGO,377400000.0,222000000,Mining,,ON,Canada,,,,,,,,,,,,,,,,,,,,,,78145751.0,133525066.5,57065.0,6.0,TSXV,0.3538025079491256,1.7,2339.8767458161747,,,782165.0,,,OTCQX,,Y,Y,,,,
V-02466,TSXV,Whitemud Resources Inc.,WMK,5103945.0,34026300,Mining,,AB,Canada,Other,20070228.0,,,,,,,,,,,,,,,,,,,,1800270.0,311453.5,420.0,6.0,TSXV,0.06102211132761031,0.15,741.5559523809524,2007.0,19.0,1111498.0,,,,,,,,,,
V-02491,TSXV,Wildsky Resources Inc.,WSK,6186745.51,56243141,Mining,,BC,Canada,Other,20070425.0,,,,,,,,,,,,,,,,,,,,1944260.0,451431.5,239.0,6.0,TSXV,0.07296752376032355,0.11,1888.8347280334729,2007.0,19.0,1112388.0,,,,,,,,,,
V-04724,TSXV,Winchester Equity Corporation,WEC,1686957.81,112463854,Mining,,ON,Canada,TSX Comedown,20210427.0,,,,,,,,,,,,,,,,,,,,10890845.0,168410.5,343.0,6.0,TSXV,0.09983089025800829,0.015000000000000001,490.9927113702624,2021.0,5.0,1184635.0,,,OTCQB,,,,,,,
V-00915,TSXV,Winshear Metals Corp.,WINS,7963975.975,69251965,Mining,,BC,Canada,,,,,,,,,,,,,,,,,,,,,,3596971.0,519566.0,428.0,6.0,TSXV,0.06523952377945239,0.11499999999999999,1213.9392523364486,,,1019700.0,,,,,,,,,,
V-04068,TSXV,Wolfden Resources Corporation,WLF,13287235.36,189817648,Mining,,ON,Canada,IPO,20121022.0,,,,,,,,,,,,,,,,,,,,9503887.0,838190.5,521.0,6.0,TSXV,0.06308238525850873,0.06999999999999999,1608.8109404990403,2012.0,14.0,1160300.0,,,,,,,,,,
V-02480,TSXV,World Copper Ltd.,WCU,2630310.67,263031067,Mining,,BC,Canada,QT from NEX,20210126.0,,,,,,,,,,,,,,,,,,,,64931224.0,903023.5,2244.0,6.0,TSXV,0.34331438879043136,0.01,402.416889483066,2021.0,5.0,1109437.0,,,OTCQB,Y,,,,,,
V-04256,TSXV,Xali Gold Corp.,XGC,41932669.2,164441840,Mining,,BC,Canada,TSX Comedown,20150727.0,,,,,,,,,,,,,,,,,,,,18628884.0,4136441.0,2335.0,6.0,TSXV,0.09864482941143178,0.255,1771.4950749464667,2015.0,11.0,1175115.0,,,,,,,,,,
V-04587,TSXV,XAU Resources Inc.,GIG,8548365.0,16761500,Mining,,ON,Canada,QT,20220627.0,,,,,,,,,,,,,,,,,,,,570013.0,212720.5,256.0,4.0,TSXV,0.024884349229355555,0.51,830.939453125,2022.0,4.0,1181991.0,,,,Y,,,,,,
V-02693,TSXV,Ximen Mining Corp.,XIM,7046646.5,70466465,Mining,,BC,Canada,IPO,20071220.0,,,,,,,,,,,,,,,,,,,,8015679.0,712293.0,875.0,6.0,TSXV,0.1010825504018117,0.1,814.0491428571429,2007.0,19.0,1116314.0,,,,,,,,,,
V-04378,TSXV,Xplore Resources Corp.,XPLR,1315037.625,52601505,Mining,,ON,Canada,QT,20201008.0,,,,,,,,,,,,,,,,,,,,8507078.0,433197.5,486.0,6.0,TSXV,0.32941833128158593,0.025,891.3528806584362,2020.0,6.0,1179980.0,,,,Y,,,,,,
V-04459,TSXV,XXIX Metal Corp.,XXIX,43999348.565,382603031,Mining,,ON,Canada,Other,20180601.0,,,,,,,,,,,,,,,,,,,,72932744.0,9074254.0,4556.0,6.0,TSXV,0.2062360988502967,0.11499999999999999,1991.7151009657593,2018.0,8.0,1181305.0,,,OTCQB,,,,,,,
V-04707,TSXV,Zacatecas Silver Corp.,ZAC,16342385.7,217898476,Mining,,BC,Canada,Other,20210302.0,,,,,,,,,,,,,,,,,,,,60710054.0,6559375.0,5362.0,6.0,TSXV,0.4013719367790959,0.075,1223.3075345020516,2021.0,5.0,1184605.0,,,,,,,,,,
V-04649,TSXV,ZEB Nickel Corp.,ZBNI,4174044.75,55653930,Mining,,BC,Canada,QT,20210811.0,,,,,,,,,,,,,,,,,,,,210792.0,24000.5,121.0,6.0,TSXV,0.005749938354158757,0.075,198.3512396694215,2021.0,5.0,1183615.0,,,OTCQB,Y,,,,,,
V-03706,TSXV,Zentek Ltd.,ZEN,82302695.8,126619532,Mining,,ON,Canada,IPO,20101223.0,,,,,,,,,,,,,,,,,,,,19167908.0,15775117.0,13047.0,6.0,TSXV,0.19167193548962708,0.65,1209.0991798880968,2010.0,16.0,1138995.0,,NasdaqCM,,,,,,,,
V-03766,TSXV,Zephyr Minerals Ltd.,ZFR,6034404.025,92836985,Mining,,NS,Canada,QT,20111104.0,,,,,,,,,,,,,,,,,,,,6639220.0,401036.0,380.0,6.0,TSXV,0.06645826138563865,0.065,1055.3578947368421,2011.0,15.0,1141150.0,,,,Y,,,,,,
V-01217,TSXV,Zincx Resources Corp.,ZNX,15971171.985,187896141,Mining,,BC,Canada,,,,,,,,,,,,,,,,,,,,,,3683327.0,308981.5,367.0,6.0,TSXV,0.01934620078540216,0.08499999999999999,841.9114441416893,,,23456.0,,,,,,,,,,
V-04999,TSXV,Zodiac Gold Inc.,ZAU,48739155.42,165217476,Mining,,BC,Canada,Other,20240129.0,,,,,,,,,,,,,,,,,,,,35217962.0,10024886.0,4097.0,6.0,TSXV,0.2056844422849049,0.295,2446.8845496704907,2024.0,2.0,1187735.0,,,,,,,,,,
V-03125,TSXV,Zonte Metals Inc.,ZON,11063533.65,85104105,Mining,,ON,Canada,QT,20101018.0,,,,,,,,,,,,,,,,,,,,11458760.0,1653629.0,1007.0,6.0,TSXV,0.1494666218148123,0.13,1642.134061569017,2010.0,16.0,1125805.0,,,,Y,,,,,,
