co_id,ticker_full,name,board,commodities,listing_date,status,covers_listing,first_price_date,last_price_date,trading_days,milestones_filled,consolidated,split_factor,n_splits,div_total,vol_base,mcap_30jun2026,px_base,px_d7,px_d30,px_d90,px_d180,px_d365,px_d730,px_d1095,px_d1825,px_d2555,px_d3650,px_d5475,px_latest,ret_d7,ret_d30,ret_d90,ret_d180,ret_d365,ret_d730,ret_d1095,ret_d1825,ret_d2555,ret_d3650,ret_d5475,ret_latest
V-01325,ABRA.TO,AbraSilver Resource Corp.,TSX,Gold | Silver,2025-02-27,ok,True,2024-05-22,2026-08-25,568.0,5.0,False,1.0,0.0,0.0,191380.0,2303393480.55,3.038,3.31,3.17,4.07,6.33,17.61,,,,,,,16.16,0.0895,0.0434,0.3397,1.0836,4.7966,,,,,,,4.3193
ACL0001,ARA.TO,Aclara Resources Inc.,TSX,Rare Earths,2021-12-10,ok,True,2021-12-10,2026-08-25,1180.0,7.0,False,1.0,0.0,0.0,1614700.0,1015898463.64,1.518,1.3,1.5,1.25,0.465,0.265,0.4,0.43,,,,,3.97,-0.1436,-0.0119,-0.1765,-0.6937,-0.8254,-0.7365,-0.7167,,,,,1.6153
AGN0001,AEM.TO,Agnico Eagle Mines Limited,TSX,Gold | Silver | Copper,1957-12-27,no price near listing,False,1995-01-12,2026-08-25,7946.0,0.0,False,1.0,0.0,18.577,,111855278192.32,,,,,,,,,,,,,309.98,,,,,,,,,,,,
ALA0001,AGI.TO,Alamos Gold Inc.,TSX,Gold | Silver,2004-06-21,ok,True,2003-10-09,2026-08-25,5744.0,11.0,False,1.0,0.0,1.852,41460.0,18026193873.0,1.9766,1.7707,1.8405,2.1371,3.2711,3.4978,7.4144,4.5969,7.9378,12.9936,10.149,6.8922,53.94,-0.1042,-0.0689,0.0812,0.6549,0.7696,2.7511,1.3257,3.0159,5.5737,4.1346,2.4869,26.2893
X-1188,ALK.TO,Alkane Resources Limited,TSX,Gold,2025-08-07,ok,True,2025-08-07,2026-08-25,264.0,5.0,False,1.0,0.0,0.0,2135820.0,1885362652.98,0.724,0.74,1.02,0.88,1.48,1.55,,,,,,,1.88,0.0221,0.4088,0.2155,1.0442,1.1409,,,,,,,1.5967
ALL0026,AAUC.TO,Allied Gold Corporation,TSX,Gold,2023-09-11,ok,True,2023-09-11,2026-08-25,743.0,6.0,True,0.3333,1.0,0.0,2340.0,4432019234.1,16.02,15.15,12.3,11.55,9.9,8.58,21.47,,,,,,32.88,-0.0543,-0.2322,-0.279,-0.382,-0.4644,0.3402,,,,,,1.0524
ALM0005,AII.TO,Almonty Industries Inc.,TSX,,2018-06-01,no price near listing,False,2026-07-17,2026-07-17,1.0,0.0,False,1.0,0.0,0.0,,6696690360.12,,,,,,,,,,,,,19.25,,,,,,,,,,,,
ALT0013,ALS.TO,Altius Minerals Corporation,TSX,Gold | Copper | Nickel | Iron | Zinc | Potash | Lithium | Uranium,2007-01-15,ok,True,2003-03-19,2026-08-25,5885.0,11.0,False,1.0,0.0,2.7,28340.0,3540698682.56,8.9266,8.7779,8.3249,11.9831,18.4106,21.4021,4.2992,6.9232,9.6754,11.684,10.9042,16.11,67.33,-0.0167,-0.0674,0.3424,1.0624,1.3976,-0.5184,-0.2244,0.0839,0.3089,0.2215,0.8047,6.5426
SCO0013,USA.TO,Americas Gold and Silver Corporation,TSX,Silver,2006-10-18,ok,True,2000-02-22,2026-08-25,6658.0,11.0,True,0.0333,2.0,0.0,5077.0,2264878550.77,35.82,36.3,44.4,45.6,59.7,40.8,12.9,21.3,60.0,7.8,9.3,2.6,7.75,0.0134,0.2395,0.273,0.6667,0.139,-0.6399,-0.4054,0.675,-0.7822,-0.7404,-0.9274,-0.7836
AME0021,ARG.TO,Amerigo Resources Ltd.,TSX,Copper,2004-03-23,ok,True,2002-03-11,2026-08-25,6143.0,11.0,False,1.0,0.0,1.495,129220.0,992863161.72,1.0369,0.9782,0.8559,0.8217,0.807,1.1102,1.3559,1.3586,0.2837,0.7033,0.2708,0.7332,8.69,-0.0566,-0.1746,-0.2075,-0.2217,0.0707,0.3076,0.3103,-0.7264,-0.3217,-0.7388,-0.2929,7.3808
V-04572,APM.TO,Andean Precious Metals Corp.,TSX,Gold | Silver,2025-01-09,ok,True,2019-06-27,2026-08-25,1797.0,5.0,False,1.0,0.0,0.0,113300.0,878967938.58,1.276,1.39,1.62,1.62,3.14,9.67,,,,,,,7.24,0.0893,0.2696,0.2696,1.4608,6.5784,,,,,,,4.674
GRA0022,ARIS.TO,Aris Mining Corporation,TSX,Gold | Silver,2010-12-22,ok,True,2010-11-15,2026-08-25,3959.0,11.0,True,0.0027,2.0,0.345,685.0,4365734206.95,757.0703,763.3734,644.3152,602.2946,329.161,133.0651,115.5565,11.0654,1.961,1.7462,6.6529,21.58,29.25,0.0083,-0.1489,-0.2044,-0.5652,-0.8242,-0.8474,-0.9854,-0.9974,-0.9977,-0.9912,-0.9715,-0.9614
V-04422,AMC.TO,Arizona Metals Corp.,TSX,Gold | Copper | Zinc,2022-10-13,ok,True,2018-03-28,2026-08-25,2111.0,7.0,False,1.0,0.0,0.0,80340.0,21865653.28,3.846,3.63,4.34,4.56,4.35,2.82,1.61,0.83,,,,,0.215,-0.0562,0.1284,0.1856,0.131,-0.2668,-0.5814,-0.7842,,,,,-0.9441
V-00604,ATX.TO,ATEX Resources Inc.,TSX,Gold | Copper,2026-04-27,ok,True,1996-08-08,2026-08-25,7548.0,3.0,False,1.0,0.0,0.0,263120.0,914095960.48,3.148,2.9,2.96,2.36,,,,,,,,,2.83,-0.0788,-0.0597,-0.2503,,,,,,,,,-0.101
AVA0002,AVL.TO,Avalon Advanced Materials Inc.,TSX,Lithium,2008-02-28,ok,True,1996-08-08,2026-08-25,7549.0,11.0,True,0.0056,1.0,0.0,179.0,41781439.8,268.56,257.4,180.0,234.0,288.0,108.0,451.8,1305.0,199.8,63.0,23.4,25.2,9.43,-0.0416,-0.3298,-0.1287,0.0724,-0.5979,0.6823,3.8592,-0.256,-0.7654,-0.9129,-0.9062,-0.9649
AVI0002,ASM.TO,Avino Silver & Gold Mines Ltd.,TSX,Gold | Silver | Copper,2018-01-08,ok,True,1996-04-16,2026-08-25,7627.0,9.0,False,1.0,0.0,0.0,20700.0,1531213416.27,1.878,1.85,1.64,1.81,1.66,0.9,0.75,1.76,1.06,1.34,,,10.34,-0.0149,-0.1267,-0.0362,-0.1161,-0.5208,-0.6006,-0.0628,-0.4356,-0.2865,,,4.5059
MAY0003,AYA.TO,Aya Gold & Silver Inc.,TSX,Silver,2018-07-31,ok,True,2008-07-24,2026-08-25,4538.0,9.0,False,1.0,0.0,0.0,57040.0,3850374258.14,2.49,2.36,2.27,2.48,1.86,1.92,2.01,10.28,8.4,12.78,,,38.19,-0.0522,-0.0884,-0.004,-0.253,-0.2289,-0.1928,3.1285,2.3735,4.1325,,,14.3373
BTW0001,BTO.TO,B2Gold Corp.,TSX,Gold,2008-10-23,ok,True,2008-02-13,2026-08-25,4650.0,11.0,False,1.0,0.0,1.171,60560.0,7058009249.76,0.2796,0.2906,0.3141,0.3691,0.5811,0.6204,1.7591,2.7093,2.0967,1.2329,2.7171,4.1372,8.12,0.0393,0.1234,0.3201,1.0783,1.2189,5.2915,8.6899,6.4989,3.4095,8.7178,13.7969,28.0415
BAR0007,ABX.TO,Barrick Mining Corporation,TSX,Gold | Copper,1983-05-02,no price near listing,False,1995-01-12,2026-08-25,7946.0,1.0,False,1.0,0.0,10.659,,86745601490.1,,,,,,,,,,,,22.811,67.58,,,,,,,,,,,,
BEL0018,BSX.TO,Belo Sun Mining Corp.,TSX,Gold,2012-02-16,ok,True,2003-11-28,2026-08-25,5709.0,10.0,False,1.0,0.0,0.0,595260.0,590823251.2,1.016,1.01,0.92,0.8,1.19,1.22,0.53,0.23,1.06,0.33,0.59,,1.64,-0.0059,-0.0945,-0.2126,0.1713,0.2008,-0.4783,-0.7736,0.0433,-0.6752,-0.4193,,0.6142
BLA0018,BKI.TO,Black Iron Inc.,TSX,Iron,2011-03-28,ok,True,2011-03-29,2026-08-25,3867.0,11.0,False,1.0,0.0,0.0,265960.0,36555248.18,1.414,1.4,1.26,0.75,0.65,0.51,0.24,0.16,0.04,0.1,0.42,0.11,0.095,-0.0099,-0.1089,-0.4696,-0.5403,-0.6393,-0.8303,-0.8868,-0.9717,-0.9293,-0.703,-0.9222,-0.9328
X-1428,BGAU.TO,Blossom Gold Inc.,TSX,Gold | Silver,2026-02-02,ok,True,2026-02-12,2026-08-25,134.0,4.0,False,1.0,0.0,0.0,117980.0,254024455.77,1.864,1.7,2.21,1.95,1.69,,,,,,,,1.82,-0.088,0.1856,0.0461,-0.0933,,,,,,,,-0.0236
V-04982,BNKR.TO,Bunker Hill Mining Corp.,TSX,Silver | Lead | Zinc,2026-03-25,ok,True,2026-03-25,2026-08-25,106.0,3.0,False,1.0,0.0,0.0,24200.0,215726122.5,5.646,5.9,5.62,5.19,,,,,,,,,5.03,0.045,-0.0046,-0.0808,,,,,,,,,-0.1091
CAM0009,CCO.TO,Cameco Corporation,TSX,Uranium,1991-07-04,no price near listing,False,1995-01-12,2026-08-25,7946.0,4.0,False,6.0,2.0,5.9168,,62960647299.68,,,,,,,,,7.7267,4.9785,3.9259,35.6356,147.82,,,,,,,,,,,,
CAN0049,CCM.TO,Canagold Resources Ltd.,TSX,Gold,1994-11-03,no price near listing,False,1996-04-03,2026-08-25,7636.0,6.0,True,0.2,1.0,0.0,,117672371.3,,,,,,,9.0,4.15,1.25,0.85,3.3,0.8,0.59,,,,,,,,,,,,
CAP0012,CS.TO,Capstone Copper Corp.,TSX,Copper,2004-07-28,ok,True,1996-08-08,2026-08-25,7549.0,11.0,False,1.0,0.0,0.0,55460.0,9952201968.06,0.492,0.5,0.53,0.87,1.05,0.78,1.48,3.04,3.03,3.58,3.0,0.55,16.54,0.0163,0.0772,0.7683,1.1341,0.5854,2.0081,5.1789,5.1585,6.2764,5.0976,0.1179,32.6179
CEN0015,CG.TO,Centerra Gold Inc.,TSX,Gold | Copper,2004-06-29,ok,True,2004-06-30,2026-08-25,5561.0,11.0,False,3.0,1.0,2.93,1791420.0,4451938658.31,3.6817,3.6252,3.4756,4.0307,5.2496,4.6582,8.4717,7.639,3.8521,12.1906,4.7898,8.0434,33.45,-0.0153,-0.056,0.0948,0.4259,0.2652,1.301,1.0749,0.0463,2.3111,0.301,1.1847,8.0855
CEN0021,CNT.TO,Century Global Commodities Corporation,TSX,Iron,2011-09-19,no price near listing,False,2012-01-24,2026-08-25,3661.0,7.0,False,1.0,0.0,0.0,,4137191.975,,,,,1.97,1.05,0.41,0.42,0.19,0.2,0.25,,0.04,,,,,,,,,,,,
CHA0029,CIA.TO,Champion Iron Limited,TSX,Iron,2014-03-31,no price near listing,False,2014-07-02,2026-08-25,3049.0,8.0,False,1.0,0.0,0.82,,2189783465.02,,,,0.327,0.1807,0.1248,0.1592,0.8863,1.7725,4.2764,6.0145,,3.66,,,,,,,,,,,,
JIN0001,CGG.TO,China Gold International Resources Corp. Ltd.,TSX,Gold | Copper,2006-10-06,ok,True,2003-10-09,2026-08-25,5744.0,11.0,False,1.0,0.0,1.713,33500.0,8911381167.44,0.9667,0.9716,1.0124,1.1022,1.9268,1.9921,0.4735,1.1757,2.3514,2.3432,2.6535,3.0028,46.1,0.0051,0.0473,0.1402,0.9932,1.0607,-0.5102,0.2162,1.4324,1.4239,1.7449,2.1062,46.688
X-1471,CLCH.TO,Clinch Resources Ltd.,TSX,Coal,2026-03-20,ok,True,2026-03-20,2026-08-25,109.0,3.0,False,1.0,0.0,0.0,89180.0,472838818.97,2.06,1.6,1.35,1.45,,,,,,,,,1.14,-0.2233,-0.3447,-0.2961,,,,,,,,,-0.4466
X-1466,CDE.TO,"Coeur Mining, Inc.",TSX,Gold | Silver | Copper,2026-03-16,ok,True,2026-03-17,2026-08-25,112.0,3.0,False,1.0,0.0,0.028,93620.0,14883821324.9,25.1113,24.3921,26.9692,26.09,,,,,,,,,29.82,-0.0286,0.074,0.039,,,,,,,,,0.1875
V-04532,CNL.TO,Collective Mining Ltd.,TSX,Gold | Silver | Copper | Tungsten,2023-09-06,ok,True,2019-01-11,2026-08-25,1913.0,6.0,False,1.0,0.0,0.0,70860.0,1618339297.15,6.262,5.93,4.92,4.21,4.12,4.44,19.27,,,,,,22.74,-0.053,-0.2143,-0.3277,-0.3421,-0.291,2.0773,,,,,,2.6314
X-1494,CTGO.TO,Contango Silver & Gold Inc.,TSX,Gold | Silver,2026-04-13,ok,True,2026-04-13,2026-08-25,94.0,3.0,False,1.0,0.0,0.0,14960.0,688846156.14,33.892,32.81,36.26,23.12,,,,,,,,,28.24,-0.0319,0.0699,-0.3178,,,,,,,,,-0.1668
COP0013,COPR.TO,Coppernico Metals Inc.,TSX,Gold | Copper,2024-08-13,ok,True,2024-08-13,2026-08-25,511.0,6.0,False,1.0,0.0,0.0,329682.0,58870835.87,0.312,0.295,0.395,0.37,0.205,0.185,0.45,,,,,,0.4325,-0.0545,0.266,0.1859,-0.3429,-0.4071,0.4423,,,,,,0.3862
DEN0006,DML.TO,Denison Mines Corp.,TSX,Uranium,2004-03-12,ok,True,1997-05-20,2026-08-25,7353.0,11.0,False,1.0,0.0,0.0,345971.0,3936870181.8,2.1743,2.4112,2.0305,1.692,3.2487,4.3824,5.3553,11.7513,1.0237,2.6988,1.78,0.68,5.13,0.109,-0.0661,-0.2218,0.4941,1.0155,1.463,4.4046,-0.5292,0.2412,-0.1813,-0.6873,1.3594
V-02131,DSV.TO,Discovery Silver Corp.,TSX,Silver,2023-02-03,ok,True,2014-10-24,2026-08-25,2970.0,7.0,False,1.0,0.0,0.0,321320.0,6891556105.44,1.262,1.27,1.1,1.18,0.75,0.63,1.51,9.18,,,,,12.66,0.0063,-0.1284,-0.065,-0.4057,-0.5008,0.1965,6.2742,,,,,9.0317
DUN0006,DPM.TO,DPM Metals Inc.,TSX,Gold | Copper,1983-11-01,no price near listing,False,1995-01-12,2026-08-25,7946.0,1.0,False,5.0,1.0,1.251,,10160951933.02,,,,,,,,,,,,1.8747,69.74,,,,,,,,,,,,
DYN0019,DNG.TO,Dynacor Group Inc.,TSX,Copper,2007-10-24,ok,True,2007-10-25,2026-08-25,4726.0,11.0,False,1.0,0.0,0.814,6440.0,253790070.6,0.4808,0.4683,0.2732,0.3044,0.3434,0.1171,0.2264,0.7806,1.0538,1.3114,1.5611,2.3634,6.06,-0.026,-0.4318,-0.3669,-0.2858,-0.7564,-0.5291,0.6235,1.1918,1.7275,2.2469,3.9156,11.604
ELG0001,ELR.TO,Eastern Platinum Limited,TSX,Platinum/PGM,2005-01-10,ok,True,1996-08-13,2026-08-25,7546.0,11.0,True,0.1,1.0,0.0,25376.0,62827384.93,3.26,3.2,3.9,3.8,11.5,13.7,12.8,29.9,13.2,6.1,1.6,0.35,0.36,-0.0184,0.1963,0.1656,2.5276,3.2025,2.9264,8.1718,3.0491,0.8712,-0.5092,-0.8926,-0.8896
ANG0008,ECOR.TO,Ecora Royalties PLC,TSX,Copper | Nickel | Iron | Rare Earths | Lithium | Coal,2010-07-09,no price near listing,False,2010-08-17,2026-08-25,4021.0,10.0,False,1.0,0.0,1.742,,638978629.12,,,2.0858,2.2108,2.675,2.3706,2.2998,1.5817,1.007,1.3208,2.2028,1.2204,3.3,,,,,,,,,,,,
ELD0001,ELD.TO,Eldorado Gold Corporation,TSX,Gold | Silver | Copper,1993-10-22,no price near listing,False,1996-04-16,2026-08-25,7628.0,5.0,False,1.0,0.0,2.157,,11532705646.1,,,,,,,,41.731,2.2065,2.926,18.707,22.8321,66.5,,,,,,,,,,,,
V-02730,ELE.TO,Elemental Royalty Corporation,TSX,Gold | Silver | Copper | Platinum/PGM | Iron | Tungsten,2026-04-07,ok,True,2012-01-03,2026-08-25,3676.0,3.0,False,1.0,0.0,0.043,35600.0,1602245843.88,26.9084,27.9285,24.2154,24.2,,,,,,,,,31.58,0.0379,-0.1001,-0.1007,,,,,,,,,0.1736
V-00622,ELO.TO,Eloro Resources Ltd.,TSX,Gold | Silver,2023-03-06,ok,True,2007-10-25,2026-08-25,4726.0,7.0,False,1.0,0.0,0.0,50820.0,197966153.69,3.404,3.39,3.65,3.45,2.38,1.31,0.9,2.43,,,,,2.12,-0.0041,0.0723,0.0135,-0.3008,-0.6152,-0.7356,-0.2861,,,,,-0.3772
END0004,EDV.TO,Endeavour Mining plc,TSX,Gold,2003-11-20,ok,True,1996-08-08,2026-08-25,7549.0,11.0,True,0.1,1.0,12.639,21716.0,17196532153.32,28.293,29.9431,26.3158,32.1435,19.7147,27.3255,30.301,53.6188,14.0954,23.1396,5.0054,15.0325,90.85,0.0583,-0.0699,0.1361,-0.3032,-0.0342,0.071,0.8951,-0.5018,-0.1821,-0.8231,-0.4687,2.211
END0005,EDR.TO,Endeavour Silver Corp.,TSX,Gold | Silver,2006-02-07,ok,True,1996-08-08,2026-08-25,7549.0,11.0,False,1.0,0.0,0.0,447840.0,3485596977.83,2.934,2.87,3.67,4.62,3.6,5.02,3.32,1.88,6.73,6.94,1.88,6.18,15.33,-0.0218,0.2509,0.5746,0.227,0.711,0.1316,-0.3592,1.2938,1.3654,-0.3592,1.1063,4.2249
ENE0020,EFR.TO,Energy Fuels Inc.,TSX,Uranium,2007-03-19,ok,True,1996-07-31,2026-08-25,7554.0,11.0,True,0.02,1.0,0.0,3209.0,5148349672.2,207.2,208.0,223.5,152.0,90.0,77.5,10.5,11.0,14.5,11.65,2.98,10.58,22.09,0.0039,0.0787,-0.2664,-0.5656,-0.626,-0.9493,-0.9469,-0.93,-0.9438,-0.9856,-0.9489,-0.8934
ENT0005,ETG.TO,Entree Resources Ltd.,TSX,Gold | Copper,2006-04-24,ok,True,2001-02-06,2026-08-25,6417.0,11.0,False,1.0,0.0,0.0,90100.0,642401433.52,2.724,2.7,1.46,1.24,1.84,2.57,1.52,1.34,2.58,0.26,0.38,0.8,2.54,-0.0088,-0.464,-0.5448,-0.3245,-0.0565,-0.442,-0.5081,-0.0529,-0.9046,-0.8605,-0.7063,-0.0675
V-02583,EQX.TO,Equinox Gold Corp.,TSX,Gold,2019-11-25,ok,True,2014-07-02,2026-08-25,3049.0,8.0,False,1.0,0.0,0.072,67740.0,10906127102.84,7.6565,8.0868,9.9491,12.658,12.4787,12.4987,9.3914,4.6609,7.6884,,,,19.33,0.0562,0.2994,0.6532,0.6298,0.6324,0.2266,-0.3912,0.0042,,,,1.5247
ERD0001,ERD.TO,Erdene Resource Development Corporation,TSX,Gold | Copper,2005-12-14,ok,True,2004-05-07,2026-08-25,5598.0,11.0,True,0.1667,1.0,0.0,6306.0,343864026.14,4.884,5.52,6.0,6.24,5.64,4.62,6.6,0.9,7.8,0.96,0.84,2.28,6.85,0.1302,0.2285,0.2776,0.1548,-0.0541,0.3514,-0.8157,0.5971,-0.8034,-0.828,-0.5332,0.4025
ERO0001,ERO.TO,Ero Copper Corp.,TSX,Copper,2017-10-19,ok,True,2017-10-19,2026-08-25,2221.0,9.0,False,1.0,0.0,0.0,394260.0,3949006648.16,4.966,5.0,6.45,8.0,8.0,10.64,16.44,19.66,16.07,26.87,,,55.85,0.0068,0.2988,0.611,0.611,1.1426,2.3105,2.9589,2.236,4.4108,,,10.2465
EUR0016,ESM.TO,Euro Sun Mining Inc.,TSX,Gold | Copper,2016-09-12,ok,True,2016-09-21,2026-08-25,2491.0,9.0,False,1.0,0.0,0.0,82540.0,59886625.455,1.16,1.16,1.12,0.71,0.68,1.69,0.69,0.4,0.4,0.035,,,0.1575,0.0,-0.0345,-0.3879,-0.4138,0.4569,-0.4052,-0.6552,-0.6552,-0.9698,,,-0.8642
FAR0008,FDY.TO,Faraday Copper Corp.,TSX,Copper,2022-11-03,ok,True,2018-01-02,2026-08-25,2171.0,7.0,False,1.0,0.0,0.0,84560.0,1751766964.25,0.454,0.43,0.57,0.77,0.96,0.63,0.9,2.12,,,,,5.92,-0.0529,0.2555,0.696,1.1145,0.3877,0.9824,3.6696,,,,,12.0396
X-1028,FFM.TO,FireFly Metals Ltd.,TSX,Gold | Copper,2024-12-16,ok,True,2024-12-17,2026-08-24,422.0,5.0,False,1.0,0.0,0.0,22820.0,1391502602.08,0.902,0.9,0.88,0.98,0.99,1.65,,,,,,,1.87,-0.0022,-0.0244,0.0865,0.0976,0.8293,,,,,,,1.0732
FIR0059,AG.TO,First Majestic Silver Corp.,TSX,Gold | Silver,2008-01-15,ok,True,1996-08-08,2026-08-25,7549.0,11.0,False,1.0,0.0,0.188,263620.0,11872122499.44,4.5865,4.2161,4.2456,4.3343,4.7185,2.0883,4.1373,12.3232,19.0709,7.654,8.3238,11.6191,29.35,-0.0808,-0.0743,-0.055,0.0288,-0.5447,-0.0979,1.6868,3.1581,0.6688,0.8148,1.5333,5.3992
FIR0127,FF.TO,First Mining Gold Corp.,TSX,Gold,2017-06-22,ok,True,2015-04-21,2026-08-25,2848.0,9.0,False,1.0,0.0,0.0,733620.0,858609494.88,0.724,0.71,0.63,0.64,0.58,0.44,0.225,0.34,0.23,0.12,,,0.94,-0.0193,-0.1298,-0.116,-0.1989,-0.3923,-0.6892,-0.5304,-0.6823,-0.8343,,,0.2983
FIR0023,FM.TO,First Quantum Minerals Ltd.,TSX,Gold | Copper | Molybdenum,2000-01-11,no price near listing,False,2000-06-30,2026-08-25,6567.0,8.0,False,5.0,1.0,1.7784,,32317145708.64,,,,,0.4527,0.5197,0.5613,0.6772,3.0964,10.045,17.1885,15.7155,48.69,,,,,,,,,,,,
FOR0019,FSY.TO,Forsys Metals Corp.,TSX,Uranium,2006-10-17,no price near listing,False,2026-07-17,2026-08-19,7.0,0.0,False,1.0,0.0,0.0,,110126460.15,,,,,,,,,,,,,0.56,,,,,,,,,,,,
FOR0023,FVI.TO,Fortuna Mining Corp.,TSX,Gold | Silver | Lead | Zinc,2010-01-18,ok,True,1994-06-03,2026-08-25,8101.0,11.0,False,1.0,0.0,0.0,620320.0,3590387359.13,2.598,2.5,2.34,2.51,2.02,4.24,5.6,4.57,5.8,8.51,5.1,6.55,17.2,-0.0377,-0.0993,-0.0339,-0.2225,0.632,1.1555,0.759,1.2325,2.2756,0.963,1.5212,5.6205
FOR0013,FT.TO,Fortune Minerals Limited,TSX,,1997-10-31,no price near listing,False,1998-06-03,2026-08-25,7091.0,7.0,False,1.0,0.0,0.0,,98461341.75,,,,,,5.3,0.45,0.48,0.5,3.33,2.3,0.46,0.1425,,,,,,,,,,,,
FRA0009,FNV.TO,Franco-Nevada Corporation,TSX,Oil and Gas | Gold | Silver | Platinum/PGM,2007-12-19,ok,True,2007-12-03,2026-08-25,4699.0,11.0,False,1.0,0.0,20.261,1026280.0,57071766585.9,12.0003,12.3761,14.884,16.5423,18.6508,15.808,21.8327,27.8456,49.2785,49.1449,89.8624,181.7192,375.33,0.0313,0.2403,0.3785,0.5542,0.3173,0.8193,1.3204,3.1064,3.0953,6.4883,14.1429,30.2767
INT0028,FVL.TO,Freegold Ventures Limited,TSX,Gold,1998-05-19,ok,True,1998-05-19,2026-08-25,7102.0,11.0,True,0.25,1.0,0.0,438.0,554593699.2,15.744,16.56,13.2,5.04,9.12,3.12,6.48,2.88,2.16,0.96,6.96,0.33,1.34,0.0518,-0.1616,-0.6799,-0.4207,-0.8018,-0.5884,-0.8171,-0.8628,-0.939,-0.5579,-0.979,-0.9149
AUR0018,FURY.TO,Fury Gold Mines Limited,TSX,Gold,2016-11-01,no price near listing,False,2018-07-10,2026-08-25,2040.0,4.0,True,0.675,1.0,0.0,,142592895.75,,,,,,,2.2222,2.8593,0.82,0.45,,,0.88,,,,,,,,,,,,
SUL0004,FMR.TO,Future Mineral Resources Inc.,TSX,Gold,2014-08-11,ok,True,2014-08-11,2026-08-24,3021.0,10.0,True,0.1,1.0,0.0,23510.0,6307533.0,5.15,3.35,4.85,3.6,3.0,2.0,4.2,2.5,0.8,1.05,0.15,,0.25,-0.3495,-0.0583,-0.301,-0.4175,-0.6117,-0.1845,-0.5146,-0.8447,-0.7961,-0.9709,,-0.9515
V-04606,GMIN.TO,G Mining Ventures Corp.,TSX,Gold,2024-01-11,ok,True,2019-10-24,2026-08-25,1716.0,6.0,True,0.25,1.0,0.0,41450.0,9876409065.91,6.824,7.28,7.52,8.72,10.16,13.2,41.99,,,,,,56.33,0.0668,0.102,0.2778,0.4889,0.9343,5.1533,,,,,,7.2547
V-03674,GTWO.TO,G2 Goldfields Inc.,TSX,,2024-04-09,no price near listing,False,2026-07-17,2026-07-30,10.0,0.0,False,1.0,0.0,0.0,,2433843775.77,,,,,,,,,,,,,9.68,,,,,,,,,,,,
KEE0001,GAU.TO,Galiano Gold Inc.,TSX,Gold,2008-12-22,no price near listing,False,2009-01-28,2026-08-25,4410.0,10.0,False,1.0,0.0,0.0,,692492959.7,,,1.27,2.76,3.64,6.43,8.9,3.81,1.71,2.08,0.88,0.88,3.31,,,,,,,,,,,,
GEN0033,GENM.TO,Generation Mining Limited,TSX,Copper | Platinum/PGM,2020-07-15,ok,True,2018-05-09,2026-08-25,2082.0,8.0,False,1.0,0.0,0.0,459037.0,216302962.81,0.435,0.45,0.45,0.45,0.89,1.11,0.53,0.42,0.39,,,,0.76,0.0345,0.0345,0.0345,1.046,1.5517,0.2184,-0.0345,-0.1034,,,,0.7471
V-00155,GLO.TO,Global Atomic Corporation,TSX,Zinc | Uranium,2019-05-08,ok,True,2007-10-25,2026-08-25,4726.0,9.0,False,1.0,0.0,0.0,24640.0,303974955.32,0.428,0.41,0.49,0.51,0.45,0.65,3.08,3.02,2.24,0.82,,,0.62,-0.0421,0.1449,0.1916,0.0514,0.5187,6.1963,6.0561,4.2336,0.9159,,,0.4486
GLO0015,GMX.TO,Globex Mining Enterprises Inc.,TSX,Gold | Silver | Copper | Nickel | Molybdenum | Platinum/PGM | Iron | Lead | Zinc | Rare Earths | Lithium,1995-12-27,no price near listing,False,1996-08-13,2026-08-25,7546.0,7.0,False,1.0,0.0,0.0,,112295586.92,,,,,,4.75,2.0,0.15,0.17,0.9,3.89,2.01,2.1,,,,,,,,,,,,
GOG0001,GGD.TO,GoGold Resources Inc.,TSX,Gold | Silver,2013-01-22,ok,True,2010-04-22,2026-08-25,4099.0,10.0,False,1.0,0.0,0.0,11580.0,1378374055.98,1.32,1.32,1.24,1.06,1.02,1.22,1.54,1.04,0.37,0.76,2.49,,4.47,0.0,-0.0606,-0.197,-0.2273,-0.0758,0.1667,-0.2121,-0.7197,-0.4242,0.8864,,2.3864
SOU0020,GRC.TO,Gold Springs Resource Corp.,TSX,Gold,2007-02-16,no price near listing,False,2007-10-25,2026-08-25,4726.0,7.0,False,1.0,0.0,0.0,,21226011.9,,,,,,0.54,0.34,0.31,1.68,0.29,0.28,0.23,0.07,,,,,,,,,,,,
GOL0062,AUMN.TO,Golden Minerals Company,TSX,Gold,2009-07-16,no price near listing,False,2009-10-29,2026-08-25,4221.0,8.0,False,1.0,0.0,0.0,,5573449.16,,,,,362.25,191.0,446.25,110.75,33.0,26.5,9.75,0.55,0.3,,,,,,,,,,,,
GOL0070,GOLD.TO,GoldMining Inc.,TSX,Gold,2018-06-19,no price near listing,False,2018-07-10,2026-08-25,2040.0,8.0,False,1.0,0.0,0.0,,274680535.04,,,0.91,0.85,0.75,0.86,1.59,1.8,1.21,1.04,,,1.63,,,,,,,,,,,,
X-1325,MOLY.TO,Greenland Resources Inc.,TSX,Molybdenum,2025-12-05,no price near listing,False,2025-12-22,2026-08-25,169.0,4.0,False,1.0,0.0,0.0,,189848030.4,,1.55,1.52,1.85,1.5,,,,,,,,1.48,,,,,,,,,,,,
EXC0014,GCU.TO,Gunnison Copper Corp.,TSX,Copper,2017-02-02,no price near listing,False,2017-02-27,2026-08-25,2383.0,8.0,False,1.0,0.0,0.0,,186904797.37,,,0.84,0.78,1.04,1.09,0.83,1.12,0.44,0.13,,,0.46,,,,,,,,,,,,
V-02897,HMMC.TO,Hemlo Mining Corp.,TSX,Gold,2026-06-15,ok,True,2008-09-08,2026-08-25,4508.0,2.0,False,1.0,0.0,0.0,574400.0,1561869731.36,6.56,6.36,6.43,,,,,,,,,,8.34,-0.0305,-0.0198,,,,,,,,,,0.2713
X-1129,HSLV.TO,Highlander Silver Corp.,TSX,Gold | Silver,2025-05-13,ok,True,2025-05-13,2026-08-25,323.0,5.0,False,1.0,0.0,0.0,65560.0,1354799963.88,2.258,2.21,2.575,3.64,3.72,8.82,,,,,,,7.66,-0.0213,0.1404,0.612,0.6475,2.9061,,,,,,,2.3924
HUD0003,HBM.TO,HudBay Minerals Inc.,TSX,Gold | Silver | Copper | Zinc,2004-12-24,no price near listing,False,2005-02-18,2026-08-25,5401.0,9.0,False,1.0,0.0,0.86,,14873574948.65,,,,3.1236,2.6642,5.3284,20.0368,18.0248,12.1543,9.4536,9.0965,5.1896,42.55,,,,,,,,,,,,
I800001,IAU.TO,i-80 Gold Corp.,TSX,Gold,2021-04-13,ok,True,2021-04-13,2026-08-25,1348.0,8.0,False,1.0,0.0,0.0,837120.0,1783213938.04,2.388,2.55,2.37,2.52,3.09,3.5,3.51,1.63,2.33,,,,2.66,0.0678,-0.0075,0.0553,0.294,0.4657,0.4698,-0.3174,-0.0243,,,,0.1139
IAM0001,IMG.TO,IAMGold Corporation,TSX,Gold,1996-03-08,no price near listing,False,1996-08-13,2026-08-25,7546.0,8.0,False,1.0,0.0,1.159,,13011594749.45,,,,,6.3135,5.5243,4.2528,3.8582,2.1045,5.8178,9.0495,19.979,30.61,,,,,,,,,,,,
IMP0004,III.TO,Imperial Metals Corporation,TSX,Gold | Copper,1984-12-27,no price near listing,False,1996-05-08,2026-08-25,7612.0,1.0,True,0.2,2.0,0.0,,1102879517.54,,,,,,,,,,,,1.6,9.78,,,,,,,,,,,,
INT0123,ITH.TO,International Tower Hill Mines Ltd.,TSX,Gold,2009-12-01,ok,True,1996-08-08,2026-08-25,7549.0,11.0,False,1.0,0.0,0.0,467480.0,750899547.51,7.832,7.65,7.5,6.97,7.56,9.93,4.91,2.14,0.45,0.8,0.71,0.65,3.87,-0.0232,-0.0424,-0.1101,-0.0347,0.2679,-0.3731,-0.7268,-0.9425,-0.8979,-0.9093,-0.917,-0.5059
V-04315,ISO.TO,IsoEnergy Ltd.,TSX,Uranium,2024-07-08,ok,True,2024-06-03,2026-08-25,560.0,6.0,True,0.25,1.0,0.0,32445.0,857634225.98,16.208,16.28,11.12,12.92,12.24,9.4,13.87,,,,,,16.73,0.0044,-0.3139,-0.2029,-0.2448,-0.42,-0.1442,,,,,,0.0322
IVA0004,IE.TO,Ivanhoe Electric Inc.,TSX,Gold | Silver | Copper,2022-06-28,ok,True,2022-06-28,2026-08-25,1044.0,7.0,False,1.0,0.0,0.0,5460.0,2184017809.54,11.932,11.6,11.0,10.97,15.6,18.53,12.96,13.23,,,,,16.86,-0.0278,-0.0781,-0.0806,0.3074,0.553,0.0862,0.1088,,,,,0.413
IVA0003,IVN.TO,Ivanhoe Mines Ltd.,TSX,Copper | Nickel | Platinum/PGM | Zinc,2012-10-23,ok,True,2012-10-17,2026-08-25,3477.0,10.0,False,1.0,0.0,0.0,1460580.0,15846995964.14,4.74,4.63,4.77,5.2,2.89,2.38,1.02,0.74,4.35,3.34,9.23,,12.48,-0.0232,0.0063,0.097,-0.3903,-0.4979,-0.7848,-0.8439,-0.0823,-0.2954,0.9473,,1.6329
JAG0003,JAG.TO,Jaguar Mining Inc.,TSX,Gold,2016-08-03,ok,True,2002-02-11,2026-08-25,6163.0,10.0,True,0.1,1.0,0.52,0.0,441160551.37,7.2596,7.2596,6.7151,6.8059,6.3521,2.3594,2.7224,2.4501,5.4393,1.7,5.82,,7.87,0.0,-0.075,-0.0625,-0.125,-0.675,-0.625,-0.6625,-0.2507,-0.7658,-0.1983,,0.0841
V-03719,KNT.TO,K92 Mining Inc.,TSX,Gold | Copper,2020-12-09,ok,True,2011-01-10,2026-08-25,3909.0,8.0,False,1.0,0.0,0.0,542840.0,5460171516.24,7.384,7.09,7.85,6.12,8.26,6.92,8.09,5.67,20.68,,,,30.93,-0.0398,0.0631,-0.1712,0.1186,-0.0628,0.0956,-0.2321,1.8007,,,,3.1888
KAR0003,KRN.TO,Karnalyte Resources Inc.,TSX,Potash,2010-12-14,ok,True,2010-12-14,2026-08-25,3938.0,11.0,False,1.0,0.0,0.0,359740.0,16518034.42,7.968,8.04,9.2,12.0,10.0,9.8,7.21,1.45,0.8,0.45,0.21,0.27,0.29,0.009,0.1546,0.506,0.255,0.2299,-0.0951,-0.818,-0.8996,-0.9435,-0.9736,-0.9661,-0.9636
KIN0008,K.TO,Kinross Gold Corporation,TSX,Gold,1983-07-26,no price near listing,False,2002-07-08,2026-08-25,6061.0,0.0,True,0.3333,1.0,1.694,,39928728588.94,,,,,,,,,,,,,46.18,,,,,,,,,,,,
LAB0003,LIF.TO,Labrador Iron Ore Royalty Corporation,TSX,Gold | Silver | Iron,1995-11-28,no price near listing,False,2008-07-25,2026-08-25,4537.0,1.0,False,2.0,1.0,42.275,,1785600000.0,,,,,,,,,,,,8.477,27.3,,,,,,,,,,,,
LAR0004,LAM.TO,Laramide Resources Ltd.,TSX,Uranium,2006-08-08,ok,True,1992-01-10,2026-08-25,8703.0,11.0,False,1.0,0.0,0.0,79800.0,159267080.0,5.436,5.7,6.24,7.85,10.5,8.7,3.21,1.52,0.96,0.59,0.25,0.48,0.74,0.0486,0.1479,0.4441,0.9316,0.6004,-0.4095,-0.7204,-0.8234,-0.8915,-0.954,-0.9117,-0.8639
LAR0005,LGO.TO,Largo Inc.,TSX,,2016-07-04,ok,True,1996-08-08,2026-08-25,7549.0,10.0,True,0.1,1.0,0.0,15226.0,90566384.48,4.62,4.7,6.0,4.4,4.9,4.0,18.5,18.1,18.58,5.8,1.12,,1.06,0.0173,0.2987,-0.0476,0.0606,-0.1342,3.0043,2.9177,3.0216,0.2554,-0.7576,,-0.7706
PIL0001,LGD.TO,Liberty Gold Corp.,TSX,Gold,2011-04-11,no price near listing,False,2012-02-13,2026-08-25,3647.0,7.0,False,1.0,0.0,0.0,,797230348.64,,,,,,1.69,1.56,1.41,0.67,0.42,1.52,1.22,1.99,,,,,,,,,,,,
LIT0005,LAC.TO,Lithium Americas Corp.,TSX,Lithium,2023-10-04,ok,True,2023-10-04,2026-08-25,726.0,6.0,False,1.0,0.0,0.0,796420.0,1935013478.58,14.968,13.38,10.08,8.46,9.54,3.41,12.64,,,,,,4.49,-0.1061,-0.3266,-0.4348,-0.3626,-0.7722,-0.1555,,,,,,-0.7
WES0066,LAR.TO,Lithium Argentina AG,TSX,Lithium,2011-02-02,ok,True,2008-07-16,2026-08-25,4544.0,11.0,True,0.4968,2.0,0.0,77033.0,1923590547.72,2.8019,2.5966,2.9187,2.1739,1.4493,0.8454,0.3221,0.6441,0.9259,3.3575,9.9638,9.97,9.3,-0.0733,0.0417,-0.2241,-0.4827,-0.6983,-0.885,-0.7701,-0.6695,0.1983,2.5561,2.5583,2.3192
LUC0004,LUC.TO,Lucara Diamond Corp.,TSX,Diamond,2011-08-29,ok,True,2006-02-07,2026-08-25,5158.0,11.0,False,1.0,0.0,0.905,1083480.0,223652577.45,0.6814,0.6843,0.6627,0.5763,0.8212,0.461,0.6987,1.7598,3.2921,2.0007,0.7,0.165,0.165,0.0043,-0.0274,-0.1542,0.2052,-0.3235,0.0254,1.5826,3.8314,1.9362,0.0273,-0.7579,-0.7579
X-1509,LMCU.TO,Lumina Metals Corp.,TSX,Silver | Copper,2026-04-30,ok,True,2026-04-30,2026-08-25,81.0,3.0,False,1.0,0.0,0.0,1650080.0,1115277403.02,11.406,10.5,11.69,8.75,,,,,,,,,10.76,-0.0794,0.0249,-0.2329,,,,,,,,,-0.0566
LUN0005,LUG.TO,Lundin Gold Inc.,TSX,Gold,2014-12-19,ok,True,1996-08-08,2026-08-25,7547.0,10.0,False,1.055,1.0,8.3248,337.0,18502105653.29,3.354,3.354,3.354,3.354,3.0699,3.0778,3.9537,3.354,6.1239,7.505,27.5774,,107.0,0.0,0.0,0.0,-0.0847,-0.0823,0.1788,0.0,0.8258,1.2376,7.2222,,30.9022
LUN0002,LUN.TO,Lundin Mining Corporation,TSX,Gold | Copper | Nickel | Zinc,2004-08-12,ok,True,1996-08-08,2026-08-25,7549.0,11.0,False,3.0,1.0,2.42,18720.0,29561895025.92,1.8494,1.8834,1.8311,2.4197,3.0606,3.2437,8.24,9.8801,3.0684,4.2142,4.9518,4.8353,38.5,0.0184,-0.0099,0.3084,0.6549,0.7539,3.4555,4.3423,0.6591,1.2787,1.6775,1.6145,19.8176
V-5087,LUNR.TO,LunR Royalties Corp.,TSX,Gold | Silver | Copper,2026-06-08,ok,True,2025-12-23,2026-08-25,168.0,2.0,False,1.0,0.0,0.0,441300.0,2284822247.4,21.838,25.5,18.72,,,,,,,,,,22.28,0.1677,-0.1428,,,,,,,,,,0.0202
V-03887,NICU.TO,Magna Mining Inc.,TSX,Copper | Nickel,2026-06-23,ok,True,2020-07-21,2026-08-25,1530.0,2.0,False,1.0,0.0,0.0,337300.0,524306869.79,2.096,2.09,2.28,,,,,,,,,,2.7,-0.0029,0.0878,,,,,,,,,,0.2882
COR0032,MARI.TO,Marimaca Copper Corp.,TSX,Copper,2007-07-09,no price near listing,False,2007-10-25,2026-08-25,4726.0,8.0,True,0.04,1.0,0.0,,1013701752.6,,,,,36.25,41.25,5.5,7.5,6.25,2.0,2.5,2.99,8.7,,,,,,,,,,,,
USG0001,MUX.TO,McEwen Inc.,TSX,Gold | Silver | Copper,2006-08-30,ok,True,2006-08-30,2026-08-25,5016.0,11.0,True,0.1,1.0,0.31,2778.0,1547518085.2,71.2773,70.5882,53.3596,51.1937,58.8727,61.6293,13.4876,30.224,56.8053,26.4829,50.4813,13.8,29.66,-0.0097,-0.2514,-0.2818,-0.174,-0.1354,-0.8108,-0.576,-0.203,-0.6285,-0.2918,-0.8064,-0.5839
MEG0005,MGA.TO,Mega Uranium Ltd.,TSX,Uranium,2006-09-06,no price near listing,True,2004-05-07,2026-08-25,5565.0,9.0,False,1.0,0.0,0.0,,203997338.67,,,,5.58,5.58,3.48,1.34,1.17,0.32,0.1,0.16,0.3,0.68,,,,,,,,,,,,
V-01810,MNO.TO,Meridian Mining PLC,TSX,Gold | Copper,2022-04-04,ok,True,2004-07-28,2026-08-25,5542.0,7.0,False,1.0,0.0,0.0,197360.0,776821622.4,1.006,1.0,0.92,0.53,0.53,0.58,0.36,0.59,,,,,1.76,-0.006,-0.0855,-0.4732,-0.4732,-0.4235,-0.6421,-0.4135,,,,,0.7495
MIN0027,MSV.TO,Minco Silver Corporation,TSX,Silver,2005-12-01,ok,True,2005-12-06,2026-08-25,5200.0,11.0,False,1.0,0.0,0.0,18640.0,29888165.255,1.948,1.95,1.9,3.4,4.1,2.81,3.09,0.35,6.6,1.5,0.37,0.5,0.8,0.001,-0.0246,0.7454,1.1047,0.4425,0.5862,-0.8203,2.3881,-0.23,-0.8101,-0.7433,-0.5893
MIN0036,MSA.TO,Mineros S.A.,TSX,Gold,2021-11-19,ok,True,2021-11-19,2026-08-25,1195.0,7.0,False,1.0,0.0,0.557,125460.0,1872290672.61,0.7557,0.7531,0.7338,0.714,0.6071,0.489,0.4745,1.2232,,,,,8.35,-0.0034,-0.029,-0.0552,-0.1966,-0.3529,-0.3721,0.6186,,,,,10.0494
V-04671,MAU.TO,Montage Gold Corp.,TSX,Gold,2025-04-29,ok,True,2020-10-23,2026-08-25,1465.0,5.0,False,1.0,0.0,0.0,261240.0,6504456550.43,3.608,3.97,4.55,4.41,6.35,13.1,,,,,,,20.75,0.1003,0.2611,0.2223,0.76,2.6308,,,,,,,4.7511
MOU0003,MPVD.TO,Mountain Province Diamonds Inc.,TSX,,1999-01-22,no price near listing,False,2026-07-17,2026-07-17,1.0,0.0,False,1.0,0.0,0.0,,4252248.86,,,,,,,,,,,,,0.015,,,,,,,,,,,,
V-01366,NUAG.TO,New Pacific Metals Corp.,TSX,Gold | Silver,2020-08-11,ok,True,2017-03-01,2026-08-25,2381.0,8.0,False,1.0,0.0,0.0,97560.0,1061105402.97,6.0,5.94,6.34,6.49,7.47,4.51,3.75,3.09,2.23,,,,9.78,-0.01,0.0567,0.0817,0.245,-0.2483,-0.375,-0.485,-0.6283,,,,0.63
NEX0009,NXE.TO,NexGen Energy Ltd.,TSX,Uranium,2016-07-15,ok,True,2014-07-02,2026-08-25,3049.0,10.0,False,1.0,0.0,0.0,543560.0,8914824265.32,2.428,2.37,2.45,1.71,2.93,3.18,2.52,2.13,4.89,6.07,12.77,,15.49,-0.0239,0.0091,-0.2957,0.2068,0.3097,0.0379,-0.1227,1.014,1.5,4.2595,,5.3797
ENE0022,NEXT.TO,NextSource Materials Inc.,TSX,,2011-06-16,no price near listing,False,2012-01-24,2026-08-25,3661.0,7.0,True,0.1,1.0,0.0,,80654166.12,,,,,,3.3,1.5,1.5,0.8,1.1,3.0,0.35,0.265,,,,,,,,,,,,
V-04593,NGEX.TO,NGEx Minerals Ltd.,TSX,Gold | Silver | Copper,2024-02-22,ok,True,2019-08-20,2026-08-25,1761.0,6.0,False,1.0,0.0,0.0,87360.0,5503875836.4,8.058,7.85,8.6,9.38,10.41,13.9,30.03,,,,,,30.24,-0.0258,0.0673,0.1641,0.2919,0.725,2.7267,,,,,,2.7528
NOR0082,NCF.TO,Northcliff Resources Ltd.,TSX,Molybdenum | Tungsten,2012-02-02,no price near listing,False,2012-08-13,2026-08-25,3522.0,6.0,False,1.0,0.0,0.0,,188495298.3,,,,,,0.39,0.25,0.15,0.125,0.075,0.035,,0.31,,,,,,,,,,,,
NOR0075,NDM.TO,Northern Dynasty Minerals Ltd.,TSX,Gold,2007-10-30,ok,True,1996-08-08,2026-08-25,7549.0,11.0,False,1.0,0.0,0.0,146900.0,1523061089.02,11.226,10.97,10.94,10.78,9.47,3.38,7.28,9.2,3.56,0.44,2.57,0.33,2.48,-0.0228,-0.0255,-0.0397,-0.1564,-0.6989,-0.3515,-0.1805,-0.6829,-0.9608,-0.7711,-0.9706,-0.7791
V-04015,NOU.TO,Nouveau Monde Graphite Inc.,TSX,,2025-01-20,ok,True,2013-03-20,2026-08-25,3371.0,5.0,False,1.0,0.0,0.0,71420.0,691140093.0,3.12,3.06,2.65,2.57,2.95,4.18,,,,,,,2.03,-0.0192,-0.1506,-0.1763,-0.0545,0.3397,,,,,,,-0.3494
NOV0006,NG.TO,Novagold Resources Inc.,TSX,Gold,1987-06-26,no price near listing,False,1996-08-13,2026-08-25,7546.0,2.0,True,0.1,1.0,0.0,,3720859606.72,,,,,,,,,,,2.0,4.45,13.49,,,,,,,,,,,,
V-04252,NVO.TO,Novo Resources Corp.,TSX,Gold,2021-01-04,ok,True,2010-06-15,2026-08-25,4064.0,8.0,False,1.0,0.0,0.0,687780.0,28119163.735,2.456,2.35,2.7,2.86,2.24,1.43,0.315,0.17,0.155,,,,0.07,-0.0432,0.0993,0.1645,-0.0879,-0.4178,-0.8717,-0.9308,-0.9369,,,,-0.9715
NUT0003,NTR.TO,Nutrien Ltd.,TSX,Oil and Gas | Potash,2018-01-02,ok,True,2018-01-02,2026-08-25,2171.0,9.0,False,1.0,0.0,22.143,947100.0,42823880653.0,50.9259,48.62,46.8069,44.1463,53.3505,47.9746,48.6381,52.5325,85.7237,60.8998,,,100.68,-0.0453,-0.0809,-0.1331,0.0476,-0.058,-0.0449,0.0315,0.6833,0.1959,,,0.977
OCE0003,OGC.TO,OceanaGold Corporation,TSX,Gold,2007-06-27,no price near listing,False,2007-10-25,2026-08-25,4726.0,8.0,True,0.3333,1.0,1.251,,7913981842.65,,,,,5.4686,2.5156,2.5976,9.0505,5.2225,8.7771,11.8193,7.3985,43.3,,,,,,,,,,,,
OSI0003,OR.TO,OR Royalties Inc.,TSX,Gold | Silver | Copper | Diamond,2014-06-16,no price near listing,False,2014-12-05,2026-08-25,2939.0,7.0,False,1.0,0.0,2.221,,8421494682.15,,,,,12.3257,14.6474,14.8544,14.5227,13.0791,17.0282,22.1542,,53.78,,,,,,,,,,,,
V-04278,ORE.TO,Orezone Gold Corporation,TSX,Gold,2021-12-23,ok,True,2018-07-10,2026-08-25,2040.0,7.0,False,1.0,0.0,0.0,109060.0,1507505631.4,1.218,1.21,1.25,1.6,1.37,1.25,0.89,0.62,,,,,2.99,-0.0066,0.0263,0.3136,0.1248,0.0263,-0.2693,-0.491,,,,,1.4548
ORL0003,OLA.TO,Orla Mining Ltd.,TSX,Gold,2018-11-01,no price near listing,False,2026-07-17,2026-08-05,2.0,0.0,False,1.0,0.0,0.0,,4798908998.39,,,,,,,,,,,,,13.46,,,,,,,,,,,,
ORV0001,ORV.TO,Orvana Minerals Corp.,TSX,Gold | Copper,1953-04-07,no price near listing,False,1996-04-25,2026-08-25,7621.0,0.0,False,1.0,0.0,0.0,,219963305.31,,,,,,,,,,,,,2.71,,,,,,,,,,,,
V-01531,OM.TO,Osisko Metals Incorporated,TSX,Copper | Molybdenum | Zinc,2025-08-22,ok,True,2004-10-25,2026-08-25,5471.0,5.0,False,1.0,0.0,0.0,169600.0,1357798331.66,0.416,0.42,0.48,0.47,1.12,1.73,,,,,,,1.78,0.0096,0.1538,0.1298,1.6923,3.1587,,,,,,,3.2788
V-01295,OCG.TO,Outcrop Silver & Gold Corporation,TSX,Gold | Silver | Copper,2025-11-18,ok,True,1996-08-08,2026-08-25,7549.0,4.0,False,1.0,0.0,0.0,635280.0,135566174.975,0.284,0.31,0.39,0.38,0.32,,,,,,,,0.385,0.0915,0.3732,0.338,0.1268,,,,,,,,0.3556
X-1030,PDN.TO,Paladin Energy Ltd.,TSX,Uranium,2024-12-27,ok,True,2024-12-27,2026-08-25,417.0,5.0,False,1.0,0.0,0.0,158720.0,4237449910.03,6.84,7.38,7.45,4.93,6.83,8.79,,,,,,,11.99,0.0789,0.0892,-0.2792,-0.0015,0.2851,,,,,,,0.7529
PAN0002,PAAS.TO,Pan American Silver Corp.,TSX,Gold | Silver | Copper | Lead | Zinc,1984-10-09,no price near listing,False,1996-04-16,2026-08-25,7628.0,1.0,False,1.0,0.0,6.973,,26697449270.8,,,,,,,,,,,,7.3482,74.86,,,,,,,,,,,,
MID0012,PPTA.TO,Perpetua Resources Corp.,TSX,,2011-07-14,ok,True,2011-07-20,2026-08-25,3789.0,11.0,True,0.1,1.0,0.0,5886.0,3682820440.32,33.26,33.0,32.0,39.5,40.4,22.2,9.0,8.1,10.9,9.2,8.07,27.49,37.29,-0.0078,-0.0379,0.1876,0.2147,-0.3325,-0.7294,-0.7565,-0.6723,-0.7234,-0.7574,-0.1735,0.1212
PER0013,PRU.TO,Perseus Mining Limited,TSX,Gold,2010-02-03,ok,True,2010-02-03,2026-08-25,4147.0,11.0,False,1.0,0.0,0.185,56000.0,6404680457.02,1.5068,1.4241,1.6078,1.5803,1.9845,2.7103,2.8482,1.8651,0.3124,0.3124,0.9279,2.5269,6.11,-0.0549,0.067,0.0488,0.317,0.7987,0.8902,0.2378,-0.7927,-0.7927,-0.3842,0.677,3.055
PLA0024,PTM.TO,Platinum Group Metals Ltd.,TSX,Platinum/PGM,2005-06-08,ok,True,1998-06-18,2026-08-25,7080.0,11.0,True,0.01,2.0,0.0,281.0,245539415.04,89.8,90.0,90.0,118.0,158.0,173.0,392.0,310.0,207.0,116.0,53.0,2.08,2.21,0.0022,0.0022,0.314,0.7595,0.9265,3.3653,2.4521,1.3051,0.2918,-0.4098,-0.9768,-0.9754
V-04908,PMET.TO,PMET Resources Inc.,TSX,Lithium,2024-02-01,ok,True,2014-08-26,2026-08-25,3011.0,6.0,False,1.0,0.0,0.0,136600.0,1080327673.81,6.222,6.62,8.0,7.03,4.47,3.01,6.05,,,,,,5.32,0.064,0.2858,0.1299,-0.2816,-0.5162,-0.0276,,,,,,-0.145
X-1500,PDI.TO,Predictive Discovery Limited,TSX,Gold,2026-04-20,ok,True,2026-04-20,2026-08-25,89.0,3.0,False,1.0,0.0,0.0,12256.0,3226607649.04,4.8,4.5,3.65,3.15,,,,,,,,,0.86,-0.0625,-0.2396,-0.3438,,,,,,,,,-0.8208
V-01608,RIO.TO,Rio2 Limited,TSX,Gold,2025-09-03,ok,True,1996-08-08,2026-08-25,7549.0,4.0,False,1.0,0.0,0.0,311740.0,1458930686.78,1.762,1.76,1.98,2.42,3.68,,,,,,,,3.63,-0.0011,0.1237,0.3734,1.0885,,,,,,,,1.0602
X-1433,RM.TO,Roxmore Resources Inc.,TSX,Gold,2026-02-05,ok,True,2026-02-05,2026-08-25,139.0,4.0,False,1.0,0.0,0.0,71200.0,220871580.16,2.652,2.64,3.85,4.23,2.95,,,,,,,,4.04,-0.0045,0.4517,0.595,0.1124,,,,,,,,0.5234
RAT0002,RTG.TO,RTG Mining Inc.,TSX,Gold | Copper,2011-01-04,ok,True,2011-01-05,2026-08-25,3925.0,11.0,True,0.1,1.0,0.0,14856.0,57351162.33,5.64,4.8,2.7,2.3,2.2,2.0,1.6,1.0,0.34,0.24,0.2,0.03,0.045,-0.1489,-0.5213,-0.5922,-0.6099,-0.6454,-0.7163,-0.8227,-0.9397,-0.9574,-0.9645,-0.9947,-0.992
V-05019,RUA.TO,Rua Gold Inc.,TSX,Gold,2026-02-17,ok,True,2026-02-17,2026-08-25,132.0,4.0,False,1.0,0.0,0.0,125700.0,127568704.71,1.374,1.49,1.25,1.23,1.23,,,,,,,,1.24,0.0844,-0.0902,-0.1048,-0.1048,,,,,,,,-0.0975
SEA0011,SEA.TO,Seabridge Gold Inc.,TSX,Gold | Silver | Copper,2008-07-14,ok,True,1996-01-02,2026-08-25,7703.0,11.0,False,1.069,1.0,0.0,12764.0,3938999567.4,20.2619,20.1497,16.1179,11.2909,14.9485,29.3265,27.7736,26.3611,9.1207,6.8007,14.116,15.4818,48.4,-0.0055,-0.2045,-0.4428,-0.2622,0.4474,0.3707,0.301,-0.5499,-0.6644,-0.3033,-0.2359,1.3887
SER0009,SBI.TO,Serabi Gold plc,TSX,Gold,2011-03-29,ok,True,2011-03-30,2026-08-25,3866.0,11.0,True,0.05,1.0,0.094,7505.0,399852662.4,10.0563,10.017,10.2134,9.2314,5.3031,3.5354,1.9641,1.7677,1.3749,1.5713,1.2374,5.1264,6.22,-0.0039,0.0156,-0.082,-0.4727,-0.6484,-0.8047,-0.8242,-0.8633,-0.8437,-0.877,-0.4902,-0.3815
SHE0006,S.TO,Sherritt International Corporation,TSX,Nickel,1996-06-19,no price near listing,False,1996-08-13,2026-08-25,7546.0,9.0,False,1.0,0.0,1.851,,84476090.88,,,,5.8781,5.4506,5.4506,3.9544,2.1161,4.4402,3.6731,8.0585,5.7339,0.32,,,,,,,,,,,,
MET0019,SVB.TO,"Silver Bull Resources, Inc.",TSX,Silver,2010-08-26,no price near listing,False,2010-11-11,2026-08-25,3961.0,9.0,True,0.125,1.0,0.0,,7147467.89,,,,6.4,8.24,4.8,3.84,3.2,0.72,0.96,1.12,0.3,0.155,,,,,,,,,,,,
PRO0047,ELEF.TO,Silver Elephant Mining Corp.,TSX,Gold | Silver,2011-10-19,ok,True,2006-05-30,2026-08-25,5080.0,10.0,True,0.001,2.0,0.0,167.0,6608094.695,528.0,510.0,530.0,460.0,390.0,130.0,110.0,50.0,32.5,3.0,2.7,,0.145,-0.0341,0.0038,-0.1288,-0.2614,-0.7538,-0.7917,-0.9053,-0.9384,-0.9943,-0.9949,,-0.9997
V-04853,AGMR.TO,Silver Mountain Resources Inc.,TSX,Gold | Silver,2026-02-26,ok,True,2022-02-02,2026-08-25,1145.0,4.0,False,1.0,0.0,0.0,272780.0,194546084.38,5.19,4.39,3.67,4.23,4.05,,,,,,,,4.05,-0.1541,-0.2929,-0.185,-0.2197,,,,,,,,-0.2197
V-03695,SLVR.TO,Silver Tiger Metals Inc.,TSX,Gold | Silver,2026-05-21,ok,True,2012-08-02,2026-08-25,3528.0,3.0,False,1.0,0.0,0.0,529740.0,441115332.02,0.798,0.81,0.8,0.99,,,,,,,,,1.04,0.015,0.0025,0.2406,,,,,,,,,0.3033
SIL0011,SVM.TO,Silvercorp Metals Inc.,TSX,Gold | Silver | Copper,2005-10-24,ok,True,1996-08-08,2026-08-25,7549.0,11.0,False,3.0,1.0,0.883,121080.0,3176245822.6,0.9423,0.9532,1.0573,1.5887,5.1251,3.7692,6.3428,1.7054,8.0244,5.3356,0.9888,9.391,17.75,0.0116,0.122,0.686,4.4389,3.0,5.7312,0.8098,7.5158,4.6623,0.0493,8.966,17.8369
V-01797,SKE.TO,Skeena Resources Limited,TSX,Gold | Silver,2020-08-20,ok,True,1996-08-08,2026-08-25,7549.0,8.0,True,0.25,1.0,0.0,118920.0,4705808184.0,10.52,10.4,11.6,9.8,15.16,13.96,6.38,6.51,20.47,,,,48.44,-0.0114,0.1027,-0.0684,0.4411,0.327,-0.3935,-0.3812,0.9458,,,,3.6046
V-04961,SGD.TO,Snowline Gold Corp.,TSX,Gold,2025-12-02,ok,True,2019-06-05,2026-08-25,1813.0,4.0,False,1.0,0.0,0.0,188640.0,2257682253.2,16.164,16.2,16.65,18.75,14.99,,,,,,,,19.15,0.0022,0.0301,0.16,-0.0726,,,,,,,,0.1847
V-04652,SLS.TO,Solaris Resources Inc.,TSX,Copper,2021-02-09,ok,True,2020-07-13,2026-08-25,1536.0,8.0,False,1.0,0.0,0.0,326080.0,1992844499.79,6.186,6.9,7.16,11.2,13.44,15.27,6.32,3.68,14.18,,,,12.37,0.1154,0.1575,0.8105,1.1726,1.4685,0.0217,-0.4051,1.2923,,,,0.9997
SOL0007,SLR.TO,Solitario Resources Corp.,TSX,Silver | Zinc,1994-07-18,no price near listing,False,1996-08-13,2026-08-25,7546.0,5.0,False,1.0,0.0,0.0,,101316343.32,,,,,,,,4.8,1.35,0.7,1.76,2.2,1.11,,,,,,,,,,,,
MAW0001,SXGC.TO,Southern Cross Gold Consolidated Ltd.,TSX,Gold | Copper | Iron,2025-07-02,ok,True,2004-10-29,2026-08-25,5474.0,5.0,False,1.0,0.0,0.0,171140.0,2364866449.28,5.902,5.39,4.77,7.5,10.54,9.0,,,,,,,12.98,-0.0868,-0.1918,0.2708,0.7858,0.5249,,,,,,,1.1993
SIL0006,SSRM.TO,SSR Mining Inc.,TSX,Gold | Silver | Copper | Lead | Zinc,2004-11-04,ok,True,1996-04-16,2026-08-25,7627.0,11.0,False,1.0,0.0,1.034,22100.0,8321089767.3,15.9124,15.8648,14.856,14.2564,13.0478,14.9131,26.362,37.8775,20.4519,18.7008,5.0535,18.1964,54.15,-0.003,-0.0664,-0.1041,-0.18,-0.0628,0.6567,1.3804,0.2853,0.1752,-0.6824,0.1435,2.403
RAT0001,SAU.TO,St. Augustine Gold and Copper Limited,TSX,Gold | Silver | Copper,2011-01-21,ok,True,2010-08-17,2026-08-25,4021.0,11.0,False,1.0,0.0,0.0,415580.0,292216588.865,1.542,1.43,1.26,0.81,0.69,0.3,0.29,0.2,0.11,0.03,0.13,0.41,0.175,-0.0726,-0.1829,-0.4747,-0.5525,-0.8054,-0.8119,-0.8703,-0.9287,-0.9805,-0.9157,-0.7341,-0.8865
SHO0001,DIAM.TO,Star Diamond Corporation,TSX,Diamond,2004-11-26,ok,True,1996-03-18,2026-08-25,7648.0,11.0,False,1.0,0.0,0.0,140940.0,19347852.25,2.848,2.73,3.52,5.48,4.25,6.8,5.53,4.12,0.93,0.4,0.19,0.3,0.02,-0.0414,0.236,0.9242,0.4923,1.3876,0.9417,0.4466,-0.6735,-0.8596,-0.9333,-0.8947,-0.993
STA0034,SAM.TO,Starcore International Mines Ltd.,TSX,Gold | Silver | Copper | Molybdenum,2007-07-11,ok,True,2004-06-29,2026-08-25,5562.0,11.0,True,0.2525,2.0,0.0792,18200.0,44661128.16,2.7867,2.6283,1.9802,2.5203,1.6922,0.7561,0.324,0.324,1.2241,0.6121,0.4158,0.2178,0.53,-0.0568,-0.2894,-0.0956,-0.3928,-0.7287,-0.8837,-0.8837,-0.5607,-0.7803,-0.8508,-0.9218,-0.8098
STE0019,STGO.TO,Steppe Gold Ltd.,TSX,Gold,2018-05-22,ok,True,2018-05-22,2026-08-25,2074.0,9.0,False,1.0,0.0,0.0,13580.0,328675343.1,1.866,1.76,1.05,1.16,0.99,0.7,1.54,2.09,1.0,0.86,,,1.94,-0.0568,-0.4373,-0.3783,-0.4695,-0.6249,-0.1747,0.12,-0.4641,-0.5391,,,0.0397
MON0004,STLR.TO,STLLR Gold Inc.,TSX,Gold,1911-07-01,no price near listing,False,1996-08-13,2026-08-25,7546.0,0.0,True,0.0833,2.0,0.0,,199857765.36,,,,,,,,,,,,,1.91,,,,,,,,,,,,
TAL0009,TSK.TO,Talisker Resources Ltd.,TSX,Gold,2020-10-14,ok,True,2018-01-02,2026-08-25,2171.0,8.0,False,1.0,0.0,0.0,248340.0,237766485.9,0.407,0.39,0.355,0.365,0.315,0.25,0.13,0.33,1.63,,,,1.6,-0.0418,-0.1278,-0.1032,-0.226,-0.3857,-0.6806,-0.1892,3.0049,,,,2.9312
BRA0017,TLO.TO,Talon Metals Corp.,TSX,Nickel,2005-04-13,ok,True,2005-04-13,2026-08-25,5364.0,11.0,False,1.0,0.0,0.0,5500.0,912274641.72,1.158,1.45,0.76,0.66,1.0,2.45,0.98,0.65,0.3,0.39,0.16,0.1,8.35,0.2522,-0.3437,-0.4301,-0.1364,1.1157,-0.1537,-0.4387,-0.7409,-0.6632,-0.8618,-0.9136,6.2107
TEC0009,TECK.TO,Teck Resources Limited,TSX,Gold | Copper | Molybdenum | Lead | Zinc,1952-03-25,no data,,,,,,,,,,,41424074414.63,,,,,,,,,,,,,,,,,,,,,,,,,
TIT0006,TI.TO,Titan Mining Corporation,TSX,Zinc,2017-10-19,ok,True,2017-10-19,2026-08-25,2221.0,9.0,True,0.6667,1.0,0.105,1513639.0,300761598.24,1.7217,1.7034,1.7296,1.7689,1.6771,1.7034,0.3734,1.2448,0.7932,0.42,,,4.07,-0.0106,0.0046,0.0274,-0.0259,-0.0106,-0.7831,-0.277,-0.5393,-0.7561,,,1.3639
GLE0009,TXG.TO,Torex Gold Resources Inc.,TSX,Gold,2010-02-24,no price near listing,False,2010-04-20,2026-08-25,4101.0,9.0,True,0.1,1.0,0.62,,5269405013.85,,,,12.1862,11.3936,19.4187,22.49,17.5363,11.7899,30.2179,21.8461,34.7952,72.23,,,,,,,,,,,,
TAS0002,TKO.TO,Trekor Metals Limited,TSX,Copper,2006-03-08,ok,True,1996-05-08,2026-08-25,7611.0,11.0,False,1.0,0.0,0.0,254660.0,3576568660.26,1.954,1.98,2.97,2.74,2.75,3.08,5.27,1.1,5.92,2.84,0.64,1.97,13.16,0.0133,0.52,0.4023,0.4074,0.5763,1.697,-0.4371,2.0297,0.4534,-0.6725,0.0082,5.7349
NOV0021,TMQ.TO,Trilogy Metals Inc.,TSX,Copper,2012-04-25,ok,True,2012-04-25,2026-08-25,3597.0,10.0,False,1.0,0.0,0.0,43480.0,855826369.44,4.392,3.45,2.61,1.87,2.38,2.03,1.31,0.66,0.98,3.59,1.38,,5.32,-0.2145,-0.4057,-0.5742,-0.4581,-0.5378,-0.7017,-0.8497,-0.7769,-0.1826,-0.6858,,0.2113
TRI0058,TFPM.TO,Triple Flag Precious Metals Corp.,TSX,Gold | Silver | Nickel | Lead | Zinc,2021-05-20,ok,True,2021-05-20,2026-08-25,1321.0,8.0,False,1.0,0.0,1.326,36560.0,8778600220.88,14.5748,14.3536,15.4317,12.1504,14.1139,14.7701,18.4051,23.7942,42.38,,,,49.39,-0.0152,0.0588,-0.1663,-0.0316,0.0134,0.2628,0.6326,1.9078,,,,2.3887
TRO0007,TLG.TO,Troilus Mining Corp.,TSX,Gold | Copper,2018-10-17,ok,True,1996-08-08,2026-08-25,7547.0,9.0,False,1.0,0.0,0.0,14980.0,924332733.85,0.746,0.68,0.5,0.66,0.84,0.68,1.27,0.87,0.42,1.66,,,2.28,-0.0885,-0.3298,-0.1153,0.126,-0.0885,0.7024,0.1662,-0.437,1.2252,,,2.0563
TAN0001,TRX.TO,TRX Gold Corporation,TSX,Gold,2001-10-29,no price near listing,False,2003-02-28,2026-08-25,5898.0,6.0,False,1.0,0.0,0.0,,399510769.68,,,,,,,1.61,1.28,6.89,2.21,3.9,1.02,1.7,,,,,,,,,,,,
V-04623,URC.TO,Uranium Royalty Corp.,TSX,,2023-07-06,ok,True,2019-12-11,2026-07-28,1663.0,7.0,False,1.0,0.0,0.0,33177.0,577574477.58,2.566,2.74,3.03,3.91,3.49,3.13,3.36,4.0,,,,,3.89,0.0678,0.1808,0.5238,0.3601,0.2198,0.3094,0.5588,,,,,0.516
URE0001,URE.TO,Ur-Energy Inc.,TSX,Gold | Uranium,2005-11-28,no price near listing,False,2006-01-19,2026-08-25,5171.0,9.0,False,1.0,0.0,0.0,,762877157.76,,,,1.25,2.25,4.15,3.43,0.67,2.03,0.73,0.67,0.65,2.04,,,,,,,,,,,,
X-1578,VGC.TO,Valor Gold Corp.,TSX,Gold,2026-06-05,ok,True,2026-06-05,2026-08-25,56.0,2.0,False,1.0,0.0,0.0,466620.0,203500000.0,4.244,3.51,4.34,,,,,,,,,,4.64,-0.173,0.0226,,,,,,,,,,0.0933
VER0016,NPK.TO,Verde Agritech Ltd,TSX,Potash,2012-04-11,ok,True,1996-08-06,2026-08-25,7554.0,10.0,False,1.0,0.0,0.0,22100.0,40639481.28,5.852,5.83,5.3,3.16,3.66,2.37,1.43,0.42,0.6,0.76,7.76,,0.83,-0.0038,-0.0943,-0.46,-0.3746,-0.595,-0.7556,-0.9282,-0.8975,-0.8701,0.326,,-0.8582
V-5062,VMET.TO,Versamet Royalties Corporation,TSX,Gold | Silver | Copper | Molybdenum | Lead | Zinc | Uranium,2025-12-10,ok,True,2025-12-10,2026-08-25,177.0,4.0,False,1.0,0.0,0.0,30240.0,1890534333.31,12.678,12.45,14.5,14.84,16.36,,,,,,,,14.91,-0.018,0.1437,0.1705,0.2904,,,,,,,,0.1761
VIS0005,VGZ.TO,Vista Gold Corp.,TSX,Gold,1984-10-19,no price near listing,False,1996-04-25,2026-08-25,7621.0,1.0,False,1.0,0.0,0.0,,391203207.28,,,,,,,,,,,,5.0,3.26,,,,,,,,,,,,
V-04494,VZLA.TO,Vizsla Silver Corp.,TSX,Silver,2024-11-07,ok,True,2018-10-03,2026-08-25,1981.0,5.0,False,1.0,0.0,0.0,702280.0,1635744485.8,2.568,2.46,2.6,3.23,3.28,5.51,,,,,,,5.58,-0.0421,0.0125,0.2578,0.2773,1.1456,,,,,,,1.1729
V-04510,VOXR.TO,Vox Royalty Corp.,TSX,Gold | Silver | Copper | Nickel | Diamond | Platinum/PGM | Iron | Lead | Zinc | Uranium,2023-05-29,ok,True,2020-05-25,2026-08-25,1570.0,7.0,False,1.0,0.0,0.221,1700.0,461641698.2,3.2793,3.3039,2.9536,2.9489,2.6966,3.0652,4.8727,7.9653,,,,,8.07,0.0075,-0.0993,-0.1008,-0.1777,-0.0653,0.4859,1.429,,,,,1.4609
WAL0006,WM.TO,Wallbridge Mining Company Limited,TSX,Gold,2000-07-24,no price near listing,False,2000-10-12,2026-08-25,6497.0,9.0,False,1.0,0.0,0.0,,164776491.09,,,,2.0,1.3,0.51,0.7,0.65,0.45,0.53,0.16,0.03,0.1,,,,,,,,,,,,
RIV0002,WDO.TO,Wesdome Gold Mines Ltd.,TSX,Gold,1989-03-09,no price near listing,False,1996-08-13,2026-08-25,7546.0,2.0,False,1.0,0.0,0.112,,3588827233.7,,,,,,,,,,,3.3825,2.9,36.0,,,,,,,,,,,,
WES0062,WRN.TO,Western Copper and Gold Corporation,TSX,Gold | Copper,2006-05-15,ok,True,2006-05-18,2026-08-25,5087.0,11.0,False,1.0,0.0,0.0,934680.0,717928413.36,1.704,1.76,1.22,1.11,1.39,1.71,1.18,0.55,2.85,0.71,0.77,2.0,3.61,0.0329,-0.284,-0.3486,-0.1843,0.0035,-0.3075,-0.6772,0.6725,-0.5833,-0.5481,0.1737,1.1185
WES0067,WRX.TO,Western Resources Corp.,TSX,Lead | Zinc | Potash,2011-07-12,ok,True,2008-07-24,2026-08-24,4537.0,11.0,False,1.0,0.0,0.0,656080.0,16356619.12,1.366,1.33,1.29,0.98,1.09,0.82,0.52,0.4,0.17,0.38,0.19,0.04,0.04,-0.0264,-0.0556,-0.2826,-0.202,-0.3997,-0.6193,-0.7072,-0.8755,-0.7218,-0.8609,-0.9707,-0.9707
WES0069,WGX.TO,Westgold Resources Limited,TSX,Gold,2024-08-06,ok,True,2024-08-06,2026-08-25,516.0,6.0,False,1.0,0.0,0.0,1478740.0,4369960816.0,2.456,2.57,2.6,2.92,2.03,2.46,5.34,,,,,,6.55,0.0464,0.0586,0.1889,-0.1735,0.0016,1.1743,,,,,,1.6669
CHA0006,WPM.TO,Wheaton Precious Metals Corp.,TSX,Gold | Silver | Copper | Nickel,2004-10-22,no price near listing,False,2004-12-01,2026-08-25,5455.0,10.0,True,0.2,1.0,8.647,,72452468002.86,,,3.1685,2.6336,2.8475,4.5347,9.3738,11.3572,12.4271,24.8417,19.368,31.4467,226.18,,,,,,,,,,,,
XTR0002,XTG.TO,Xtra-Gold Resources Corp.,TSX,Gold,2010-11-23,ok,True,2010-11-23,2026-08-25,3953.0,11.0,False,1.0,0.0,0.0,37760.0,107384316.27,2.11,2.2,2.2,1.87,1.86,1.7,0.9,0.38,0.23,0.22,1.28,3.36,2.95,0.0427,0.0427,-0.1137,-0.1185,-0.1943,-0.5735,-0.8199,-0.891,-0.8957,-0.3934,0.5924,0.3981
YOR0001,YRB.TO,Yorbeau Resources Inc.,TSX,Gold,1987-09-17,no price near listing,False,1996-08-13,2026-08-25,7546.0,2.0,False,1.0,0.0,0.0,,26143608.15,,,,,,,,,,,0.2,0.12,0.055,,,,,,,,,,,,
V-02623,EFF.V,1844 Resources Inc.,TSXV,Copper | Nickel | Molybdenum,2012-01-03,no price near listing,False,2012-02-14,2026-08-24,3645.0,8.0,True,0.2,1.0,0.0,,4982580.47,,,,1.5,1.25,1.0,0.25,0.2,0.15,0.2,0.07,,0.03,,,,,,,,,,,,
V-04468,AUMB.V,1911 Gold Corporation,TSXV,Gold,2018-07-25,ok,True,2018-07-25,2026-08-25,2029.0,9.0,False,1.0,0.0,0.0,987320.0,198872888.32,0.426,0.365,0.315,0.35,0.28,0.325,0.65,0.34,0.1,0.23,,,0.86,-0.1432,-0.2606,-0.1784,-0.3427,-0.2371,0.5258,-0.2019,-0.7653,-0.4601,,,1.0188
V-00002,AIS.V,A.I.S. Resources Limited,TSXV,Gold | Lithium,,no listing date,,2004-07-23,2026-08-24,5544.0,,,,,,,8607876.81,,,,,,,,,,,,,0.15,,,,,,,,,,,,
V-04397,AUAU.V,A2 Gold Corp.,TSXV,Gold,2018-01-30,no price near listing,False,2018-03-22,2026-08-25,2115.0,7.0,False,1.0,0.0,0.0,,85150226.94,,,,0.41,0.39,0.26,0.19,0.285,0.25,0.14,,,0.73,,,,,,,,,,,,
V-00015,AME.V,Abacus Mining & Exploration Corporation,TSXV,Gold | Copper | Molybdenum,,no listing date,,1996-04-16,2026-08-25,7627.0,,,,,,,3749125.26,,,,,,,,,,,,,0.02,,,,,,,,,,,,
V-04612,ABA.V,Abasca Resources Inc.,TSXV,Uranium,2023-01-11,no price near listing,False,2023-01-25,2026-08-25,900.0,7.0,False,1.0,0.0,0.0,,14243951.2,,0.45,0.4,0.185,0.25,0.2,0.12,0.085,,,,,0.105,,,,,,,,,,,,
V-00017,ABI.V,Abcourt Mines Inc.,TSXV,Gold,,no listing date,,1996-08-06,2026-08-25,7553.0,,,,,,,83555410.4,,,,,,,,,,,,,0.085,,,,,,,,,,,,
V-00450,ABM.V,Aben Gold Corp.,TSXV,Gold,,no listing date,,1996-08-08,2026-08-25,7549.0,,,,,,,5525134.29,,,,,,,,,,,,,0.24,,,,,,,,,,,,
V-00048,ABC.V,Absolutely Critical Resources Corp.,TSXV,Nickel,,no listing date,,1996-08-08,2026-08-24,7625.0,,,,,,,674202.22,,,,,,,,,,,,,0.015,,,,,,,,,,,,
V-05013,ACDC.V,AC/DC Battery Metals Inc.,TSXV,Nickel,2024-06-27,no price near listing,False,2024-07-08,2026-08-25,536.0,6.0,False,1.0,0.0,0.0,,2853677.42,,0.045,0.075,0.06,0.05,0.04,0.055,,,,,,0.035,,,,,,,,,,,,
V-00554,ADZ.V,Adamera Minerals Corp.,TSXV,Gold,2013-02-19,ok,True,2013-02-19,2026-08-25,3392.0,10.0,True,0.1,1.0,0.0,2576.0,5151999.34,1.36,1.0,0.85,0.65,0.5,0.75,0.35,0.15,1.85,0.4,0.55,,0.13,-0.2647,-0.375,-0.5221,-0.6324,-0.4485,-0.7426,-0.8897,0.3603,-0.7059,-0.5956,,-0.9044
V-02548,ADE.V,Adex Mining Inc.,TSXV,Molybdenum | Tungsten,2007-07-16,ok,True,2007-07-16,2026-08-25,4796.0,11.0,False,1.0,0.0,0.0,529880.0,94809601.74,0.718,0.52,0.36,0.43,0.42,0.24,0.09,0.1,0.06,0.02,0.01,0.01,0.1,-0.2758,-0.4986,-0.4011,-0.415,-0.6657,-0.8747,-0.8607,-0.9164,-0.9721,-0.9861,-0.9861,-0.8607
V-04534,ADY.V,Adyton Resources Corporation,TSXV,Gold | Copper,2021-02-24,ok,True,2021-02-24,2026-08-25,1381.0,8.0,False,1.0,0.0,0.0,324967.0,94512565.5,0.227,0.16,0.195,0.16,0.075,0.04,0.015,0.015,0.37,,,,0.3325,-0.2952,-0.141,-0.2952,-0.6696,-0.8238,-0.9339,-0.9339,0.63,,,,0.4648
V-04883,AEF.V,AE Fuels Corporation,TSXV,,2025-12-29,ok,True,2025-12-30,2026-08-25,165.0,4.0,False,1.0,0.0,0.0,58545.0,7220983.92,0.182,0.2,0.225,0.175,0.17,,,,,,,,0.135,0.0989,0.2363,-0.0385,-0.0659,,,,,,,,-0.2582
V-04661,ALTN.V,Aeonian Resources Corp.,TSXV,Copper,2025-05-14,ok,True,2025-05-20,2026-08-25,319.0,5.0,False,1.0,0.0,0.0,73000.0,8123496.5,0.065,0.075,0.05,0.035,0.03,0.14,,,,,,,0.08,0.1538,-0.2308,-0.4615,-0.5385,1.1538,,,,,,,0.2308
V-03817,AAG.V,Aftermath Silver Ltd.,TSXV,Silver,2011-07-12,no price near listing,False,2018-01-03,2026-08-25,2170.0,3.0,False,1.0,0.0,0.0,,218643912.32,,,,,,,,,,0.1,0.5,0.64,0.81,,,,,,,,,,,,
V-03095,AML.V,Akwaaba Mining Ltd.,TSXV,Gold,2011-03-09,no price near listing,False,2011-03-29,2026-08-24,3866.0,10.0,True,0.05,1.0,0.0,,2339694.72,,,20.0,21.8,6.6,4.7,1.6,0.6,0.3,0.4,0.4,0.13,0.13,,,,,,,,,,,,
V-00703,AEMC.V,Alaska Energy Metals Corporation,TSXV,Nickel | Iron,2005-01-13,no price near listing,False,2008-02-13,2026-08-25,4650.0,4.0,True,0.01,2.0,0.0,,12359894.8,,,,,,,,,27.0,35.0,4.0,1.4,0.06,,,,,,,,,,,,
V-04815,WAM.V,Alaska Silver Corp.,TSXV,Silver | Copper | Molybdenum | Lead | Zinc,2021-11-15,ok,True,2021-11-15,2026-08-25,1199.0,7.0,False,1.0,0.0,0.0,91740.0,61368013.5,0.856,0.92,1.1,1.0,1.6,2.5,0.96,0.63,,,,,0.73,0.0748,0.285,0.1682,0.8692,1.9206,0.1215,-0.264,,,,,-0.1472
V-04511,ALDE.V,Aldebaran Resources Inc.,TSXV,Gold | Copper,2018-11-02,ok,True,2018-11-02,2026-08-25,1960.0,9.0,False,1.0,0.0,0.0,291980.0,485637525.08,0.592,0.53,0.5,0.67,0.5,0.33,0.355,0.65,0.81,3.8,,,3.36,-0.1047,-0.1554,0.1318,-0.1554,-0.4426,-0.4003,0.098,0.3682,5.4189,,,4.6757
V-03724,ALGR.V,Algo Grande Copper Corp.,TSXV,,2017-03-31,no price near listing,False,2017-05-05,2026-08-25,2335.0,8.0,True,0.0167,2.0,0.0,,22863462.84,,,32.4,20.7,15.6,8.7,4.5,1.8,0.72,0.09,,,0.64,,,,,,,,,,,,
V-03928,ALM.V,Alliance Mining Corp.,TSXV,Gold,2012-01-27,ok,True,2007-10-04,2026-08-25,4740.0,10.0,True,0.04,1.0,0.0,0.0,2844037.96,3.55,3.5,2.75,1.75,2.0,2.25,0.75,1.25,1.0,0.5,0.25,,0.31,-0.0141,-0.2254,-0.507,-0.4366,-0.3662,-0.7887,-0.6479,-0.7183,-0.8592,-0.9296,,-0.9127
FAI0002,AMM.V,Almaden Minerals Ltd.,TSXV,Gold | Silver,2025-08-13,ok,True,1996-08-13,2026-08-25,7546.0,5.0,False,1.0,0.0,0.0,50020.0,33653979.345,0.272,0.28,0.26,0.19,0.23,0.27,,,,,,,0.245,0.0294,-0.0441,-0.3015,-0.1544,-0.0074,,,,,,,-0.0993
V-04436,DEX.V,Almadex Minerals Ltd.,TSXV,Gold | Silver | Copper | Lead | Zinc,2018-05-25,ok,True,2018-05-28,2026-08-25,2070.0,9.0,False,1.0,0.0,0.0,54374.0,24524359.2,0.372,0.42,0.365,0.325,0.305,0.34,0.23,0.27,0.305,0.36,,,0.46,0.129,-0.0188,-0.1263,-0.1801,-0.086,-0.3817,-0.2742,-0.1801,-0.0323,,,0.2366
V-02776,AORO.V,Aloro Mining Corp.,TSXV,Gold,2008-03-17,ok,True,2008-03-25,2026-08-25,4623.0,11.0,True,0.05,2.0,0.0,372.0,865938.945,6.4,6.4,11.0,7.4,6.2,2.6,3.8,14.0,0.55,0.2,0.12,0.04,0.01,0.0,0.7188,0.1562,-0.0312,-0.5938,-0.4063,1.1875,-0.9141,-0.9688,-0.9812,-0.9938,-0.9984
V-04803,ALEX.V,Alpha Exploration Ltd.,TSXV,Gold,2021-11-01,ok,True,2021-11-08,2026-08-25,1204.0,7.0,False,1.0,0.0,0.0,0.0,61423616.67,0.65,0.65,0.65,0.8,0.8,0.52,0.67,0.74,,,,,0.49,0.0,0.0,0.2308,0.2308,-0.2,0.0308,0.1385,,,,,-0.2462
V-01105,AFM.V,Alphamin Resources Corp.,TSXV,,,no listing date,,1996-08-08,2026-08-25,7549.0,,,,,,,1918783973.71,,,,,,,,,,,,,1.51,,,,,,,,,,,,
V-02342,AVX.V,Altair Resources Inc.,TSXV,Gold | Silver,2007-03-15,no price near listing,False,2026-07-17,2026-08-19,23.0,0.0,False,1.0,0.0,0.0,,286333.12,,,,,,,,,,,,,0.01,,,,,,,,,,,,
V-02021,ALTA.V,Altamira Gold Corp.,TSXV,Gold,,no listing date,,1998-06-03,2026-08-25,7091.0,,,,,,,66710561.85,,,,,,,,,,,,,0.215,,,,,,,,,,,,
V-03720,APN.V,Altiplano Metals Inc.,TSXV,Gold | Copper | Iron,2011-02-02,no price near listing,False,2013-02-28,2026-08-24,3384.0,5.0,True,0.285,1.0,0.0,,3551236.88,,,,,,,,0.1404,0.1053,0.5,0.335,0.05,0.015,,,,,,,,,,,,
V-01024,ALT.V,Alturas Minerals Corp.,TSXV,Gold | Copper,2006-04-10,ok,True,2004-07-23,2026-08-24,5544.0,11.0,False,1.0,0.0,0.0,10000.0,2184482.145,0.74,0.65,0.59,0.48,0.5,0.48,0.25,0.08,0.14,0.05,0.01,0.03,0.02,-0.1216,-0.2027,-0.3514,-0.3243,-0.3514,-0.6622,-0.8919,-0.8108,-0.9324,-0.9865,-0.9595,-0.973
V-00093,AHR.V,Amarc Resources Ltd.,TSXV,Gold | Copper | Molybdenum,,no listing date,,1996-08-08,2026-08-25,7549.0,,,,,,,214700000.0,,,,,,,,,,,,,1.09,,,,,,,,,,,,
V-04726,AE.V,American Eagle Gold Corp.,TSXV,Gold | Copper,2021-05-03,ok,True,2021-05-03,2026-08-25,1334.0,8.0,False,1.0,0.0,0.0,142134.0,209021082.6,0.218,0.31,0.23,0.165,0.125,0.045,0.1,0.72,1.08,,,,1.26,0.422,0.055,-0.2431,-0.4266,-0.7936,-0.5413,2.3028,3.9541,,,,4.7798
V-01262,LI.V,American Lithium Corp.,TSXV,Lithium | Uranium,,no listing date,,2010-10-12,2026-08-25,3982.0,,,,,,,112492444.24,,,,,,,,,,,,,0.44,,,,,,,,,,,,
V-5104,TUNG.V,American Tungsten Corp,TSXV,Molybdenum | Tungsten,2026-05-29,ok,True,2026-05-29,2026-08-25,61.0,2.0,False,1.0,0.0,0.0,70280.0,129459648.48,2.264,1.99,1.92,,,,,,,,,,1.75,-0.121,-0.1519,,,,,,,,,,-0.227
V-02951,AMCO.V,Americore Resources Corp.,TSXV,Gold | Uranium,2011-04-18,ok,True,2009-01-13,2026-08-25,4421.0,11.0,True,0.0067,3.0,0.0,80.0,6572208.585,48.6,75.0001,57.0001,58.5001,60.0001,30.75,8.25,15.75,29.0,3.7,2.9,0.53,0.34,0.5432,0.1728,0.2037,0.2346,-0.3673,-0.8302,-0.6759,-0.4033,-0.9239,-0.9403,-0.9891,-0.993
V-00103,AMX.V,Amex Exploration Inc.,TSXV,Gold,,no listing date,,2005-07-22,2026-08-25,5294.0,,,,,,,674609560.8,,,,,,,,,,,,,4.64,,,,,,,,,,,,
V-5084,ANDC.V,Andina Copper Corporation,TSXV,Gold | Copper,2025-11-24,ok,True,2005-12-30,2026-08-25,5184.0,4.0,False,1.0,0.0,0.0,387143.0,318704234.8,0.462,0.51,0.56,0.9,1.26,,,,,,,,1.25,0.1039,0.2121,0.9481,1.7273,,,,,,,,1.7056
V-03758,AEC.V,Anfield Energy Inc.,TSXV,Uranium,2011-04-11,ok,True,2011-04-12,2026-08-25,3856.0,11.0,True,0.0013,2.0,0.0,165.0,109409856.0,234.0,225.0,217.5,187.5,90.0,120.0,90.0,44.25,6.75,21.0,9.0,7.22,6.73,-0.0385,-0.0705,-0.1987,-0.6154,-0.4872,-0.6154,-0.8109,-0.9712,-0.9103,-0.9615,-0.9691,-0.9712
V-00938,AWM.V,Angel Wing Metals Inc.,TSXV,Gold,,no listing date,,1996-07-31,2026-08-25,7553.0,,,,,,,3237977.85,,,,,,,,,,,,,0.035,,,,,,,,,,,,
V-03680,ANK.V,Angkor Resources Corp.,TSXV,Oil and Gas | Gold | Copper,2011-10-19,no price near listing,False,2012-01-03,2026-08-25,3676.0,8.0,False,1.0,0.0,0.0,,59777636.78,,,,0.38,0.43,0.3,0.32,0.34,0.405,0.165,0.085,,0.37,,,,,,,,,,,,
V-00932,ANOR.V,Anortech Inc.,TSXV,,,no listing date,,2007-10-25,2026-08-25,4726.0,,,,,,,23613529.94,,,,,,,,,,,,,0.085,,,,,,,,,,,,
V-04312,ANTL.V,Antler Gold Inc.,TSXV,Gold | Copper | Rare Earths,2016-11-14,ok,True,2016-09-12,2026-08-25,2498.0,9.0,False,1.0,0.0,0.0,96876.0,2724928.05,0.606,0.6,0.6,0.8,0.6,0.27,0.12,0.06,0.22,0.06,,,0.03,-0.0099,-0.0099,0.3201,-0.0099,-0.5545,-0.802,-0.901,-0.637,-0.901,,,-0.9505
V-01888,APX.V,Apex Resources Inc.,TSXV,Gold | Silver | Zinc,1989-06-15,no price near listing,False,1995-08-23,2026-08-25,7790.0,3.0,False,1.0,0.0,0.0,,3746874.33,,,,,,,,,,1.82,0.17,0.16,0.09,,,,,,,,,,,,
V-04585,APMI.V,Apogee Minerals Ltd.,TSXV,Gold | Uranium,2021-08-04,ok,True,2019-07-16,2026-08-25,1785.0,8.0,False,1.0,0.0,0.0,56000.0,9216600.12,0.117,0.105,0.105,0.11,0.105,0.105,0.06,0.045,0.14,,,,0.115,-0.1026,-0.1026,-0.0598,-0.1026,-0.1026,-0.4872,-0.6154,0.1966,,,,-0.0171
V-00100,APGO.V,Apollo Silver Corp.,TSXV,Silver,,no listing date,,2010-11-04,2026-08-25,3966.0,,,,,,,164275277.4,,,,,,,,,,,,,3.34,,,,,,,,,,,,
V-04067,ABR.V,Arbor Metals Corp.,TSXV,Lithium,2012-10-24,no price near listing,False,2013-03-06,2026-08-25,3381.0,7.0,True,0.5833,2.0,0.0,,12041788.32,,,,,0.1714,0.12,0.0514,0.0343,0.0857,0.0371,2.57,,0.12,,,,,,,,,,,,
V-00133,ACS.V,Archon Minerals Limited,TSXV,Diamond,,no listing date,,2012-08-16,2026-08-25,3519.0,,,,,,,3537089.27,,,,,,,,,,,,,0.07,,,,,,,,,,,,
V-00135,ADD.V,Arctic Star Exploration Corp.,TSXV,Diamond,,no listing date,,2002-02-19,2026-08-24,6156.0,,,,,,,2387103.7,,,,,,,,,,,,,0.01,,,,,,,,,,,,
V-02618,ADG.V,Arcus Development Group Inc.,TSXV,,2007-10-23,ok,True,2007-10-25,2026-08-24,4725.0,11.0,True,0.1,1.0,0.0,646.0,7427399.0,5.18,5.0,4.7,3.9,2.6,0.8,1.0,1.6,0.8,0.3,1.2,0.3,0.5,-0.0347,-0.0927,-0.2471,-0.4981,-0.8456,-0.8069,-0.6911,-0.8456,-0.9421,-0.7683,-0.9421,-0.9035
V-04012,AWX.V,ArcWest Exploration Inc.,TSXV,Gold | Copper,2013-07-31,no price near listing,False,2013-08-12,2026-08-24,3271.0,10.0,True,0.3333,1.0,0.0,,6263003.025,,0.195,0.195,0.15,0.255,0.195,0.12,0.15,0.105,0.135,0.09,,0.095,,,,,,,,,,,,
V-02136,AGAG.V,Argenta Silver Corp.,TSXV,Silver,,no listing date,,2000-11-27,2026-08-25,6504.0,,,,,,,127748500.88,,,,,,,,,,,,,0.56,,,,,,,,,,,,
V-00095,LIT.V,Argentina Lithium & Energy Corp.,TSXV,Lithium,,no listing date,,2003-12-04,2026-08-25,5704.0,,,,,,,11693217.95,,,,,,,,,,,,,0.1,,,,,,,,,,,,
V-5107,VLLC.V,Argentina Metals Corp.,TSXV,Copper,2026-06-16,ok,True,2026-06-16,2026-08-25,49.0,2.0,False,1.0,0.0,0.0,95710.0,22545603.045,0.228,0.22,0.4,,,,,,,,,,0.37,-0.0351,0.7544,,,,,,,,,,0.6228
V-02647,ASL.V,Argentum Silver Corp.,TSXV,Silver | Lead | Zinc,2011-02-22,no price near listing,False,2012-08-02,2026-08-24,3527.0,6.0,True,0.1,1.0,0.0,,4643868.87,,,,,,,0.8,0.25,0.02,0.19,0.195,0.195,0.085,,,,,,,,,,,,
V-02212,DAN.V,Arianne Phosphate Inc.,TSXV,,2009-07-03,ok,True,2007-10-25,2026-08-25,4726.0,11.0,False,1.0,0.0,0.0,17220.0,82109485.73,0.148,0.11,0.16,0.14,0.14,0.14,1.24,0.89,1.03,0.95,0.54,0.27,0.34,-0.2568,0.0811,-0.0541,-0.0541,-0.0541,7.3784,5.0135,5.9595,5.4189,2.6486,0.8243,1.2973
V-5060,AZEM.V,Arizona Eagle Mining Corp.,TSXV,Gold | Copper,2026-03-31,ok,True,2026-03-31,2026-08-25,102.0,3.0,False,1.0,0.0,0.0,65388.0,54015199.75,1.368,1.18,1.52,0.97,,,,,,,,,0.87,-0.1374,0.1111,-0.2909,,,,,,,,,-0.364
V-03888,AZS.V,Arizona Gold & Silver Inc.,TSXV,Gold | Silver,2016-11-21,no price near listing,False,2018-01-02,2026-08-25,2171.0,4.0,False,1.0,0.0,0.0,,82214908.2,,,,,,,0.075,0.12,0.21,0.44,,,0.86,,,,,,,,,,,,
V-04892,ARK.V,Arras Minerals Corp.,TSXV,Gold | Copper,2022-06-14,ok,True,2022-06-14,2026-08-25,1054.0,7.0,False,1.0,0.0,0.0,84834.0,228818488.36,0.996,0.95,0.45,0.405,0.45,0.285,0.26,0.9,,,,,1.55,-0.0462,-0.5482,-0.5934,-0.5482,-0.7139,-0.739,-0.0964,,,,,0.5562
V-04601,ARTG.V,Artemis Gold Inc.,TSXV,Gold | Silver,2019-10-02,ok,True,2019-10-02,2026-08-25,1731.0,8.0,False,1.0,0.0,0.05,235480.0,7273954873.59,1.2004,1.3083,1.1485,1.2983,1.1285,6.1021,5.383,4.4941,12.9531,,,,44.67,0.0899,-0.0432,0.0816,-0.0599,4.0834,3.4843,2.7438,9.7907,,,,36.2126
V-04518,RBZ.V,Arya Resources Ltd.,TSXV,Gold | Copper | Nickel,2022-12-20,ok,True,2018-11-26,2026-08-25,1944.0,7.0,False,1.0,0.0,0.0,4200.0,15116952.595,0.054,0.05,0.065,0.23,0.11,0.08,0.07,0.32,,,,,0.3,-0.0741,0.2037,3.2593,1.037,0.4815,0.2963,4.9259,,,,,4.5556
V-03940,ASE.V,Asante Gold Corporation,TSXV,Gold,2025-09-24,ok,True,2015-07-10,2026-08-25,2792.0,4.0,False,1.0,0.0,0.0,638160.0,723349874.4,2.357,2.23,2.14,1.75,1.11,,,,,,,,1.155,-0.0539,-0.0921,-0.2575,-0.5291,,,,,,,,-0.51
V-03038,ABZ.V,AsiaBaseMetals Inc.,TSXV,Zinc,2009-11-03,no price near listing,False,2012-08-02,2026-08-24,3527.0,5.0,True,0.1875,4.0,0.0,,4518258.39,,,,,,,,0.5867,0.1867,0.1333,0.295,0.085,0.09,,,,,,,,,,,,
V-03792,BAY.V,Aston Bay Holdings Ltd.,TSXV,Gold | Copper,2013-05-06,ok,True,2012-03-15,2026-08-25,3625.0,10.0,False,1.0,0.0,0.0,14000.0,12647481.75,0.18,0.15,0.15,0.14,0.18,0.21,0.13,0.385,0.17,0.065,0.035,,0.05,-0.1667,-0.1667,-0.2222,0.0,0.1667,-0.2778,1.1389,-0.0556,-0.6389,-0.8056,,-0.7222
V-04733,ASTR.V,Astra Exploration Inc.,TSXV,Gold | Silver,2022-01-26,ok,True,2022-01-27,2026-08-25,1149.0,7.0,False,1.0,0.0,0.0,57506.0,79712329.0,0.288,0.335,0.265,0.17,0.21,0.13,0.14,0.14,,,,,0.395,0.1632,-0.0799,-0.4097,-0.2708,-0.5486,-0.5139,-0.5139,,,,,0.3715
V-05002,SASK.V,Atha Energy Corp.,TSXV,Uranium,2024-03-04,ok,True,2023-04-11,2026-08-25,848.0,6.0,False,1.0,0.0,0.0,251345.0,347315338.26,0.934,0.91,0.82,0.75,0.61,0.43,0.89,,,,,,1.24,-0.0257,-0.1221,-0.197,-0.3469,-0.5396,-0.0471,,,,,,0.3276
V-03960,ATY.V,Atico Mining Corporation,TSXV,Gold | Silver | Copper | Zinc,2012-03-12,no price near listing,False,2012-08-02,2026-08-25,3528.0,7.0,False,1.0,0.0,0.0,,35363728.53,,,,,0.48,1.0,0.82,0.5,0.8,0.34,0.465,,0.23,,,,,,,,,,,,
V-04041,SALT.V,Atlas Salt Inc.,TSXV,,2012-08-17,no price near listing,False,2014-10-14,2026-08-25,2978.0,4.0,False,1.0,0.0,0.0,,191436052.5,,,,,,,,0.03,0.035,0.04,3.83,,1.7,,,,,,,,,,,,
V-01679,ATOM.V,Atomic Minerals Corporation,TSXV,Uranium,1981-09-24,no price near listing,False,1996-08-08,2026-08-25,7626.0,1.0,True,0.0,8.0,0.0,,3058765.57,,,,,,,,,,,,7919.9937,0.025,,,,,,,,,,,,
V-02881,AAN.V,Aton Resources Inc.,TSXV,Gold,2010-10-05,ok,True,2008-08-21,2026-08-25,4519.0,11.0,True,0.02,2.0,0.0,1052.0,73923559.54,6.6,8.5,6.5,17.5,9.0,3.0,3.25,0.75,0.9,0.4,0.31,0.265,0.5,0.2879,-0.0152,1.6515,0.3636,-0.5455,-0.5076,-0.8864,-0.8636,-0.9394,-0.953,-0.9598,-0.9242
V-04462,AUGC.V,AU Gold Corp.,TSXV,Gold,2020-12-24,ok,True,2020-12-29,2026-08-25,1420.0,8.0,False,1.0,0.0,0.0,31720.0,10537048.26,0.213,0.22,0.18,0.14,0.07,0.085,0.035,0.02,0.08,,,,0.22,0.0329,-0.1549,-0.3427,-0.6714,-0.6009,-0.8357,-0.9061,-0.6244,,,,0.0329
V-05014,AUM.V,AuMega Metals Ltd.,TSXV,Gold,2024-06-26,no price near listing,False,2024-07-08,2026-08-25,536.0,6.0,False,1.0,0.0,0.0,,30031348.025,,0.05,0.065,0.05,0.045,0.03,0.035,,,,,,0.04,,,,,,,,,,,,
V-01367,AUQ.V,AuQ Gold Mining Inc.,TSXV,Gold | Lithium,,no listing date,,2007-10-25,2026-08-25,4725.0,,,,,,,10217255.4,,,,,,,,,,,,,0.39,,,,,,,,,,,,
V-04112,ARU.V,Aurania Resources Ltd.,TSXV,Gold | Silver | Copper,2013-04-17,no price near listing,False,2018-07-10,2026-08-25,2040.0,2.0,False,1.0,0.0,0.0,,23977525.425,,,,,,,,,,2.18,0.4,,0.185,,,,,,,,,,,,
V-5093,AURA.V,Auranova Resources Inc.,TSXV,Gold,2026-03-17,ok,True,2026-03-17,2026-08-24,111.0,3.0,False,1.0,0.0,0.0,99040.0,19272320.5,0.515,0.4,0.46,0.275,,,,,,,,,0.235,-0.2233,-0.1068,-0.466,,,,,,,,,-0.5437
V-04110,RES.V,Auric Resources Corp.,TSXV,Gold,2024-02-27,ok,True,2013-03-25,2026-08-25,3368.0,6.0,False,1.0,0.0,0.0,1800.0,1576150.345,0.144,0.2,0.18,0.24,0.19,0.115,0.105,,,,,,0.04,0.3889,0.25,0.6667,0.3194,-0.2014,-0.2708,,,,,,-0.7222
V-03984,AUME.V,Auriginal Mining Corp.,TSXV,Gold | Silver | Copper,2017-04-03,ok,True,2012-04-19,2026-08-25,3601.0,9.0,True,0.5,1.0,0.0,40035.0,13233236.85,0.275,0.165,0.17,0.155,0.16,0.41,0.195,0.1,0.12,0.015,,,0.05,-0.4,-0.3818,-0.4364,-0.4182,0.4909,-0.2909,-0.6364,-0.5636,-0.9455,,,-0.8182
V-04678,AURO.V,Auro Metals Inc.,TSXV,Gold,2020-11-25,ok,True,2020-11-25,2026-08-25,1442.0,8.0,False,1.0,0.0,0.0,131799.0,184561058.88,1.146,1.84,3.76,2.21,1.5,0.62,0.47,0.4,0.175,,,,1.26,0.6056,2.281,0.9284,0.3089,-0.459,-0.5899,-0.651,-0.8473,,,,0.0995
V-04904,ARL.V,Aurum Lake Mining Corporation,TSXV,Gold,2024-01-12,ok,True,2022-07-27,2026-08-24,1023.0,6.0,False,1.0,0.0,0.0,2500.0,1286037.5,0.232,0.25,0.22,0.15,0.14,0.14,0.07,,,,,,0.055,0.0776,-0.0517,-0.3534,-0.3966,-0.3966,-0.6983,,,,,,-0.7629
V-04307,AGLD.V,Austral Gold Limited,TSXV,Gold | Silver,2016-08-22,ok,True,2016-08-26,2026-08-25,2508.0,10.0,False,1.0,0.0,0.0256,1559.0,80172441.48,0.1664,0.1588,0.1588,0.1296,0.1547,0.1459,0.0663,0.0676,0.125,0.03,0.145,,0.165,-0.0457,-0.0457,-0.2212,-0.0703,-0.1232,-0.6016,-0.5938,-0.2488,-0.8197,-0.1286,,-0.0084
V-04792,AVR.V,Avaron Mining Corp.,TSXV,,2023-06-29,ok,True,2021-10-07,2026-08-24,1224.0,7.0,False,1.0,0.0,0.0,8000.0,752324.85,0.109,0.1,0.07,0.095,0.07,0.045,0.065,0.05,,,,,0.055,-0.0826,-0.3578,-0.1284,-0.3578,-0.5872,-0.4037,-0.5413,,,,,-0.4954
V-04228,AVG.V,Avidian Gold Corp.,TSXV,Gold | Copper,2017-12-04,no price near listing,False,2018-10-09,2026-08-24,1977.0,5.0,True,0.0667,1.0,0.0,,2561410.08,,,,,,6.0,1.275,3.0,0.525,0.1,,,0.135,,,,,,,,,,,,
V-02899,AVU.V,Avrupa Minerals Ltd.,TSXV,Copper | Zinc,2010-07-14,no price near listing,False,2012-01-16,2026-08-24,3666.0,6.0,True,0.25,1.0,0.0,,3042990.16,,,,,,,1.0,0.2,0.38,0.4,0.12,0.025,0.045,,,,,,,,,,,,
V-04294,ARIC.V,Awale Resources Limited,TSXV,Gold | Copper,2018-01-03,ok,True,2016-04-18,2026-08-25,2599.0,9.0,True,0.125,1.0,0.0,1400.0,85677790.32,2.256,2.8,2.72,1.28,1.0,0.72,1.04,0.88,0.12,0.41,,,0.91,0.2411,0.2057,-0.4326,-0.5567,-0.6809,-0.539,-0.6099,-0.9468,-0.8183,,,-0.5966
V-5066,AXO.V,Axo Metals Corp.,TSXV,Copper,2025-06-04,ok,True,2025-06-04,2026-08-25,308.0,5.0,False,1.0,0.0,0.0,278017.0,162261264.75,0.429,0.4,0.45,0.355,0.45,0.83,,,,,,,0.96,-0.0676,0.049,-0.1725,0.049,0.9347,,,,,,,1.2378
V-01990,AZR.V,Azarga Metals Corp.,TSXV,Copper,,no listing date,,2003-12-16,2026-08-25,5695.0,,,,,,,10005153.95,,,,,,,,,,,,,0.19,,,,,,,,,,,,
V-00186,AZM.V,Azimut Exploration Inc.,TSXV,Gold | Copper | Nickel | Lithium,,no listing date,,1996-08-06,2026-08-25,7554.0,,,,,,,59554192.9,,,,,,,,,,,,,0.66,,,,,,,,,,,,
V-04000,AAZ.V,Azincourt Energy Corp.,TSXV,Uranium,2012-05-01,no price near listing,False,2012-08-13,2026-08-25,3522.0,7.0,True,0.0315,5.0,0.0,,8345497.6,,,,,5.7052,4.7544,5.5468,1.65,1.725,0.825,0.84,,0.04,,,,,,,,,,,,
V-04340,AZT.V,Aztec Minerals Corp.,TSXV,Gold | Copper,2017-05-02,ok,True,2017-05-04,2026-08-25,2336.0,9.0,False,1.0,0.0,0.0,194100.0,40609528.52,0.372,0.36,0.4,0.315,0.255,0.23,0.14,0.11,0.245,0.195,,,0.335,-0.0323,0.0753,-0.1532,-0.3145,-0.3817,-0.6237,-0.7043,-0.3414,-0.4758,,,-0.0995
V-03143,BLDS.V,Badlands Resources Inc.,TSXV,Gold,2010-06-30,no price near listing,False,2010-08-05,2026-08-24,4028.0,10.0,True,0.0057,3.0,0.0,,1163032.92,,,40.3509,82.4561,105.2632,94.7368,33.3333,15.7895,7.0175,7.0175,10.8772,0.7018,0.29,,,,,,,,,,,,
V-03709,BYN.V,Banyan Gold Corp.,TSXV,Gold,2013-02-19,ok,True,2013-02-19,2026-08-25,3392.0,10.0,False,1.0,0.0,0.0,9000.0,611636844.24,0.085,0.07,0.06,0.04,0.04,0.05,0.05,0.05,0.09,0.06,0.4,,1.99,-0.1765,-0.2941,-0.5294,-0.5294,-0.4118,-0.4118,-0.4118,0.0588,-0.2941,3.7059,,22.4118
V-00961,BRO.V,Barksdale Resources Corp.,TSXV,Copper,,no listing date,,2018-07-10,2026-08-25,2040.0,,,,,,,87912828.9,,,,,,,,,,,,,0.165,,,,,,,,,,,,
V-00608,BARU.V,Baru Gold Corp.,TSXV,Gold,,no listing date,,2001-04-23,2026-08-25,6364.0,,,,,,,15262781.36,,,,,,,,,,,,,0.06,,,,,,,,,,,,
V-02954,BAT.V,Batero Gold Corp.,TSXV,Gold,2010-07-27,ok,True,2010-08-03,2026-08-25,4031.0,11.0,False,1.0,0.0,0.0,118860.0,12670062.13,0.932,0.86,1.2,2.02,2.49,2.97,0.42,0.19,0.07,0.09,0.11,0.07,0.105,-0.0773,0.2876,1.1674,1.6717,2.1867,-0.5494,-0.7961,-0.9249,-0.9034,-0.882,-0.9249,-0.8873
V-02457,BMV.V,Bathurst Metals Corp.,TSXV,,2007-02-20,ok,True,2007-02-21,2026-08-25,4896.0,11.0,True,0.1333,2.0,0.0,3479.0,3736777.05,2.31,2.25,1.9125,2.325,3.0,1.9125,0.225,0.45,0.525,0.15,0.0375,0.25,0.07,-0.026,-0.1721,0.0065,0.2987,-0.1721,-0.9026,-0.8052,-0.7727,-0.9351,-0.9838,-0.8918,-0.9697
V-04488,BMR.V,Battery Mineral Resources Corp.,TSXV,Copper | Lithium,2021-02-23,ok,True,2021-02-24,2026-08-25,1381.0,8.0,False,1.0,0.0,0.0,15611.0,71047819.33,0.708,0.65,0.68,0.63,0.63,0.345,0.165,0.125,0.17,,,,0.185,-0.0819,-0.0395,-0.1102,-0.1102,-0.5127,-0.7669,-0.8234,-0.7599,,,,-0.7387
V-02350,BHS.V,Bayhorse Silver Inc.,TSXV,Gold | Silver | Copper,2006-08-30,ok,True,2006-08-30,2026-08-25,5016.0,11.0,True,0.1,1.0,0.0,8700.0,18794470.5,2.22,2.2,2.0,1.8,1.6,2.0,1.3,1.0,0.7,0.07,0.19,0.14,0.07,-0.009,-0.0991,-0.1892,-0.2793,-0.0991,-0.4144,-0.5495,-0.6847,-0.9685,-0.9144,-0.9369,-0.9685
V-00438,BM.V,BC Moly Ltd.,TSXV,Molybdenum,,no listing date,,1996-07-31,2026-08-24,7551.0,,,,,,,4329758.375,,,,,,,,,,,,,0.14,,,,,,,,,,,,
V-02360,B.V,BCM Resources Corporation,TSXV,Gold | Silver | Copper | Molybdenum,2006-09-27,ok,True,2006-09-28,2026-08-25,4996.0,11.0,False,1.0,0.0,0.0,6000.0,65054085.475,0.46,0.46,0.77,1.1,1.52,0.4,0.13,0.07,0.32,0.04,0.11,0.13,0.68,0.0,0.6739,1.3913,2.3043,-0.1304,-0.7174,-0.8478,-0.3043,-0.913,-0.7609,-0.7174,0.4783
V-04540,BGF.V,Beauce Gold Fields Inc.,TSXV,Gold,2019-02-04,ok,True,2019-02-04,2026-08-25,1897.0,9.0,False,1.0,0.0,0.0,279194.0,6934209.65,0.17,0.155,0.14,0.12,0.135,0.14,0.14,0.1,0.03,0.05,,,0.03,-0.0882,-0.1765,-0.2941,-0.2059,-0.1765,-0.1765,-0.4118,-0.8235,-0.7059,,,-0.8235
V-02516,BFM.V,Bedford Metals Corp.,TSXV,Gold | Uranium,2009-12-31,ok,True,2010-01-04,2026-08-25,4177.0,11.0,True,0.0061,5.0,0.0,0.0,12676209.075,36.0,36.0,36.0,26.1818,22.9091,34.3636,37.6364,9.8182,1.0909,0.6818,0.5455,0.49,0.13,0.0,0.0,-0.2727,-0.3636,-0.0455,0.0455,-0.7273,-0.9697,-0.9811,-0.9848,-0.9864,-0.9964
V-00220,BCU.V,Bell Copper Corporation,TSXV,Copper,2008-05-12,ok,True,1999-11-22,2026-08-25,6717.0,11.0,True,0.2,1.0,0.0,13484.0,11580829.12,3.29,3.4,2.2,2.0,0.4,0.55,1.55,1.25,0.05,0.03,0.08,0.14,0.075,0.0334,-0.3313,-0.3921,-0.8784,-0.8328,-0.5289,-0.6201,-0.9848,-0.9909,-0.9757,-0.9574,-0.9772
V-00222,BEA.V,Belmont Resources Inc.,TSXV,Gold | Copper | Rare Earths | Uranium,,no listing date,,1996-08-08,2026-08-24,7548.0,,,,,,,4636914.52,,,,,,,,,,,,,0.03,,,,,,,,,,,,
V-03102,BMET.V,BeMetals Corp.,TSXV,Gold | Copper,2018-07-25,no price near listing,False,2026-07-17,2026-08-24,26.0,0.0,False,1.0,0.0,0.0,,14721180.0,,,,,,,,,,,,,0.5,,,,,,,,,,,,
V-04035,BEX.V,Benton Resources Inc.,TSXV,Gold | Copper,2012-08-01,no price near listing,False,2012-12-31,2026-08-25,3426.0,7.0,False,1.0,0.0,0.0,,23623094.25,,,,,0.08,0.06,0.065,0.035,0.07,0.06,0.12,,0.085,,,,,,,,,,,,
V-04048,BZ.V,Benz Mining Corp.,TSXV,Gold,2013-04-12,no price near listing,False,2018-01-02,2026-08-25,2171.0,3.0,False,1.0,0.0,0.0,,798350257.6,,,,,,,,,0.13,0.08,0.365,,4.05,,,,,,,,,,,,
V-02605,BST.V,Bessor Minerals Inc.,TSXV,Gold | Copper | Zinc,2007-09-20,no price near listing,False,2007-12-21,2026-08-24,4684.0,9.0,True,0.1,1.0,0.0,,938568.69,,,,1.1,1.2,1.0,0.4,1.6,0.6,0.1,0.2,0.08,0.02,,,,,,,,,,,,
V-00459,BEAR.V,Big Bear Gold Corp.,TSXV,Gold,,no listing date,,1996-08-08,2026-08-25,7549.0,,,,,,,3023236.395,,,,,,,,,,,,,0.085,,,,,,,,,,,,
V-00089,BRAU.V,Big Ridge Gold Corp.,TSXV,Gold,,no listing date,,1996-08-08,2026-08-25,7549.0,,,,,,,132450505.2,,,,,,,,,,,,,0.53,,,,,,,,,,,,
V-02009,BIGT.V,Big Tree Carbon Inc.,TSXV,Gold,,no listing date,,2007-10-25,2026-08-24,4725.0,,,,,,,2386397.12,,,,,,,,,,,,,0.01,,,,,,,,,,,,
V-00247,BTT.V,Bitterroot Resources Ltd.,TSXV,Gold | Silver | Copper | Nickel | Platinum/PGM,,no listing date,,1996-08-08,2026-08-25,7549.0,,,,,,,4436724.46,,,,,,,,,,,,,0.05,,,,,,,,,,,,
V-02234,BMM.V,Black Mammoth Metals Corporation,TSXV,Gold | Silver,2005-12-14,ok,True,2005-12-15,2026-08-25,5193.0,11.0,True,0.025,2.0,0.0,217.0,184712515.13,7.28,6.8,6.4,6.8,8.4,16.0,10.4,0.4,4.4,0.4,0.08,0.13,4.05,-0.0659,-0.1209,-0.0659,0.1538,1.1978,0.4286,-0.9451,-0.3956,-0.9451,-0.989,-0.9821,-0.4437
V-03705,BARK.V,Black Spruce Exploration Inc.,TSXV,Oil and Gas | Lithium,2013-02-04,ok,True,2011-05-24,2026-08-25,3829.0,10.0,True,0.3333,1.0,0.0,0.0,1381518.55,0.315,0.315,0.27,0.09,0.075,0.105,0.3,0.165,0.3,0.165,1.5,,0.045,0.0,-0.1429,-0.7143,-0.7619,-0.6667,-0.0476,-0.4762,-0.0476,-0.4762,3.7619,,-0.8571
V-00075,BRC.V,Blackrock Silver Corp.,TSXV,Gold | Silver | Lithium,2003-12-23,ok,True,2000-07-20,2026-08-25,6553.0,11.0,False,1.0,0.0,0.0,0.0,333998595.69,0.15,0.15,0.12,0.2,0.23,0.43,0.31,0.53,0.66,0.4,0.22,0.04,1.34,0.0,-0.2,0.3333,0.5333,1.8667,1.0667,2.5333,3.4,1.6667,0.4667,-0.7333,7.9333
V-03810,BAG.V,Blende Silver Corp.,TSXV,Silver | Lead | Zinc,2011-07-05,no price near listing,False,2012-08-02,2026-08-25,3528.0,6.0,True,0.1,1.0,0.0,,11715721.2,,,,,,,0.2,0.1,0.065,0.1,0.11,0.19,0.195,,,,,,,,,,,,
V-5105,JAY.V,Blue Jay Gold Corp.,TSXV,Gold,2026-06-04,ok,True,2026-06-10,2026-08-25,53.0,2.0,False,1.0,0.0,0.0,109017.0,34711670.82,0.734,0.75,0.69,,,,,,,,,,0.76,0.0218,-0.0599,,,,,,,,,,0.0354
V-02541,MOON.V,Blue Moon Metals Inc.,TSXV,Copper | Zinc,2007-06-07,no price near listing,False,2007-10-25,2026-08-25,4726.0,8.0,True,0.01,2.0,0.0,,898767009.0,,,,,23.0,20.0,3.0,9.0,3.0,4.0,6.0,3.0,8.0,,,,,,,,,,,,
V-02320,BSK.V,Blue Sky Uranium Corp.,TSXV,Uranium,2007-02-07,ok,True,2007-02-08,2026-08-25,4905.0,11.0,True,0.01,2.0,0.0,237.0,21711558.3,103.4,116.0,128.0,125.0,63.0,42.0,5.0,65.0,6.0,0.6,0.28,0.19,0.055,0.1219,0.2379,0.2089,-0.3907,-0.5938,-0.9516,-0.3714,-0.942,-0.9942,-0.9973,-0.9982,-0.9995
V-03118,BAU.V,Blue Star Gold Corp.,TSXV,Gold,2010-04-20,ok,True,2010-04-22,2026-08-25,4099.0,11.0,True,0.05,2.0,0.0,11138.0,36288859.95,3.72,3.8,3.0,2.6,2.7,3.0,2.1,0.5,0.7,0.7,0.45,0.1,0.21,0.0215,-0.1935,-0.3011,-0.2742,-0.1935,-0.4355,-0.8656,-0.8118,-0.8118,-0.879,-0.9731,-0.9435
V-02871,BOCA.V,Bocana Resources Corp.,TSXV,Gold | Copper,2023-01-05,ok,True,2010-05-07,2026-08-24,4087.0,7.0,True,0.592,1.0,0.0,53840.0,7733419.575,0.09,0.07,0.06,0.04,0.03,0.03,0.01,0.23,,,,,0.08,-0.2222,-0.3333,-0.5556,-0.6667,-0.6667,-0.8889,1.5556,,,,,-0.1111
V-02621,BOL.V,Bold Ventures Inc.,TSXV,Gold | Silver | Copper | Nickel | Molybdenum | Platinum/PGM | Lead | Zinc,2007-10-29,ok,True,2007-11-02,2026-08-25,4720.0,11.0,True,0.2,1.0,0.0,1680.0,8961038.725,1.5,1.5,1.25,1.35,1.8,0.85,0.5,1.75,0.5,0.2,0.15,0.1,0.065,0.0,-0.1667,-0.1,0.2,-0.4333,-0.6667,0.1667,-0.6667,-0.8667,-0.9,-0.9333,-0.9567
V-04354,BNZ.V,Bonanza Mining Corporation,TSXV,Gold,2021-03-29,no price near listing,False,2021-08-05,2026-08-24,1268.0,5.0,True,0.3333,1.0,0.0,,1543884.29,,,,,0.15,0.15,0.03,0.03,0.085,,,,0.075,,,,,,,,,,,,
V-02955,BTR.V,Bonterra Resources Inc.,TSXV,Gold,2009-02-04,no price near listing,False,2009-03-11,2026-08-25,4381.0,10.0,True,0.005,2.0,0.0,,37221272.9,,,29.0,70.0,120.0,38.0,90.0,36.0,2.0,2.15,2.5,0.24,0.13,,,,,,,,,,,,
V-05020,BOGO.V,Borealis Mining Company Limited,TSXV,Gold,2024-08-07,ok,True,2024-08-07,2026-08-25,515.0,6.0,False,1.0,0.0,0.0,282880.0,128405237.49,0.64,0.63,0.77,0.79,0.62,0.75,0.925,,,,,,1.09,-0.0156,0.2031,0.2344,-0.0312,0.1719,0.4453,,,,,,0.7031
V-00648,BONE.V,Boron One Holdings Inc.,TSXV,,,no listing date,,1996-07-31,2026-08-25,7554.0,,,,,,,12539349.27,,,,,,,,,,,,,0.035,,,,,,,,,,,,
V-04541,BPAG.V,BP Silver Corp.,TSXV,Silver,2025-09-29,ok,True,2025-09-29,2026-08-25,228.0,4.0,True,0.75,1.0,0.0,421747.0,57890211.98,0.391,0.455,0.45,0.58,0.93,,,,,,,,1.08,0.1637,0.1509,0.4834,1.3785,,,,,,,,1.7621
V-01266,BEM.V,Brasnova Energy Materials Inc.,TSXV,,2007-02-28,ok,True,2007-02-28,2026-08-24,4890.0,11.0,True,0.0625,2.0,0.0,1430.0,3260618.41,7.776,7.04,7.2,11.2,6.4,2.56,0.32,1.12,0.48,0.16,0.56,0.48,0.1,-0.0947,-0.0741,0.4403,-0.177,-0.6708,-0.9588,-0.856,-0.9383,-0.9794,-0.928,-0.9383,-0.9871
V-03121,BVA.V,Bravada Gold Corporation,TSXV,Gold | Zinc,2010-05-04,ok,True,2010-05-05,2026-08-25,4092.0,11.0,True,0.0125,2.0,0.0,1302.0,23346647.01,15.68,12.8,16.0,14.4,8.4,8.4,4.8,2.4,0.32,1.84,0.72,0.24,1.14,-0.1837,0.0204,-0.0816,-0.4643,-0.4643,-0.6939,-0.8469,-0.9796,-0.8827,-0.9541,-0.9847,-0.9273
V-04905,BRVO.V,Bravo Mining Corp.,TSXV,Gold | Nickel | Platinum/PGM,2022-07-21,ok,True,2022-07-25,2026-08-25,1026.0,7.0,False,1.0,0.0,0.0,11620.0,400200564.96,1.702,1.7,1.78,1.69,2.17,4.95,3.3,3.5,,,,,3.52,-0.0012,0.0458,-0.0071,0.275,1.9083,0.9389,1.0564,,,,,1.0682
V-02886,BBB.V,Brixton Metals Corporation,TSXV,Gold | Silver | Copper,2010-12-07,ok,True,2008-08-08,2026-08-25,4527.0,11.0,True,0.01,2.0,0.0,513.0,46748934.54,32.0,32.0,25.0,26.0,16.5,6.0,16.0,8.0,0.7,2.7,2.95,0.65,0.66,0.0,-0.2188,-0.1875,-0.4844,-0.8125,-0.5,-0.75,-0.9781,-0.9156,-0.9078,-0.9797,-0.9794
V-01816,BRON.V,Bronco Resources Corp.,TSXV,Gold,,no listing date,,1996-04-16,2026-08-24,7707.0,,,,,,,1618731.765,,,,,,,,,,,,,0.055,,,,,,,,,,,,
V-02235,BRW.V,Brunswick Exploration Inc.,TSXV,Lithium,2007-06-29,no price near listing,False,2007-10-25,2026-08-25,4726.0,8.0,False,1.0,0.0,0.0,,39534898.34,,,,,0.31,0.18,0.19,0.19,0.05,0.43,0.37,0.27,0.17,,,,,,,,,,,,
V-03022,BTU.V,BTU Metals Corp.,TSXV,Gold,2017-06-20,ok,True,2010-01-13,2026-08-25,4170.0,9.0,False,1.0,0.0,0.0,60232.0,9778230.77,0.132,0.11,0.185,0.17,0.1,0.05,0.15,0.34,0.035,0.03,,,0.045,-0.1667,0.4015,0.2879,-0.2424,-0.6212,0.1364,1.5758,-0.7348,-0.7727,,,-0.6591
V-5088,BUFF.V,Buffalo Potash Corporation,TSXV,Potash,2026-01-06,ok,True,2026-01-06,2026-08-25,161.0,4.0,False,1.0,0.0,0.0,26483.0,39543523.43,0.394,0.43,0.34,0.67,0.55,,,,,,,,0.78,0.0914,-0.1371,0.7005,0.3959,,,,,,,,0.9797
V-04879,ZLTO.V,Bulgold Inc.,TSXV,Gold,2023-03-27,ok,True,2022-04-28,2026-08-25,1086.0,7.0,True,0.3333,1.0,0.0,4830.0,3994430.715,0.246,0.15,0.3,0.3,0.16,0.085,0.05,0.06,,,,,0.04,-0.3902,0.2195,0.2195,-0.3496,-0.6545,-0.7967,-0.7561,,,,,-0.8374
V-04804,FROG.V,Bullfrog Gold Corporation,TSXV,,2024-03-12,ok,True,2024-03-12,2026-08-25,617.0,6.0,False,1.0,0.0,0.0,51599.0,8394490.1,0.205,0.18,0.17,0.16,0.065,0.13,0.065,,,,,,0.15,-0.122,-0.1707,-0.2195,-0.6829,-0.3659,-0.6829,,,,,,-0.2683
V-02260,BGD.V,Bullion Gold Discoveries Corp.,TSXV,Gold,2008-05-21,no price near listing,False,2012-01-03,2026-08-25,3676.0,4.0,True,0.1,1.0,0.0,,8092945.6,,,,,,,,,0.25,0.1,0.4,0.03,0.075,,,,,,,,,,,,
V-04113,BWR.V,BWR Exploration Inc.,TSXV,Gold | Zinc,2013-04-04,ok,True,2013-04-05,2026-08-24,3359.0,10.0,False,1.0,0.0,0.0,6600.0,1105104.61,0.15,0.15,0.15,0.1,0.13,0.09,0.02,0.02,0.06,0.025,0.04,,0.01,0.0,0.0,-0.3333,-0.1333,-0.4,-0.8667,-0.8667,-0.6,-0.8333,-0.7333,,-0.9333
V-03842,CCCM.V,C3 Metals Inc.,TSXV,Copper,2015-07-07,ok,True,2012-01-03,2026-08-25,3676.0,10.0,True,0.0077,2.0,0.0,0.0,98975036.24,0.234,0.13,1.95,1.43,0.65,1.755,1.3,0.78,0.78,0.585,0.75,,0.74,-0.4444,7.3333,5.1111,1.7778,6.5,4.5556,2.3333,2.3333,1.5,2.2051,,2.1624
V-04244,CBR.V,Cabral Gold Inc.,TSXV,Gold,2017-11-02,ok,True,2015-03-12,2026-08-25,2875.0,9.0,True,0.2,1.0,0.0,2600.0,288110579.04,0.5,0.465,0.36,0.31,0.33,0.26,0.145,0.51,0.205,0.31,,,1.41,-0.07,-0.28,-0.38,-0.34,-0.48,-0.71,0.02,-0.59,-0.38,,,1.82
V-5077,CAMB.V,Cambria Gold Mines Inc.,TSXV,,2025-10-14,ok,True,1996-08-08,2026-08-25,7549.0,4.0,True,0.02,1.0,0.0,14646.0,312864305.39,3.1,3.0,2.0,0.9,1.44,,,,,,,,1.05,-0.0323,-0.3548,-0.7097,-0.5355,,,,,,,,-0.6613
V-03108,COR.V,Camino Minerals Corporation,TSXV,Gold | Copper,2010-04-22,ok,True,2010-04-22,2026-08-25,4099.0,11.0,True,0.0167,2.0,0.0,99809.0,39277201.48,18.84,20.4,16.2,15.6,24.0,21.0,6.6,4.2,1.14,10.98,0.9,0.23,0.4,0.0828,-0.1401,-0.172,0.2739,0.1146,-0.6497,-0.7771,-0.9395,-0.4172,-0.9522,-0.9878,-0.9788
V-02047,CCB.V,Canada Carbon Inc.,TSXV,,,no listing date,,1996-08-08,2026-08-24,7548.0,,,,,,,1211407.56,,,,,,,,,,,,,0.01,,,,,,,,,,,,
V-04626,CNC.V,Canada Nickel Company Inc.,TSXV,Nickel,2020-02-27,ok,True,2020-02-27,2026-08-25,1630.0,8.0,False,1.0,0.0,0.0,34140.0,332666208.16,0.686,0.61,0.46,1.2,2.0,3.5,3.14,1.69,0.74,,,,1.51,-0.1108,-0.3294,0.7493,1.9155,4.102,3.5773,1.4636,0.0787,,,,1.2012
V-00115,CONE.V,Canada One Mining Corp.,TSXV,Gold | Copper,,no listing date,,1996-08-08,2026-08-24,7625.0,,,,,,,2978741.09,,,,,,,,,,,,,0.06,,,,,,,,,,,,
V-00801,LL.V,Canada Rare Earth Corp.,TSXV,Rare Earths,,no listing date,,2007-10-25,2026-08-24,4725.0,,,,,,,4231753.92,,,,,,,,,,,,,0.02,,,,,,,,,,,,
V-03698,CCMI.V,Canadian Critical Minerals Inc.,TSXV,Gold | Silver | Copper,2010-12-29,ok,True,2010-12-29,2026-08-25,3927.0,11.0,True,0.1,1.0,0.0,21190.0,8441986.925,1.71,2.0,2.1,1.75,0.9,1.65,1.45,0.4,0.02,0.075,0.14,0.035,0.035,0.1696,0.2281,0.0234,-0.4737,-0.0351,-0.152,-0.7661,-0.9883,-0.9561,-0.9181,-0.9795,-0.9795
V-02390,CAN.V,Canadian Gold Resources Ltd.,TSXV,Gold,2024-12-12,ok,True,2024-12-12,2026-08-25,426.0,5.0,False,1.0,0.0,0.0,47870.0,3840821.32,0.564,0.26,0.21,0.21,0.13,0.18,,,,,,,0.07,-0.539,-0.6277,-0.6277,-0.7695,-0.6809,,,,,,,-0.8759
V-02650,CGM.V,Canadian Goldfields Discovery Corp.,TSXV,Copper,2007-10-19,ok,True,2007-10-19,2026-08-25,4730.0,11.0,True,0.01,2.0,0.0,9140.0,30643321.98,141.8,180.0,193.0,218.0,300.0,50.0,71.0,45.0,73.0,18.0,5.0,0.14,0.205,0.2694,0.3611,0.5374,1.1157,-0.6474,-0.4993,-0.6827,-0.4852,-0.8731,-0.9647,-0.999,-0.9986
V-04867,CNRI.V,Canadian North Resources Inc.,TSXV,Copper | Nickel | Platinum/PGM,2022-04-07,ok,True,2022-04-11,2026-08-25,1098.0,7.0,False,1.0,0.0,0.0,27660.0,20578557.06,2.2,2.45,2.2,2.36,2.6,2.68,1.39,1.0,,,,,0.17,0.1136,0.0,0.0727,0.1818,0.2182,-0.3682,-0.5455,,,,,-0.9227
V-03109,CPS.V,Canadian Premium Sand Inc.,TSXV,,2010-04-05,no price near listing,False,2010-04-22,2026-08-24,4098.0,11.0,True,0.0667,1.0,0.0,,8799579.82,,5.025,3.75,2.7,2.25,2.475,0.6,0.6,0.375,0.6,0.15,0.22,0.08,,,,,,,,,,,,
V-02041,CAF.V,Canaf Investments Inc.,TSXV,Coal,,no listing date,,1998-06-03,2026-08-24,7089.0,,,,,,,15176382.4,,,,,,,,,,,,,0.32,,,,,,,,,,,,
V-00323,CVV.V,Canalaska Uranium Ltd.,TSXV,Uranium,2013-12-30,ok,True,1996-08-08,2026-08-25,7549.0,10.0,False,1.037,1.0,0.0,9498.0,98318451.745,0.1273,0.1254,0.2507,0.1832,0.1639,0.1543,0.1061,0.4339,0.2989,0.4339,0.39,,0.4,-0.0149,0.9694,0.4391,0.2875,0.2121,-0.1665,2.4085,1.348,2.4085,2.0636,,2.1422
V-00339,CLZ.V,Canasil Resources Inc.,TSXV,,,no listing date,,1996-08-08,2026-08-24,7548.0,,,,,,,6232571.2,,,,,,,,,,,,,0.05,,,,,,,,,,,,
V-01406,CANX.V,Canex Metals Inc.,TSXV,Gold | Copper,,no listing date,,1996-07-31,2026-08-25,7554.0,,,,,,,52256965.5,,,,,,,,,,,,,0.3,,,,,,,,,,,,
V-03962,CLV.V,Canoe Mining Ventures Corp.,TSXV,Gold,2013-12-09,no price near listing,False,2014-03-05,2026-08-24,3130.0,8.0,True,0.25,1.0,0.0,,4276837.92,,,,1.16,0.92,0.42,0.14,0.28,0.56,0.15,0.035,,0.12,,,,,,,,,,,,
V-00349,ROX.V,Canstar Resources Inc.,TSXV,Gold,2005-04-08,ok,True,2003-10-09,2026-08-25,5744.0,11.0,True,0.2,1.0,0.0,2520.0,9288694.75,1.45,1.0,1.1,0.85,0.7,1.15,0.75,0.65,0.45,0.7,0.2,0.02,0.06,-0.3103,-0.2414,-0.4138,-0.5172,-0.2069,-0.4828,-0.5517,-0.6897,-0.5172,-0.8621,-0.9862,-0.9586
V-00553,CTM.V,Canterra Minerals Corporation,TSXV,Gold | Silver | Copper | Lead | Zinc,,no listing date,,1999-06-15,2026-08-25,6831.0,,,,,,,57230613.325,,,,,,,,,,,,,0.13,,,,,,,,,,,,
V-00350,CD.V,Cantex Mine Development Corp.,TSXV,Silver | Lead | Zinc,,no listing date,,1996-07-31,2026-08-25,7554.0,,,,,,,33438579.72,,,,,,,,,,,,,0.265,,,,,,,,,,,,
V-03003,CDA.V,Canuc Resources Corporation,TSXV,Gold | Silver,2009-08-27,ok,True,2009-09-03,2026-08-25,4259.0,11.0,True,0.01,2.0,0.0,469.0,29178563.0,18.2,17.0,17.0,15.0,21.0,19.0,19.0,9.0,2.0,2.5,0.4,0.8,0.88,-0.0659,-0.0659,-0.1758,0.1538,0.044,0.044,-0.5055,-0.8901,-0.8626,-0.978,-0.956,-0.9516
V-01326,CMIL.V,Capella Minerals Limited,TSXV,Gold | Copper,2006-01-12,ok,True,1996-08-08,2026-08-25,7546.0,11.0,True,0.0095,3.0,0.0,24.0,4939110.605,32.55,38.85,29.4,39.9,27.3,32.55,26.25,4.2,23.1,5.25,0.75,0.48,0.065,0.1935,-0.0968,0.2258,-0.1613,0.0,-0.1935,-0.871,-0.2903,-0.8387,-0.977,-0.9853,-0.998
V-04653,CAPT.V,Capitan Silver Corp.,TSXV,Gold | Silver,2020-08-21,no price near listing,False,2020-09-10,2026-08-25,1495.0,7.0,False,1.0,0.0,0.0,,225267911.75,,,0.35,0.255,0.285,0.25,0.3,0.135,0.99,,,,2.06,,,,,,,,,,,,
V-02402,CRB.V,Cariboo Rose Resources Ltd.,TSXV,Gold | Copper,2006-12-04,ok,True,2006-12-04,2026-08-25,4950.0,11.0,False,1.0,0.0,0.0,13200.0,2901046.96,0.252,0.2,0.17,0.18,0.22,0.21,0.06,0.19,0.1,0.04,0.11,0.05,0.05,-0.2063,-0.3254,-0.2857,-0.127,-0.1667,-0.7619,-0.246,-0.6032,-0.8413,-0.5635,-0.8016,-0.8016
V-00365,CGD.V,Carlin Gold Corporation,TSXV,Gold | Copper,,no listing date,,2004-07-23,2026-08-25,5545.0,,,,,,,13678606.98,,,,,,,,,,,,,1.33,,,,,,,,,,,,
V-02513,CPI.V,Carlton Precious Inc.,TSXV,Gold,2007-05-08,ok,True,2007-05-08,2026-08-25,4843.0,11.0,True,0.2,1.0,0.0,23508.0,6514788.375,5.81,5.95,4.75,4.3,4.0,2.35,0.15,0.3,0.19,0.05,0.25,0.11,0.115,0.0241,-0.1824,-0.2599,-0.3115,-0.5955,-0.9742,-0.9484,-0.9673,-0.9914,-0.957,-0.9811,-0.9802
V-00390,RUSH.V,Carolina Rush Corporation,TSXV,Gold | Copper,2005-08-12,ok,True,2005-05-31,2026-08-25,5331.0,11.0,True,0.1,1.0,0.0,910.0,9079948.2,4.54,4.5,3.5,3.6,6.1,6.4,2.5,2.8,1.0,0.9,0.2,1.1,0.12,-0.0088,-0.2291,-0.207,0.3436,0.4097,-0.4493,-0.3833,-0.7797,-0.8018,-0.9559,-0.7577,-0.9736
V-02425,ECR.V,Cartier Resources Inc.,TSXV,Gold,2007-06-07,no price near listing,False,2007-10-25,2026-08-25,4726.0,8.0,False,1.0,0.0,0.0,,109309234.3,,,,,0.62,0.5,0.19,0.38,0.21,0.13,0.32,0.14,0.315,,,,,,,,,,,,
V-03883,CASA.V,Casa Minerals Inc.,TSXV,Gold | Molybdenum,2017-12-07,ok,True,2011-11-14,2026-08-25,3709.0,9.0,False,1.0,0.0,0.0,2000.0,6792277.35,0.09,0.09,0.12,0.16,0.14,0.19,0.095,0.17,0.1,0.04,,,0.075,0.0,0.3333,0.7778,0.5556,1.1111,0.0556,0.8889,0.1111,-0.5556,,,-0.1667
V-00370,CCD.V,Cascadero Copper Corporation,TSXV,Copper,,no listing date,,2007-10-25,2026-08-25,4726.0,,,,,,,3001298.74,,,,,,,,,,,,,0.01,,,,,,,,,,,,
V-04968,CAM.V,Cascadia Minerals Ltd.,TSXV,Gold | Copper,2023-07-19,ok,True,2023-07-19,2026-08-25,779.0,7.0,False,1.0,0.0,0.0,130275.0,59615951.73,0.236,0.18,0.185,0.375,0.25,0.37,0.17,0.33,,,,,0.32,-0.2373,-0.2161,0.589,0.0593,0.5678,-0.2797,0.3983,,,,,0.3559
V-03711,GLDC.V,Cassiar Gold Corp.,TSXV,Gold,2011-07-05,no price near listing,False,2014-07-02,2026-08-25,3049.0,5.0,True,0.2,1.0,0.0,,64601058.0,,,,,,,,1.85,1.2,1.0,0.5,0.42,0.475,,,,,,,,,,,,
V-02920,CBLT.V,CBLT Inc.,TSXV,Gold | Copper | Zinc | Lithium,2012-01-16,ok,True,2012-01-16,2026-08-25,3667.0,10.0,False,1.0,0.0,0.0,110800.0,3858853.65,0.16,0.15,0.19,0.13,0.105,0.06,0.04,0.03,0.06,0.025,0.05,,0.05,-0.0625,0.1875,-0.1875,-0.3438,-0.625,-0.75,-0.8125,-0.625,-0.8438,-0.6875,,-0.6875
V-04767,CTG.V,Centenario Gold Corp.,TSXV,,2023-10-31,no price near listing,False,2026-07-17,2026-08-24,26.0,0.0,False,1.0,0.0,0.0,,2126657.94,,,,,,,,,,,,,0.095,,,,,,,,,,,,
V-02535,CIO.V,Central Iron Ore Limited,TSXV,Gold,2007-06-01,no price near listing,False,2007-06-21,2026-08-25,4812.0,10.0,True,0.0333,2.0,0.0,,4222932.18,,,3.9,2.4,2.7,3.9,0.6,0.33,0.15,0.03,0.06,0.15,0.045,,,,,,,,,,,,
V-02420,CTN.V,Centurion Minerals Ltd.,TSXV,Gold,2006-12-22,ok,True,2006-12-22,2026-08-24,4935.0,11.0,True,0.0021,5.0,0.0,74.0,2951301.525,431.9991,431.9991,383.9992,527.999,383.9992,191.9996,16.8,249.5995,153.5997,24.0,6.72,1.12,0.045,0.0,-0.1111,0.2222,-0.1111,-0.5556,-0.9611,-0.4222,-0.6444,-0.9444,-0.9844,-0.9974,-0.9999
V-00515,LCE.V,Century Lithium Corp.,TSXV,Lithium,,no listing date,,1996-08-08,2026-08-25,7549.0,,,,,,,47840051.705,,,,,,,,,,,,,0.26,,,,,,,,,,,,
V-04512,CERT.V,Cerrado Gold Inc.,TSXV,Gold,2021-02-25,ok,True,2020-02-03,2026-08-25,1647.0,8.0,False,1.0,0.0,0.0,117100.0,212436133.23,1.106,1.02,1.12,1.65,1.62,1.35,0.87,0.17,1.97,,,,2.54,-0.0778,0.0127,0.4919,0.4647,0.2206,-0.2134,-0.8463,0.7812,,,,1.2966
V-5055,CDPR.V,Cerro De Pasco Resources Inc.,TSXV,Silver,2025-03-14,ok,True,2010-12-21,2026-08-25,3933.0,5.0,False,1.0,0.0,0.0,462850.0,388692164.7,0.265,0.265,0.26,0.435,0.475,0.63,,,,,,,0.7,0.0,-0.0189,0.6415,0.7925,1.3774,,,,,,,1.6415
V-02013,CYL.V,Ceylon Graphite Corp.,TSXV,,2017-01-03,ok,True,2008-01-16,2026-08-24,4668.0,9.0,False,1.0,0.0,0.0,12380.0,3765082.44,0.27,0.25,0.3,0.39,0.22,0.24,0.17,0.19,0.21,0.04,,,0.02,-0.0741,0.1111,0.4444,-0.1852,-0.1111,-0.3704,-0.2963,-0.2222,-0.8519,,,-0.9259
V-04088,PERU.V,Chakana Copper Corp.,TSXV,Copper,2018-01-31,ok,True,2013-01-08,2026-08-25,3421.0,9.0,True,0.0145,2.0,0.0,52238.0,5679180.1,8.0,7.4,9.2,7.4,5.7,3.3,1.65,5.3,0.85,0.2,,,0.11,-0.075,0.15,-0.075,-0.2875,-0.5875,-0.7938,-0.3375,-0.8938,-0.975,,,-0.9862
V-00397,CBA.V,Champion Bear Resources Ltd.,TSXV,Gold | Copper | Nickel | Platinum/PGM | Lead,,no listing date,,2012-01-16,2026-08-24,3666.0,,,,,,,4514686.38,,,,,,,,,,,,,0.065,,,,,,,,,,,,
V-00785,NZP.V,Chatham Rock Phosphate Limited,TSXV,,2005-04-07,no price near listing,False,2026-07-17,2026-07-17,1.0,0.0,False,1.0,0.0,0.0,,5770538.25,,,,,,,,,,,,,0.035,,,,,,,,,,,,
V-00404,CKG.V,Chesapeake Gold Corp.,TSXV,Gold,,no listing date,,2003-10-09,2026-08-25,5744.0,,,,,,,261411070.6,,,,,,,,,,,,,3.85,,,,,,,,,,,,
V-04094,CBG.V,Chibougamau Independent Mines Inc.,TSXV,Gold | Copper,2013-01-25,no price near listing,False,2013-03-20,2026-08-24,3370.0,8.0,True,0.5,1.0,0.0,,18835333.255,,,,0.21,0.16,0.14,0.06,0.04,0.065,0.14,0.105,,0.315,,,,,,,,,,,,
V-5091,CMCG.V,Chilean Metals Inc.,TSXV,Gold | Silver | Copper,2026-02-19,ok,True,2026-02-26,2026-08-25,125.0,4.0,False,1.0,0.0,0.0,43954.0,5969403.72,0.542,0.45,0.31,0.27,0.29,,,,,,,,0.295,-0.1697,-0.428,-0.5018,-0.4649,,,,,,,,-0.4557
V-04480,CRI.V,Churchill Resources Inc.,TSXV,Nickel | Diamond,2021-06-21,ok,True,2021-06-23,2026-08-25,1298.0,8.0,False,1.0,0.0,0.0,111497.0,16034097.0,0.222,0.22,0.17,0.25,0.2,0.225,0.065,0.06,0.06,,,,0.055,-0.009,-0.2342,0.1261,-0.0991,0.0135,-0.7072,-0.7297,-0.7297,,,,-0.7523
V-01499,AIR.V,Clean Air Metals Inc.,TSXV,Platinum/PGM,2020-05-22,ok,True,2020-05-22,2026-08-24,1570.0,8.0,False,1.0,0.0,0.0,2787124.0,13780623.12,0.413,0.395,0.33,0.3,0.295,0.33,0.2,0.065,0.045,,,,0.065,-0.0436,-0.201,-0.2736,-0.2857,-0.201,-0.5157,-0.8426,-0.891,,,,-0.8426
V-00822,TRAN.V,Clean Energy Transition Inc.,TSXV,Nickel,,no listing date,,1996-08-08,2026-08-24,7548.0,,,,,,,1461034.75,,,,,,,,,,,,,0.04,,,,,,,,,,,,
V-04856,CTV.V,Cleantech Vanadium Mining Corp.,TSXV,,2022-03-04,ok,True,2022-03-04,2026-08-25,1124.0,7.0,False,1.0,0.0,0.0,573214.0,18915378.375,0.764,0.85,0.64,0.335,0.165,0.195,0.055,0.03,,,,,0.14,0.1126,-0.1623,-0.5615,-0.784,-0.7448,-0.928,-0.9607,,,,,-0.8168
V-03667,CZZ.V,Cleghorn Minerals Ltd.,TSXV,Copper | Nickel | Platinum/PGM,2016-08-24,no price near listing,False,2016-10-06,2026-08-25,2480.0,8.0,False,1.0,0.0,0.0,,2515750.51,,,,0.11,0.13,0.07,0.095,0.065,0.11,0.05,0.115,,0.1,,,,,,,,,,,,
V-04053,COCO.V,Coast Copper Corp.,TSXV,Gold | Silver | Copper | Molybdenum | Iron | Zinc,2014-07-18,ok,True,2012-09-26,2026-08-25,3491.0,10.0,True,0.2,1.0,0.0,400.0,18001397.15,1.5,1.5,1.25,1.25,0.8,0.55,0.625,0.35,0.055,0.125,0.06,,0.31,0.0,-0.1667,-0.1667,-0.4667,-0.6333,-0.5833,-0.7667,-0.9633,-0.9167,-0.96,,-0.7933
V-00435,CBI.V,Colibri Resource Corporation,TSXV,Gold | Silver,2005-08-05,ok,True,2005-08-12,2026-08-25,5280.0,11.0,True,0.0133,2.0,0.0,868.0,3503267.5,17.4,18.0,15.0,15.75,14.25,9.0,24.75,7.5,5.25,3.75,0.75,0.4,0.09,0.0345,-0.1379,-0.0948,-0.181,-0.4828,0.4224,-0.569,-0.6983,-0.7845,-0.9569,-0.977,-0.9948
V-03080,CAD.V,Colonial Coal International Corp.,TSXV,Coal,2010-10-12,ok,True,2010-04-22,2026-08-25,4099.0,11.0,False,1.0,0.0,0.0,60520.0,424069186.79,0.75,0.7,0.9,1.81,1.5,1.23,0.72,0.35,0.045,0.1,0.81,1.74,2.12,-0.0667,0.2,1.4133,1.0,0.64,-0.04,-0.5333,-0.94,-0.8667,0.08,1.32,1.8267
V-04909,CLUS.V,Colossus Resources Corp.,TSXV,Gold | Copper,2022-08-04,ok,True,2022-08-04,2026-08-24,1018.0,7.0,False,1.0,0.0,0.0,7067.0,1367973.75,0.286,0.28,0.29,0.18,0.215,0.15,0.15,0.065,,,,,0.05,-0.021,0.014,-0.3706,-0.2483,-0.4755,-0.4755,-0.7727,,,,,-0.8252
V-04210,CLIC.V,Comet Lithium Corporation,TSXV,Gold | Lithium,2014-07-03,no price near listing,False,2014-07-14,2026-08-24,3040.0,10.0,True,0.1429,1.0,0.0,,8913285.9,,0.56,0.875,1.155,0.77,0.735,1.4,2.17,0.665,0.63,0.315,,0.3,,,,,,,,,,,,
V-01393,CVB.V,Compass Gold Corporation,TSXV,Gold,2017-11-30,ok,True,2010-04-13,2026-08-24,4104.0,9.0,True,0.2,1.0,0.0,2300.0,23135343.15,0.76,0.8,0.6,0.5,0.6,0.18,0.41,0.23,0.06,0.15,,,0.15,0.0526,-0.2105,-0.3421,-0.2105,-0.7632,-0.4605,-0.6974,-0.9211,-0.8026,,,-0.8026
V-02269,CN.V,Condor Resources Inc.,TSXV,Gold | Silver | Copper,2006-03-03,ok,True,2006-03-06,2026-08-25,5139.0,11.0,True,0.2,1.0,0.0,23692.0,18991934.25,3.48,3.3,3.5,3.35,3.0,1.8,3.55,0.65,2.65,0.08,0.03,0.23,0.18,-0.0517,0.0057,-0.0374,-0.1379,-0.4828,0.0201,-0.8132,-0.2385,-0.977,-0.9914,-0.9339,-0.9483
V-05003,COS.V,Coniagas Battery Metals Inc.,TSXV,Copper | Nickel,2024-03-18,ok,True,2024-03-18,2026-08-24,612.0,6.0,False,1.0,0.0,0.0,11096.0,1891755.03,0.224,0.2,0.15,0.13,0.095,0.035,0.07,,,,,,0.06,-0.1071,-0.3304,-0.4196,-0.5759,-0.8438,-0.6875,,,,,,-0.7321
V-00448,CQR.V,Conquest Resources Limited,TSXV,Copper,,no listing date,,2002-09-30,2026-08-25,6003.0,,,,,,,10060511.89,,,,,,,,,,,,,0.05,,,,,,,,,,,,
V-01051,CLM.V,Consolidated Lithium Metals Inc.,TSXV,Lithium,,no listing date,,2026-07-17,2026-08-24,26.0,,,,,,,32809335.9,,,,,,,,,,,,,0.055,,,,,,,,,,,,
V-01015,CPAU.V,CopAur Minerals Inc.,TSXV,Gold | Copper,,no listing date,,2000-02-16,2026-08-25,6662.0,,,,,,,16268797.215,,,,,,,,,,,,,0.15,,,,,,,,,,,,
V-00481,CUU.V,Copper Fox Metals Inc.,TSXV,Gold | Copper | Molybdenum,2005-07-21,ok,True,2005-07-22,2026-08-25,5294.0,11.0,False,1.0,0.0,0.028,11200.0,363474991.32,0.2848,0.2771,0.2867,0.2389,0.2198,0.4587,1.0416,0.3727,0.2676,1.1467,0.19,0.18,0.68,-0.027,0.0067,-0.1612,-0.2282,0.6106,2.6573,0.3086,-0.0604,3.0263,-0.3329,-0.368,1.3876
V-02917,CGNT.V,Copper Giant Resources Corp.,TSXV,Gold | Copper | Molybdenum,2010-10-01,no price near listing,False,2012-07-04,2026-08-25,3549.0,6.0,True,0.01,3.0,0.0,,152503342.56,,,,,,,20.0,4.0,3.0,3.5,6.5,0.235,1.26,,,,,,,,,,,,
V-00191,CPL.V,Copper Lake Resources Ltd.,TSXV,Silver | Copper | Nickel | Platinum/PGM | Zinc,,no listing date,,2012-08-02,2026-08-25,3528.0,,,,,,,4471533.99,,,,,,,,,,,,,0.19,,,,,,,,,,,,
V-02178,CRD.V,Copper Road Resources Inc.,TSXV,Gold | Copper,2004-09-16,no price near listing,False,2018-03-07,2026-08-24,2125.0,1.0,False,1.0,0.0,0.0,,4568097.195,,,,,,,,,,,,0.05,0.07,,,,,,,,,,,,
V-04832,CPER.V,CopperCorp Resources Inc.,TSXV,Gold | Copper,2022-01-11,ok,True,2022-01-14,2026-08-25,1158.0,7.0,False,1.0,0.0,0.0,72420.0,4758285.84,0.616,0.57,0.485,0.46,0.2,0.18,0.09,0.165,,,,,0.04,-0.0747,-0.2127,-0.2532,-0.6753,-0.7078,-0.8539,-0.7321,,,,,-0.9351
V-04772,CUEX.V,CopperEx Resources Corporation,TSXV,Gold | Copper,2024-02-14,ok,True,2021-09-03,2026-08-25,1248.0,6.0,True,0.3333,1.0,0.0,22301.0,2228310.98,0.577,0.53,0.6,0.43,0.27,0.07,0.14,,,,,,0.05,-0.0815,0.0399,-0.2548,-0.5321,-0.8787,-0.7574,,,,,,-0.9133
V-03662,CDB.V,Cordoba Minerals Corp.,TSXV,Gold | Silver | Copper,2010-10-14,no price near listing,False,2012-01-03,2026-08-25,3676.0,6.0,True,0.0294,2.0,1.395,,22436176.85,,,,,,,1.0405,1.1923,0.1138,0.5961,0.1301,0.0561,0.26,,,,,,,,,,,,
V-04220,CCMC.V,Core Critical Metals Corp.,TSXV,Gold | Nickel,2014-09-25,no price near listing,False,2014-10-27,2026-08-25,2969.0,9.0,True,0.03,3.0,0.0,,21351865.5,,,7.3333,6.0,8.6667,10.6667,14.3333,8.1667,3.0,3.6667,0.1667,,0.57,,,,,,,,,,,,
V-04985,COSA.V,Cosa Resources Corp.,TSXV,Uranium,2023-10-18,ok,True,2022-03-22,2026-08-25,1112.0,6.0,False,1.0,0.0,0.0,31271.0,73454464.66,0.286,0.29,0.39,0.51,0.41,0.28,0.275,,,,,,0.58,0.014,0.3636,0.7832,0.4336,-0.021,-0.0385,,,,,,1.028
V-00928,CSG.V,Cosigo Resources Ltd.,TSXV,,2011-04-25,ok,True,1999-09-30,2026-08-24,6805.0,11.0,True,0.3333,1.0,0.0,98685.0,8416688.4,0.532,0.5,0.37,0.33,0.235,0.25,0.165,0.045,0.01,0.01,0.01,0.08,0.065,-0.0602,-0.3045,-0.3797,-0.5583,-0.5301,-0.6898,-0.9154,-0.9812,-0.9812,-0.9812,-0.8496,-0.8778
V-04833,CCMM.V,Coyote Copper Mines Inc.,TSXV,Copper,2026-04-13,ok,True,2026-04-13,2026-08-25,94.0,3.0,False,1.0,0.0,0.0,1043462.0,30498196.0,0.236,0.2,0.255,0.28,,,,,,,,,0.63,-0.1525,0.0805,0.1864,,,,,,,,,1.6695
V-02461,CRE.V,Critical Elements Lithium Corporation,TSXV,Lithium,2007-02-22,no price near listing,False,2007-10-25,2026-08-25,4726.0,7.0,False,1.0,0.0,0.0,,82374083.56,,,,,,0.22,0.14,0.34,0.18,0.19,0.89,1.36,0.375,,,,,,,,,,,,
V-5092,CRG.V,Crossroads Gold Corp.,TSXV,Gold,2026-03-04,ok,True,2026-03-05,2026-08-25,120.0,3.0,False,1.0,0.0,0.0,130692.0,14420800.68,0.274,0.27,0.24,0.2,,,,,,,,,0.205,-0.0146,-0.1241,-0.2701,,,,,,,,,-0.2518
V-05021,CLCO.V,Culico Metals Inc.,TSXV,Lithium,2024-08-16,ok,True,2024-08-16,2026-08-25,508.0,6.0,False,1.0,0.0,0.0,894470.0,34715413.17,0.109,0.09,0.12,0.11,0.165,0.19,0.415,,,,,,0.415,-0.1743,0.1009,0.0092,0.5138,0.7431,2.8073,,,,,,2.8073
V-04537,CYG.V,Cygnus Metals Limited,TSXV,Gold | Copper | Rare Earths | Lithium,2019-12-17,no price near listing,False,2025-01-07,2026-08-25,411.0,0.0,False,1.0,0.0,0.0,,146509600.8,,,,,,,,,,,,,0.155,,,,,,,,,,,,
V-00525,DTWO.V,D2 Lithium Corp.,TSXV,Lithium,2005-01-19,ok,True,1996-08-08,2026-08-25,7549.0,11.0,True,0.05,2.0,0.0,654.0,1630431.18,5.12,5.2,5.0,3.6,2.8,3.6,4.6,4.8,3.6,1.0,0.7,0.2,0.04,0.0156,-0.0234,-0.2969,-0.4531,-0.2969,-0.1016,-0.0625,-0.2969,-0.8047,-0.8633,-0.9609,-0.9922
V-04599,DGC.V,Daura Gold Corp.,TSXV,Gold,2025-01-27,ok,True,2019-09-23,2026-08-25,1738.0,5.0,False,1.0,0.0,0.0,10000.0,19081884.375,0.054,0.065,0.2,0.135,0.16,0.4,,,,,,,0.27,0.2037,2.7037,1.5,1.963,6.4074,,,,,,,4.0
V-02689,DEC.V,Decade Resources Ltd.,TSXV,Gold | Silver | Copper,2007-12-18,no price near listing,False,2008-01-09,2026-08-24,4674.0,10.0,True,0.04,2.0,0.0,,14759504.16,,,16.25,15.0,8.25,5.0,8.0,6.75,1.0,0.5,0.35,0.08,0.09,,,,,,,,,,,,
V-04400,DEFN.V,Defense Metals Corp.,TSXV,Rare Earths,2018-01-19,no price near listing,False,2018-02-20,2026-08-25,2137.0,8.0,False,1.0,0.0,0.0,,59272207.5,,,0.2,0.24,0.15,0.2,0.17,0.37,0.32,0.16,,,0.15,,,,,,,,,,,,
V-02819,DEF.V,Defiance Silver Corp.,TSXV,Gold | Silver | Copper,2009-08-11,no price near listing,False,2012-01-17,2026-08-25,3666.0,5.0,False,1.0,0.0,0.0,,65828228.025,,,,,,,,0.25,0.07,0.56,0.33,0.19,0.195,,,,,,,,,,,,
V-00828,DLTA.V,Delta Resources Limited,TSXV,Gold | Copper,,no listing date,,2007-10-25,2026-08-25,4726.0,,,,,,,27753857.62,,,,,,,,,,,,,0.175,,,,,,,,,,,,
V-00542,DAU.V,Desert Gold Ventures Inc.,TSXV,Gold,2012-05-18,ok,True,2007-12-21,2026-08-25,4685.0,10.0,True,0.1,1.0,0.0,240.0,36063909.9,4.44,4.4,4.0,3.1,3.1,1.6,0.7,0.4,0.28,0.19,0.08,,0.115,-0.009,-0.0991,-0.3018,-0.3018,-0.6396,-0.8423,-0.9099,-0.9369,-0.9572,-0.982,,-0.9741
V-04124,DFR.V,DFR Gold Inc.,TSXV,Gold,2013-05-21,ok,True,1999-01-14,2026-08-25,6991.0,10.0,True,0.2,1.0,0.0,400.0,10156985.0,0.18,0.15,0.175,0.225,0.15,0.1,0.125,0.075,0.09,0.115,0.09,,0.04,-0.1667,-0.0278,0.25,-0.1667,-0.4444,-0.3056,-0.5833,-0.5,-0.3611,-0.5,,-0.7778
V-00551,DMI.V,Diamcor Mining Inc.,TSXV,Diamond,,no listing date,,1996-08-08,2026-08-24,7548.0,,,,,,,1686389.37,,,,,,,,,,,,,0.01,,,,,,,,,,,,
V-04910,DNO.V,Dinero Ventures Ltd.,TSXV,Gold,2022-08-10,no price near listing,False,2022-11-28,2026-08-24,938.0,4.0,False,1.0,0.0,0.0,,8596743.25,,,,,0.2,0.12,0.125,0.1,,,,,0.25,,,,,,,,,,,,
V-00557,DOS.V,Dios Exploration Inc.,TSXV,Gold | Lithium,,no listing date,,2002-02-01,2026-08-25,6169.0,,,,,,,4057711.98,,,,,,,,,,,,,0.03,,,,,,,,,,,,
V-00562,DCY.V,Discovery-Corp Enterprises Inc.,TSXV,Gold | Copper,,no listing date,,2008-07-24,2026-08-24,4537.0,,,,,,,673354.8,,,,,,,,,,,,,0.05,,,,,,,,,,,,
V-00368,DCOP.V,District Copper Corp.,TSXV,Copper,,no listing date,,2004-01-12,2026-08-25,5689.0,,,,,,,3793337.075,,,,,,,,,,,,,0.085,,,,,,,,,,,,
V-00458,DMX.V,District Metals Corp.,TSXV,Copper | Uranium,,no listing date,,1996-07-31,2026-08-25,7550.0,,,,,,,129749046.28,,,,,,,,,,,,,0.62,,,,,,,,,,,,
V-03926,DG.V,Dixie Gold Inc.,TSXV,Lithium,2011-12-22,no price near listing,False,2026-07-17,2026-08-13,19.0,0.0,True,0.25,1.0,0.0,,1110801.58,,,,,,,,,,,,,0.14,,,,,,,,,,,,
V-04429,DLP.V,DLP Resources Inc.,TSXV,Copper | Molybdenum | Lead | Zinc,2019-11-22,no price near listing,False,2021-01-08,2026-08-25,1413.0,3.0,False,1.0,0.0,0.0,,34691006.22,,,,,,,0.2,0.24,0.22,,,,0.425,,,,,,,,,,,,
V-04379,DMCU.V,Domestic Metals Corp.,TSXV,Gold | Copper,2017-11-21,no price near listing,False,2018-03-22,2026-08-25,2115.0,6.0,True,0.0333,2.0,0.0,,18698131.14,,,,,5.85,1.95,1.35,3.15,0.2,0.07,,,0.25,,,,,,,,,,,,
V-03670,DBG.V,Doubleview Gold Corp.,TSXV,,2011-07-22,no price near listing,False,2014-07-02,2026-08-25,3049.0,5.0,False,1.0,0.0,0.0,,565420294.3,,,,,,,,0.16,0.09,0.1,0.71,1.97,1.88,,,,,,,,,,,,
V-04992,DRY.V,Dryden Gold Corp.,TSXV,Gold,2023-12-29,no price near listing,False,2024-01-10,2026-08-25,660.0,6.0,False,1.0,0.0,0.0,,68049518.6,,0.3,0.21,0.14,0.105,0.145,0.34,,,,,,0.275,,,,,,,,,,,,
V-00586,DYG.V,Dynasty Gold Corp.,TSXV,Gold,2003-05-14,ok,True,1996-08-08,2026-08-25,7548.0,11.0,False,1.0,0.0,0.0,25760.0,9983346.255,0.404,0.4,0.38,0.37,0.62,0.7,0.31,0.39,0.07,0.05,0.02,0.2,0.13,-0.0099,-0.0594,-0.0842,0.5347,0.7327,-0.2327,-0.0347,-0.8267,-0.8762,-0.9505,-0.505,-0.6782
V-04681,ETU.V,E2Gold Inc.,TSXV,Gold,2020-12-30,ok,True,2021-01-04,2026-08-24,1416.0,8.0,False,1.0,0.0,0.0,248060.0,1147521.835,0.186,0.18,0.155,0.125,0.12,0.15,0.04,0.025,0.005,,,,0.005,-0.0323,-0.1667,-0.328,-0.3548,-0.1935,-0.7849,-0.8656,-0.9731,,,,-0.9731
V-00189,ETL.V,E3 Lithium Ltd.,TSXV,Lithium,,no listing date,,2017-03-15,2026-08-25,2371.0,,,,,,,98205031.68,,,,,,,,,,,,,1.045,,,,,,,,,,,,
V-00603,EPL.V,Eagle Plains Resources Ltd.,TSXV,Gold | Silver | Copper | Lead | Zinc | Uranium,1994-04-06,no price near listing,False,1996-07-31,2026-08-25,7554.0,5.0,False,1.0,0.0,0.0,,23040445.4,,,,,,,,0.4,0.2,0.11,0.55,0.17,0.19,,,,,,,,,,,,
V-04137,EAM.V,East Africa Metals Inc.,TSXV,Gold | Copper,2013-07-11,ok,True,2013-07-11,2026-08-25,3293.0,10.0,False,1.0,0.0,0.0,1008360.0,22862753.365,0.17,0.15,0.135,0.145,0.13,0.12,0.055,0.215,0.2,0.125,0.115,,0.075,-0.1176,-0.2059,-0.1471,-0.2353,-0.2941,-0.6765,0.2647,0.1765,-0.2647,-0.3235,,-0.5588
V-00611,ETF.V,Eastfield Resources Ltd.,TSXV,Gold | Copper,,no listing date,,1996-08-08,2026-08-25,7549.0,,,,,,,5583079.25,,,,,,,,,,,,,0.045,,,,,,,,,,,,
V-04837,EVI.V,Eastport Critical Metals Corp.,TSXV,Copper | Nickel | Diamond | Platinum/PGM | Rare Earths | Uranium,2025-11-20,ok,True,2025-11-20,2026-08-25,191.0,4.0,False,1.0,0.0,0.0,51676.0,22103910.84,0.652,0.6,0.63,1.03,0.6,,,,,,,,0.52,-0.0798,-0.0337,0.5798,-0.0798,,,,,,,,-0.2025
V-03990,EDCU.V,Edge Copper Corporation,TSXV,Silver,2012-04-09,no price near listing,False,2026-07-17,2026-08-13,8.0,0.0,False,1.0,0.0,0.0,,92089552.5,,,,,,,,,,,,,0.485,,,,,,,,,,,,
V-03851,EDDY.V,Edison Lithium Corp.,TSXV,Lithium,2011-08-03,no price near listing,False,2012-02-15,2026-08-24,3644.0,7.0,True,0.0312,2.0,0.0,,1355763.735,,,,,,1.92,1.6,0.64,1.28,1.12,0.96,0.05,0.08,,,,,,,,,,,,
V-01489,EDM.V,EDM Resources Inc.,TSXV,Lead | Zinc,,no listing date,,2004-12-29,2026-08-25,5437.0,,,,,,,41239807.23,,,,,,,,,,,,,0.72,,,,,,,,,,,,
V-03631,EGR.V,EGR Exploration Ltd.,TSXV,Gold,2010-09-29,ok,True,2010-08-03,2026-08-24,4030.0,11.0,True,0.0017,3.0,0.0,152.0,1250976.06,81.0,81.0,81.0,81.0,129.0,87.0,24.0,12.0,0.6,0.6,0.465,0.03,0.03,0.0,0.0,0.0,0.5926,0.0741,-0.7037,-0.8519,-0.9926,-0.9926,-0.9943,-0.9996,-0.9996
V-04004,ERA.V,Elcora Advanced Materials Corp.,TSXV,Copper,2013-03-12,no price near listing,False,2014-08-21,2026-08-24,3013.0,5.0,True,0.1,1.0,0.0,,11768316.84,,,,,,,1.0,5.6,3.25,0.25,0.9,,0.25,,,,,,,,,,,,
V-04064,ELBM.V,Electra Battery Materials Corporation,TSXV,Copper,2012-10-03,no price near listing,False,2017-03-01,2026-08-25,2381.0,3.0,True,0.0056,2.0,0.0,,92870434.62,,,,,,,,,10.62,2.7,3.93,,0.84,,,,,,,,,,,,
V-04530,EML.V,Electric Metals (USA) Limited,TSXV,Silver,2021-05-07,ok,True,2021-05-07,2026-08-25,1330.0,8.0,False,1.0,0.0,0.0,109165.0,52489690.24,0.472,0.4,0.29,0.31,0.38,0.31,0.25,0.13,0.225,,,,0.225,-0.1525,-0.3856,-0.3432,-0.1949,-0.3432,-0.4703,-0.7246,-0.5233,,,,-0.5233
V-04387,ELEC.V,Electric Royalties Ltd.,TSXV,Copper | Nickel | Zinc | Lithium,2020-06-29,ok,True,2020-06-29,2026-08-24,1544.0,8.0,False,1.0,0.0,0.0,63640.0,15084106.905,0.318,0.26,0.275,0.23,0.23,0.41,0.15,0.32,0.12,,,,0.115,-0.1824,-0.1352,-0.2767,-0.2767,0.2893,-0.5283,0.0063,-0.6226,,,,-0.6384
V-04682,ECU.V,Element 29 Resources Inc.,TSXV,Copper,2020-12-07,ok,True,2020-12-07,2026-08-25,1434.0,8.0,False,1.0,0.0,0.0,162580.0,301916107.2,0.456,0.46,0.485,0.42,0.455,0.6,0.2,0.16,1.05,,,,1.7,0.0088,0.0636,-0.0789,-0.0022,0.3158,-0.5614,-0.6491,1.3026,,,,2.7281
V-00627,EMR.V,Emergent Metals Corp.,TSXV,Gold | Silver,,no listing date,,1995-08-23,2026-08-25,7790.0,,,,,,,4409300.48,,,,,,,,,,,,,0.08,,,,,,,,,,,,
V-03654,EMO.V,Emerita Resources Corp.,TSXV,Gold | Silver | Copper | Zinc,2013-01-11,ok,True,2013-01-11,2026-08-25,3418.0,10.0,True,0.2,1.0,0.0,27400.0,99369025.93,0.855,0.925,1.2,0.675,0.225,0.325,0.25,0.15,0.5,0.09,0.67,,0.4,0.0819,0.4035,-0.2105,-0.7368,-0.6199,-0.7076,-0.8246,-0.4152,-0.8947,-0.2164,,-0.5322
V-04062,EMNT.V,Eminent Gold Corp.,TSXV,Gold,2012-10-19,ok,True,2012-10-23,2026-08-25,3473.0,10.0,False,1.0,0.0,0.0,17000.0,34010703.76,0.16,0.16,0.18,0.15,0.15,0.125,0.065,0.06,0.17,0.12,0.39,,0.54,0.0,0.125,-0.0625,-0.0625,-0.2188,-0.5938,-0.625,0.0625,-0.25,1.4375,,2.375
V-04683,EMPR.V,Empress Royalty Corp.,TSXV,Gold | Silver,2020-12-29,ok,True,2020-12-29,2026-08-25,1420.0,8.0,False,1.0,0.0,0.0,169020.0,116156795.46,0.55,0.56,0.8,0.43,0.39,0.315,0.4,0.29,1.03,,,,1.0,0.0182,0.4545,-0.2182,-0.2909,-0.4273,-0.2727,-0.4727,0.8727,,,,0.8182
V-03124,EU.V,enCore Energy Corp.,TSXV,Uranium,2013-05-21,ok,True,2010-09-07,2026-08-25,4007.0,10.0,True,0.1111,2.0,0.0,1873.0,359357166.45,0.528,0.39,0.33,0.21,0.21,0.24,0.09,0.12,0.15,0.63,2.96,,1.92,-0.2614,-0.375,-0.6023,-0.6023,-0.5455,-0.8295,-0.7727,-0.7159,0.1932,4.6061,,2.6364
V-00633,EDG.V,Endurance Gold Corporation,TSXV,Gold | Rare Earths,2005-08-04,ok,True,2005-08-04,2026-08-25,5286.0,11.0,False,1.0,0.0,0.0,19000.0,86053596.06,0.264,0.24,0.25,0.18,0.2,0.23,0.22,0.08,0.05,0.03,0.03,0.12,0.62,-0.0909,-0.053,-0.3182,-0.2424,-0.1288,-0.1667,-0.697,-0.8106,-0.8864,-0.8864,-0.5455,1.3485
V-03100,ENDR.V,Enduro Metals Corporation,TSXV,Gold | Copper,2010-11-10,ok,True,2010-04-22,2026-08-25,4099.0,11.0,True,0.1,1.0,0.0,4170.0,18752102.24,3.06,3.0,4.1,6.0,7.8,4.85,6.5,3.7,4.0,6.8,2.45,0.16,0.135,-0.0196,0.3399,0.9608,1.549,0.585,1.1242,0.2092,0.3072,1.2222,-0.1993,-0.9477,-0.9559
V-01517,ENEV.V,Enerev5 Metals Inc.,TSXV,,,no listing date,,2005-01-18,2026-08-24,5423.0,,,,,,,1715484.205,,,,,,,,,,,,,0.01,,,,,,,,,,,,
V-04454,EAU.V,Engineer Gold Mines Ltd.,TSXV,Gold,2018-06-26,ok,True,2018-06-26,2026-08-25,2049.0,9.0,True,0.25,1.0,0.0,9817.0,2479645.635,0.372,0.34,0.4,0.38,0.2,0.48,0.28,0.24,0.04,0.05,,,0.1,-0.086,0.0753,0.0215,-0.4624,0.2903,-0.2473,-0.3548,-0.8925,-0.8656,,,-0.7312
V-00752,EGM.V,Engold Mines Ltd.,TSXV,Gold | Copper,,no listing date,,1996-08-08,2026-08-24,7545.0,,,,,,,2482892.76,,,,,,,,,,,,,0.1,,,,,,,,,,,,
V-01739,EON.V,EON Lithium Corp.,TSXV,Lithium,,no listing date,,1996-08-08,2026-08-24,7548.0,,,,,,,347557.14,,,,,,,,,,,,,0.02,,,,,,,,,,,,
V-01364,EQTY.V,Equity Metals Corporation,TSXV,Gold | Silver | Diamond,,no listing date,,1996-08-08,2026-08-25,7549.0,,,,,,,64530555.45,,,,,,,,,,,,,0.275,,,,,,,,,,,,
V-04568,NOVA.V,EraNova Metals Inc.,TSXV,,2019-05-21,ok,True,2019-05-23,2026-08-25,1822.0,9.0,False,1.0,0.0,0.0,20533.0,9202364.82,0.283,0.3,0.21,0.32,0.2,0.255,0.65,0.64,0.195,0.18,,,0.18,0.0601,-0.258,0.1307,-0.2933,-0.0989,1.2968,1.2615,-0.311,-0.364,,,-0.364
V-5099,EM.V,Errington Metals Corp.,TSXV,Gold | Silver | Copper | Zinc,2026-04-22,ok,True,2026-04-22,2026-08-25,87.0,3.0,False,1.0,0.0,0.0,136120.0,182141641.16,3.406,2.95,2.72,3.46,,,,,,,,,4.12,-0.1339,-0.2014,0.0159,,,,,,,,,0.2096
V-01075,ESK.V,Eskay Mining Corp.,TSXV,Gold | Silver | Copper | Nickel,,no listing date,,2004-05-07,2026-08-25,5598.0,,,,,,,69962671.125,,,,,,,,,,,,,0.325,,,,,,,,,,,,
V-5078,ESXR.V,Essex Resources Corp.,TSXV,,2025-10-23,ok,True,2025-10-23,2026-08-24,210.0,4.0,False,1.0,0.0,0.0,7120.0,1015875.0,0.258,0.27,0.225,0.25,0.115,,,,,,,,0.1,0.0465,-0.1279,-0.031,-0.5543,,,,,,,,-0.6124
V-04504,EMN.V,Euro Manganese Inc.,TSXV,,2018-10-02,ok,True,2018-10-02,2026-08-24,1981.0,9.0,True,0.2,1.0,0.0,139496.0,12865905.36,1.135,1.05,0.9,1.1,1.3,0.75,1.1,2.325,0.65,0.155,,,0.1,-0.0749,-0.207,-0.0308,0.1454,-0.3392,-0.0308,1.0485,-0.4273,-0.8634,,,-0.9119
EUR0015,EOX.V,Euromax Resources Ltd.,TSXV,Gold | Copper,2024-01-09,ok,True,1996-08-08,2026-08-25,7549.0,6.0,False,1.0,0.0,0.0,4820.0,65612226.61,0.022,0.03,0.02,0.02,0.02,0.02,0.03,,,,,,0.075,0.3636,-0.0909,-0.0909,-0.0909,-0.0909,0.3636,,,,,,2.4091
V-04820,EVNI.V,EV Nickel Inc.,TSXV,,2021-12-03,ok,True,2021-12-03,2026-08-24,1184.0,7.0,False,1.0,0.0,0.0,196355.0,21609572.4,0.471,0.43,0.395,0.2,0.155,0.11,0.195,0.52,,,,,0.145,-0.087,-0.1614,-0.5754,-0.6709,-0.7665,-0.586,0.104,,,,,-0.6921
V-04603,EVER.V,Evergold Corp.,TSXV,Gold | Silver | Copper,2019-10-04,ok,True,2019-10-04,2026-08-25,1729.0,8.0,True,0.1,1.0,0.0,13191.0,10141142.88,1.86,1.9,1.9,2.75,2.65,3.35,1.4,0.85,0.35,,,,0.55,0.0215,0.0215,0.4785,0.4247,0.8011,-0.2473,-0.543,-0.8118,,,,-0.7043
V-04936,EXCL.V,Excalibur Metals Corp.,TSXV,Gold | Silver,2025-09-11,ok,True,2025-09-11,2026-08-25,240.0,4.0,False,1.0,0.0,0.0,92201.0,7636545.96,0.235,0.215,0.21,0.165,0.2,,,,,,,,0.125,-0.0851,-0.1064,-0.2979,-0.1489,,,,,,,,-0.4681
EXC0010,EXN.V,Excellon Resources Inc.,TSXV,Gold | Silver | Lead | Zinc,2025-05-07,ok,True,1996-08-08,2026-08-25,7549.0,5.0,False,1.0,0.0,0.0,448760.0,132776914.935,0.14,0.12,0.16,0.27,0.26,0.48,,,,,,,0.42,-0.1429,0.1429,0.9286,0.8571,2.4286,,,,,,,2.0
V-00268,EXG.V,ExGen Resources Inc.,TSXV,Gold | Copper,,no listing date,,2007-10-25,2026-08-25,4725.0,,,,,,,10369231.76,,,,,,,,,,,,,0.1,,,,,,,,,,,,
V-04169,FUU.V,F3 Uranium Corp.,TSXV,Uranium,2013-12-10,ok,True,2013-12-10,2026-08-25,3186.0,10.0,True,0.25,1.0,0.0,244430.0,85512921.345,0.572,0.44,0.72,0.74,0.36,0.3,0.26,0.24,0.18,0.08,0.415,,0.16,-0.2308,0.2587,0.2937,-0.3706,-0.4755,-0.5455,-0.5804,-0.6853,-0.8601,-0.2745,,-0.7203
V-5057,FFU.V,F4 Uranium Corp.,TSXV,Uranium,2025-03-25,ok,True,2025-03-25,2026-08-25,357.0,5.0,False,1.0,0.0,0.0,557377.0,9519110.51,0.098,0.055,0.07,0.075,0.11,0.055,,,,,,,0.115,-0.4388,-0.2857,-0.2347,0.1224,-0.4388,,,,,,,0.1735
V-04745,FAIR.V,Fairchild Gold Corp.,TSXV,Gold | Copper,2021-06-16,ok,True,2021-06-22,2026-08-25,1299.0,8.0,False,1.0,0.0,0.0,135907.0,7184577.88,0.157,0.15,0.15,0.17,0.145,0.12,0.085,0.08,0.045,,,,0.06,-0.0446,-0.0446,0.0828,-0.0764,-0.2357,-0.4586,-0.4904,-0.7134,,,,-0.6178
V-03634,FPC.V,Falco Resources Ltd.,TSXV,Gold,2012-09-25,ok,True,2012-09-25,2026-08-25,3492.0,10.0,False,1.0,0.0,0.0,56500.0,169921282.6,0.5,0.53,0.6,0.63,0.58,0.42,0.54,0.305,1.08,0.23,0.195,,0.54,0.06,0.2,0.26,0.16,-0.16,0.08,-0.39,1.16,-0.54,-0.61,,0.08
V-01758,FLCN.V,Falcon Energy Materials PLC,TSXV,,2017-01-16,ok,True,1998-06-03,2026-08-25,7091.0,9.0,False,1.0,0.0,0.0,415160.0,136224314.4,0.338,0.5,0.39,0.5,0.5,1.65,0.98,0.7,0.77,0.64,,,0.97,0.4793,0.1538,0.4793,0.4793,3.8817,1.8994,1.071,1.2781,0.8935,,,1.8698
V-02688,FG.V,Falcon Gold Corp.,TSXV,Gold,2011-05-03,no price near listing,False,2011-12-14,2026-08-25,3687.0,7.0,True,0.0667,2.0,0.0,,2372455.08,,,,,,2.1,0.45,0.525,0.3,0.12,0.24,0.03,0.03,,,,,,,,,,,,
V-00690,FNC.V,Fancamp Exploration Ltd.,TSXV,Gold | Rare Earths,,no listing date,,2026-07-17,2026-08-13,13.0,,,,,,,36000000.0,,,,,,,,,,,,,0.16,,,,,,,,,,,,
V-02386,FMN.V,Fidelity Minerals Corp.,TSXV,Gold | Copper,2006-10-25,ok,True,2006-10-25,2026-08-24,4977.0,11.0,True,0.0013,4.0,0.0,235.0,8650381.2,219.0002,210.0002,300.0003,450.0005,285.0003,221.2502,15.0,75.0001,63.7501,56.2501,3.75,0.3,0.26,-0.0411,0.3699,1.0548,0.3014,0.0103,-0.9315,-0.6575,-0.7089,-0.7432,-0.9829,-0.9986,-0.9988
V-5068,FINX.V,FinEx Metals Ltd.,TSXV,Gold,2025-06-18,ok,True,2025-06-18,2026-08-24,297.0,5.0,False,1.0,0.0,0.0,55595.0,7371796.8,0.28,0.255,0.3,0.37,0.18,0.11,,,,,,,0.08,-0.0893,0.0714,0.3214,-0.3571,-0.6071,,,,,,,-0.7143
V-00698,FYL.V,Finlay Minerals Ltd.,TSXV,Gold | Copper,,no listing date,,2004-05-07,2026-08-25,5598.0,,,,,,,15291088.65,,,,,,,,,,,,,0.1,,,,,,,,,,,,
V-04525,FFOX.V,FireFox Gold Corp.,TSXV,Gold,2018-12-21,ok,True,2018-12-27,2026-08-25,1923.0,9.0,True,0.1,1.0,0.0,11026.0,21879911.52,2.84,2.9,2.8,2.0,1.05,0.8,2.2,2.6,0.55,0.45,,,0.5,0.0211,-0.0141,-0.2958,-0.6303,-0.7183,-0.2254,-0.0845,-0.8063,-0.8415,,,-0.8239
V-04341,FWZ.V,Fireweed Metals Corp.,TSXV,Zinc | Tungsten,2017-05-29,no price near listing,False,2018-01-02,2026-08-25,2171.0,5.0,False,1.0,0.0,0.0,,790145480.52,,,,,,1.7,0.68,0.41,0.6,1.19,,,3.58,,,,,,,,,,,,
V-02983,FAS.V,First Andes Silver Ltd.,TSXV,Silver,2021-06-01,ok,True,2021-06-01,2026-08-25,1314.0,8.0,True,0.1,1.0,0.0,339495.0,6921256.24,4.96,4.7,4.2,2.9,1.35,1.2,0.35,0.225,0.1,,,,0.095,-0.0524,-0.1532,-0.4153,-0.7278,-0.7581,-0.9294,-0.9546,-0.9798,,,,-0.9808
V-04132,FAN.V,First Atlantic Nickel & Cobalt Corp.,TSXV,Nickel,2013-06-19,no price near listing,False,2013-07-02,2026-08-25,3298.0,10.0,True,0.0167,3.0,0.0,,131505611.72,,9.6,9.0,9.0,7.8,10.2,1.5,1.2,0.55,0.4,0.1,,0.64,,,,,,,,,,,,
V-00466,FCI.V,First Canadian Graphite Inc.,TSXV,Gold,,no listing date,,1996-08-08,2026-08-25,7549.0,,,,,,,12268695.78,,,,,,,,,,,,,0.44,,,,,,,,,,,,
V-00457,FTZ.V,Fitzroy Minerals Inc.,TSXV,,,no listing date,,1996-08-08,2026-08-25,7626.0,,,,,,,170668861.48,,,,,,,,,,,,,0.45,,,,,,,,,,,,
V-00713,FEX.V,Fjordland Exploration Inc.,TSXV,Nickel,,no listing date,,1998-06-03,2026-08-24,7090.0,,,,,,,2073388.275,,,,,,,,,,,,,0.02,,,,,,,,,,,,
V-03127,FMS.V,Focus Graphite Inc.,TSXV,,2010-05-25,ok,True,2010-05-26,2026-08-25,4076.0,11.0,True,0.1,1.0,0.0,2796.0,45363109.71,1.08,1.0,0.9,1.0,3.6,7.7,6.8,6.2,2.6,0.8,0.3,0.09,0.48,-0.0741,-0.1667,-0.0741,2.3333,6.1296,5.2963,4.7407,1.4074,-0.2593,-0.7222,-0.9167,-0.5556
V-00177,FTJ.V,Fort St. James Nickel Corp.,TSXV,Gold,,no listing date,,2000-03-08,2026-08-24,6691.0,,,,,,,1049930.48,,,,,,,,,,,,,0.055,,,,,,,,,,,,
V-04300,FOR.V,Fortune Bay Corp.,TSXV,Gold | Uranium,2016-07-05,ok,True,2014-07-02,2026-08-25,3049.0,10.0,False,1.0,0.0,0.0,13180.0,44054336.34,0.393,0.42,0.54,0.8,0.57,0.62,0.35,0.385,0.68,0.2,0.71,,0.79,0.0687,0.374,1.0356,0.4504,0.5776,-0.1094,-0.0204,0.7303,-0.4911,0.8066,,1.0102
V-04700,FDR.V,Founders Metals Inc.,TSXV,Gold,2021-03-03,ok,True,2021-03-03,2026-08-25,1376.0,8.0,False,1.0,0.0,0.0,26460.0,445890685.44,0.518,0.49,0.56,0.5,0.44,0.43,0.2,1.69,4.91,,,,6.33,-0.0541,0.0811,-0.0347,-0.1506,-0.1699,-0.6139,2.2625,8.4788,,,,11.2201
V-02348,FOXT.V,Fox Tungsten Ltd.,TSXV,Copper | Tungsten,2006-08-09,ok,True,2006-08-09,2026-08-25,5031.0,11.0,False,1.0,0.0,0.0,29480.0,48105137.5,0.512,0.48,1.01,1.05,0.46,0.36,0.29,0.11,0.19,0.17,0.16,0.06,0.185,-0.0625,0.9727,1.0508,-0.1016,-0.2969,-0.4336,-0.7852,-0.6289,-0.668,-0.6875,-0.8828,-0.6387
V-00708,FPX.V,FPX Nickel Corp.,TSXV,Nickel,2016-10-17,ok,True,1996-07-31,2026-08-25,7554.0,9.0,False,1.0,0.0,0.0,24000.0,118500000.0,0.09,0.08,0.07,0.1,0.12,0.1,0.09,0.14,0.43,0.36,,,0.35,-0.1111,-0.2222,0.1111,0.3333,0.1111,0.0,0.5556,3.7778,3.0,,,2.8889
V-04076,FRED.V,Fredonia Mining Inc.,TSXV,Gold | Silver,2021-07-14,ok,True,2021-07-16,2026-08-25,1282.0,8.0,True,0.2,1.0,0.0,6032.0,27237441.42,1.135,1.05,0.725,0.9,1.275,0.7,0.6,0.275,0.38,,,,0.73,-0.0749,-0.3612,-0.207,0.1233,-0.3833,-0.4714,-0.7577,-0.6652,,,,-0.3568
V-04845,FMAN.V,Freeman Gold Corp.,TSXV,Gold,2022-02-08,ok,True,2019-11-11,2026-08-25,1704.0,7.0,False,1.0,0.0,0.0,105973.0,103934247.14,0.511,0.495,0.49,0.49,0.34,0.225,0.085,0.075,,,,,0.385,-0.0313,-0.0411,-0.0411,-0.3346,-0.5597,-0.8337,-0.8532,,,,,-0.2466
V-00734,FRI.V,Freeport Resources Inc.,TSXV,Copper,,no listing date,,1996-08-08,2026-08-24,7548.0,,,,,,,17088540.84,,,,,,,,,,,,,0.06,,,,,,,,,,,,
V-00930,FL.V,Frontier Lithium Inc.,TSXV,Lithium,1995-04-10,no price near listing,False,1996-03-05,2026-08-25,7657.0,7.0,False,1.0,0.0,0.0,,115260838.86,,,,,,0.28,1.04,0.3,0.7,0.46,0.24,0.185,0.415,,,,,,,,,,,,
V-00740,FMM.V,Full Metal Minerals Ltd.,TSXV,Gold,,no listing date,,2004-05-27,2026-08-24,5590.0,,,,,,,2075935.96,,,,,,,,,,,,,0.05,,,,,,,,,,,,
V-02165,FUSE.V,Fuse Battery Metals Inc.,TSXV,Lithium,,no listing date,,2000-11-27,2026-08-24,6464.0,,,,,,,940743.625,,,,,,,,,,,,,0.05,,,,,,,,,,,,
V-01749,FTUR.V,Future Fuels Inc.,TSXV,Uranium,,no listing date,,2011-09-22,2026-08-25,3745.0,,,,,,,41846662.135,,,,,,,,,,,,,0.455,,,,,,,,,,,,
V-04407,GBU.V,Gabriel Resources Ltd.,TSXV,Gold | Silver,2018-02-01,ok,True,2000-10-02,2026-08-24,6503.0,9.0,True,0.1,1.0,0.0,1282.0,48514102.175,3.82,4.0,3.5,3.4,3.6,4.0,4.9,2.2,2.1,0.1,,,0.13,0.0471,-0.0838,-0.1099,-0.0576,0.0471,0.2827,-0.4241,-0.4503,-0.9738,,,-0.966
V-04620,GGAU.V,Galactic Gold Corp.,TSXV,Gold,2025-11-05,ok,True,2025-11-07,2026-08-24,199.0,4.0,False,1.0,0.0,0.0,75287.0,10370383.38,0.168,0.17,0.13,0.285,0.39,,,,,,,,0.19,0.0119,-0.2262,0.6964,1.3214,,,,,,,,0.131
V-00754,GAL.V,Galantas Gold Corporation,TSXV,Gold,,no listing date,,2003-12-15,2026-08-25,5698.0,,,,,,,338947642.0,,,,,,,,,,,,,0.6,,,,,,,,,,,,
V-01357,GGO.V,Galleon Gold Corp.,TSXV,Gold,2013-10-10,ok,True,1996-08-08,2026-08-25,7549.0,10.0,True,0.1,1.0,0.0,7360.0,136469682.98,0.3,0.3,0.4,0.2,0.3,0.2,0.1,0.2,0.1,1.2,0.12,,1.205,0.0,0.3333,-0.3333,0.0,-0.3333,-0.6667,-0.3333,-0.6667,3.0,-0.6,,3.0167
V-02474,GRI.V,Galore Resources Inc.,TSXV,Gold,2007-03-19,no price near listing,False,2008-12-29,2026-08-24,4430.0,6.0,False,1.0,0.0,0.489,,1773006.69,,,,,,,0.1,0.15,0.11,0.03,0.05,0.03,0.02,,,,,,,,,,,,
V-04096,GWM.V,Galway Metals Inc.,TSXV,Gold | Zinc,2013-01-04,ok,True,2013-01-08,2026-08-25,3421.0,10.0,True,0.1111,2.0,0.0,68175.0,76089876.8,0.495,0.45,0.405,0.315,0.315,0.36,0.36,0.285,1.14,1.065,0.705,,0.68,-0.0909,-0.1818,-0.3636,-0.3636,-0.2727,-0.2727,-0.4242,1.303,1.1515,0.4242,,0.3737
V-01247,GAMA.V,Gamma Resources Ltd.,TSXV,Iron,,no listing date,,1996-08-08,2026-08-25,7549.0,,,,,,,3351389.195,,,,,,,,,,,,,0.08,,,,,,,,,,,,
V-00761,GGI.V,Garibaldi Resources Corp.,TSXV,Gold | Copper | Nickel | Platinum/PGM,,no listing date,,1996-07-31,2026-08-25,7553.0,,,,,,,13683649.95,,,,,,,,,,,,,0.055,,,,,,,,,,,,
V-04446,BEEP.V,Geiger Energy Corporation,TSXV,,2020-06-10,ok,True,2018-05-25,2026-08-25,2071.0,8.0,True,0.2,1.0,0.0,3904.0,16740986.45,0.82,0.8,1.7,1.9,2.8,2.85,4.85,2.0,0.7,,,,0.18,-0.0244,1.0732,1.3171,2.4146,2.4756,4.9146,1.439,-0.1463,,,,-0.7805
V-5090,GEMG.V,Gemdale Gold Inc.,TSXV,Gold | Silver,2026-02-11,ok,True,2026-02-11,2026-08-25,135.0,4.0,False,1.0,0.0,0.0,28989.0,33154246.32,1.237,1.24,1.75,2.03,1.75,,,,,,,,1.6,0.0024,0.4147,0.6411,0.4147,,,,,,,,0.2935
V-04605,GEN.V,Generation Uranium Inc.,TSXV,,2022-12-28,no price near listing,False,2026-07-17,2026-08-24,26.0,0.0,False,1.0,0.0,0.0,,4958341.15,,,,,,,,,,,,,0.065,,,,,,,,,,,,
V-00161,GSP.V,Gensource Potash Corporation,TSXV,Potash,,no listing date,,1997-05-02,2026-08-25,7363.0,,,,,,,57401592.12,,,,,,,,,,,,,0.125,,,,,,,,,,,,
V-03636,GMA.V,Geomega Resources Inc.,TSXV,Rare Earths,2010-09-30,no price near listing,False,2012-05-11,2026-08-25,3585.0,6.0,False,1.0,0.0,0.0,,48467220.92,,,,,,,0.43,0.15,0.08,0.075,0.18,0.36,0.245,,,,,,,,,,,,
V-00782,GTC.V,Getty Copper Inc.,TSXV,Gold | Copper,,no listing date,,2003-03-10,2026-08-25,5892.0,,,,,,,61940214.85,,,,,,,,,,,,,0.98,,,,,,,,,,,,
V-04020,GFG.V,GFG Resources Inc.,TSXV,Gold,2016-10-27,ok,True,2016-09-12,2026-08-25,2497.0,9.0,False,1.0,0.0,0.0,419060.0,68446191.375,1.598,1.55,1.25,1.2,0.78,0.59,0.25,0.17,0.17,0.085,,,0.23,-0.03,-0.2178,-0.2491,-0.5119,-0.6308,-0.8436,-0.8936,-0.8936,-0.9468,,,-0.8561
V-00748,GGL.V,GGL Resources Corp.,TSXV,Gold,,no listing date,,2014-10-27,2026-08-24,2967.0,,,,,,,5739661.125,,,,,,,,,,,,,0.05,,,,,,,,,,,,
V-03735,GGX.V,GGX Gold Corp.,TSXV,Gold | Silver,2011-02-16,no price near listing,False,2012-07-04,2026-08-24,3548.0,6.0,True,0.0111,3.0,0.0,,1919719.0,,,,,,,2.25,7.65,0.24,0.435,0.16,0.095,0.05,,,,,,,,,,,,
V-00899,GIGA.V,Giga Metals Corporation,TSXV,Nickel,2014-10-20,ok,True,1996-08-08,2026-08-24,7547.0,10.0,True,0.1,2.0,0.0,766.0,11855979.075,0.24,0.2,0.3,0.2,0.2,0.04,0.04,0.45,0.37,0.45,0.14,,0.07,-0.1667,0.25,-0.1667,-0.1667,-0.8333,-0.8333,0.875,0.5417,0.875,-0.4167,,-0.7083
V-02725,EMM.V,Giyani Metals Corp.,TSXV,,2009-11-20,no price near listing,False,2011-01-25,2026-08-24,3910.0,6.0,False,1.0,0.0,0.0,,30045332.25,,,,,,,1.63,1.09,0.36,0.55,0.15,0.1,0.08,,,,,,,,,,,,
V-03855,GLAD.V,Gladiator Metals Corp.,TSXV,Gold | Copper,2021-10-14,ok,True,2018-03-29,2026-08-25,2110.0,7.0,False,1.0,0.0,0.0,800.0,392802916.87,0.367,0.355,0.355,0.365,0.29,0.105,0.3,0.45,,,,,3.1,-0.0327,-0.0327,-0.0054,-0.2098,-0.7139,-0.1826,0.2262,,,,,7.4469
V-01436,GER.V,Glen Eagle Resources Inc.,TSXV,Gold,,no listing date,,2007-08-17,2026-08-24,4772.0,,,,,,,729009.925,,,,,,,,,,,,,0.01,,,,,,,,,,,,
V-04194,GBML.V,Global Battery Metals Ltd.,TSXV,Copper | Lithium,2014-04-28,ok,True,2010-08-17,2026-08-25,4021.0,10.0,True,0.01,2.0,0.0,60.0,2153819.415,3.0,2.0,3.0,3.0,3.0,2.0,1.2,2.0,1.8,3.2,0.4,,0.19,-0.3333,0.0,0.0,0.0,-0.3333,-0.6,-0.3333,-0.4,0.0667,-0.8667,,-0.9367
V-02157,CUCU.V,Global Copper Corp.,TSXV,Copper,,no listing date,,1996-07-31,2026-08-24,7551.0,,,,,,,906454.76,,,,,,,,,,,,,0.03,,,,,,,,,,,,
V-04330,GEMC.V,Global Energy Metals Corporation,TSXV,Gold | Copper | Nickel,2017-03-01,ok,True,2017-03-02,2026-08-24,2379.0,9.0,True,0.1,1.0,0.0,64695.0,1689303.175,2.65,2.6,2.2,1.4,1.5,1.9,0.45,0.15,0.24,0.035,,,0.02,-0.0189,-0.1698,-0.4717,-0.434,-0.283,-0.8302,-0.9434,-0.9094,-0.9868,,,-0.9925
V-02411,GMV.V,GMV Minerals Inc.,TSXV,Gold,2008-01-04,ok,True,2008-01-04,2026-08-25,4678.0,11.0,True,0.05,2.0,0.0,810.0,15331293.25,8.56,7.4,4.0,2.4,2.2,0.4,1.0,6.4,0.4,0.07,0.3,0.15,0.16,-0.1355,-0.5327,-0.7196,-0.743,-0.9533,-0.8832,-0.2523,-0.9533,-0.9918,-0.965,-0.9825,-0.9813
V-02849,GG.V,Golconda Gold Ltd.,TSXV,Gold,2011-09-06,no price near listing,False,2012-02-15,2026-08-25,3645.0,7.0,True,0.2,1.0,0.0,,155654969.16,,,,,4.5,4.35,0.9,1.3,0.6,0.25,0.85,,3.03,,,,,,,,,,,,
V-01371,GLD.V,Gold Finder Resources Ltd.,TSXV,Gold,,no listing date,,1996-08-08,2026-08-25,7549.0,,,,,,,4126512.06,,,,,,,,,,,,,0.045,,,,,,,,,,,,
V-5056,HART.V,Gold Hart Copper Corp.,TSXV,Gold | Silver | Copper,2025-03-21,ok,True,2025-03-25,2026-08-25,357.0,5.0,False,1.0,0.0,0.0,337796.0,48535080.24,0.219,0.185,0.14,0.21,0.17,0.36,,,,,,,0.23,-0.1553,-0.3607,-0.0411,-0.2237,0.6438,,,,,,,0.0502
V-03959,GRZ.V,Gold Reserve Inc.,TSXV,Gold,2012-02-01,ok,True,1996-08-13,2026-08-25,7524.0,10.0,False,1.0,0.0,0.76,7940.0,961148714.5,2.1682,2.2155,2.2996,3.2163,2.5975,2.2155,3.1017,3.0559,3.7053,2.3989,1.46,,6.62,0.0218,0.0606,0.4834,0.198,0.0218,0.4305,0.4094,0.7089,0.1064,-0.3266,,2.0532
V-01289,GST.V,Gold Strategy Inc.,TSXV,Gold,,no listing date,,1996-08-08,2026-08-24,7547.0,,,,,,,3340401.12,,,,,,,,,,,,,1.44,,,,,,,,,,,,
V-02307,GSR.V,Gold Strike Resources Corp.,TSXV,Gold | Copper,2006-05-17,no price near listing,False,2007-10-25,2026-08-25,4726.0,6.0,True,0.0143,2.0,0.0,,70220885.85,,,,,,,70.0,4.9,20.3,4.9,1.4,0.98,0.465,,,,,,,,,,,,
V-02870,YGT.V,Gold Terra Resource Corp.,TSXV,,2008-07-03,ok,True,2008-07-11,2026-08-25,4547.0,11.0,False,1.0,0.0,0.0,5400.0,86736784.54,0.4,0.4,0.3,0.15,0.08,0.13,0.34,0.19,0.14,0.37,0.37,0.09,0.2,0.0,-0.25,-0.625,-0.8,-0.675,-0.15,-0.525,-0.65,-0.075,-0.075,-0.775,-0.5
V-03701,AUXX.V,Gold X2 Mining Inc.,TSXV,Gold,2021-06-04,ok,True,2021-06-04,2026-08-25,1311.0,8.0,True,0.1667,1.0,0.0,99756.0,651337713.04,4.992,4.92,4.68,4.62,3.6,2.4,1.14,1.5,8.7,,,,11.15,-0.0144,-0.0625,-0.0745,-0.2788,-0.5192,-0.7716,-0.6995,0.7428,,,,1.2336
V-00199,GLB.V,Goldbank Mining Corporation,TSXV,Gold,,no listing date,,1997-06-02,2026-08-25,7344.0,,,,,,,51980731.02,,,,,,,,,,,,,0.33,,,,,,,,,,,,
V-00816,GCN.V,Goldcliff Resource Corporation,TSXV,Gold | Silver | Copper,,no listing date,,1996-08-08,2026-08-25,7549.0,,,,,,,2829676.745,,,,,,,,,,,,,0.03,,,,,,,,,,,,
V-00819,GRG.V,Golden Arrow Resources Corporation,TSXV,Gold | Copper,,no listing date,,2006-08-21,2026-08-25,5023.0,,,,,,,15247493.64,,,,,,,,,,,,,0.125,,,,,,,,,,,,
V-04245,AUX.V,Golden Cross Resources Inc.,TSXV,Gold,2015-03-31,ok,True,2006-11-08,2026-08-25,4968.0,10.0,True,0.04,3.0,0.0,673.0,11498296.65,0.25,0.25,0.2,0.2,0.1,0.05,0.44,0.24,0.09,0.09,0.055,,0.17,0.0,-0.2,-0.2,-0.6,-0.8,0.76,-0.04,-0.64,-0.64,-0.78,,-0.32
V-00825,GNG.V,Golden Goliath Resources Ltd.,TSXV,Rare Earths,,no listing date,,2000-10-18,2026-08-25,6493.0,,,,,,,5437065.2,,,,,,,,,,,,,0.09,,,,,,,,,,,,
V-00245,GDP.V,Golden Pursuit Resources Ltd.,TSXV,Gold | Silver,2005-01-19,ok,True,1996-07-31,2026-08-25,7552.0,11.0,True,0.0063,3.0,0.0,390.0,14837394.0,24.64,24.0,24.0,16.0,16.0,14.4,4.8,2.56,1.84,0.56,0.08,0.1,0.275,-0.026,-0.026,-0.3506,-0.3506,-0.4156,-0.8052,-0.8961,-0.9253,-0.9773,-0.9968,-0.9959,-0.9888
V-03870,GLDN.V,Golden Ridge Resources Ltd.,TSXV,Gold | Silver,2017-10-19,ok,True,2012-01-03,2026-08-25,3676.0,9.0,True,0.2,1.0,0.0,68168.0,3512479.2,1.41,1.35,1.5,0.55,0.7,0.95,0.15,0.22,0.08,0.08,,,0.075,-0.0426,0.0638,-0.6099,-0.5035,-0.3262,-0.8936,-0.844,-0.9433,-0.9433,,,-0.9468
V-04474,AUEN.V,Golden Sky Minerals Corp.,TSXV,Gold,2018-08-14,ok,True,2018-08-16,2026-08-25,2014.0,9.0,True,0.1,1.0,0.0,3109.0,5061968.73,2.69,2.5,4.8,3.0,1.6,1.4,0.35,0.65,0.155,0.33,,,0.275,-0.0706,0.7844,0.1152,-0.4052,-0.4796,-0.8699,-0.7584,-0.9424,-0.8773,,,-0.8978
V-00836,GDX.V,Goldex Resources Corporation,TSXV,Gold,,no listing date,,1996-08-08,2026-08-24,7548.0,,,,,,,1820649.71,,,,,,,,,,,,,0.06,,,,,,,,,,,,
V-02034,GOFL.V,Goldflare Exploration Inc.,TSXV,Gold,,no listing date,,2002-03-14,2026-08-24,6139.0,,,,,,,789091.15,,,,,,,,,,,,,0.03,,,,,,,,,,,,
SIE0004,GGA.V,Goldgroup Mining Inc.,TSXV,Gold,2024-02-20,no price near listing,False,2026-07-17,2026-07-29,7.0,0.0,False,1.0,0.0,0.0,,497855437.2,,,,,,,,,,,,,2.86,,,,,,,,,,,,
V-01197,GHL.V,Goldhills Holding Ltd.,TSXV,Copper | Molybdenum,2005-04-22,ok,True,1997-09-08,2026-08-25,7344.0,11.0,True,0.0083,3.0,0.0,146.0,1572600.3,31.56,30.6,27.6,28.2,24.0,61.2001,36.0,57.0001,6.0,3.2,0.35,0.08,0.05,-0.0304,-0.1255,-0.1065,-0.2395,0.9392,0.1407,0.8061,-0.8099,-0.8986,-0.9889,-0.9975,-0.9984
V-00813,GQC.V,GoldQuest Mining Corp.,TSXV,Gold,,no listing date,,2004-07-14,2026-08-25,5552.0,,,,,,,269097077.2,,,,,,,,,,,,,0.97,,,,,,,,,,,,
V-04263,GSKR.V,Goldsky Resources Corp.,TSXV,Gold,2015-09-29,no price near listing,False,2016-07-08,2026-08-25,2542.0,6.0,True,0.25,1.0,0.0,,857144470.0,,,,,,5.72,2.8,3.36,2.0,1.52,1.96,,3.68,,,,,,,,,,,,
V-04928,GSTM.V,Goldstorm Metals Corp.,TSXV,Gold | Copper,2022-11-11,no price near listing,False,2023-12-12,2026-08-25,678.0,2.0,False,1.0,0.0,0.0,,25609607.28,,,,,,,0.125,0.22,,,,,0.185,,,,,,,,,,,,
V-02469,GOT.V,Goliath Resources Limited,TSXV,Gold,2017-10-18,no price near listing,False,2018-01-05,2026-08-25,2168.0,7.0,True,0.0667,1.0,0.0,,242989001.95,,,,1.5,1.35,1.725,1.05,0.15,1.05,1.23,,,1.87,,,,,,,,,,,,
V-00847,GSS.V,Gossan Resources Limited,TSXV,Silver | Copper | Iron | Zinc | Lithium,,no listing date,,1996-08-08,2026-08-24,7548.0,,,,,,,1686486.775,,,,,,,,,,,,,0.03,,,,,,,,,,,,
V-00490,GPM.V,GPM Metals Inc.,TSXV,Zinc,,no listing date,,1996-07-31,2026-08-25,7554.0,,,,,,,19167357.36,,,,,,,,,,,,,0.08,,,,,,,,,,,,
V-04323,GRSL.V,GR Silver Mining Ltd.,TSXV,Gold | Silver,2018-03-06,ok,True,2017-01-31,2026-08-25,2401.0,9.0,True,0.5,1.0,0.0,0.0,157903315.23,0.23,0.23,0.2,0.27,0.195,0.235,0.22,0.65,0.095,0.175,,,0.405,0.0,-0.1304,0.1739,-0.1522,0.0217,-0.0435,1.8261,-0.587,-0.2391,,,0.7609
V-00452,GGM.V,Granada Gold Mine Inc.,TSXV,Gold,,no listing date,,2010-01-04,2026-08-25,4177.0,,,,,,,7954308.215,,,,,,,,,,,,,0.04,,,,,,,,,,,,
V-00853,GPG.V,Grande Portage Resources Ltd.,TSXV,Gold,,no listing date,,2007-10-25,2026-08-25,4726.0,,,,,,,61979975.42,,,,,,,,,,,,,0.4075,,,,,,,,,,,,
V-04786,GEL.V,Graphano Energy Ltd.,TSXV,,2021-09-30,ok,True,2021-09-30,2026-08-24,1229.0,7.0,False,1.0,0.0,0.0,68174.0,2927916.18,0.3,0.3,0.44,0.72,0.405,0.33,0.1,0.09,,,,,0.1,0.0,0.4667,1.4,0.35,0.1,-0.6667,-0.7,,,,,-0.6667
V-02624,GPH.V,Graphite One Inc.,TSXV,,2007-10-29,no price near listing,False,2007-11-09,2026-08-25,4715.0,11.0,True,0.1,1.0,0.0,,208967736.0,,4.5,3.5,2.5,4.0,2.1,1.5,2.1,1.5,1.2,0.5,1.09,1.05,,,,,,,,,,,,
V-00926,GR.V,Great Atlantic Resources Corp.,TSXV,Gold | Copper | Tungsten,,no listing date,,2007-10-25,2026-08-25,4726.0,,,,,,,4646438.72,,,,,,,,,,,,,0.07,,,,,,,,,,,,
V-04639,GPAC.V,Great Pacific Gold Corp.,TSXV,Gold | Copper,2020-04-14,ok,True,2020-04-14,2026-08-25,1598.0,8.0,False,1.0,0.0,0.0,2509068.0,66639478.1,1.21,1.46,1.48,4.2,2.96,1.46,0.63,0.62,0.27,,,,0.305,0.2066,0.2231,2.4711,1.4463,0.2066,-0.4793,-0.4876,-0.7769,,,,-0.7479
V-04595,GPS.V,Great Plains Metals Corp.,TSXV,Gold,2021-07-21,ok,True,2021-07-22,2026-08-25,1278.0,8.0,False,1.0,0.0,0.0,21600.0,11541107.85,0.324,0.28,0.25,0.115,0.14,0.05,0.03,0.065,0.145,,,,0.13,-0.1358,-0.2284,-0.6451,-0.5679,-0.8457,-0.9074,-0.7994,-0.5525,,,,-0.5988
V-04632,GCOM.V,Green Shift Commodities Ltd.,TSXV,,2020-02-27,ok,True,2006-12-29,2026-08-25,4933.0,8.0,False,1.0,0.0,0.0,1580.0,11018097.44,0.048,0.05,0.05,0.1,0.17,0.19,0.3,0.15,0.04,,,,0.085,0.0417,0.0417,1.0833,2.5417,2.9583,5.25,2.125,-0.1667,,,,0.7708
V-00869,VGN.V,Greencastle Resources Ltd.,TSXV,Gold,,no listing date,,2004-01-06,2026-08-24,5684.0,,,,,,,1327766.775,,,,,,,,,,,,,0.02,,,,,,,,,,,,
V-05027,GHRT.V,Greenheart Gold Inc.,TSXV,Gold,2024-09-06,ok,True,2024-09-06,2026-08-25,494.0,5.0,False,1.0,0.0,0.0,735043.0,179996351.64,0.504,0.465,0.62,0.6,0.8,0.94,,,,,,,1.05,-0.0774,0.2302,0.1905,0.5873,0.8651,,,,,,,1.0833
V-5058,GRL.V,GreenLight Metals Inc.,TSXV,Gold | Copper,2025-04-14,ok,True,2025-04-17,2026-08-25,340.0,5.0,False,1.0,0.0,0.0,48300.0,24830920.5,0.262,0.29,0.16,0.2,0.4,0.39,,,,,,,0.315,0.1069,-0.3893,-0.2366,0.5267,0.4885,,,,,,,0.2023
V-04120,CELL.V,Grid Battery Metals Inc.,TSXV,Copper | Lithium,2013-10-28,no price near listing,False,2017-11-01,2026-08-25,2212.0,3.0,True,0.5,1.0,0.0,,2900711.925,,,,,,,,,0.16,0.14,0.06,,0.015,,,,,,,,,,,,
V-01324,GRDM.V,Grid Metals Corp.,TSXV,Copper | Nickel | Lithium,,no listing date,,2000-10-02,2026-08-25,6544.0,,,,,,,24468892.035,,,,,,,,,,,,,0.145,,,,,,,,,,,,
V-04885,FIN.V,Grit Metals Corp.,TSXV,Gold | Lithium,2022-05-03,no price near listing,False,2023-05-01,2026-08-25,834.0,3.0,False,1.0,0.0,0.0,,7954657.8,,,,,,0.5,0.23,0.15,,,,,0.085,,,,,,,,,,,,
V-00880,GZD.V,Grizzly Discoveries Inc.,TSXV,Gold,,no listing date,,2005-01-18,2026-08-25,5424.0,,,,,,,14796615.73,,,,,,,,,,,,,0.06,,,,,,,,,,,,
V-01130,GVR.V,Grosvenor Resource Corporation,TSXV,Gold,,no listing date,,2007-12-13,2026-08-25,4691.0,,,,,,,2171045.24,,,,,,,,,,,,,0.045,,,,,,,,,,,,
V-00468,GRD.V,Grounded Lithium Corp.,TSXV,Lithium,2022-08-25,ok,True,1996-08-08,2026-08-25,7548.0,7.0,False,1.0,0.0,0.0,93660.0,4828783.56,0.298,0.24,0.24,0.31,0.26,0.12,0.04,0.07,,,,,0.06,-0.1946,-0.1946,0.0403,-0.1275,-0.5973,-0.8658,-0.7651,,,,,-0.7987
V-04391,ZNG.V,Group Eleven Resources Corp.,TSXV,Zinc,2017-12-13,no price near listing,False,2018-02-05,2026-08-25,2147.0,7.0,False,1.0,0.0,0.0,,225886168.8,,,,0.225,0.15,0.15,0.04,0.07,0.08,0.18,,,0.9,,,,,,,,,,,,
V-04517,GSPR.V,GSP Resource Corp.,TSXV,Copper,2018-11-29,ok,True,2018-12-04,2026-08-25,1938.0,9.0,False,1.0,0.0,0.0,19700.0,6657294.8,0.226,0.23,0.24,0.175,0.16,0.28,0.3,0.195,0.115,0.1,,,0.12,0.0177,0.0619,-0.2257,-0.292,0.2389,0.3274,-0.1372,-0.4912,-0.5575,,,-0.469
V-02685,GT.V,GT Resources Inc.,TSXV,Copper | Nickel | Platinum/PGM,2016-02-29,ok,True,2007-12-28,2026-08-25,4682.0,10.0,True,0.5,1.0,0.0,9200.0,11673531.78,0.244,0.3,0.27,0.22,0.15,0.13,0.11,0.08,0.36,0.09,0.035,,0.03,0.2295,0.1066,-0.0984,-0.3852,-0.4672,-0.5492,-0.6721,0.4754,-0.6311,-0.8566,,-0.877
V-02080,GSVR.V,Guanajuato Silver Company Ltd.,TSXV,Gold | Silver,,no listing date,,2004-05-07,2026-08-25,5597.0,,,,,,,342163760.52,,,,,,,,,,,,,0.59,,,,,,,,,,,,
V-00113,GUG.V,Gungnir Resources Inc.,TSXV,Gold,,no listing date,,2026-07-17,2026-07-20,2.0,,,,,,,5265191.44,,,,,,,,,,,,,0.75,,,,,,,,,,,,
V-00412,GUN.V,Gunpoint Exploration Ltd.,TSXV,Gold | Silver,,no listing date,,1997-12-11,2026-08-24,7209.0,,,,,,,46620547.74,,,,,,,,,,,,,0.78,,,,,,,,,,,,
V-02723,GYA.V,Guyana Goldstrike Inc.,TSXV,,2008-01-30,no price near listing,False,2026-07-17,2026-07-17,1.0,0.0,False,1.0,0.0,0.0,,4750332.0,,,,,,,,,,,,,0.125,,,,,,,,,,,,
V-04560,HPM.V,Halcones Precious Metals Corp.,TSXV,Gold,2022-09-22,ok,True,2022-09-26,2026-08-25,983.0,7.0,False,1.0,0.0,0.0,8094.0,5719409.725,0.14,0.14,0.08,0.07,0.08,0.05,0.045,0.035,,,,,0.035,0.0,-0.4286,-0.5,-0.4286,-0.6429,-0.6786,-0.75,,,,,-0.75
V-00391,HAN.V,Hannan Metals Ltd.,TSXV,Gold | Silver | Copper,2005-09-15,no price near listing,False,2008-07-24,2026-08-25,4538.0,5.0,True,0.025,3.0,0.0,,95579459.58,,,,,,,,8.0,1.2,0.2,0.08,0.44,0.9,,,,,,,,,,,,
V-04556,HANS.V,Hanstone Gold Corp.,TSXV,Gold,2020-08-24,ok,True,2019-05-01,2026-08-24,1836.0,8.0,False,1.0,0.0,0.0,98760.0,1033862.5,0.508,0.51,0.5,0.62,0.52,0.4,0.13,0.09,0.025,,,,0.015,0.0039,-0.0157,0.2205,0.0236,-0.2126,-0.7441,-0.8228,-0.9508,,,,-0.9705
V-03754,HAR.V,Harfang Exploration Inc.,TSXV,Gold | Nickel | Platinum/PGM | Lithium,2017-06-30,ok,True,2011-03-10,2026-08-25,3880.0,9.0,True,0.116,2.0,0.0,31418.0,5021785.85,0.6272,0.6466,0.5712,0.5389,0.5281,0.5389,0.5712,0.6466,0.29,0.085,,,0.05,0.0309,-0.0893,-0.1408,-0.158,-0.1408,-0.0893,0.0309,-0.5376,-0.8645,,,-0.9203
V-02233,HVG.V,Harvest Gold Corp.,TSXV,Gold,2005-12-13,ok,True,2005-12-13,2026-08-25,5195.0,11.0,True,0.1,1.0,0.0,8130.0,5579090.595,1.34,1.8,1.6,1.4,2.0,1.6,2.5,0.4,1.0,1.1,0.2,0.16,0.045,0.3433,0.194,0.0448,0.4925,0.194,0.8657,-0.7015,-0.2537,-0.1791,-0.8507,-0.8806,-0.9664
V-00905,HAWK.V,Hawkeye Gold & Diamond Inc.,TSXV,Gold,,no listing date,,2007-10-25,2026-08-25,4726.0,,,,,,,689037.885,,,,,,,,,,,,,0.03,,,,,,,,,,,,
V-02895,HAY.V,Hayasa Metals Inc.,TSXV,Gold | Copper,2008-09-24,ok,True,2008-09-25,2026-08-24,4493.0,11.0,True,0.0056,4.0,0.0,43.0,5437435.425,43.2,36.0,37.8,10.8,18.0,16.2,36.0,14.4,3.6,0.6,1.4,0.1,0.08,-0.1667,-0.125,-0.75,-0.5833,-0.625,-0.1667,-0.6667,-0.9167,-0.9861,-0.9676,-0.9977,-0.9981
V-01669,HSTR.V,Heliostar Metals Ltd.,TSXV,Gold,,no listing date,,1998-06-03,2026-08-25,7091.0,,,,,,,497188665.5,,,,,,,,,,,,,2.35,,,,,,,,,,,,
V-03016,HHH.V,Helius Minerals Limited,TSXV,Gold | Copper,2011-12-20,no price near listing,False,2012-01-16,2026-08-25,3667.0,9.0,True,0.05,2.0,0.0,,244618014.36,,,6.2,7.0,3.2,2.4,1.0,0.2,0.4,0.2,0.15,,4.86,,,,,,,,,,,,
V-04479,BIG.V,Hercules Metals Corp.,TSXV,Silver | Copper,2021-03-24,ok,True,2021-03-24,2026-08-25,1361.0,8.0,False,1.0,0.0,0.0,280060.0,182503115.76,0.105,0.1,0.11,0.06,0.05,0.085,0.22,0.95,0.6,,,,1.33,-0.0476,0.0476,-0.4286,-0.5238,-0.1905,1.0952,8.0476,4.7143,,,,11.6667
V-02361,HI.V,Highland Copper Company Inc.,TSXV,Copper,2008-09-26,no price near listing,False,2012-07-04,2026-08-25,3549.0,4.0,True,0.2,1.0,0.0,,110728218.3,,,,,,,,,0.18,0.15,0.1,0.08,0.165,,,,,,,,,,,,
V-01934,HWY.V,Highway 50 Gold Corp.,TSXV,Gold | Silver | Lead | Zinc,2005-09-22,no price near listing,False,2007-12-20,2026-08-24,4685.0,5.0,True,0.5,1.0,0.0,,16922270.96,,,,,,,,0.94,1.0,0.46,0.2,0.42,0.45,,,,,,,,,,,,
V-04544,ESPN.V,Hispania Resources Inc.,TSXV,Copper | Zinc,2022-04-04,ok,True,2022-04-04,2026-08-24,1102.0,7.0,False,1.0,0.0,0.0,105166.0,6511100.635,0.142,0.125,0.15,0.1,0.105,0.13,0.16,0.035,,,,,0.06,-0.1197,0.0563,-0.2958,-0.2606,-0.0845,0.1268,-0.7535,,,,,-0.5775
V-01842,SHL.V,Homeland Nickel Inc.,TSXV,Gold | Silver | Copper,,no listing date,,2003-12-23,2026-08-25,5692.0,,,,,,,89787421.165,,,,,,,,,,,,,0.415,,,,,,,,,,,,
V-05008,HLU.V,Homeland Uranium Corp.,TSXV,Uranium,2025-03-12,ok,True,2025-03-12,2026-08-25,366.0,5.0,False,1.0,0.0,0.0,192960.0,13662154.44,0.265,0.245,0.21,0.33,0.425,0.32,,,,,,,0.11,-0.0755,-0.2075,0.2453,0.6038,0.2075,,,,,,,-0.5849
V-02202,HMR.V,Homerun Resources Inc.,TSXV,,,no listing date,,1996-08-08,2026-08-25,7626.0,,,,,,,47173303.85,,,,,,,,,,,,,0.465,,,,,,,,,,,,
V-01944,TUF.V,Honey Badger Silver Inc.,TSXV,Silver | Lead | Zinc,,no listing date,,1996-07-31,2026-08-25,7554.0,,,,,,,116704307.52,,,,,,,,,,,,,0.77,,,,,,,,,,,,
V-04834,HCH.V,Hot Chili Limited,TSXV,Gold | Copper,2022-01-04,ok,True,2022-01-04,2026-08-25,1166.0,7.0,False,1.0,0.0,0.0,17620.0,388184845.44,1.616,1.57,1.37,1.4,0.69,0.81,0.9,0.67,,,,,1.87,-0.0285,-0.1522,-0.1337,-0.573,-0.4988,-0.4431,-0.5854,,,,,0.1572
V-04714,IMC.V,Ibero Mining Corp.,TSXV,Gold | Copper,2021-04-21,ok,True,2021-04-21,2026-08-24,1341.0,8.0,False,1.0,0.0,0.0,124588.0,2381220.75,0.184,0.185,0.18,0.17,0.14,0.1,0.045,0.045,0.025,,,,0.025,0.0054,-0.0217,-0.0761,-0.2391,-0.4565,-0.7554,-0.7554,-0.8641,,,,-0.8641
V-00265,ICM.V,Iconic Minerals Ltd.,TSXV,Gold | Lithium,,no listing date,,2007-10-25,2026-08-25,4726.0,,,,,,,10216747.805,,,,,,,,,,,,,0.08,,,,,,,,,,,,
V-04942,IDEX.V,IDEX Metals Corp.,TSXV,Gold | Copper,2025-06-10,ok,True,2025-06-10,2026-08-25,304.0,5.0,False,1.0,0.0,0.0,139644.0,18657892.175,0.472,0.46,0.46,1.06,0.485,0.32,,,,,,,0.65,-0.0254,-0.0254,1.2458,0.0275,-0.322,,,,,,,0.3771
V-02960,IRI.V,IEMR Resources Inc.,TSXV,Copper,2010-07-02,no price near listing,False,2011-12-14,2026-08-24,3686.0,6.0,False,1.0,0.0,0.0,,948071.41,,,,,,,0.03,0.015,0.005,0.02,0.015,0.01,0.01,,,,,,,,,,,,
V-03771,ILC.V,ILC Critical Minerals Ltd.,TSXV,Lithium,2011-05-24,no price near listing,False,2012-01-03,2026-08-25,3676.0,7.0,False,1.0,0.0,0.0,,5448065.08,,,,,,0.09,0.02,0.045,0.265,0.08,0.07,0.02,0.02,,,,,,,,,,,,
V-01330,ILI.V,Imagine Lithium Inc.,TSXV,Lithium,2007-06-28,ok,True,2007-06-29,2026-08-25,4806.0,11.0,True,0.025,2.0,0.0,2446.0,5109420.45,14.4,15.6,16.0,13.6,9.2,16.0,3.2,0.8,2.8,1.6,0.16,0.07,0.015,0.0833,0.1111,-0.0556,-0.3611,0.1111,-0.7778,-0.9444,-0.8056,-0.8889,-0.9889,-0.9951,-0.999
V-00038,IMR.V,iMetal Resources Inc.,TSXV,Gold,,no listing date,,2004-02-10,2026-08-25,5660.0,,,,,,,4036106.8,,,,,,,,,,,,,0.185,,,,,,,,,,,,
V-00951,IPT.V,IMPACT Silver Corp.,TSXV,Silver,,no listing date,,1996-08-08,2026-08-25,7549.0,,,,,,,103111673.91,,,,,,,,,,,,,0.315,,,,,,,,,,,,
V-03917,IGO.V,Independence Gold Corp.,TSXV,Gold,2011-12-29,ok,True,2012-01-03,2026-08-25,3676.0,10.0,False,1.0,0.0,0.0,262140.0,26394785.2,0.39,0.38,0.345,0.23,0.175,0.195,0.11,0.075,0.165,0.04,0.095,,0.155,-0.0256,-0.1154,-0.4103,-0.5513,-0.5,-0.7179,-0.8077,-0.5769,-0.8974,-0.7564,,-0.6026
V-04428,IN.V,Infield Minerals Corp.,TSXV,Gold,2021-06-10,ok,True,2021-06-10,2026-08-25,1307.0,8.0,True,0.5,1.0,0.0,21270.0,4053670.005,0.73,0.6,0.34,0.24,0.11,0.08,0.04,0.04,0.06,,,,0.06,-0.1781,-0.5342,-0.6712,-0.8493,-0.8904,-0.9452,-0.9452,-0.9178,,,,-0.9178
V-04805,INFM.V,Infinico Metals Corp.,TSXV,Nickel,2021-11-22,ok,True,2021-11-24,2026-08-24,1191.0,7.0,True,0.0667,1.0,0.0,7749.0,732534.79,7.89,8.1,6.6,6.0,4.95,0.675,1.65,0.3,,,,,0.13,0.0266,-0.1635,-0.2395,-0.3726,-0.9144,-0.7909,-0.962,,,,,-0.9835
V-00210,INFI.V,Infinitum Copper Corp.,TSXV,Gold | Copper,2022-03-16,ok,True,2022-03-16,2026-08-24,1115.0,7.0,True,0.0625,2.0,0.0,1852.0,1041919.63,5.92,6.24,6.88,4.08,2.08,1.12,0.4,0.16,,,,,0.16,0.0541,0.1622,-0.3108,-0.6486,-0.8108,-0.9324,-0.973,,,,,-0.973
V-04171,MINE.V,Inomin Mines Inc.,TSXV,Gold | Silver | Copper | Nickel,2017-02-02,ok,True,2014-03-25,2026-08-25,3117.0,9.0,False,1.0,0.0,0.0,1000.0,5282137.94,0.066,0.06,0.055,0.07,0.055,0.1,0.03,0.035,0.105,0.06,,,0.105,-0.0909,-0.1667,0.0606,-0.1667,0.5152,-0.5455,-0.4697,0.5909,-0.0909,,,0.5909
V-04384,ITR.V,Integra Resources Corp.,TSXV,Gold | Silver,2017-11-07,ok,True,2017-11-08,2026-08-25,2207.0,9.0,True,0.16,2.0,0.0,9932.0,638734732.65,6.875,6.875,6.1875,8.375,5.8125,5.0,7.5,11.8,2.0,1.49,,,4.04,0.0,-0.1,0.2182,-0.1545,-0.2727,0.0909,0.7164,-0.7091,-0.7833,,,-0.4124
V-01223,ICON.V,International Iconic Gold Exploration Corp.,TSXV,Gold,2005-02-03,no price near listing,False,2026-07-17,2026-07-17,1.0,0.0,False,1.0,0.0,0.0,,904952.76,,,,,,,,,,,,,0.045,,,,,,,,,,,,
V-00378,IMM.V,International Metals Mining Corp.,TSXV,Gold | Copper | Lithium,,no listing date,,2001-06-26,2026-08-24,6352.0,,,,,,,1686878.475,,,,,,,,,,,,,0.06,,,,,,,,,,,,
V-03827,IZZ.V,International Prospect Ventures Ltd.,TSXV,Gold,2011-07-15,no price near listing,False,2017-11-22,2026-08-24,2195.0,3.0,False,1.0,0.0,0.0,,2552425.47,,,,,,,,,,0.24,0.17,0.035,0.06,,,,,,,,,,,,
V-00992,IRO.V,Inter-Rock Minerals Inc.,TSXV,,,no listing date,,2018-03-22,2026-08-24,2113.0,,,,,,,22573315.44,,,,,,,,,,,,,1.11,,,,,,,,,,,,
V-01147,INTR.V,Intrepid Metals Corp.,TSXV,Copper,2022-05-02,ok,True,1996-08-08,2026-08-25,7549.0,7.0,True,0.5,1.0,0.0,107870.0,88352913.935,0.364,0.32,0.38,0.26,0.28,0.38,0.82,0.43,,,,,0.85,-0.1209,0.044,-0.2857,-0.2308,0.044,1.2527,0.1813,,,,,1.3352
V-02607,IVS.V,Inventus Mining Corp.,TSXV,Gold,2007-09-05,ok,True,2007-09-06,2026-08-25,4760.0,11.0,True,0.5,1.0,0.0,2500.0,55260195.25,1.22,1.2,1.02,1.02,0.88,0.46,0.22,0.66,0.1,0.48,0.22,0.07,0.29,-0.0164,-0.1639,-0.1639,-0.2787,-0.623,-0.8197,-0.459,-0.918,-0.6066,-0.8197,-0.9426,-0.7623
V-01146,IZN.V,InZinc Mining Ltd.,TSXV,Silver | Copper | Lead | Zinc,,no listing date,,1999-04-15,2026-08-25,6873.0,,,,,,,7742052.12,,,,,,,,,,,,,0.06,,,,,,,,,,,,
V-04305,IFOS.V,Itafos Inc.,TSXV,Rare Earths,2016-07-12,ok,True,2009-12-30,2026-08-25,4179.0,10.0,True,0.01,1.0,0.22,0.0,476377847.1,2.7888,2.7888,2.7888,2.7888,2.0916,1.5339,2.0451,1.2829,1.6733,1.2922,2.42,,2.44,0.0,0.0,0.0,-0.25,-0.45,-0.2667,-0.54,-0.4,-0.5366,-0.1322,,-0.1251
V-04758,JTWO.V,J2 Metals Inc.,TSXV,Gold | Copper,2025-03-27,ok,True,2025-04-01,2026-08-25,352.0,5.0,False,1.0,0.0,0.0219,100.0,6660279.6,0.0498,0.0498,0.0859,0.0859,0.104,0.2262,,,,,,,0.15,0.0,0.7249,0.7249,1.0884,3.5422,,,,,,,2.012
V-04775,JJJJ.V,J4 Ventures Resources Corp.,TSXV,Gold | Copper,2025-12-30,ok,True,2021-08-30,2026-08-24,1251.0,4.0,False,1.0,0.0,0.0,0.0,2862300.0,0.03,0.03,0.17,0.14,0.145,,,,,,,,0.145,0.0,4.6667,3.6667,3.8333,,,,,,,,3.8333
V-01216,JADE.V,Jade Leader Corp.,TSXV,,,no listing date,,2007-10-25,2026-08-24,4724.0,,,,,,,1120609.395,,,,,,,,,,,,,0.02,,,,,,,,,,,,
V-01732,JG.V,Japan Gold Corp.,TSXV,Gold,2016-09-19,ok,True,2013-03-20,2026-08-25,3371.0,9.0,True,0.5,1.0,0.0,993440.0,29206944.875,0.794,0.67,0.4,0.285,0.31,0.34,0.085,0.36,0.28,0.095,,,0.06,-0.1562,-0.4962,-0.6411,-0.6096,-0.5718,-0.8929,-0.5466,-0.6474,-0.8804,,,-0.9244
V-01558,JDN.V,Jayden Resources Inc.,TSXV,Gold | Silver,2015-10-15,ok,True,1996-08-08,2026-08-24,7547.0,10.0,True,0.0333,2.0,0.0,0.0,1872571.2,1.26,1.2,1.2,0.9,1.5,5.7,6.6,3.3,2.1,1.6,0.5,,0.26,-0.0476,-0.0476,-0.2857,0.1905,3.5238,4.2381,1.619,0.6667,0.2698,-0.6032,,-0.7937
V-03129,JHC.V,Jinhua Capital Corporation,TSXV,,2023-08-11,ok,True,2010-05-18,2026-08-24,4082.0,7.0,True,0.05,2.0,0.0,3324.0,152597.975,0.82,0.4,0.35,0.5,0.35,0.05,0.025,0.025,,,,,0.025,-0.5122,-0.5732,-0.3902,-0.5732,-0.939,-0.9695,-0.9695,,,,,-0.9695
V-02404,JUGR.V,Juggernaut Exploration Ltd.,TSXV,Gold | Silver | Copper,2007-09-27,no price near listing,False,2007-12-21,2026-08-25,4684.0,9.0,True,0.001,3.0,0.0,,43649663.68,,,,100.0,70.0,30.0,10.0,100.0,20.0,8.0,50.0,1.2,1.45,,,,,,,,,,,,
V-02715,JZR.V,JZR Gold Inc.,TSXV,Gold,2008-01-29,ok,True,2008-01-29,2026-08-25,4661.0,11.0,True,0.125,1.0,0.0,750.0,20208255.3,3.424,3.52,3.2,3.2,2.48,1.6,2.64,2.24,0.96,0.16,0.72,0.64,0.3,0.028,-0.0654,-0.0654,-0.2757,-0.5327,-0.229,-0.3458,-0.7196,-0.9533,-0.7897,-0.8131,-0.9124
V-04033,KTO.V,K2 Gold Corporation,TSXV,Gold,2012-07-23,ok,True,2012-07-23,2026-08-25,3536.0,10.0,True,0.025,2.0,0.0,208.0,176834361.23,19.96,20.0,14.0,18.0,9.2,1.6,1.6,0.24,0.37,0.325,0.17,,0.9,0.002,-0.2986,-0.0982,-0.5391,-0.9198,-0.9198,-0.988,-0.9815,-0.9837,-0.9915,,-0.9549
V-5096,KIRO.V,Kairos Gold Inc.,TSXV,Gold,2026-03-26,ok,True,2026-03-26,2026-08-25,105.0,3.0,False,1.0,0.0,0.0,313811.0,25464970.88,0.404,0.4,0.66,0.64,,,,,,,,,0.85,-0.0099,0.6337,0.5842,,,,,,,,,1.104
V-04627,KALO.V,Kalo Gold Corp.,TSXV,Gold,2021-03-01,ok,True,2021-03-03,2026-08-25,1376.0,8.0,True,0.25,1.0,0.0,7080.0,20021688.63,1.572,1.72,1.92,2.0,1.18,0.72,0.4,0.08,0.245,,,,0.14,0.0941,0.2214,0.2723,-0.2494,-0.542,-0.7455,-0.9491,-0.8441,,,,-0.9109
V-04489,KAPA.V,KAPA Gold Inc.,TSXV,Gold,2022-05-25,ok,True,2018-09-27,2026-08-24,1984.0,7.0,False,1.0,0.0,0.0,3000.0,12054501.6,0.26,0.17,0.06,0.07,0.05,0.075,0.03,0.21,,,,,0.14,-0.3462,-0.7692,-0.7308,-0.8077,-0.7115,-0.8846,-0.1923,,,,,-0.4615
V-04594,KLD.V,Kenorland Minerals Ltd.,TSXV,Gold | Copper | Nickel | Lithium,2021-01-13,ok,True,2019-08-26,2026-08-25,1757.0,8.0,False,1.0,0.0,0.0,92340.0,172891601.28,1.148,1.15,0.85,0.9,0.86,0.75,0.8,0.6,2.98,,,,2.55,0.0017,-0.2596,-0.216,-0.2509,-0.3467,-0.3031,-0.4774,1.5958,,,,1.2213
V-02658,KGC.V,Kestrel Gold Inc.,TSXV,Gold,2010-06-28,no price near listing,False,2012-07-04,2026-08-25,3549.0,6.0,True,0.25,1.0,0.0,,2718025.65,,,,,,,1.08,0.06,0.03,0.16,0.02,0.045,0.03,,,,,,,,,,,,
V-04899,KIB.V,Kiboko Gold Inc.,TSXV,Gold,2022-06-29,ok,True,2022-07-05,2026-08-24,1039.0,7.0,True,0.1,1.0,0.0,620.0,3003649.075,2.24,2.2,2.1,1.6,1.5,0.95,0.1,0.15,,,,,0.175,-0.0179,-0.0625,-0.2857,-0.3304,-0.5759,-0.9554,-0.933,,,,,-0.9219
V-02984,KCC.V,Kincora Copper Limited,TSXV,Copper,2011-07-18,ok,True,2002-07-08,2026-08-25,6061.0,11.0,True,0.0033,3.0,0.0,21.0,40051104.24,97.8,105.0,174.0,114.0,93.0,27.0,12.0,24.0,12.0,4.2,2.6,0.84,0.95,0.0736,0.7791,0.1656,-0.0491,-0.7239,-0.8773,-0.7546,-0.8773,-0.9571,-0.9734,-0.9914,-0.9903
V-04622,KCP.V,King Copper Discovery Corp.,TSXV,Gold | Silver | Copper,2019-12-03,ok,True,2019-12-03,2026-08-25,1688.0,8.0,False,1.0,0.0,0.0,1318880.0,230321281.68,0.652,0.69,0.77,0.51,0.89,0.85,0.54,0.34,0.04,,,,0.79,0.0583,0.181,-0.2178,0.365,0.3037,-0.1718,-0.4785,-0.9387,,,,0.2117
V-04507,KFR.V,Kingfisher Metals Corp.,TSXV,Gold,2021-03-18,ok,True,2021-03-18,2026-08-25,1365.0,8.0,True,0.2,1.0,0.0,69024.0,138953498.1,2.495,2.25,2.75,2.7,2.7,1.0,0.5,0.2,0.68,,,,1.25,-0.0982,0.1022,0.0822,0.0822,-0.5992,-0.7996,-0.9198,-0.7275,,,,-0.499
V-02705,KGS.V,Kingman Minerals Ltd.,TSXV,Gold | Silver,2009-05-21,no price near listing,False,2012-08-28,2026-08-25,3511.0,4.0,True,0.01,2.0,0.0,,2621251.26,,,,,,,,,12.0,3.0,2.5,0.07,0.06,,,,,,,,,,,,
V-02027,KNG.V,Kingsmen Resources Ltd.,TSXV,Gold | Silver,,no listing date,,2000-06-22,2026-08-25,6573.0,,,,,,,36939702.02,,,,,,,,,,,,,1.4,,,,,,,,,,,,
V-00016,KIP.V,Kiplin Metals Inc.,TSXV,Uranium,,no listing date,,2008-02-13,2026-08-24,4649.0,,,,,,,3926548.78,,,,,,,,,,,,,0.27,,,,,,,,,,,,
V-02124,KLDC.V,Kirkland Lake Discoveries Corp.,TSXV,Gold,,no listing date,,1997-02-24,2026-08-25,7412.0,,,,,,,65801345.92,,,,,,,,,,,,,0.34,,,,,,,,,,,,
V-5064,KSM.V,Kirkstone Metals Corp.,TSXV,Uranium,2025-05-23,no price near listing,False,2026-07-17,2026-08-24,18.0,0.0,False,1.0,0.0,0.0,,10127749.83,,,,,,,,,,,,,0.14,,,,,,,,,,,,
V-01088,KG.V,Klondike Gold Corp.,TSXV,Gold,,no listing date,,1996-08-08,2026-08-25,7549.0,,,,,,,45893412.675,,,,,,,,,,,,,0.165,,,,,,,,,,,,
V-02288,KS.V,Klondike Silver Corp.,TSXV,Silver,2006-04-17,no price near listing,False,2013-03-20,2026-08-25,3371.0,3.0,True,0.1,1.0,0.0,,4033226.7,,,,,,,,,,0.85,0.4,1.0,0.155,,,,,,,,,,,,
V-04506,KRI.V,Kobo Resources Inc.,TSXV,Gold,2023-03-31,ok,True,2023-03-31,2026-08-25,854.0,7.0,False,1.0,0.0,0.0,14630.0,32478205.44,0.449,0.3,0.3,0.3,0.29,0.35,0.29,0.305,,,,,0.235,-0.3318,-0.3318,-0.3318,-0.3541,-0.2205,-0.3541,-0.3207,,,,,-0.4766
V-02217,KDK.V,Kodiak Copper Corp.,TSXV,Gold | Copper | Diamond | Molybdenum,,no listing date,,2010-03-16,2026-08-25,4127.0,,,,,,,67268188.76,,,,,,,,,,,,,0.78,,,,,,,,,,,,
V-05011,KTRI.V,Kootenay Resources Inc.,TSXV,Silver,2024-05-01,ok,True,2024-05-01,2026-08-25,582.0,6.0,False,1.0,0.0,0.0,12723.0,3488116.48,0.141,0.1,0.1,0.09,0.08,0.065,0.08,,,,,,0.08,-0.2908,-0.2908,-0.3617,-0.4326,-0.539,-0.4326,,,,,,-0.4326
V-01099,KTN.V,Kootenay Silver Inc.,TSXV,Silver,2005-03-14,no price near listing,False,2008-12-29,2026-08-25,4431.0,4.0,True,0.1,1.0,10.26,,132500025.42,,,,,,,,,8.8,11.1,3.6,2.1,1.35,,,,,,,,,,,,
V-00655,KORE.V,KORE Mining Ltd.,TSXV,Gold,2018-11-02,ok,True,1996-08-08,2026-08-25,7549.0,9.0,True,0.2,1.0,0.0,12608.0,12322790.1,1.37,1.2,0.7,1.0,1.1,1.45,6.85,2.1,0.25,0.17,,,0.185,-0.1241,-0.4891,-0.2701,-0.1971,0.0584,4.0,0.5328,-0.8175,-0.8759,,,-0.865
V-01047,KRY.V,Koryx Copper S.A.,TSXV,Copper,,no listing date,,2000-08-15,2026-08-25,6536.0,,,,,,,403390225.6,,,,,,,,,,,,,3.7,,,,,,,,,,,,
V-05005,KBRA.V,Kubera Gold Corp.,TSXV,Gold,2024-03-13,ok,True,2024-03-18,2026-08-24,612.0,6.0,False,2.0,1.0,0.0,800.0,4028606.4,0.75,0.75,0.63,0.505,0.55,0.55,0.5,,,,,,0.16,0.0,-0.16,-0.3267,-0.2667,-0.2667,-0.3333,,,,,,-0.7867
V-01028,KC.V,Kutcho Copper Corp.,TSXV,Copper,,no listing date,,2013-03-20,2026-08-25,3371.0,,,,,,,56828238.08,,,,,,,,,,,,,0.33,,,,,,,,,,,,
V-01386,LAB.V,Labrador Gold Corp.,TSXV,Gold,,no listing date,,2007-10-25,2026-08-25,4726.0,,,,,,,11900698.53,,,,,,,,,,,,,0.065,,,,,,,,,,,,
V-04870,LG.V,Lahontan Gold Corp.,TSXV,,2022-04-13,ok,True,2022-04-13,2026-08-25,1096.0,7.0,False,1.0,0.0,0.0,285209.0,153424427.885,0.392,0.4,0.18,0.15,0.08,0.22,0.06,0.065,,,,,0.41,0.0204,-0.5408,-0.6173,-0.7959,-0.4388,-0.8469,-0.8342,,,,,0.0459
V-03957,LVG.V,Lake Victoria Gold Ltd.,TSXV,Gold,2012-02-22,no price near listing,False,2012-08-02,2026-08-25,3528.0,7.0,True,0.3333,1.0,0.0,,51890629.18,,,,,2.19,1.08,0.405,0.135,0.12,0.075,0.24,,0.33,,,,,,,,,,,,
V-03816,LWR.V,Lake Winn Resources Corp.,TSXV,Gold | Lithium,2013-05-24,no price near listing,False,2014-09-18,2026-08-25,2995.0,5.0,True,0.01,2.0,0.0,,1367923.35,,,,,,,14.0,4.5,8.5,1.0,0.65,,0.055,,,,,,,,,,,,
V-01120,LRA.V,Lara Exploration Ltd.,TSXV,Gold | Silver | Copper | Zinc,2005-05-30,ok,True,2005-06-09,2026-08-25,5324.0,11.0,False,1.0,0.0,0.0,2600.0,236389606.28,0.42,0.42,0.4,0.4,0.5,1.4,1.23,0.94,0.67,1.0,0.29,0.78,4.67,0.0,-0.0476,-0.0476,0.1905,2.3333,1.9286,1.2381,0.5952,1.381,-0.3095,0.8571,10.119
V-04232,LALI.V,LatAm Lithium Corp.,TSXV,Gold | Lithium,2014-12-05,ok,True,2014-12-09,2026-08-25,2938.0,10.0,True,0.025,2.0,0.0,865.0,1159885.285,9.04,8.8,9.6,7.2,5.0,2.4,2.8,4.8,0.25,1.1,0.1,,0.05,-0.0265,0.0619,-0.2035,-0.4469,-0.7345,-0.6903,-0.469,-0.9723,-0.8783,-0.9889,,-0.9945
V-5097,LXE.V,Latin Explore Inc.,TSXV,Copper,2026-03-30,ok,True,2026-04-01,2026-08-25,101.0,3.0,False,1.0,0.0,0.0,19276.0,7862400.0,0.24,0.22,0.14,0.15,,,,,,,,,0.175,-0.0833,-0.4167,-0.375,,,,,,,,,-0.2708
V-02310,LMS.V,Latin Metals Inc.,TSXV,Gold | Silver | Copper,2015-06-22,ok,True,2009-02-09,2026-08-25,4402.0,10.0,True,0.25,1.0,0.0,1307.0,27800000.0,0.344,0.28,0.12,0.12,0.22,1.02,0.84,0.52,0.095,0.1,0.205,,0.245,-0.186,-0.6512,-0.6512,-0.3605,1.9651,1.4419,0.5116,-0.7238,-0.7093,-0.4041,,-0.2878
V-01127,LME.V,Laurion Mineral Exploration Inc.,TSXV,Gold,,no listing date,,2004-01-06,2026-08-25,5685.0,,,,,,,55112204.94,,,,,,,,,,,,,0.135,,,,,,,,,,,,
V-04871,LGC.V,Lavras Gold Corp.,TSXV,Gold,2022-04-12,ok,True,2022-04-12,2026-08-25,1097.0,7.0,False,1.0,0.0,0.0,5366800.0,112648758.23,0.044,0.045,0.05,0.41,0.35,0.348,1.59,2.0,,,,,3.85,0.0227,0.1364,8.3182,6.9545,6.9091,35.1364,44.4545,,,,,86.5
V-03802,LEM.V,Leading Edge Materials Corp.,TSXV,Nickel | Rare Earths,2016-08-26,no price near listing,False,2018-07-10,2026-08-25,2040.0,5.0,False,1.0,0.0,0.0,,82409743.68,,,,,,,0.44,0.175,0.24,0.13,0.26,,0.265,,,,,,,,,,,,
V-04974,LEGY.V,Legacy Gold Mines Ltd.,TSXV,Gold,2024-10-08,ok,True,2023-08-02,2026-08-25,769.0,5.0,False,1.0,0.0,0.0,12639.0,61722537.23,0.532,0.65,0.55,0.39,0.45,0.58,,,,,,,1.15,0.2218,0.0338,-0.2669,-0.1541,0.0902,,,,,,,1.1617
V-04696,LVX.V,Leviathan Metals Corp.,TSXV,Gold,2021-02-10,ok,True,2021-02-11,2026-08-25,1389.0,8.0,True,0.2,1.0,0.0,165496.0,80217512.16,3.23,2.75,2.25,2.075,1.275,0.6,0.325,0.11,0.78,,,,0.5,-0.1486,-0.3034,-0.3576,-0.6053,-0.8142,-0.8994,-0.9659,-0.7585,,,,-0.8452
V-01754,LIB.V,Libertystream Infrastructure Partners Inc.,TSXV,Lithium,,no listing date,,2018-01-02,2026-08-25,2171.0,,,,,,,209090566.45,,,,,,,,,,,,,0.76,,,,,,,,,,,,
V-04991,LIFT.V,Li-FT Power Ltd.,TSXV,Lithium,2023-11-01,ok,True,2022-06-29,2026-08-25,1043.0,6.0,False,1.0,0.0,0.0,33860.0,385904075.65,6.822,6.42,5.65,5.5,3.35,3.45,3.26,,,,,,2.78,-0.0589,-0.1718,-0.1938,-0.5089,-0.4943,-0.5221,,,,,,-0.5925
V-02515,LMG.V,Lincoln Gold Mining Inc.,TSXV,Gold | Silver,2009-08-21,ok,True,2009-08-26,2026-08-24,4264.0,11.0,True,0.001,3.0,0.0,0.0,9565088.67,300.0,300.0,220.0,190.0,270.0,190.0,150.0,40.0,13.0,12.0,2.0,0.26,0.48,0.0,-0.2667,-0.3667,-0.1,-0.3667,-0.5,-0.8667,-0.9567,-0.96,-0.9933,-0.9991,-0.9984
V-02184,LIO.V,Lion One Metals Limited,TSXV,Gold,2011-01-31,ok,True,2006-09-11,2026-08-25,5008.0,11.0,False,1.0,0.0,0.0,14240.0,54385343.325,1.646,1.6,1.9,1.3,1.32,1.1,0.77,0.3,0.37,0.58,1.51,0.36,0.185,-0.0279,0.1543,-0.2102,-0.1981,-0.3317,-0.5322,-0.8177,-0.7752,-0.6476,-0.0826,-0.7813,-0.8876
V-01084,ROAR.V,Lion Rock Resources Inc.,TSXV,Gold | Copper,,no listing date,,2002-04-23,2026-08-25,6112.0,,,,,,,28387357.67,,,,,,,,,,,,,0.23,,,,,,,,,,,,
V-5036,LAF.V,Lithium Africa Corp.,TSXV,Lithium,2026-02-19,ok,True,2026-02-19,2026-08-25,130.0,4.0,False,1.0,0.0,0.0,14162.0,34969643.8,1.896,2.36,2.2,1.8,1.45,,,,,,,,1.5,0.2447,0.1603,-0.0506,-0.2352,,,,,,,,-0.2089
V-03725,LITH.V,Lithium Chile Inc.,TSXV,Lithium,2013-06-10,no price near listing,False,2018-01-02,2026-08-25,2171.0,3.0,False,1.016,1.0,0.0,,125065106.88,,,,,,,,,1.0039,0.2756,0.8563,,0.43,,,,,,,,,,,,
V-04721,LTH.V,Lithium Ionic Corp.,TSXV,Lithium,2022-05-24,ok,True,2021-04-12,2026-08-25,1349.0,7.0,True,0.614,1.0,0.0,1574820.0,147975906.75,1.094,1.24,0.99,1.18,1.77,2.58,1.04,0.61,,,,,0.655,0.1335,-0.0951,0.0786,0.6179,1.3583,-0.0494,-0.4424,,,,,-0.4013
V-04872,LBNK.V,LithiumBank Resources Corp.,TSXV,Lithium,2022-04-01,ok,True,2022-04-01,2026-08-25,1104.0,7.0,False,1.0,0.0,0.0,423295.0,29916890.52,1.63,1.57,1.1,0.9,0.69,1.24,0.86,0.34,,,,,0.6,-0.0368,-0.3252,-0.4479,-0.5767,-0.2393,-0.4724,-0.7914,,,,,-0.6319
V-01872,LOD.V,Lode Gold Resources Inc.,TSXV,Gold | Copper,,no listing date,,1996-07-31,2026-08-25,7554.0,,,,,,,17570753.778,,,,,,,,,,,,,0.435,,,,,,,,,,,,
V-04158,LSTR.V,Lodestar Metals Corp.,TSXV,Lithium,2021-03-05,ok,True,2021-03-05,2026-08-25,1374.0,8.0,True,0.5,1.0,0.0,75850.0,3606277.36,1.524,1.7,1.26,1.58,0.82,0.34,0.19,0.05,0.165,,,,0.075,0.1155,-0.1732,0.0367,-0.4619,-0.7769,-0.8753,-0.9672,-0.8917,,,,-0.9508
V-01150,LMR.V,Lomiko Metals Inc.,TSXV,Lithium,,no listing date,,1998-06-03,2026-08-25,7152.0,,,,,,,6803433.575,,,,,,,,,,,,,0.12,,,,,,,,,,,,
V-00749,LA.V,Los Andes Copper Limited,TSXV,Copper,,no listing date,,2004-05-10,2026-08-25,5597.0,,,,,,,371699431.13,,,,,,,,,,,,,13.18,,,,,,,,,,,,
V-01809,LUCA.V,Luca Mining Corp.,TSXV,Gold | Silver,,no listing date,,1996-08-08,2026-08-25,7549.0,,,,,,,267012727.41,,,,,,,,,,,,,1.12,,,,,,,,,,,,
V-02988,LKY.V,Lucky Minerals Inc.,TSXV,Gold | Copper,2009-06-15,no price near listing,False,2013-03-20,2026-08-24,3370.0,4.0,True,0.0133,2.0,0.0,,1011271.35,,,,,,,,,15.7895,4.1353,4.1353,0.05,0.005,,,,,,,,,,,,
V-04239,LPK.V,Lupaka Gold Corp.,TSXV,Gold,2015-02-18,ok,True,2011-06-28,2026-08-25,3804.0,10.0,True,0.1,1.0,0.0,6398.0,7910085.48,1.2,1.2,1.1,1.2,0.7,0.9,1.9,2.1,0.1,0.5,0.05,,0.3,0.0,-0.0833,0.0,-0.4167,-0.25,0.5833,0.75,-0.9167,-0.5833,-0.9583,,-0.75
V-04116,LXM.V,Lux Metals Corp.,TSXV,Nickel,2013-04-10,ok,True,2013-04-12,2026-08-25,3355.0,10.0,True,0.005,3.0,0.0,47.0,11151256.32,28.2,28.0,2.6,11.0,15.0,12.0,9.0,11.0,5.4,1.3,0.095,,0.21,-0.0071,-0.9078,-0.6099,-0.4681,-0.5745,-0.6809,-0.6099,-0.8085,-0.9539,-0.9966,,-0.9926
V-5065,LUXR.V,Luxor Metals Ltd.,TSXV,Gold,2025-05-30,ok,True,2025-05-30,2026-08-24,310.0,5.0,False,1.0,0.0,0.0,44546.0,2791099.2,0.187,0.22,0.2,0.25,0.18,0.185,,,,,,,0.165,0.1765,0.0695,0.3369,-0.0374,-0.0107,,,,,,,-0.1176
V-02708,MT.V,M3 Metals Corp.,TSXV,Lithium,2010-08-20,ok,True,2008-01-14,2026-08-24,4671.0,11.0,True,0.0025,3.0,0.0,2.0,4109889.6,68.0,68.0,100.0,120.0,460.0,152.0,140.0,40.0,2.0,12.0,1.3,0.21,0.26,0.0,0.4706,0.7647,5.7647,1.2353,1.0588,-0.4118,-0.9706,-0.8235,-0.9809,-0.9969,-0.9962
V-04523,MACK.V,Mackay Gold & Silver Corp.,TSXV,Gold | Silver,2026-04-24,ok,True,2026-04-24,2026-08-25,85.0,3.0,False,1.0,0.0,0.0,59574.0,291439408.2,2.98,2.54,2.5,2.86,,,,,,,,,3.08,-0.1477,-0.1611,-0.0403,,,,,,,,,0.0336
V-01257,MDM.V,Madoro Metals Corp.,TSXV,Zinc,,no listing date,,1996-08-08,2026-08-24,7548.0,,,,,,,1400950.74,,,,,,,,,,,,,0.06,,,,,,,,,,,,
V-03088,MGMA.V,Magma Silver Corp.,TSXV,Gold | Silver,2010-02-17,ok,True,2010-02-24,2026-08-25,4141.0,11.0,True,0.0003,4.0,0.0,0.0,12125506.1,992.0,880.0,960.0,672.0,640.0,768.0,320.0,144.0,160.0,37.6,1.6,0.125,0.125,-0.1129,-0.0323,-0.3226,-0.3548,-0.2258,-0.6774,-0.8548,-0.8387,-0.9621,-0.9984,-0.9999,-0.9999
V-01396,MTT.V,Magna Terra Minerals Inc.,TSXV,Gold | Copper,2020-08-14,ok,True,1996-08-06,2026-08-25,7554.0,8.0,True,0.1429,1.0,0.0,41520.0,16253612.7,0.344,0.33,0.27,0.24,0.2,0.15,0.07,0.02,0.09,,,,0.19,-0.0407,-0.2151,-0.3023,-0.4186,-0.564,-0.7965,-0.9419,-0.7384,,,,-0.4477
V-01204,MJS.V,Majestic Gold Corp.,TSXV,Gold,,no listing date,,1997-01-10,2026-08-25,7443.0,,,,,,,104266438.1,,,,,,,,,,,,,0.105,,,,,,,,,,,,
V-02395,MKO.V,Mako Mining Corp.,TSXV,Gold,2018-11-14,ok,True,2006-11-27,2026-08-25,4955.0,9.0,True,0.1,1.0,0.0,3148.0,913507868.21,1.86,1.6,1.9,1.4,1.3,1.9,3.4,4.2,2.02,7.92,,,15.32,-0.1398,0.0215,-0.2473,-0.3011,0.0215,0.828,1.2581,0.086,3.2581,,,7.2366
V-03773,MTH.V,Mammoth Resources Corp.,TSXV,Gold,2011-12-28,no price near listing,False,2012-08-02,2026-08-24,3527.0,6.0,True,0.25,1.0,0.0,,3196707.99,,,,,,0.42,0.14,0.06,0.08,0.055,0.105,,0.03,,,,,,,,,,,,
V-02863,MN.V,Manganese X Energy Corp.,TSXV,Copper | Nickel,2010-12-13,no price near listing,False,2011-02-02,2026-08-24,3904.0,9.0,True,0.01,2.0,0.0,,26817325.04,,,,16.0,10.0,9.0,7.0,2.0,0.1,0.14,0.2,0.11,0.1,,,,,,,,,,,,
V-00936,MANU.V,Manhattan Uranium Discovery Corp.,TSXV,Gold,2020-12-31,ok,True,2007-07-30,2026-08-25,4785.0,8.0,True,0.01,2.0,0.0,7686.0,38528181.3,50.4,51.0,40.0,31.0,32.0,17.0,3.0,1.1,0.3,,,,0.26,0.0119,-0.2063,-0.3849,-0.3651,-0.6627,-0.9405,-0.9782,-0.994,,,,-0.9948
V-03831,MGM.V,Maple Gold Mines Ltd.,TSXV,Gold,2011-08-09,no price near listing,False,2012-08-02,2026-08-25,3528.0,7.0,True,0.1,1.0,0.0,,203143449.3,,,,,,2.3,0.9,0.45,3.65,1.25,3.6,2.74,2.9,,,,,,,,,,,,
V-03859,MASS.V,Masivo Silver Corp.,TSXV,Gold | Silver,2013-10-03,no price near listing,False,2014-07-02,2026-08-25,3049.0,6.0,True,0.2,1.0,0.0,,7356980.5,,,,,,1.2,0.725,1.75,0.275,0.175,0.095,,0.07,,,,,,,,,,,,
V-01231,MCM.V,"Matachewan Consolidated Mines, Limited",TSXV,Gold,,no data,,,,,,,,,,,4229957.75,,,,,,,,,,,,,,,,,,,,,,,,,
V-01175,MAX.V,MAX Resource Corp.,TSXV,Silver | Copper,,no listing date,,2002-02-27,2026-08-25,6151.0,,,,,,,13876833.75,,,,,,,,,,,,,0.21,,,,,,,,,,,,
V-04701,MFG.V,Mayfair Gold Corp.,TSXV,Gold,2021-03-22,ok,True,2021-03-22,2026-08-25,1363.0,8.0,True,0.5,1.0,0.0,366010.0,234313351.04,3.974,3.6,3.9,3.04,1.56,2.52,3.32,4.2,3.94,,,,4.4,-0.0941,-0.0186,-0.235,-0.6074,-0.3659,-0.1646,0.0569,-0.0086,,,,0.1072
V-01259,MKR.V,Melkior Resources Inc.,TSXV,Gold | Copper,,no listing date,,1996-08-06,2026-08-24,7553.0,,,,,,,6246025.2,,,,,,,,,,,,,0.12,,,,,,,,,,,,
V-04723,MERG.V,Metal Energy Corp.,TSXV,Copper | Nickel,2021-11-29,ok,True,2021-11-29,2026-08-25,1189.0,7.0,True,0.2,1.0,0.0,68526.0,33577346.88,0.92,0.825,0.775,0.7,0.475,0.3,0.2,0.2,,,,,1.04,-0.1033,-0.1576,-0.2391,-0.4837,-0.6739,-0.7826,-0.7826,,,,,0.1304
V-04609,MLO.V,Metalero Mining Corp.,TSXV,Gold | Silver | Copper,2020-09-10,ok,True,2020-09-10,2026-08-25,1495.0,8.0,True,0.1333,2.0,0.0,1811.0,5242545.0,4.77,3.75,3.6,3.0,2.25,2.1,0.6,0.15,0.17,,,,0.145,-0.2138,-0.2453,-0.3711,-0.5283,-0.5597,-0.8742,-0.9686,-0.9644,,,,-0.9696
V-01269,MTX.V,Metalex Ventures Ltd.,TSXV,Gold | Diamond,,no listing date,,1998-10-14,2026-08-25,7000.0,,,,,,,4146718.77,,,,,,,,,,,,,0.015,,,,,,,,,,,,
V-04409,MTA.V,Metalla Royalty & Streaming Ltd.,TSXV,Gold | Silver | Copper | Nickel | Molybdenum,2018-02-02,no price near listing,False,2018-03-22,2026-08-25,2114.0,7.0,True,0.25,1.0,0.154,,1008247401.98,,,,3.0938,3.0627,4.1216,8.443,14.0598,6.8856,4.18,,,15.8,,,,,,,,,,,,
V-03775,MMG.V,Metallic Minerals Corp.,TSXV,Gold | Silver,2011-05-19,ok,True,2011-05-19,2026-08-25,3831.0,11.0,True,0.1,1.0,0.0,6156.0,40144420.012,3.98,3.8,4.5,5.3,4.0,1.6,0.2,0.2,0.2,0.31,0.6,0.3,0.245,-0.0452,0.1307,0.3317,0.005,-0.598,-0.9497,-0.9497,-0.9497,-0.9221,-0.8492,-0.9246,-0.9384
V-02627,MTS.V,Metallis Resources Inc.,TSXV,Silver,2009-05-04,no price near listing,False,2012-01-03,2026-08-25,3676.0,5.0,False,1.0,0.0,0.0,,12089025.39,,,,,,,,0.065,0.14,0.13,0.5,0.085,0.135,,,,,,,,,,,,
V-00617,MQM.V,Metalquest Mining Inc.,TSXV,Iron,,no listing date,,1996-08-08,2026-08-25,7549.0,,,,,,,7337928.6,,,,,,,,,,,,,0.15,,,,,,,,,,,,
V-00632,MEK.V,Metals Creek Resources Corp.,TSXV,Gold,2008-01-28,ok,True,2007-09-05,2026-08-25,4761.0,11.0,True,0.1429,1.0,0.0,1140.0,13164077.63,2.38,1.4,2.59,1.54,1.4,0.7,1.26,1.89,0.42,0.21,0.08,0.04,0.055,-0.4118,0.0882,-0.3529,-0.4118,-0.7059,-0.4706,-0.2059,-0.8235,-0.9118,-0.9664,-0.9832,-0.9769
V-02841,MEX.V,Mexican Gold Mining Corp.,TSXV,Gold | Copper,2008-06-02,no price near listing,False,2026-07-17,2026-07-27,7.0,0.0,True,0.6,1.0,0.0,,6182495.85,,,,,,,,,,,,,0.32,,,,,,,,,,,,
V-5100,MMET.V,Miata Metals Corp.,TSXV,Gold,2026-04-23,ok,True,2023-08-01,2026-08-25,770.0,3.0,False,1.0,0.0,0.0,97695.0,40182671.36,0.596,0.55,0.55,0.455,,,,,,,,,0.77,-0.0772,-0.0772,-0.2366,,,,,,,,,0.2919
V-02479,MD.V,Midland Exploration Inc.,TSXV,Gold | Silver | Copper | Nickel | Platinum/PGM | Zinc,2007-03-02,ok,True,2007-03-02,2026-08-25,4889.0,11.0,False,1.0,0.0,0.0,235140.0,52417221.78,0.664,0.73,0.69,0.54,0.55,0.69,0.6,1.45,1.65,0.92,1.09,0.51,0.39,0.0994,0.0392,-0.1867,-0.1717,0.0392,-0.0964,1.1837,1.4849,0.3855,0.6416,-0.2319,-0.4127
V-02718,MMA.V,Midnight Sun Mining Corp.,TSXV,Copper,2010-05-12,no price near listing,False,2012-07-04,2026-08-25,3549.0,5.0,False,1.0,0.0,0.0,,134896251.38,,,,,,,,0.215,0.125,0.32,0.135,0.61,0.78,,,,,,,,,,,,
V-04291,MLP.V,Millennial Potash Corp.,TSXV,Potash,2020-11-10,ok,True,2018-01-02,2026-08-25,2171.0,8.0,False,1.0,0.0,0.0,8800.0,220478757.95,0.273,0.405,0.41,0.65,0.5,0.32,0.365,0.2,2.8,,,,2.77,0.4835,0.5018,1.381,0.8315,0.1722,0.337,-0.2674,9.2564,,,,9.1465
V-02465,MSC.V,Millennium Silver Corp.,TSXV,Gold | Silver | Lead | Zinc,2007-02-26,ok,True,2007-02-27,2026-08-25,4891.0,11.0,False,1.0,0.0,0.0,60680.0,10915175.625,0.34,0.36,0.27,0.26,0.2,0.23,0.06,0.09,0.11,0.04,0.05,0.01,0.025,0.0588,-0.2059,-0.2353,-0.4118,-0.3235,-0.8235,-0.7353,-0.6765,-0.8824,-0.8529,-0.9706,-0.9265
V-03086,MGG.V,Minaurum Silver Inc.,TSXV,Gold | Silver | Copper,2010-02-25,ok,True,2010-02-25,2026-08-25,4140.0,11.0,False,1.0,0.0,0.0,138020.0,166833266.18,0.662,0.72,0.75,0.72,0.68,0.73,0.45,0.16,0.09,0.2,0.51,0.24,0.4,0.0876,0.1329,0.0876,0.0272,0.1027,-0.3202,-0.7583,-0.864,-0.6979,-0.2296,-0.6375,-0.3958
V-04343,MMM.V,Minco Capital Corp.,TSXV,Gold,2017-05-01,ok,True,1998-01-23,2026-08-24,7181.0,9.0,False,1.0,0.0,0.0,26980.0,4965226.315,0.194,0.19,0.19,0.19,0.17,0.13,0.12,0.11,0.08,0.05,,,0.17,-0.0206,-0.0206,-0.0206,-0.1237,-0.3299,-0.3814,-0.433,-0.5876,-0.7423,,,-0.1237
V-02340,MAI.V,Mining Americas Inc.,TSXV,Gold,2010-05-11,no price near listing,False,2026-07-17,2026-07-17,1.0,0.0,False,1.0,0.0,0.0,,553044968.94,,,,,,,,,,,,,4.33,,,,,,,,,,,,
V-04788,MINK.V,Mink Ventures Corporation,TSXV,,2023-01-04,ok,True,2021-09-30,2026-08-25,1230.0,7.0,False,1.0,0.0,0.0,56500.0,4559202.56,0.114,0.13,0.2,0.19,0.155,0.15,0.065,0.13,,,,,0.11,0.1404,0.7544,0.6667,0.3596,0.3158,-0.4298,0.1404,,,,,-0.0351
V-03664,MCI.V,Minnova Corp.,TSXV,Gold,2010-11-04,ok,True,2010-11-04,2026-08-24,3965.0,11.0,True,0.1,1.0,0.0,5700.0,24287015.025,3.22,3.5,3.3,3.2,4.3,3.6,1.1,0.2,0.35,0.65,0.31,0.25,0.18,0.087,0.0248,-0.0062,0.3354,0.118,-0.6584,-0.9379,-0.8913,-0.7981,-0.9037,-0.9224,-0.9441
V-02888,MSR.V,Minsud Resources Corp.,TSXV,Gold | Copper,2011-05-25,no price near listing,False,2012-08-13,2026-08-25,3522.0,6.0,False,1.0,0.0,0.0,,84633707.5,,,,,,,0.04,0.055,0.07,0.075,0.065,0.5,0.55,,,,,,,,,,,,
V-01296,MRZ.V,Mirasol Resources Ltd.,TSXV,Gold | Silver | Copper,2005-05-04,no price near listing,False,2007-06-04,2026-08-25,4825.0,5.0,False,1.0,0.0,0.0,,27022142.645,,,,,,,,0.41,1.94,2.86,0.86,0.42,0.34,,,,,,,,,,,,
V-05028,MSG.V,Mithril Silver and Gold Limited,TSXV,Gold | Silver,2024-09-27,no price near listing,False,2024-10-28,2026-08-25,459.0,4.0,False,1.0,0.0,0.0,,42173495.55,,,0.75,0.44,0.39,0.61,,,,,,,0.25,,,,,,,,,,,,
V-02891,MKA.V,Mkango Resources Ltd.,TSXV,Nickel | Rare Earths,2011-01-06,no price near listing,False,2011-01-25,2026-08-25,3911.0,10.0,True,0.3333,1.0,0.0,,298344418.68,,,2.7,2.25,1.59,1.44,0.75,0.21,0.06,0.14,0.3,0.86,0.76,,,,,,,,,,,,
V-05016,MOG.V,Mogotes Metals Inc.,TSXV,Gold | Silver | Copper,2024-06-12,ok,True,2024-06-12,2026-08-25,553.0,6.0,False,1.0,0.0,0.0,253964.0,287877315.55,0.152,0.13,0.155,0.155,0.13,0.25,0.51,,,,,,0.54,-0.1447,0.0197,0.0197,-0.1447,0.6447,2.3553,,,,,,2.5526
V-01455,MMN.V,Monarca Minerals Inc.,TSXV,Gold | Silver,,no listing date,,2004-05-07,2026-08-24,5597.0,,,,,,,1265546.06,,,,,,,,,,,,,0.02,,,,,,,,,,,,
V-00443,MRZL.V,Mont Royal Resources Limited,TSXV,Rare Earths,,no listing date,,2001-08-24,2026-08-24,6277.0,,,,,,,26949031.76,,,,,,,,,,,,,0.11,,,,,,,,,,,,
V-03729,MON.V,Montero Mining and Exploration Ltd.,TSXV,Copper | Molybdenum,2011-02-15,no price near listing,False,2012-08-02,2026-08-24,3527.0,6.0,True,0.0208,2.0,1.8,,4845223.14,,,,,,,0.3877,0.0738,0.0738,0.1362,0.3554,0.77,0.66,,,,,,,,,,,,
V-01301,MMY.V,Monument Mining Limited,TSXV,Gold,2007-07-09,no price near listing,False,2008-02-13,2026-08-25,4650.0,7.0,False,1.0,0.0,0.02,,270050327.04,,,,,,0.3148,0.2361,0.2557,0.3738,0.2164,0.0787,0.0885,1.05,,,,,,,,,,,,
V-04718,MNRG.V,Monumental Energy Corp.,TSXV,Lithium,2021-04-30,ok,True,2021-05-04,2026-08-25,1333.0,8.0,False,1.0,0.0,0.0,36529.0,10137494.97,0.389,0.4,0.55,0.36,0.37,0.425,0.095,0.1,0.09,,,,0.095,0.0283,0.4139,-0.0746,-0.0488,0.0925,-0.7558,-0.7429,-0.7686,,,,-0.7558
V-04637,MOO.V,Moon River Moly Ltd.,TSXV,Molybdenum,2023-11-20,ok,True,2020-03-20,2026-08-25,1614.0,6.0,False,1.0,0.0,0.0,10602.0,28908106.92,0.54,0.67,1.12,1.6,0.7,0.46,0.85,,,,,,0.69,0.2407,1.0741,1.963,0.2963,-0.1481,0.5741,,,,,,0.2778
V-00228,MOX.V,Morien Resources Corp.,TSXV,Coal,2012-11-09,ok,True,2007-10-25,2026-08-25,4725.0,10.0,True,0.1274,1.0,0.046,12160.0,10832560.02,0.2605,0.2476,0.1834,0.1559,0.0734,0.1284,0.1743,0.1651,0.5686,0.3661,0.6738,,0.19,-0.0495,-0.296,-0.4015,-0.7182,-0.5071,-0.3309,-0.3662,1.1827,0.4054,1.5866,,-0.2706
V-04785,MCC.V,Morocco Strategic Minerals Corporation,TSXV,Gold | Lithium,2021-09-30,ok,True,2020-05-19,2026-08-25,1574.0,7.0,False,1.0,0.0,0.0,5424.0,28200000.0,0.228,0.22,0.2,0.135,0.105,0.055,0.06,0.08,,,,,0.175,-0.0351,-0.1228,-0.4079,-0.5395,-0.7588,-0.7368,-0.6491,,,,,-0.2325
V-03869,MUN.V,Mundoro Capital Inc.,TSXV,Gold | Copper,2011-09-30,ok,True,2004-05-07,2026-08-25,5598.0,10.0,False,1.0,0.0,0.0,10140.0,41640917.77,0.398,0.32,0.3,0.3,0.36,0.4,0.28,0.26,0.16,0.18,0.2,,0.395,-0.196,-0.2462,-0.2462,-0.0955,0.005,-0.2965,-0.3467,-0.598,-0.5477,-0.4975,,-0.0075
V-04419,MUR.V,Murchison Minerals Ltd.,TSXV,Copper | Nickel | Zinc,2018-03-22,ok,True,2005-01-07,2026-08-25,5431.0,9.0,True,0.05,1.0,0.0,185.0,5713054.875,3.78,4.4,3.6,2.7,1.8,1.6,1.8,1.6,1.8,0.3,,,0.21,0.164,-0.0476,-0.2857,-0.5238,-0.5767,-0.5238,-0.5767,-0.5238,-0.9206,,,-0.9444
V-04260,MMX.V,Mustang Minerals Limited,TSXV,Gold | Copper,2018-05-25,ok,True,2016-09-01,2026-08-25,2504.0,9.0,False,1.0,0.0,0.0,69520.0,6275467.125,1.208,1.16,0.86,0.53,0.425,0.295,0.12,0.14,0.08,0.04,,,0.075,-0.0397,-0.2881,-0.5613,-0.6482,-0.7558,-0.9007,-0.8841,-0.9338,-0.9669,,,-0.9379
V-04356,NMI.V,Namibia Critical Metals Inc.,TSXV,Gold | Copper | Nickel,2017-07-04,ok,True,2012-01-24,2026-08-25,3660.0,9.0,False,1.0,0.0,0.0,11640.0,51389091.38,0.064,0.06,0.06,0.05,0.04,0.34,0.13,0.19,0.14,0.05,,,0.195,-0.0625,-0.0625,-0.2188,-0.375,4.3125,1.0312,1.9688,1.1875,-0.2188,,,2.0469
V-5108,NAP.V,Napoleon Resources Inc.,TSXV,Gold,2026-06-18,ok,True,2026-06-19,2026-08-25,46.0,2.0,False,1.0,0.0,0.0,15947.0,2355000.0,0.166,0.18,0.2,,,,,,,,,,0.12,0.0843,0.2048,,,,,,,,,,-0.2771
V-05017,NRC.V,Nations Royalty Corp.,TSXV,Gold | Silver | Copper | Molybdenum,2024-06-21,ok,True,2024-06-21,2026-08-25,546.0,6.0,False,1.0,0.0,0.0,204780.0,130393735.08,0.87,0.89,0.82,0.8,0.55,0.55,0.88,,,,,,0.99,0.023,-0.0575,-0.0805,-0.3678,-0.3678,0.0115,,,,,,0.1379
V-04902,NTX.V,Neoterrex Minerals Inc.,TSXV,Gold | Copper | Zinc | Rare Earths | Lithium,2024-01-09,ok,True,2024-01-09,2026-08-25,661.0,6.0,False,1.0,0.0,0.0,122215.0,8285156.8,0.283,0.275,0.21,0.26,0.15,0.1,0.22,,,,,,0.11,-0.0283,-0.258,-0.0813,-0.47,-0.6466,-0.2226,,,,,,-0.6113
V-01692,NKG.V,Nevada King Gold Corp.,TSXV,Gold,2019-02-11,ok,True,2012-03-28,2026-08-25,3613.0,9.0,True,0.2,1.0,0.0,5640.0,70256839.1,3.25,3.25,3.55,3.4,2.6,1.9,2.95,1.75,1.85,1.0,,,0.89,0.0,0.0923,0.0462,-0.2,-0.4154,-0.0923,-0.4615,-0.4308,-0.6923,,,-0.7262
V-5037,NVLH.V,Nevada Lithium Resources Inc.,TSXV,Lithium,2024-12-31,ok,True,2021-09-30,2026-08-24,1229.0,5.0,False,1.0,0.0,0.0,453593.0,28534169.51,0.265,0.275,0.255,0.165,0.13,0.175,,,,,,,0.085,0.0377,-0.0377,-0.3774,-0.5094,-0.3396,,,,,,,-0.6792
V-02901,NEV.V,Nevada Sunrise Metals Corporation,TSXV,Gold | Copper | Lithium,2008-09-22,no price near listing,False,2009-01-15,2026-08-25,4419.0,8.0,True,0.1,1.0,0.0,,5681559.42,,,,,0.6,0.5,2.1,0.4,0.3,0.17,0.06,0.09,0.045,,,,,,,,,,,,
V-03955,NAU.V,Nevgold Corp.,TSXV,Gold | Silver,2021-06-29,ok,True,2012-10-18,2026-08-25,3476.0,8.0,False,1.0,0.0,0.0,72720.0,355442780.16,0.396,0.41,0.39,0.44,0.41,0.54,0.4,0.35,2.08,,,,1.58,0.0354,-0.0152,0.1111,0.0354,0.3636,0.0101,-0.1162,4.2525,,,,2.9899
V-04177,NAM.V,New Age Metals Inc.,TSXV,Nickel | Platinum/PGM | Lithium,2014-01-14,ok,True,1998-06-03,2026-08-25,7081.0,10.0,True,0.0833,2.0,0.0,5050.0,19358711.63,0.184,0.24,0.16,0.36,0.32,0.16,0.08,0.12,0.32,0.4,0.2,,0.25,0.3043,-0.1304,0.9565,0.7391,-0.1304,-0.5652,-0.3478,0.7391,1.1739,0.087,,0.3587
V-03718,NED.V,New Destiny Mining Corp.,TSXV,Silver,2011-01-11,no price near listing,False,2011-01-25,2026-08-25,3911.0,11.0,True,0.0625,1.0,0.0,,791198.415,,4.48,4.8,3.84,3.36,3.2,1.12,0.48,0.16,0.15,0.08,0.02,0.025,,,,,,,,,,,,
V-04399,ENRG.V,New Energy Metals Corp.,TSXV,Copper | Lithium,2018-01-25,no price near listing,False,2018-03-22,2026-08-24,2114.0,7.0,True,0.0016,3.0,0.0,,2078028.4,,,,448.0,67.2,64.0,0.4,1.0,3.1,0.275,,,0.3,,,,,,,,,,,,
V-04656,NFG.V,New Found Gold Corp.,TSXV,Gold,2020-08-11,ok,True,2020-08-11,2026-08-25,1516.0,8.0,False,1.0,0.0,0.0,2282640.0,841231119.81,1.546,1.62,2.27,4.01,3.46,9.14,5.29,5.96,2.17,,,,2.81,0.0479,0.4683,1.5938,1.238,4.912,2.4217,2.8551,0.4036,,,,0.8176
V-01172,NTB.V,New Tymbal Resources Ltd.,TSXV,Gold | Copper,,no listing date,,1996-08-08,2026-08-24,7547.0,,,,,,,358839.66,,,,,,,,,,,,,0.02,,,,,,,,,,,,
V-03145,NCAU.V,Newcore Gold Ltd.,TSXV,Gold,2011-07-14,ok,True,2010-08-17,2026-08-25,4021.0,11.0,True,0.25,1.0,0.0,750.0,101626083.0,1.28,1.36,1.48,1.2,0.8,0.48,0.24,0.24,0.23,0.26,0.63,0.33,0.335,0.0625,0.1562,-0.0625,-0.375,-0.625,-0.8125,-0.8125,-0.8203,-0.7969,-0.5078,-0.7422,-0.7383
V-01376,NWX.V,Newport Exploration Ltd.,TSXV,Oil and Gas | Gold | Copper,,no listing date,,1996-04-16,2026-08-25,7627.0,,,,,,,12141685.51,,,,,,,,,,,,,0.1,,,,,,,,,,,,
TRE0011,NEXG.V,NeXGold Mining Corp.,TSXV,Gold | Silver,2024-07-05,ok,True,2008-08-19,2026-08-25,4521.0,6.0,True,0.25,1.0,0.0,169740.0,293792937.88,0.918,0.95,0.8,0.8,0.71,0.74,1.29,,,,,,1.48,0.0349,-0.1285,-0.1285,-0.2266,-0.1939,0.4052,,,,,,0.6122
V-03777,NEXM.V,NexMetals Mining Corp.,TSXV,Copper | Nickel | Platinum/PGM,2022-08-18,ok,True,2011-05-30,2026-08-25,3824.0,7.0,True,0.05,1.0,0.0,29952.0,120490794.32,44.32,43.2,29.2,38.0,32.8,25.4,15.6,7.7,,,,,3.66,-0.0253,-0.3412,-0.1426,-0.2599,-0.4269,-0.648,-0.8263,,,,,-0.9174
V-03037,NXS.V,Nexus Gold Corp.,TSXV,Gold,2014-08-12,ok,True,2010-01-08,2026-08-25,4173.0,10.0,True,0.0004,3.0,0.0,19.0,6001281.25,250.0,225.0,225.0,162.5,325.0,275.0,200.0,375.0,21.25,11.25,0.25,,0.165,-0.1,-0.1,-0.35,0.3,0.1,-0.2,0.5,-0.915,-0.955,-0.999,,-0.9993
V-04914,NICN.V,NiCan Limited,TSXV,Nickel,2022-08-03,ok,True,2022-08-03,2026-08-25,1020.0,7.0,False,1.0,0.0,0.0,229673.0,11282466.67,0.175,0.19,0.19,0.11,0.09,0.055,0.045,0.045,,,,,0.085,0.0857,0.0857,-0.3714,-0.4857,-0.6857,-0.7429,-0.7429,,,,,-0.5143
V-04608,NKL.V,Nickel 28 Capital Corp.,TSXV,Nickel,2019-11-15,ok,True,2019-11-15,2026-08-25,1700.0,8.0,False,1.0,0.0,0.0,1103760.0,98965804.15,0.36,0.37,0.44,0.28,0.175,0.275,0.93,1.04,0.73,,,,1.15,0.0278,0.2222,-0.2222,-0.5139,-0.2361,1.5833,1.8889,1.0278,,,,2.1944
WEL0006,NCP.V,Nickel Creek Platinum Corp.,TSXV,Nickel,2024-12-23,ok,True,2007-07-18,2026-08-25,4793.0,5.0,False,1.0,0.0,0.0,1220.0,14595197.4,0.548,0.6,0.5,0.51,1.24,2.6,,,,,,,1.9,0.0949,-0.0876,-0.0693,1.2628,3.7445,,,,,,,2.4672
V-02610,NNX.V,Nickel North Exploration Corp.,TSXV,Copper | Nickel | Platinum/PGM,2012-08-09,no price near listing,False,2013-03-20,2026-08-24,3370.0,6.0,False,1.0,0.0,0.0,,8227515.17,,,,,,0.14,0.06,0.015,0.025,0.01,0.045,,0.025,,,,,,,,,,,,
V-00933,NIM.V,Nicola Mining Inc.,TSXV,Silver | Copper | Lead | Zinc,,no listing date,,1996-08-08,2026-08-25,7549.0,,,,,,,156077482.12,,,,,,,,,,,,,0.76,,,,,,,,,,,,
V-04223,NIO.V,Nio Strategic Metals Inc.,TSXV,,2014-10-28,ok,True,1997-01-31,2026-08-24,7430.0,10.0,False,1.0,0.0,0.0,25060.0,22921060.0,0.06,0.05,0.06,0.08,0.06,0.06,0.07,0.08,0.14,0.11,0.05,,0.15,-0.1667,0.0,0.3333,0.0,0.0,0.1667,0.3333,1.3333,0.8333,-0.1667,,1.5
V-04287,NBY.V,Niobay Metals Inc.,TSXV,,2016-03-31,no price near listing,False,2016-09-21,2026-08-25,2491.0,7.0,False,1.0,0.0,0.0,,16881356.97,,,,,1.2,0.78,0.295,0.23,0.99,0.2,0.095,,0.075,,,,,,,,,,,,
V-04443,NOAL.V,NOA Lithium Brines Inc.,TSXV,Lithium,2023-03-03,ok,True,2023-03-03,2026-08-25,874.0,7.0,False,1.0,0.0,0.0,164959.0,70730828.75,0.381,0.35,0.46,0.5,0.43,0.31,0.335,0.24,,,,,0.2,-0.0814,0.2073,0.3123,0.1286,-0.1864,-0.1207,-0.3701,,,,,-0.4751
V-04720,NBLC.V,Nobel Resources Corp.,TSXV,,2021-04-20,ok,True,2021-04-20,2026-08-25,1343.0,8.0,False,1.0,0.0,0.0,856073.0,6281963.52,0.63,0.67,0.45,0.32,0.6,0.17,0.06,0.03,0.045,,,,0.02,0.0635,-0.2857,-0.4921,-0.0476,-0.7302,-0.9048,-0.9524,-0.9286,,,,-0.9683
V-02534,NOB.V,Noble Mineral Exploration Inc.,TSXV,Copper | Nickel | Platinum/PGM | Zinc | Rare Earths,2007-06-28,ok,True,2007-06-29,2026-08-25,4806.0,11.0,True,0.3365,3.0,0.0,34227.0,15854008.02,0.9449,0.9805,0.8914,0.8023,0.8023,0.3863,0.1783,0.2377,0.2377,0.0594,0.0297,0.0414,0.06,0.0377,-0.0566,-0.1509,-0.1509,-0.5912,-0.8113,-0.7484,-0.7484,-0.9371,-0.9686,-0.9562,-0.9365
V-03054,NOBL.V,Noble Plains Uranium Corp.,TSXV,Gold | Lithium,2009-12-31,ok,True,2010-01-04,2026-08-25,4177.0,11.0,True,0.0833,2.0,0.0,683.0,7005222.72,2.304,2.16,1.8,2.16,2.28,5.4,2.16,0.84,0.12,0.36,0.12,0.08,0.11,-0.0625,-0.2187,-0.0625,-0.0104,1.3438,-0.0625,-0.6354,-0.9479,-0.8438,-0.9479,-0.9653,-0.9523
V-03821,NRM.V,Noram Lithium Corp.,TSXV,Lithium,2011-07-29,no price near listing,False,2012-08-02,2026-08-25,3528.0,7.0,True,0.1,1.0,0.0,,9512123.045,,,,,,1.7,2.0,0.35,1.05,0.13,0.51,0.07,0.065,,,,,,,,,,,,
V-01341,NTH.V,Nord Precious Metals Mining Inc.,TSXV,Gold | Silver | Copper | Nickel,2007-10-02,ok,True,2007-10-02,2026-08-25,4742.0,11.0,True,0.0038,4.0,0.0,517.0,22020654.24,85.6392,81.4361,81.4361,47.2855,21.0158,13.1349,10.5079,20.1401,1.7513,0.1751,1.6637,0.7881,0.16,-0.0491,-0.0491,-0.4479,-0.7546,-0.8466,-0.8773,-0.7648,-0.9796,-0.998,-0.9806,-0.9908,-0.9981
V-00074,VKG.V,Norse Gold Corp.,TSXV,,,no listing date,,2004-07-26,2026-08-24,5548.0,,,,,,,5242207.3,,,,,,,,,,,,,0.06,,,,,,,,,,,,
V-01400,NVT.V,Nortec Minerals Corp.,TSXV,Gold | Copper | Zinc,,no listing date,,2001-07-12,2026-08-25,6308.0,,,,,,,3599899.25,,,,,,,,,,,,,0.04,,,,,,,,,,,,
V-02519,NAR.V,North Arrow Minerals Inc.,TSXV,Gold | Diamond | Lithium,2007-05-10,no price near listing,False,2007-10-25,2026-08-24,4725.0,8.0,True,0.01,2.0,0.0,,8278892.82,,,,,35.0,18.0,15.0,21.0,8.0,7.0,2.4,1.2,0.25,,,,,,,,,,,,
V-03920,NPR.V,North Peak Resources Ltd.,TSXV,Gold,2020-06-30,ok,True,2016-03-01,2026-08-25,2632.0,8.0,True,0.5,1.0,0.0,84320.0,41419345.7,0.888,0.85,0.7,0.5,0.54,0.65,0.75,1.71,0.73,,,,0.76,-0.0428,-0.2117,-0.4369,-0.3919,-0.268,-0.1554,0.9257,-0.1779,,,,-0.1441
V-04855,NSU.V,North Shore Uranium Ltd.,TSXV,Uranium,2023-11-02,ok,True,2023-11-02,2026-08-25,706.0,6.0,False,1.0,0.0,0.0,20100.0,18670833.3,0.18,0.16,0.16,0.15,0.12,0.05,0.265,,,,,,0.2,-0.1111,-0.1111,-0.1667,-0.3333,-0.7222,0.4722,,,,,,0.1111
V-03762,NGC.V,Northern Graphite Corporation,TSXV,Copper | Nickel,2011-04-20,no price near listing,False,2011-12-15,2026-08-25,3686.0,7.0,False,1.0,0.0,0.0,,22411845.18,,,,,,2.43,0.85,0.78,0.51,0.33,0.39,0.165,0.105,,,,,,,,,,,,
V-01411,NL.V,Northern Lion Gold Corp.,TSXV,Gold,,no listing date,,1996-08-08,2026-08-24,7548.0,,,,,,,3743465.0,,,,,,,,,,,,,0.17,,,,,,,,,,,,
V-01413,NRN.V,Northern Shield Resources Inc.,TSXV,Gold | Silver | Copper,,no listing date,,2003-07-07,2026-08-24,5809.0,,,,,,,8439324.74,,,,,,,,,,,,,0.04,,,,,,,,,,,,
V-03877,NCX.V,NorthIsle Copper and Gold Inc.,TSXV,Gold | Copper,2011-10-24,no price near listing,False,2012-01-16,2026-08-25,3667.0,8.0,False,1.0,0.0,0.0,,943415007.72,,,,0.3,0.25,0.115,0.03,0.035,0.07,0.105,0.245,,4.44,,,,,,,,,,,,
V-05015,NMB.V,NorthMin Corporation,TSXV,Copper | Zinc,2026-06-23,ok,True,2026-06-24,2026-08-25,43.0,2.0,False,1.0,0.0,0.0,12559.0,10029150.0,0.204,0.19,0.17,,,,,,,,,,0.32,-0.0686,-0.1667,,,,,,,,,,0.5686
V-01768,NWST.V,Northwest Copper Corp.,TSXV,Copper,,no listing date,,1996-08-08,2026-08-25,7549.0,,,,,,,74187723.5,,,,,,,,,,,,,0.29,,,,,,,,,,,,
V-03694,NUG.V,Nulegacy Gold Corporation,TSXV,Gold,2010-12-09,no price near listing,False,2011-02-02,2026-08-24,3904.0,9.0,True,0.004,2.0,0.0,,969857.495,,,,70.0,65.0,50.0,37.5,27.5,25.0,42.5,45.0,0.38,0.3,,,,,,,,,,,,
V-04881,NMC.V,Nuvau Minerals Inc.,TSXV,Copper | Zinc,2024-12-17,ok,True,2024-12-17,2026-08-25,423.0,5.0,False,1.0,0.0,0.0,26001.0,55899631.36,0.71,0.65,0.63,0.51,0.39,0.81,,,,,,,0.5,-0.0845,-0.1127,-0.2817,-0.4507,0.1408,,,,,,,-0.2958
V-02790,NVX.V,NV Gold Corporation,TSXV,Gold,2009-11-26,no price near listing,False,2012-08-02,2026-08-25,3528.0,5.0,True,0.02,2.0,0.0,,7966678.59,,,,,,,,3.5,5.0,2.9,1.3,0.23,0.58,,,,,,,,,,,,
V-01479,FEO.V,Oceanic Iron Ore Corp.,TSXV,Iron,,no listing date,,1996-08-08,2026-08-25,7549.0,,,,,,,170362796.1,,,,,,,,,,,,,0.76,,,,,,,,,,,,
V-00142,OLV.V,Olivut Resources Ltd.,TSXV,Diamond,2007-01-10,ok,True,2007-01-10,2026-08-25,4926.0,11.0,False,1.0,0.0,0.0,7400.0,3296124.44,0.682,0.75,0.75,0.93,1.52,0.88,0.2,0.15,1.29,0.23,0.15,0.07,0.05,0.0997,0.0997,0.3636,1.2287,0.2903,-0.7067,-0.7801,0.8915,-0.6628,-0.7801,-0.8974,-0.9267
V-00422,OMG.V,OMAI Gold Mines Corp.,TSXV,Gold,2020-11-18,ok,True,2012-01-16,2026-08-25,3667.0,8.0,True,0.0667,1.0,0.0,487440.0,1492660692.38,0.244,0.245,0.21,0.18,0.175,0.115,0.055,0.04,1.21,,,,3.1,0.0041,-0.1393,-0.2623,-0.2828,-0.5287,-0.7746,-0.8361,3.959,,,,11.7049
V-03779,OMM.V,Omineca Mining and Metals Ltd.,TSXV,Gold,2011-05-24,no price near listing,False,2012-01-03,2026-08-25,3676.0,7.0,False,1.0,0.0,0.0,,16062650.82,,,,,,0.155,0.065,0.045,0.06,0.035,0.195,0.065,0.055,,,,,,,,,,,,
V-00970,OBUL.V,One Bullion Limited,TSXV,Gold,2025-12-22,ok,True,1996-05-08,2026-08-25,7611.0,4.0,True,0.08,2.0,0.0,7194.0,5425033.075,2.34,2.0,1.2,0.42,0.31,,,,,,,,0.485,-0.1453,-0.4872,-0.8205,-0.8675,,,,,,,,-0.7927
V-05012,ONAU.V,OnGold Resources Ltd.,TSXV,Gold,2024-05-08,ok,True,2024-05-08,2026-08-25,577.0,6.0,False,1.0,0.0,0.0,40870.0,43638412.49,0.866,0.8,0.75,0.55,0.52,0.56,0.72,,,,,,0.68,-0.0762,-0.1339,-0.3649,-0.3995,-0.3533,-0.1686,,,,,,-0.2148
V-00863,OGW.V,Ongwe Minerals Inc.,TSXV,Gold,2026-02-12,ok,True,1996-08-08,2026-08-25,7548.0,4.0,True,0.0625,1.0,0.0,339460.0,61029173.92,1.042,0.99,1.07,1.39,1.35,,,,,,,,1.4,-0.0499,0.0269,0.334,0.2956,,,,,,,,0.3436
V-04972,ONYX.V,Onyx Gold Corp.,TSXV,Gold,2023-07-24,ok,True,2023-07-24,2026-08-25,776.0,7.0,False,1.0,0.0,0.0,75080.0,129297941.76,0.558,0.54,0.73,0.48,0.17,0.23,2.26,1.42,,,,,1.65,-0.0323,0.3082,-0.1398,-0.6953,-0.5878,3.0502,1.5448,,,,,1.957
V-03031,OPW.V,Opawica Explorations Inc.,TSXV,Gold,2009-10-05,no price near listing,False,2010-04-20,2026-08-25,4101.0,7.0,True,0.0002,5.0,0.0,,3933876.7,,,,,,504.0,312.0,216.0,8.0,8.5,0.7,0.14,0.13,,,,,,,,,,,,
V-03731,OPHR.V,Ophir Metals Corp.,TSXV,Lithium,2011-09-14,no price near listing,False,2012-01-31,2026-08-25,3656.0,7.0,True,0.0833,2.0,0.0,,2497154.025,,,,,1.8,0.6,0.36,0.6,0.48,0.12,0.15,,0.04,,,,,,,,,,,,
V-04329,OPTG.V,Optegra Ventures Inc.,TSXV,Gold,2017-03-15,ok,True,2017-03-17,2026-08-24,2368.0,9.0,True,0.005,3.0,0.0,45.0,1037380.205,36.0,34.0,38.0,36.0,33.0,36.0,9.0,4.4,2.4,0.28,,,0.11,-0.0556,0.0556,0.0,-0.0833,0.0,-0.75,-0.8778,-0.9333,-0.9922,,,-0.9969
V-01389,OOR.V,Opus One Gold Corporation,TSXV,Gold | Lithium,,no listing date,,2008-01-18,2026-08-25,4668.0,,,,,,,15015000.0,,,,,,,,,,,,,0.045,,,,,,,,,,,,
V-05009,ORCL.V,Oracle Commodity Holding Corp.,TSXV,Silver | Nickel | Platinum/PGM | Lead | Zinc | Coal,2024-04-05,ok,True,2024-04-05,2026-08-25,600.0,6.0,False,1.0,0.0,0.0,149463.0,3117406.2,0.044,0.05,0.125,0.1,0.085,0.025,0.04,,,,,,0.03,0.1364,1.8409,1.2727,0.9318,-0.4318,-0.0909,,,,,,-0.3182
V-02767,ORS.V,Orestone Mining Corp.,TSXV,Gold | Silver | Copper | Molybdenum,2008-03-11,ok,True,2008-03-11,2026-08-24,4631.0,11.0,True,0.0042,3.0,0.0,82.0,9123437.855,79.2,74.4,72.0,72.0,72.0,12.0,16.8,1.0,0.35,0.05,0.09,0.03,0.09,-0.0606,-0.0909,-0.0909,-0.0909,-0.8485,-0.7879,-0.9874,-0.9956,-0.9994,-0.9989,-0.9996,-0.9989
V-01714,OTMC.V,Oreterra Metals Corp.,TSXV,Gold | Silver | Copper,,no listing date,,2007-06-04,2026-08-25,4825.0,,,,,,,24599669.32,,,,,,,,,,,,,0.6,,,,,,,,,,,,
V-01457,REX.V,Orex Minerals Inc.,TSXV,Gold,,no listing date,,2007-06-22,2026-08-25,4811.0,,,,,,,10941480.225,,,,,,,,,,,,,0.22,,,,,,,,,,,,
V-02769,OCO.V,Oroco Resource Corp.,TSXV,Copper,2008-03-18,ok,True,2008-03-18,2026-08-25,4627.0,11.0,False,1.0,0.0,0.0,112400.0,120603032.91,0.6,0.63,0.58,0.44,0.22,0.15,0.21,0.34,0.12,0.04,0.12,0.74,0.54,0.05,-0.0333,-0.2667,-0.6333,-0.75,-0.65,-0.4333,-0.8,-0.9333,-0.8,0.2333,-0.1
V-03712,OGN.V,Orogen Royalties Inc.,TSXV,Gold | Silver | Copper,2020-08-20,ok,True,2011-01-28,2026-08-25,3908.0,8.0,False,1.112,1.0,0.0,124477.0,219640639.5,0.4209,0.4137,0.3417,0.3237,0.2788,0.3058,0.3597,0.5306,1.72,,,,5.3,-0.0171,-0.1882,-0.2309,-0.3376,-0.2735,-0.1454,0.2606,3.0865,,,,11.5921
ORO0008,OMI.V,Orosur Mining Inc.,TSXV,Gold | Silver | Lithium,2021-11-01,ok,True,2013-03-20,2026-08-25,3371.0,7.0,False,1.0,0.0,0.0,26160.0,128321623.68,0.233,0.23,0.21,0.2,0.16,0.15,0.045,0.06,,,,,0.305,-0.0129,-0.0987,-0.1416,-0.3133,-0.3562,-0.8069,-0.7425,,,,,0.309
V-04413,OSM.V,Osiris One Metals Ltd.,TSXV,Lithium,2020-08-31,ok,True,2020-08-31,2026-08-24,1501.0,8.0,False,1.0,0.0,0.0,79760.0,3120559.11,0.34,0.32,0.3,0.29,0.58,0.43,0.26,0.18,0.04,,,,0.03,-0.0588,-0.1176,-0.1471,0.7059,0.2647,-0.2353,-0.4706,-0.8824,,,,-0.9118
V-02643,ODV.V,Osisko Development Corp.,TSXV,Gold | Silver | Copper | Lead | Zinc,2020-12-02,no price near listing,False,2026-07-17,2026-07-27,7.0,0.0,False,1.0,0.0,0.0,,1055053276.8,,,,,,,,,,,,,3.28,,,,,,,,,,,,
V-04499,PGLD.V,P2 Gold Inc.,TSXV,Gold | Copper,2018-10-16,ok,True,2018-10-16,2026-08-25,1973.0,9.0,True,0.1667,1.0,0.0,16733.0,200612576.88,0.828,0.84,0.6,0.6,0.48,0.24,0.44,0.38,0.09,0.44,,,1.17,0.0145,-0.2754,-0.2754,-0.4203,-0.7101,-0.4686,-0.5411,-0.8913,-0.4686,,,0.413
V-00463,PBM.V,Pacific Bay Minerals Ltd.,TSXV,Silver | Copper | Lead | Zinc | Rare Earths,,no listing date,,2003-12-04,2026-08-24,5704.0,,,,,,,1641041.325,,,,,,,,,,,,,0.05,,,,,,,,,,,,
V-01475,BKM.V,Pacific Booker Minerals Inc.,TSXV,Gold | Copper | Molybdenum,,no listing date,,1996-08-08,2026-08-25,7549.0,,,,,,,37376032.42,,,,,,,,,,,,,2.7,,,,,,,,,,,,
V-04420,PEMC.V,Pacific Empire Minerals Corp.,TSXV,Copper,2018-03-20,ok,True,2018-03-22,2026-08-25,2115.0,9.0,False,1.0,0.0,0.0,94453.0,13256859.75,0.142,0.13,0.175,0.14,0.1,0.07,0.04,0.06,0.015,0.04,,,0.075,-0.0845,0.2324,-0.0141,-0.2958,-0.507,-0.7183,-0.5775,-0.8944,-0.7183,,,-0.4718
V-01480,PPM.V,Pacific Imperial Mines Inc.,TSXV,Lithium,2005-12-15,no price near listing,False,2013-02-28,2026-08-24,3384.0,2.0,False,1.0,0.0,0.0,,1241405.61,,,,,,,,,,,0.01,0.03,0.015,,,,,,,,,,,,
V-01483,PEX.V,Pacific Ridge Exploration Ltd.,TSXV,Gold | Copper,,no listing date,,1996-08-08,2026-08-25,7549.0,,,,,,,11311785.0,,,,,,,,,,,,,0.225,,,,,,,,,,,,
V-04270,PA.V,Palamina Corp.,TSXV,Gold,2015-11-13,ok,True,2015-11-13,2026-08-24,2704.0,10.0,False,1.0,0.0,0.0,104004.0,11654354.5,0.09,0.06,0.09,0.075,0.1,0.16,0.17,0.37,0.22,0.105,0.14,,0.145,-0.3333,0.0,-0.1667,0.1111,0.7778,0.8889,3.1111,1.4444,0.1667,0.5556,,0.6111
V-02429,PNN.V,Pambili Natural Resources Corporation,TSXV,Gold,2007-01-05,ok,True,2007-01-08,2026-08-24,4927.0,11.0,True,0.1,1.0,0.0,450.0,3340164.355,3.98,3.9,3.0,3.0,2.5,1.7,0.2,0.2,0.25,0.05,0.45,0.2,0.055,-0.0201,-0.2462,-0.2462,-0.3719,-0.5729,-0.9497,-0.9497,-0.9372,-0.9874,-0.8869,-0.9497,-0.9862
V-02401,PGZ.V,Pan Global Resources Inc.,TSXV,Copper,2009-06-09,no price near listing,False,2012-01-03,2026-08-25,3676.0,5.0,False,1.0,0.0,0.0,,65569708.08,,,,,,,,0.35,0.16,0.02,0.13,0.17,0.185,,,,,,,,,,,,
V-01502,PML.V,Panoro Minerals Ltd.,TSXV,Copper,,no listing date,,2007-10-25,2026-08-25,4726.0,,,,,,,474336664.34,,,,,,,,,,,,,1.96,,,,,,,,,,,,
V-00172,PNTR.V,Pantera Silver Corp.,TSXV,Gold | Silver,,no listing date,,1996-08-08,2026-08-25,7547.0,,,,,,,31008685.46,,,,,,,,,,,,,0.55,,,,,,,,,,,,
V-03803,PDQ.V,Paradigm Gold Corporation,TSXV,Gold | Copper | Nickel,2011-06-28,ok,True,2011-06-28,2026-08-24,3803.0,11.0,True,0.01,2.0,0.0,33.0,1494431.155,50.0,50.0,35.0,30.0,20.0,15.0,4.0,5.0,4.0,3.0,0.45,0.095,0.08,0.0,-0.3,-0.4,-0.6,-0.7,-0.92,-0.9,-0.92,-0.94,-0.991,-0.9981,-0.9984
V-02889,PGDC.V,Patagonia Gold Corp.,TSXV,Gold | Silver,2019-07-24,ok,True,2010-01-04,2026-08-25,4177.0,9.0,False,1.0,0.0,0.0,4500.0,244270772.72,0.128,0.12,0.05,0.05,0.07,0.12,0.08,0.03,0.02,0.52,,,0.55,-0.0625,-0.6094,-0.6094,-0.4531,-0.0625,-0.375,-0.7656,-0.8438,3.0625,,,3.2969
V-04097,PAT.V,Patterson Metals Corp.,TSXV,,2014-09-19,no price near listing,False,2014-10-27,2026-08-24,2968.0,9.0,True,0.0043,4.0,0.0,,2417648.2,,,11.6667,12.6667,16.6667,17.3333,13.3333,6.6667,0.5667,9.3,0.7,,2.5,,,,,,,,,,,,
V-5072,PCU.V,Pecoy Copper Corp.,TSXV,Copper,2025-09-08,no price near listing,False,2025-09-22,2026-08-25,233.0,4.0,False,1.0,0.0,0.0,,387554378.05,,0.8,0.87,1.02,2.04,,,,,,,,1.6,,,,,,,,,,,,
V-02903,PX.V,Pelangio Exploration Inc.,TSXV,Gold,2008-09-10,ok,True,2008-09-10,2026-08-25,4506.0,11.0,True,0.1,1.0,0.0,65930.0,38984521.975,1.12,1.0,0.6,0.3,1.0,3.6,4.6,5.8,1.0,0.2,0.13,0.04,0.18,-0.1071,-0.4643,-0.7321,-0.1071,2.2143,3.1071,4.1786,-0.1071,-0.8214,-0.8839,-0.9643,-0.8393
V-5076,PMI.V,Perseverance Metals Inc.,TSXV,Copper | Nickel | Platinum/PGM | Lithium,2025-10-14,no price near listing,False,2025-12-23,2026-08-25,168.0,2.0,False,1.0,0.0,0.0,,19304855.0,,,,0.71,0.79,,,,,,,,0.395,,,,,,,,,,,,
V-00581,PER.V,Peruvian Metals Corp.,TSXV,Gold | Silver | Copper,,no listing date,,2007-10-25,2026-08-25,4726.0,,,,,,,24409514.25,,,,,,,,,,,,,0.16,,,,,,,,,,,,
V-02518,PHNM.V,Phenom Resources Corp.,TSXV,Gold,2007-05-14,ok,True,2007-05-14,2026-08-25,4839.0,11.0,True,0.5,1.0,0.0,4800.0,49827418.92,0.732,0.74,0.68,0.54,0.34,0.5,0.48,0.34,0.06,0.08,0.1,0.43,0.43,0.0109,-0.071,-0.2623,-0.5355,-0.3169,-0.3443,-0.5355,-0.918,-0.8907,-0.8634,-0.4126,-0.4126
V-02785,PINN.V,Pinnacle Silver and Gold Corp.,TSXV,Gold,2008-04-02,no price near listing,False,2012-01-03,2026-08-25,3676.0,4.0,False,1.0,0.0,0.0,,16129537.38,,,,,,,,,2.58,0.42,1.71,0.09,0.105,,,,,,,,,,,,
V-02430,YARR.V,Pirate Gold Corp.,TSXV,Gold,2008-09-10,ok,True,2008-09-10,2026-08-25,4506.0,11.0,True,0.1142,2.0,0.0,388.0,125756191.912,2.4168,1.4011,1.6637,0.7881,0.7005,1.2259,0.7881,1.0508,0.0876,0.0088,0.1489,0.0876,0.2125,-0.4203,-0.3116,-0.6739,-0.7102,-0.4928,-0.6739,-0.5652,-0.9638,-0.9964,-0.9384,-0.9638,-0.9121
V-03862,PJX.V,PJX Resources Inc.,TSXV,Copper | Lead | Zinc,2011-09-14,no price near listing,False,2012-01-03,2026-08-24,3675.0,7.0,False,1.0,0.0,0.0,,36449115.69,,,,,0.175,0.16,0.145,0.125,0.14,0.18,0.175,,0.21,,,,,,,,,,,,
V-01567,PGC.V,Plato Gold Corp.,TSXV,,2005-06-01,no price near listing,False,2007-10-25,2026-08-24,4725.0,5.0,False,1.0,0.0,0.0,,6919971.51,,,,,,,,0.07,0.04,0.02,0.01,0.04,0.03,,,,,,,,,,,,
V-01568,PLY.V,Playfair Mining Ltd.,TSXV,Gold | Copper,,no listing date,,1996-08-08,2026-08-25,7549.0,,,,,,,5310203.7,,,,,,,,,,,,,0.08,,,,,,,,,,,,
V-03154,PGP.V,Power Group Projects Corp.,TSXV,Silver | Platinum/PGM,2011-12-05,ok,True,2010-07-30,2026-08-24,4031.0,10.0,True,0.0025,3.0,0.0,25.0,254340.855,65.6,48.0,32.0,82.0,42.0,18.0,12.0,6.0,6.0,1.5,0.3,,0.02,-0.2683,-0.5122,0.25,-0.3598,-0.7256,-0.8171,-0.9085,-0.9085,-0.9771,-0.9954,,-0.9997
V-01012,PNPN.V,Power Metallic Mines Inc.,TSXV,Gold | Copper | Nickel,,no listing date,,1996-08-08,2026-08-25,7549.0,,,,,,,293550062.08,,,,,,,,,,,,,1.34,,,,,,,,,,,,
V-02549,PWM.V,Power Metals Corp.,TSXV,Lithium,2007-07-05,no price near listing,False,2007-10-25,2026-08-25,4726.0,8.0,True,0.1667,1.0,0.0,,120413300.7,,,,,1.8,2.58,0.9,4.2,0.78,0.3,0.28,0.19,0.58,,,,,,,,,,,,
V-04998,PWRO.V,Power One Resources Corp.,TSXV,Copper | Nickel | Platinum/PGM | Rare Earths,2024-01-18,ok,True,2024-01-18,2026-08-25,654.0,6.0,False,1.0,0.0,0.0,93340.0,996557.76,0.087,0.09,0.065,0.065,0.055,0.02,0.05,,,,,,0.035,0.0345,-0.2529,-0.2529,-0.3678,-0.7701,-0.4253,,,,,,-0.5977
V-01783,PPX.V,PPX Mining Corp.,TSXV,Gold | Silver,2005-07-15,ok,True,2005-07-15,2026-08-25,5299.0,11.0,False,1.0,0.0,0.0,249620.0,152146744.925,0.716,0.75,0.67,0.62,1.16,0.68,0.88,0.56,0.2,0.3,0.07,0.06,0.27,0.0475,-0.0642,-0.1341,0.6201,-0.0503,0.2291,-0.2179,-0.7207,-0.581,-0.9022,-0.9162,-0.6229
V-04011,PRG.V,Precipitate Gold Corp.,TSXV,Gold | Copper,2012-05-29,ok,True,2012-05-30,2026-08-25,3573.0,10.0,False,1.0,0.0,0.0,31640.0,59037876.44,0.428,0.38,0.28,0.45,0.24,0.15,0.21,0.14,0.17,0.1,0.09,,0.165,-0.1121,-0.3458,0.0514,-0.4393,-0.6495,-0.5093,-0.6729,-0.6028,-0.7664,-0.7897,,-0.6145
V-04993,PUR.V,Premier American Uranium Inc.,TSXV,Uranium,2023-12-01,ok,True,2023-12-01,2026-08-25,685.0,6.0,False,1.0,0.0,0.0,10954.0,45429748.6,1.632,1.38,1.55,2.19,2.25,1.61,0.8,,,,,,0.61,-0.1544,-0.0502,0.3419,0.3787,-0.0135,-0.5098,,,,,,-0.6262
V-04776,HDRO.V,Primary Hydrogen Corp.,TSXV,,2021-08-27,ok,True,2021-08-27,2026-08-25,1253.0,7.0,True,0.1,1.0,0.0,180.0,4944141.0,4.8,6.0,4.0,5.5,5.0,2.0,0.7,3.5,,,,,2.0,0.25,-0.1667,0.1458,0.0417,-0.5833,-0.8542,-0.2708,,,,,-0.5833
V-01600,PMX.V,ProAm Explorations Corporation,TSXV,,,no listing date,,1996-08-08,2026-08-24,7548.0,,,,,,,3298100.96,,,,,,,,,,,,,0.11,,,,,,,,,,,,
V-02692,PPP.V,Prospector Metals Corp.,TSXV,Gold,2009-07-20,no price near listing,False,2010-10-01,2026-08-25,3989.0,6.0,True,0.1111,2.0,0.0,,191841738.0,,,,,,,11.07,5.13,1.62,3.15,2.34,0.14,0.97,,,,,,,,,,,,
V-02762,PGX.V,Prosper Gold Corp.,TSXV,Gold | Copper,2013-09-03,ok,True,2012-04-27,2026-08-25,3595.0,10.0,True,0.1,1.0,0.0,13750.0,2170258.475,5.86,6.2,4.8,2.7,5.3,2.9,0.9,3.5,0.8,0.7,0.14,,0.03,0.058,-0.1809,-0.5392,-0.0956,-0.5051,-0.8464,-0.4027,-0.8635,-0.8805,-0.9761,,-0.9949
V-04087,PHD.V,Providence Gold Mines Inc.,TSXV,Gold,2012-12-11,no price near listing,False,2013-03-20,2026-08-24,3369.0,8.0,True,0.5,1.0,0.0,,3542536.6,,,,0.5,0.2,0.14,0.78,0.02,0.145,0.12,0.035,,0.05,,,,,,,,,,,,
V-01565,PTX.V,PTX Metals Inc.,TSXV,Gold | Silver | Copper | Nickel | Platinum/PGM,2025-03-11,ok,True,2005-11-29,2026-08-25,5205.0,5.0,False,1.0,0.0,0.0,164317.0,18284745.15,0.12,0.16,0.095,0.105,0.11,0.15,,,,,,,0.09,0.3333,-0.2083,-0.125,-0.0833,0.25,,,,,,,-0.25
V-01611,PUMA.V,Puma Exploration Inc.,TSXV,Gold,,no listing date,,2007-10-25,2026-08-25,4726.0,,,,,,,25251878.625,,,,,,,,,,,,,0.115,,,,,,,,,,,,
V-00180,PE.V,Pure Energy Minerals Limited,TSXV,Lithium,2009-08-17,ok,True,2008-07-24,2026-08-25,4538.0,11.0,True,0.0417,2.0,0.0,516.0,9511035.24,8.832,10.32,9.6,10.8,13.2,4.8,2.88,1.2,0.96,5.28,0.42,0.3,0.26,0.1685,0.087,0.2228,0.4946,-0.4565,-0.6739,-0.8641,-0.8913,-0.4022,-0.9524,-0.966,-0.9706
V-01613,PTU.V,Purepoint Uranium Group Inc.,TSXV,Uranium,2005-06-03,ok,True,2005-06-03,2026-08-25,5328.0,11.0,True,0.1,1.0,0.0,3064.0,26194115.97,2.72,3.0,2.9,4.0,5.9,4.7,8.9,3.0,0.9,0.9,0.5,0.4,0.385,0.1029,0.0662,0.4706,1.1691,0.7279,2.2721,0.1029,-0.6691,-0.6691,-0.8162,-0.8529,-0.8585
V-04887,PWH.V,Purewave Hydrogen Corp.,TSXV,,2022-05-09,ok,True,2022-05-12,2026-08-24,1075.0,7.0,False,1.0,0.0,0.0,11349.0,356730.0,0.201,0.2,0.195,0.17,0.14,0.17,0.09,0.1,,,,,0.025,-0.005,-0.0299,-0.1542,-0.3035,-0.1542,-0.5522,-0.5025,,,,,-0.8756
V-03655,QTWO.V,Q2 Metals Corp.,TSXV,Lithium,2012-01-25,ok,True,2012-01-03,2026-08-25,3676.0,10.0,True,0.0286,2.0,0.0,17.0,611456539.7,7.91,8.75,5.6,2.8,1.4,1.4,0.7,1.05,0.7,0.25,0.31,,2.82,0.1062,-0.292,-0.646,-0.823,-0.823,-0.9115,-0.8673,-0.9115,-0.9684,-0.9608,,-0.6435
V-02845,QCX.V,QCX Gold Corp.,TSXV,Gold,2011-01-04,no price near listing,False,2011-01-25,2026-08-24,3910.0,10.0,True,0.01,2.0,0.0,,4749533.25,,,60.0,49.0,22.0,12.0,8.0,3.0,5.0,2.0,1.6,0.25,0.28,,,,,,,,,,,,
V-01616,QGR.V,Q-Gold Resources Ltd.,TSXV,Gold | Silver,1998-03-25,no price near listing,False,2007-10-25,2026-08-25,4726.0,2.0,True,0.0005,4.0,0.0,,39408869.95,,,,,,,,,,,153.6,0.48,0.23,,,,,,,,,,,,
V-03734,QMC.V,QMC Quantum Minerals Corp.,TSXV,Gold | Copper | Zinc | Lithium,2011-02-28,no price near listing,False,2012-01-03,2026-08-24,3675.0,7.0,False,1.0,0.0,0.0,,3642828.84,,,,,,0.19,0.17,0.08,0.015,0.72,0.39,0.06,0.035,,,,,,,,,,,,
V-02006,QRO.V,Quadro Resources Ltd.,TSXV,Gold,,no listing date,,1996-08-08,2026-08-24,7625.0,,,,,,,1607663.79,,,,,,,,,,,,,0.045,,,,,,,,,,,,
V-02991,LEAP.V,Quantum Critical Metals Corp.,TSXV,Gold | Lithium,2009-07-02,no price near listing,False,2012-09-06,2026-08-25,3505.0,4.0,True,0.05,1.0,0.0,,5395404.375,,,,,,,,,0.115,0.105,0.07,0.03,0.065,,,,,,,,,,,,
V-01620,QZM.V,Quartz Mountain Resources Ltd.,TSXV,Gold | Silver | Copper,2005-02-17,ok,True,2004-05-07,2026-08-25,5598.0,11.0,True,0.3,2.0,0.0,804.0,41010135.65,1.0067,1.1,1.1667,0.8667,1.0,1.3,1.8333,1.7333,0.7667,1.4333,0.1,0.0567,0.44,0.0927,0.1589,-0.1391,-0.0067,0.2913,0.8211,0.7218,-0.2384,0.4238,-0.9007,-0.9437,-0.5629
V-04915,QURI.V,Quri-Mayu Developments Ltd.,TSXV,Copper,2022-08-15,ok,True,2022-08-18,2026-08-25,1009.0,7.0,False,1.0,0.0,0.0,87048.0,2535061.95,0.137,0.16,0.13,0.075,0.075,0.05,0.015,0.045,,,,,0.05,0.1679,-0.0511,-0.4526,-0.4526,-0.635,-0.8905,-0.6715,,,,,-0.635
V-03922,RAK.V,Rackla Metals Inc.,TSXV,Gold,2011-12-09,no price near listing,False,2012-01-03,2026-08-25,3676.0,9.0,True,0.2,1.0,0.0,,26455242.315,,,1.05,1.125,0.675,0.3,0.05,0.05,0.14,0.11,0.405,,0.29,,,,,,,,,,,,
V-01644,RDS.V,Radisson Mining Resources Inc.,TSXV,Gold,,no listing date,,1996-08-06,2026-08-25,7554.0,,,,,,,334967579.34,,,,,,,,,,,,,1.29,,,,,,,,,,,,
V-01645,RDU.V,Radius Gold Inc.,TSXV,Gold | Silver,,no listing date,,1998-10-14,2026-08-25,7000.0,,,,,,,15041552.63,,,,,,,,,,,,,0.155,,,,,,,,,,,,
V-00609,RMO.V,Rainy Mountain Royalty Corp.,TSXV,,,no listing date,,1996-08-08,2026-08-24,7548.0,,,,,,,2362516.02,,,,,,,,,,,,,0.08,,,,,,,,,,,,
V-04710,RAMP.V,Ramp Metals Inc.,TSXV,Gold,2024-03-22,ok,True,2024-03-22,2026-08-25,609.0,6.0,False,1.0,0.0,0.0,106591.0,12363112.35,0.185,0.19,0.175,0.7,0.58,1.18,0.355,,,,,,0.325,0.027,-0.0541,2.7838,2.1351,5.3784,0.9189,,,,,,0.7568
V-00429,RNCH.V,Ranchero Gold Corp.,TSXV,Gold,2021-10-20,ok,True,2021-10-20,2026-08-24,1216.0,7.0,False,1.0,0.0,0.0,39142.0,2825159.52,0.49,0.46,0.3,0.26,0.26,0.05,0.06,0.07,,,,,0.035,-0.0612,-0.3878,-0.4694,-0.4694,-0.898,-0.8776,-0.8571,,,,,-0.9286
V-03152,RTH.V,Rathdowney Resources Ltd.,TSXV,Zinc,2011-03-17,ok,True,2010-08-17,2026-08-24,4020.0,11.0,True,0.2,1.0,0.0,60240.0,6912823.5,1.148,1.1,1.04,0.91,0.91,0.32,0.5,0.25,0.19,0.17,0.04,0.02,0.04,-0.0418,-0.0941,-0.2073,-0.2073,-0.7213,-0.5645,-0.7822,-0.8345,-0.8519,-0.9652,-0.9826,-0.9652
V-03938,REC.V,Record Resources Inc.,TSXV,,2014-01-29,ok,True,2012-02-22,2026-08-24,3640.0,10.0,False,1.0,0.0,0.0,0.0,10702756.26,0.17,0.17,0.25,0.2,0.19,0.07,0.03,0.04,0.04,0.04,0.03,,0.06,0.0,0.4706,0.1765,0.1176,-0.5882,-0.8235,-0.7647,-0.7647,-0.7647,-0.8235,,-0.6471
V-04496,REE.V,ReeXploration Inc.,TSXV,Rare Earths,2021-10-21,ok,True,2018-10-03,2026-08-25,1981.0,7.0,False,2.0,1.0,0.0,80817.0,5409164.28,0.499,0.5,0.44,0.26,0.2,0.13,0.05,0.055,,,,,0.03,0.002,-0.1182,-0.479,-0.5992,-0.7395,-0.8998,-0.8898,,,,,-0.9399
V-04876,RSMX.V,Regency Silver Corp.,TSXV,Gold | Silver,2022-04-26,ok,True,2022-04-29,2026-08-25,1085.0,7.0,True,0.5,1.0,0.0,158830.0,13112479.405,0.306,0.34,0.18,0.16,0.37,0.58,0.39,0.13,,,,,0.12,0.1111,-0.4118,-0.4771,0.2092,0.8954,0.2745,-0.5752,,,,,-0.6078
V-03699,REG.V,Regulus Resources Inc.,TSXV,Gold | Copper,2010-12-20,ok,True,2006-12-21,2026-08-25,4937.0,11.0,True,0.0313,2.0,0.0,2397.0,519754925.52,11.6809,10.8511,11.8085,7.9787,4.1489,3.8298,1.2766,0.4787,0.24,1.81,1.05,3.75,5.05,-0.071,0.0109,-0.3169,-0.6448,-0.6721,-0.8907,-0.959,-0.9795,-0.845,-0.9101,-0.679,-0.5677
V-04979,RGC.V,Relevant Gold Corp.,TSXV,Gold,2023-08-09,ok,True,2022-08-15,2026-08-25,1012.0,7.0,False,1.0,0.0,0.0,1800.0,51481537.45,0.19,0.195,0.17,0.17,0.17,0.3,0.35,0.35,,,,,0.345,0.0263,-0.1053,-0.1053,-0.1053,0.5789,0.8421,0.8421,,,,,0.8158
V-02850,RAGE.V,Renegade Gold Inc.,TSXV,Gold,2008-07-15,ok,True,2008-07-16,2026-08-25,4544.0,11.0,True,0.0017,4.0,0.0,49.0,15130903.68,145.2,120.0,102.0,36.0,42.0,84.0,48.0,510.0,174.0,30.0,21.0,2.4,0.42,-0.1736,-0.2975,-0.7521,-0.7107,-0.4215,-0.6694,2.5124,0.1983,-0.7934,-0.8554,-0.9835,-0.9971
V-02216,RSM.V,Resouro Strategic Metals Inc.,TSXV,Rare Earths,2022-05-18,ok,True,2008-09-10,2026-08-24,4500.0,7.0,True,0.5,1.0,0.0,260.0,31320000.0,0.36,0.6,0.6,0.36,0.16,0.15,0.45,0.19,,,,,0.29,0.6667,0.6667,0.0,-0.5556,-0.5833,0.25,-0.4722,,,,,-0.1944
V-03026,REVX.V,Rev Exploration Corp.,TSXV,Gold | Copper | Nickel | Platinum/PGM | Rare Earths,2009-10-19,ok,True,1998-01-22,2026-08-25,7183.0,11.0,True,0.01,2.0,0.0,617.0,85299157.18,7.4,7.0,8.0,12.0,8.0,8.0,8.0,2.0,1.0,3.0,3.0,0.28,1.75,-0.0541,0.0811,0.6216,0.0811,0.0811,0.0811,-0.7297,-0.8649,-0.5946,-0.5946,-0.9622,-0.7635
V-02996,RVG.V,Revival Gold Inc.,TSXV,Gold,2011-04-26,no price near listing,False,2018-07-10,2026-08-25,2040.0,2.0,False,1.0,0.0,0.0,,207558064.35,,,,,,,,,,,0.65,0.85,0.955,,,,,,,,,,,,
V-04752,OWN.V,Rex Resources Corp.,TSXV,Gold | Silver | Copper,2021-06-02,ok,True,2021-06-04,2026-08-24,1310.0,8.0,True,0.3333,1.0,0.0,8211.0,1817309.5,0.582,0.6,0.48,0.405,0.6,0.3,0.3,0.18,0.075,,,,0.075,0.0309,-0.1753,-0.3041,0.0309,-0.4845,-0.4845,-0.6907,-0.8711,,,,-0.8711
V-02383,RYE.V,Rhyolite Resources Ltd.,TSXV,,2006-10-03,no price near listing,False,2026-07-03,2026-07-03,1.0,0.0,False,1.0,0.0,0.0,,9646672.77,,,,,,,,,,,,,0.08,,,,,,,,,,,,
V-01687,RMD.V,Richmond Minerals Inc.,TSXV,,,no listing date,,2003-12-08,2026-08-25,5703.0,,,,,,,4526673.375,,,,,,,,,,,,,0.105,,,,,,,,,,,,
V-04657,RDG.V,Ridgeline Minerals Corp.,TSXV,Gold | Copper,2020-08-13,ok,True,2020-08-17,2026-08-25,1512.0,8.0,False,1.0,0.0,0.0,557948.0,25235746.725,0.612,0.58,0.6,0.38,0.465,0.5,0.24,0.19,0.17,,,,0.24,-0.0523,-0.0196,-0.3791,-0.2402,-0.183,-0.6078,-0.6895,-0.7222,,,,-0.6078
V-04412,RMI.V,Ridgestone Mining Inc.,TSXV,Gold | Copper,2018-02-16,no price near listing,False,2018-03-22,2026-08-24,2113.0,8.0,True,0.05,1.0,0.0,,2448197.76,,,9.6,4.6,5.4,3.6,4.3,2.6,0.195,0.07,,,0.115,,,,,,,,,,,,
V-04236,RLYG.V,Riley Gold Corp.,TSXV,,2017-03-29,ok,True,2015-03-03,2026-08-25,2882.0,9.0,False,1.0,0.0,0.0,11300.0,22231427.855,0.15,0.15,0.2,0.14,0.11,0.105,0.185,0.11,0.23,0.19,,,0.85,0.0,0.3333,-0.0667,-0.2667,-0.3,0.2333,-0.2667,0.5333,0.2667,,,4.6667
V-00649,RYO.V,Rio Silver Inc.,TSXV,Gold | Silver,2001-10-11,no price near listing,False,2007-03-07,2026-08-25,4886.0,3.0,True,0.04,2.0,0.0,,15281946.255,,,,,,,,,,3.0,2.5,0.7,0.37,,,,,,,,,,,,
V-5073,RRRL.V,River Road Resources Ltd.,TSXV,,2025-09-17,no price near listing,False,2025-10-17,2026-08-24,214.0,3.0,False,1.0,0.0,0.0,,1607666.76,,,0.23,0.5,0.18,,,,,,,,0.15,,,,,,,,,,,,
V-02572,RRI.V,Riverside Resources Inc.,TSXV,Gold | Silver | Rare Earths,2007-08-27,ok,True,2007-08-27,2026-08-25,4767.0,11.0,False,1.0,0.0,0.0,38340.0,23360866.0,0.82,0.79,0.81,0.95,1.11,0.78,0.41,0.74,0.76,0.47,0.37,0.13,0.41,-0.0366,-0.0122,0.1585,0.3537,-0.0488,-0.5,-0.0976,-0.0732,-0.4268,-0.5488,-0.8415,-0.5
V-01633,RJX.V,RJK Explorations Ltd.,TSXV,Diamond,,no data,,,,,,,,,,,3622184.37,,,,,,,,,,,,,,,,,,,,,,,,,
V-01703,RCT.V,Rochester Resources Ltd.,TSXV,Gold | Diamond | Iron,,no listing date,,1998-06-03,2026-08-24,7090.0,,,,,,,9080883.75,,,,,,,,,,,,,0.19,,,,,,,,,,,,
V-00857,RCK.V,Rock Tech Lithium Inc.,TSXV,Lithium,,no listing date,,2007-10-25,2026-08-25,4726.0,,,,,,,97199987.85,,,,,,,,,,,,,0.72,,,,,,,,,,,,
V-02809,RK.V,Rockhaven Resources Ltd.,TSXV,Gold | Silver,2008-04-29,no price near listing,False,2009-01-29,2026-08-25,4409.0,7.0,False,1.0,0.0,0.0,,57096611.715,,,,,,0.08,0.26,1.57,0.16,0.2,0.14,0.07,0.175,,,,,,,,,,,,
V-03898,RKR.V,Rokmaster Resources Corp.,TSXV,Gold | Zinc,2011-11-21,no price near listing,False,2012-07-04,2026-08-25,3549.0,6.0,True,0.2,1.0,0.0,,8947821.51,,,,,,0.975,0.6,0.125,0.2,0.075,0.42,,0.035,,,,,,,,,,,,
V-00287,RME.V,Roland Minerals Enterprises Corp.,TSXV,Gold | Platinum/PGM | Lithium,,no listing date,,2000-02-16,2026-08-24,6661.0,,,,,,,40625111.31,,,,,,,,,,,,,0.24,,,,,,,,,,,,
V-01715,ROS.V,Roscan Gold Corporation,TSXV,Gold,,no listing date,,2004-11-17,2026-08-25,5465.0,,,,,,,72354926.325,,,,,,,,,,,,,0.195,,,,,,,,,,,,
V-04408,RTE.V,Route 109 Resources Inc.,TSXV,Gold | Copper,2018-02-22,no price near listing,False,2018-08-17,2026-08-24,2012.0,6.0,True,0.1,1.0,0.0,,1256991.675,,,,,2.0,2.15,1.5,4.0,0.55,0.11,,,0.095,,,,,,,,,,,,
V-03748,RYR.V,Royal Road Minerals Limited,TSXV,Gold | Copper,2015-04-20,ok,True,2015-04-20,2026-08-25,2849.0,10.0,True,0.5,1.0,0.0,1500.0,67785214.52,0.35,0.2,0.16,0.15,0.07,0.055,0.09,0.12,0.215,0.28,0.11,,0.215,-0.4286,-0.5429,-0.5714,-0.8,-0.8429,-0.7429,-0.6571,-0.3857,-0.2,-0.6857,,-0.3857
V-02089,RPX.V,RPX Gold Inc.,TSXV,Gold,2001-01-15,ok,True,1996-08-06,2026-08-25,7554.0,11.0,True,0.02,2.0,0.0,62.0,64668553.625,5.0,4.5,3.5,4.0,4.0,4.0,7.0,8.0,5.0,5.5,4.5,0.4,0.16,-0.1,-0.3,-0.2,-0.2,-0.2,0.4,0.6,0.0,0.1,-0.1,-0.92,-0.968
V-03846,RTM.V,RT Minerals Corp.,TSXV,Gold | Copper | Nickel | Platinum/PGM | Rare Earths | Lithium,2011-08-05,ok,True,2010-03-02,2026-08-25,4137.0,11.0,True,0.0,5.0,0.0,0.0,286579.375,2040.0082,2040.0082,2040.0082,1560.0062,1080.0043,360.0014,60.0002,65.0,17.5,0.75,0.65,0.025,0.035,0.0,0.0,-0.2353,-0.4706,-0.8235,-0.9706,-0.9681,-0.9914,-0.9996,-0.9997,-1.0,-1.0
V-01378,RML.V,Rusoro Mining Ltd.,TSXV,,2006-11-09,ok,True,2006-11-09,2026-08-25,4967.0,11.0,False,1.0,0.0,0.0,53160.0,723927842.22,3.526,3.5,4.04,3.9,3.05,2.14,0.54,0.6,0.11,0.03,0.25,0.06,1.14,-0.0074,0.1458,0.1061,-0.135,-0.3931,-0.8469,-0.8298,-0.9688,-0.9915,-0.9291,-0.983,-0.6767
V-01735,SAE.V,Sable Resources Ltd.,TSXV,Gold | Copper | Molybdenum,,no listing date,,1996-08-08,2026-08-25,7626.0,,,,,,,20786885.015,,,,,,,,,,,,,0.49,,,,,,,,,,,,
V-01497,SF.V,Safi Silver Corp.,TSXV,Silver | Copper,,no listing date,,2012-01-16,2026-08-25,3667.0,,,,,,,19850069.16,,,,,,,,,,,,,0.34,,,,,,,,,,,,
V-05029,SAGA.V,Saga Metals Corp.,TSXV,Iron | Lithium | Uranium,2024-09-23,ok,True,2024-09-24,2026-08-25,482.0,5.0,False,1.0,0.0,0.0,54368.0,48488738.0,0.375,0.3,0.51,0.35,0.25,0.31,,,,,,,0.4925,-0.2,0.36,-0.0667,-0.3333,-0.1733,,,,,,,0.3133
V-04951,SAGE.V,Sage Potash Corp.,TSXV,Potash,2023-03-20,no price near listing,False,2023-12-12,2026-08-25,678.0,3.0,False,1.0,0.0,0.0,,24829601.785,,,,,,0.07,0.33,0.18,,,,,0.15,,,,,,,,,,,,
V-04394,FISH.V,Sailfish Royalty Corp.,TSXV,Gold | Silver,2017-12-22,no price near listing,False,2018-01-04,2026-08-25,2168.0,9.0,False,1.0,0.0,0.208,,383332196.16,,1.0114,1.93,1.6687,1.1462,0.7669,0.7585,0.9692,0.9787,1.3194,,,5.5,,,,,,,,,,,,
V-01097,SRL.V,Salazar Resources Limited,TSXV,Copper,2007-03-09,no price near listing,False,2007-10-25,2026-08-25,4726.0,7.0,False,1.0,0.0,0.0,,74223407.16,,,,,,1.59,0.36,1.14,0.66,0.29,0.11,0.31,0.395,,,,,,,,,,,,
V-02447,SME.V,Sama Resources Inc.,TSXV,Copper | Nickel | Platinum/PGM,2009-11-18,ok,True,2007-02-07,2026-08-25,4906.0,11.0,False,1.096,1.0,0.0,5480.0,16505133.0,0.1369,0.1642,0.1141,0.3285,0.3148,0.365,0.2828,0.26,0.2372,0.0912,0.1597,0.125,0.12,0.1994,-0.1665,1.3996,1.2995,1.6662,1.0657,0.8992,0.7327,-0.3338,0.1665,-0.0869,-0.1234
V-04448,SLG.V,San Lorenzo Gold Corp.,TSXV,,2020-12-29,ok,True,2021-01-05,2026-08-25,1416.0,8.0,False,1.0,0.0,0.0,58032.0,454327596.4,0.207,0.21,0.14,0.16,0.155,0.085,0.07,0.1,0.82,,,,5.55,0.0145,-0.3237,-0.2271,-0.2512,-0.5894,-0.6618,-0.5169,2.9614,,,,25.8116
V-00796,SFR.V,Sandfire Resources America Inc.,TSXV,Copper,2005-02-14,ok,True,1999-03-19,2026-08-25,6891.0,11.0,False,2.0,1.0,0.0,0.0,204670558.8,0.155,0.155,0.155,0.2,0.19,0.575,0.52,0.43,0.4,0.49,0.09,0.26,0.23,0.0,0.0,0.2903,0.2258,2.7097,2.3548,1.7742,1.5806,2.1613,-0.4194,0.6774,0.4839
V-03875,SCZ.V,Santacruz Silver Mining Ltd.,TSXV,Silver | Zinc,2012-04-16,ok,True,2012-04-20,2026-08-25,3600.0,10.0,True,0.25,1.0,0.0,29840.0,850914430.8,3.4,3.28,3.4,3.6,8.44,6.08,3.44,0.96,1.2,0.24,2.08,,13.45,-0.0353,0.0,0.0588,1.4824,0.7882,0.0118,-0.7176,-0.6471,-0.9294,-0.3882,,2.9559
V-03900,SWA.V,Sarama Resources Ltd.,TSXV,Gold,2011-11-03,no price near listing,False,2012-01-16,2026-08-24,3666.0,8.0,False,1.0,0.0,0.0,,20143677.92,,,,0.6,0.9,0.85,0.16,0.05,0.26,0.06,0.17,,0.035,,,,,,,,,,,,
V-04401,SCD.V,Scandium Canada Ltd.,TSXV,Gold | Rare Earths,2018-01-16,ok,True,2018-01-16,2026-08-25,2161.0,9.0,False,1.0,0.0,0.0,54927.0,82048568.7,0.174,0.11,0.13,0.12,0.08,0.07,0.05,0.16,0.085,0.015,,,0.205,-0.3678,-0.2529,-0.3103,-0.5402,-0.5977,-0.7126,-0.0805,-0.5115,-0.9138,,,0.1782
GOL0061,SCY.V,Scandium International Mining Corp.,TSXV,,2025-02-04,ok,True,2014-12-05,2026-08-25,2939.0,5.0,False,1.0,0.0,0.0,251060.0,50170513.82,0.033,0.035,0.03,0.025,0.03,0.12,,,,,,,0.15,0.0606,-0.0909,-0.2424,-0.0909,2.6364,,,,,,,3.5455
V-02529,SGN.V,Scorpio Gold Corporation,TSXV,Gold,2009-06-15,ok,True,2009-06-15,2026-08-25,4315.0,11.0,True,0.0556,2.0,0.0,524.0,81766582.38,12.96,12.6,9.72,7.2,8.28,12.96,12.6,13.5,4.5,1.98,0.81,0.15,0.36,-0.0278,-0.25,-0.4444,-0.3611,0.0,-0.0278,0.0417,-0.6528,-0.8472,-0.9375,-0.9884,-0.9722
V-03879,SCOT.V,Scottie Resources Corp.,TSXV,Gold,2011-10-07,no price near listing,False,2012-01-03,2026-08-25,3676.0,8.0,True,0.1667,1.0,0.0,,152351777.16,,,,3.0,5.7,9.6,12.6,3.3,1.8,0.54,1.02,,2.905,,,,,,,,,,,,
V-02525,SMY.V,Search Minerals Inc.,TSXV,Rare Earths,2008-10-27,no price near listing,False,2012-01-16,2026-08-25,3667.0,4.0,True,0.1,1.0,0.0,,9895867.74,,,,,,,,,0.55,0.4,0.35,0.25,0.255,,,,,,,,,,,,
V-03813,SCLT.V,Searchlight Resources Inc.,TSXV,Gold | Copper | Nickel | Zinc | Rare Earths | Uranium,2011-07-18,no price near listing,False,2012-08-16,2026-08-25,3519.0,6.0,True,0.0044,3.0,0.0,,5173426.56,,,,,,,15.75,1.65,0.225,0.225,0.325,0.1,0.1,,,,,,,,,,,,
V-02482,SGZ.V,Sego Resources Inc.,TSXV,Gold | Copper,2007-03-27,ok,True,2007-03-27,2026-08-25,4872.0,11.0,False,1.0,0.0,0.0,16800.0,9254984.22,0.37,0.39,0.3,0.3,0.27,0.25,0.11,0.09,0.3,0.04,0.05,0.09,0.04,0.0541,-0.1892,-0.1892,-0.2703,-0.3243,-0.7027,-0.7568,-0.1892,-0.8919,-0.8649,-0.7568,-0.8919
V-03648,SCMI.V,Selkirk Copper Mines Inc.,TSXV,,2011-05-25,ok,True,2010-10-18,2026-08-25,3979.0,11.0,True,0.05,2.0,0.0,429.0,207167378.52,9.2,10.0,8.0,7.0,5.0,4.4,1.4,0.7,0.3,0.2,0.23,1.95,1.9,0.087,-0.1304,-0.2391,-0.4565,-0.5217,-0.8478,-0.9239,-0.9674,-0.9783,-0.975,-0.788,-0.7935
V-04987,SEND.V,Sendero Resources Corp.,TSXV,Copper,2023-10-04,no price near listing,False,2026-01-20,2026-08-25,151.0,0.0,False,1.0,0.0,0.0,,27877104.15,,,,,,,,,,,,,0.8,,,,,,,,,,,,
V-00786,SEVA.V,Seva Mining Corp.,TSXV,Gold,2026-03-18,ok,True,1996-08-08,2026-08-25,7549.0,3.0,False,1.0,0.0,0.0,269100.0,61108404.025,0.376,0.4,0.49,0.4,,,,,,,,,0.43,0.0638,0.3032,0.0638,,,,,,,,,0.1436
V-04493,SHRP.V,Sherpa II Holdings Corp.,TSXV,Copper,2020-12-29,ok,True,2018-09-24,2026-08-24,1987.0,8.0,False,1.0,0.0,0.0,0.0,1901100.95,0.105,0.105,0.105,0.11,0.125,0.23,0.05,0.1,0.16,,,,0.1,0.0,0.0,0.0476,0.1905,1.1905,-0.5238,-0.0476,0.5238,,,,-0.0476
V-00895,SIEN.V,Sienna Resources Inc.,TSXV,Gold | Lithium | Uranium,,no listing date,,1996-08-08,2026-08-25,7549.0,,,,,,,3901108.15,,,,,,,,,,,,,0.075,,,,,,,,,,,,
V-04725,SM.V,Sierra Madre Gold and Silver Ltd.,TSXV,Gold | Silver,2021-04-19,ok,True,2021-04-19,2026-08-25,1344.0,8.0,False,1.0,0.0,0.0,610580.0,281483382.18,0.796,0.8,0.88,0.73,0.42,0.69,0.74,0.42,1.75,,,,1.63,0.005,0.1055,-0.0829,-0.4724,-0.1332,-0.0704,-0.4724,1.1985,,,,1.0477
V-03935,SGML.V,Sigma Lithium Corporation,TSXV,Lithium,2018-05-09,ok,True,2018-05-09,2026-08-25,2082.0,9.0,True,0.1,1.0,0.0,32540.0,2017120000.0,1.72,1.85,1.85,1.9,2.06,1.79,1.89,5.65,50.44,9.7,,,17.51,0.0756,0.0756,0.1047,0.1977,0.0407,0.0988,2.2849,28.3256,4.6395,,,9.1802
V-03901,SGU.V,Signature Resources Ltd.,TSXV,Gold,2011-11-18,ok,True,2011-11-18,2026-08-24,3704.0,10.0,True,0.2,1.0,0.0,15260.0,9849400.64,1.0,0.95,0.85,1.0,0.75,0.3,0.275,0.2,0.65,0.45,0.375,,0.035,-0.05,-0.15,0.0,-0.25,-0.7,-0.725,-0.8,-0.35,-0.55,-0.625,,-0.965
V-04559,SBMI.V,Silver Bullet Mines Corp.,TSXV,Gold | Silver | Copper,2021-12-02,ok,True,2021-12-06,2026-08-24,1183.0,7.0,False,1.0,0.0,0.0,285767.0,14800000.0,0.345,0.325,0.31,0.48,0.33,0.205,0.13,0.14,,,,,0.14,-0.058,-0.1014,0.3913,-0.0435,-0.4058,-0.6232,-0.5942,,,,,-0.5942
V-01292,SVG.V,Silver Grail Resources Ltd.,TSXV,,,no listing date,,1996-08-08,2026-08-24,7548.0,,,,,,,4804428.42,,,,,,,,,,,,,0.15,,,,,,,,,,,,
V-02278,SNAG.V,Silver North Resources Ltd.,TSXV,Gold | Silver | Copper,2007-07-31,ok,True,2006-03-01,2026-08-25,5142.0,11.0,True,0.02,2.0,0.0,0.0,24265321.425,23.5,23.5,28.5,47.5,27.5,15.5,8.0,7.5,9.5,3.5,0.7,0.25,0.285,0.0,0.2128,1.0213,0.1702,-0.3404,-0.6596,-0.6809,-0.5957,-0.8511,-0.9702,-0.9894,-0.9879
V-02753,SVE.V,Silver One Resources Inc.,TSXV,Silver,2016-08-05,no price near listing,False,2016-08-18,2026-08-25,2514.0,10.0,False,3.0,1.0,0.0,,132242752.5,,0.34,1.12,1.12,0.87,0.405,0.17,0.34,0.53,0.33,0.385,,0.475,,,,,,,,,,,,
V-04191,SPD.V,Silver Predator Corp.,TSXV,Silver | Copper,2014-03-13,ok,True,2012-02-13,2026-08-25,3647.0,10.0,True,0.2,1.0,0.0,1500.0,3362120.775,0.405,0.4,0.45,0.3,0.3,0.1,0.1,0.275,0.065,0.18,0.085,,0.075,-0.0123,0.1111,-0.2593,-0.2593,-0.7531,-0.7531,-0.321,-0.8395,-0.5556,-0.7901,,-0.8148
V-03847,SNG.V,Silver Range Resources Ltd.,TSXV,Gold | Silver,2011-08-10,no price near listing,False,2012-08-02,2026-08-25,3528.0,7.0,False,1.0,0.0,0.0,,10896064.19,,,,,,0.48,0.14,0.095,0.195,0.155,0.12,0.125,0.125,,,,,,,,,,,,
V-01791,SSE.V,Silver Spruce Resources Inc.,TSXV,Silver,,no listing date,,1998-06-03,2026-08-25,7091.0,,,,,,,3389752.665,,,,,,,,,,,,,0.09,,,,,,,,,,,,
V-00834,SVRS.V,Silver Storm Mining Ltd.,TSXV,Silver,,no listing date,,1996-08-08,2026-08-25,7549.0,,,,,,,364198833.0,,,,,,,,,,,,,0.54,,,,,,,,,,,,
V-00226,SILV.V,Silver Valley Metals Corp.,TSXV,Silver | Lead | Zinc | Potash | Lithium,2005-04-13,no price near listing,False,2016-07-12,2026-08-24,2539.0,1.0,True,0.037,3.0,0.0,,6112764.46,,,,,,,,,,,,0.12,0.15,,,,,,,,,,,,
V-04371,VIPR.V,Silver Viper Minerals Corp.,TSXV,Gold | Silver,2017-09-27,ok,True,2017-09-29,2026-08-25,2234.0,9.0,True,0.1,1.0,0.0,1868.0,49200000.0,2.7,2.5,2.5,1.7,1.7,1.35,2.7,5.9,2.0,0.55,,,0.36,-0.0741,-0.0741,-0.3704,-0.3704,-0.5,0.0,1.1852,-0.2593,-0.7963,,,-0.8667
V-02396,SWLF.V,Silver Wolf Exploration Ltd.,TSXV,Gold | Silver,2006-11-29,ok,True,2006-11-30,2026-08-25,4952.0,11.0,False,1.0,0.0,0.0,29600.0,6839501.46,0.154,0.15,0.13,0.14,0.14,0.11,0.05,0.06,0.07,0.02,0.18,0.23,0.1,-0.026,-0.1558,-0.0909,-0.0909,-0.2857,-0.6753,-0.6104,-0.5455,-0.8701,0.1688,0.4935,-0.3506
V-03091,AGX.V,Silver X Mining Corp.,TSXV,Silver,2010-02-01,ok,True,2010-02-01,2026-08-25,4157.0,11.0,True,0.025,2.0,0.0,4647.0,183511516.8,20.88,22.0,21.6,19.6,15.2,20.8,14.4,10.8,2.8,1.2,0.23,0.18,0.97,0.0536,0.0345,-0.0613,-0.272,-0.0038,-0.3103,-0.4828,-0.8659,-0.9425,-0.989,-0.9914,-0.9535
V-5034,AGA.V,Silver47 Exploration Corp.,TSXV,Gold | Silver | Copper | Lead | Zinc,2024-11-14,ok,True,2024-11-14,2026-08-25,446.0,5.0,False,1.0,0.0,0.0,604578.0,121021845.9,0.716,0.73,0.54,0.58,0.56,0.73,,,,,,,0.81,0.0196,-0.2458,-0.1899,-0.2179,0.0196,,,,,,,0.1313
V-04790,SICO.V,Silverco Mining Ltd.,TSXV,Gold | Silver,2025-10-23,ok,True,2025-10-24,2026-08-25,210.0,4.0,False,1.0,0.0,0.0,100020.0,406063598.46,3.766,3.65,5.05,12.15,9.99,,,,,,,,9.26,-0.0308,0.3409,2.2262,1.6527,,,,,,,,1.4588
V-01796,SOI.V,Sirios Resources Inc.,TSXV,Gold | Lithium,,no listing date,,1996-08-06,2026-08-25,7554.0,,,,,,,110850120.15,,,,,,,,,,,,,0.185,,,,,,,,,,,,
V-05006,SIG.V,Sitka Gold Corp.,TSXV,Gold | Copper,2024-03-05,ok,True,2018-01-31,2026-08-25,2150.0,6.0,False,1.0,0.0,0.0,276795.0,423329680.0,0.195,0.195,0.2,0.205,0.23,0.375,1.01,,,,,,1.11,0.0,0.0256,0.0513,0.1795,0.9231,4.1795,,,,,,4.6923
V-03028,SKEL.V,Skeleton Coast Uranium Corp.,TSXV,Copper,2009-10-07,no price near listing,False,2010-01-28,2026-08-24,4158.0,8.0,True,0.0008,5.0,0.0,,12386447.84,,,,,174.0,198.0,96.0,30.0,24.0,9.0,0.84,0.156,0.15,,,,,,,,,,,,
V-04058,SKRR.V,SKRR Exploration Inc.,TSXV,Uranium,2012-10-31,ok,True,2012-11-02,2026-08-24,3464.0,10.0,True,0.0011,5.0,0.0,13.0,2760033.12,158.4003,126.0003,148.5003,99.0002,76.5002,207.0004,81.0002,7.5,6.4,3.4,0.6,,0.25,-0.2045,-0.0625,-0.375,-0.517,0.3068,-0.4886,-0.9527,-0.9596,-0.9785,-0.9962,,-0.9984
V-02933,SKYG.V,Sky Gold Corp.,TSXV,Nickel | Platinum/PGM,2011-03-22,ok,True,2009-02-10,2026-08-25,4401.0,11.0,True,0.0007,5.0,0.0,18.0,4372748.595,373.5,450.0,1290.0001,960.0001,870.0001,825.0001,105.0,19.5,1.8,2.55,0.375,0.055,0.025,0.2048,2.4538,1.5703,1.3293,1.2088,-0.7189,-0.9478,-0.9952,-0.9932,-0.999,-0.9999,-0.9999
V-01801,SYH.V,Skyharbour Resources Ltd.,TSXV,Gold | Uranium,,no listing date,,1996-08-08,2026-08-25,7549.0,,,,,,,85142060.85,,,,,,,,,,,,,0.485,,,,,,,,,,,,
V-01803,SXL.V,SLAM Exploration Ltd.,TSXV,Gold | Copper | Nickel,,no listing date,,2000-02-17,2026-08-25,6661.0,,,,,,,14319340.2,,,,,,,,,,,,,0.06,,,,,,,,,,,,
V-00281,SMRV.V,Smooth Rock Ventures Corp.,TSXV,Gold | Nickel,,no listing date,,2007-10-25,2026-08-24,4725.0,,,,,,,5000317.185,,,,,,,,,,,,,0.2,,,,,,,,,,,,
V-04447,SGC.V,Solstice Gold Corp.,TSXV,Gold | Lithium,2018-05-14,ok,True,2018-05-14,2026-08-25,2079.0,9.0,False,1.0,0.0,0.0,385432.0,15748928.58,0.244,0.23,0.2,0.17,0.15,0.165,0.05,0.135,0.055,0.035,,,0.09,-0.0574,-0.1803,-0.3033,-0.3852,-0.3238,-0.7951,-0.4467,-0.7746,-0.8566,,,-0.6311
V-03692,SOMA.V,Soma Gold Corp.,TSXV,Gold,2012-05-02,no price near listing,False,2018-01-02,2026-08-25,2171.0,2.0,False,1.0,0.0,0.0,,97903881.27,,,,,,,,,,0.195,0.295,,0.86,,,,,,,,,,,,
V-00218,SGO.V,Sonoro Gold Corp.,TSXV,Gold | Silver,2000-09-29,no price near listing,False,2012-07-04,2026-08-25,3549.0,1.0,True,0.5,1.0,0.0,,92210286.825,,,,,,,,,,,,0.07,0.215,,,,,,,,,,,,
V-02536,SAO.V,South Atlantic Gold Inc.,TSXV,Gold | Copper,2009-08-26,ok,True,2007-06-22,2026-08-24,4810.0,11.0,False,1.0,0.0,0.0,0.0,17771219.11,0.54,0.54,0.54,0.54,0.54,0.54,0.14,0.1,0.06,0.045,0.03,0.02,0.08,0.0,0.0,0.0,0.0,0.0,-0.7407,-0.8148,-0.8889,-0.9167,-0.9444,-0.963,-0.8519
V-04551,SPMC.V,South Pacific Metals Corp.,TSXV,Gold | Copper,2020-12-08,ok,True,2020-12-10,2026-08-25,1431.0,8.0,True,0.1,1.0,0.0,1961.0,29038808.4,2.81,2.8,3.3,2.4,3.3,1.7,1.1,0.25,0.54,,,,0.89,-0.0036,0.1744,-0.1459,0.1744,-0.395,-0.6085,-0.911,-0.8078,,,,-0.6833
V-01821,STS.V,South Star Battery Metals Corp.,TSXV,,,no listing date,,1996-08-08,2026-08-25,7626.0,,,,,,,23413584.315,,,,,,,,,,,,,0.21,,,,,,,,,,,,
V-04444,SMP.V,Southern Empire Resources Corp.,TSXV,Gold | Copper,2020-03-24,ok,True,2018-06-15,2026-08-24,2055.0,8.0,False,1.0,0.0,0.0,0.0,6060000.0,0.335,0.335,0.55,1.24,0.52,0.22,0.14,0.08,0.03,,,,0.06,0.0,0.6418,2.7015,0.5522,-0.3433,-0.5821,-0.7612,-0.9104,,,,-0.8209
V-01830,SSV.V,Southern Silver Exploration Corp.,TSXV,Silver,,no listing date,,2007-04-11,2026-08-25,4862.0,,,,,,,186299216.1,,,,,,,,,,,,,0.63,,,,,,,,,,,,
SOU0021,SGQ.V,SouthGobi Resources Ltd.,TSXV,Coal,2023-04-17,ok,True,2003-12-15,2026-08-24,5697.0,7.0,False,1.0,0.0,0.0,36100.0,89095399.8,0.168,0.21,0.23,0.14,0.12,0.88,0.58,0.39,,,,,0.35,0.25,0.369,-0.1667,-0.2857,4.2381,2.4524,1.3214,,,,,1.0833
V-03770,SML.V,Southstone Minerals Limited,TSXV,Diamond,2011-05-12,ok,True,2011-05-12,2026-08-25,3836.0,11.0,False,1.0,0.0,0.0,472020.0,160209.44,0.269,0.29,0.17,0.225,0.235,0.1,0.13,0.05,0.025,0.03,0.06,0.01,0.06,0.0781,-0.368,-0.1636,-0.1264,-0.6283,-0.5167,-0.8141,-0.9071,-0.8885,-0.777,-0.9628,-0.777
V-01800,SPA.V,Spanish Mountain Gold Ltd.,TSXV,Gold,,no listing date,,1997-06-25,2026-08-25,7326.0,,,,,,,165464924.625,,,,,,,,,,,,,0.39,,,,,,,,,,,,
V-01277,W.V,Spartan Metals Corp.,TSXV,,,no listing date,,1996-08-08,2026-08-25,7626.0,,,,,,,29779938.65,,,,,,,,,,,,,0.54,,,,,,,,,,,,
V-01835,SRI.V,Sparton Resources Inc.,TSXV,Gold,,no listing date,,2003-10-09,2026-08-25,5744.0,,,,,,,3634545.04,,,,,,,,,,,,,0.02,,,,,,,,,,,,
V-04703,SPC.V,SPC Nickel Corp.,TSXV,Nickel,2021-03-08,ok,True,2021-03-08,2026-08-24,1372.0,8.0,False,1.0,0.0,0.0,153839.0,33514036.875,0.594,0.46,0.345,0.195,0.165,0.145,0.11,0.045,0.06,,,,0.08,-0.2256,-0.4192,-0.6717,-0.7222,-0.7559,-0.8148,-0.9242,-0.899,,,,-0.8653
V-04980,SRQ.V,SRQ Resources Inc.,TSXV,Copper | Nickel,2023-08-16,ok,True,2023-08-16,2026-08-25,760.0,7.0,False,1.0,0.0,0.0,158482.0,2304782.5,0.282,0.45,0.35,0.225,0.19,0.14,0.09,0.055,,,,,0.07,0.5957,0.2411,-0.2021,-0.3262,-0.5035,-0.6809,-0.805,,,,,-0.7518
V-00203,LORD.V,St. James Gold Corp.,TSXV,Gold,,no listing date,,1996-05-08,2026-08-24,7610.0,,,,,,,5139631.64,,,,,,,,,,,,,0.07,,,,,,,,,,,,
V-03801,SRC.V,Stakeholder Gold Corp.,TSXV,Gold,2011-06-21,no price near listing,False,2012-08-02,2026-08-25,3528.0,6.0,True,0.0125,2.0,0.0,,45325119.84,,,,,,,0.8,17.6,4.16,1.24,0.83,1.74,1.7,,,,,,,,,,,,
V-04159,STUD.V,Stallion Uranium Corp.,TSXV,Gold,2013-10-22,no price near listing,False,2018-03-22,2026-08-25,2114.0,3.0,True,0.0667,2.0,0.0,,30026506.0,,,,,,,,,1.2,2.55,0.975,,0.165,,,,,,,,,,,,
V-01512,SLI.V,Standard Lithium Ltd.,TSXV,Lithium,,no listing date,,1999-09-30,2026-08-25,6757.0,,,,,,,952311941.36,,,,,,,,,,,,,3.58,,,,,,,,,,,,
V-04642,STND.V,Standard Uranium Ltd.,TSXV,Uranium,2020-05-04,ok,True,2020-05-05,2026-08-25,1583.0,8.0,True,0.2,1.0,0.0,1640.0,14304967.665,1.28,1.0,1.15,1.5,0.675,1.075,0.775,0.175,0.055,,,,0.08,-0.2188,-0.1016,0.1719,-0.4727,-0.1602,-0.3945,-0.8633,-0.957,,,,-0.9375
V-04698,STRR.V,Star Royalties Ltd.,TSXV,,2021-02-19,no price near listing,False,2026-07-07,2026-07-07,1.0,0.0,False,1.0,0.0,0.0,,37386209.715,,,,,,,,,,,,,0.49,,,,,,,,,,,,
V-01029,STE.V,Starr Peak Mining Ltd.,TSXV,Gold,,no listing date,,1996-08-08,2026-08-25,7549.0,,,,,,,24651558.32,,,,,,,,,,,,,0.37,,,,,,,,,,,,
V-01857,SPX.V,Stellar AfricaGold Inc.,TSXV,Gold,,no listing date,,2020-02-11,2026-08-25,1641.0,,,,,,,4547954.88,,,,,,,,,,,,,0.09,,,,,,,,,,,,
V-01126,SAG.V,Sterling Metals Corp.,TSXV,Silver | Copper | Lead | Zinc,2006-04-11,no price near listing,False,2007-10-25,2026-08-25,4726.0,6.0,True,0.001,3.0,0.0,,50864453.2,,,,,,,500.0,140.0,280.0,150.0,12.0,5.2,1.36,,,,,,,,,,,,
V-02358,PGE.V,Stillwater Critical Minerals Corp.,TSXV,Gold | Copper | Nickel | Platinum/PGM,2007-10-01,no price near listing,False,2007-10-15,2026-08-25,4733.0,11.0,True,0.0143,2.0,0.0,,79315551.645,,15.4,18.9,19.6,21.0,5.6,9.8,3.5,0.63,0.28,0.12,0.17,0.385,,,,,,,,,,,,
V-03991,STW.V,Stockworks Gold Inc.,TSXV,Lithium,2018-06-29,ok,True,2014-08-07,2026-08-25,3024.0,9.0,True,0.0167,2.0,0.0,9566.0,1707176.495,0.564,0.54,0.42,0.36,0.21,0.39,0.21,0.57,0.07,0.2,,,0.09,-0.0426,-0.2553,-0.3617,-0.6277,-0.3085,-0.6277,0.0106,-0.8759,-0.6454,,,-0.8404
V-00469,STRM.V,Storm Exploration Inc.,TSXV,Gold,2017-11-29,ok,True,1996-08-08,2026-08-25,7626.0,9.0,True,0.0625,2.0,0.0,6762.0,8603800.39,6.72,6.0,6.72,5.6,7.84,2.56,1.04,0.8,0.72,0.16,,,0.47,-0.1071,0.0,-0.1667,0.1667,-0.619,-0.8452,-0.881,-0.8929,-0.9762,,,-0.9301
V-01876,SMD.V,Strategic Metals Ltd.,TSXV,Gold | Silver | Lead | Zinc | Lithium | Tungsten,,no listing date,,2005-12-01,2026-08-25,5203.0,,,,,,,34982629.605,,,,,,,,,,,,,0.335,,,,,,,,,,,,
V-02057,SR.V,Strategic Resources Inc.,TSXV,Iron,2005-09-23,no price near listing,False,2007-10-25,2026-08-25,4725.0,5.0,True,0.0022,3.0,0.0,,16527838.6,,,,,,,,18.0,22.5,4.5,0.6,2.64,0.215,,,,,,,,,,,,
V-03956,SRA.V,Stria Lithium Inc.,TSXV,Lithium,2013-12-18,ok,True,2013-03-20,2026-08-24,3370.0,10.0,True,0.1,1.0,0.0,220.0,27031351.75,1.23,1.5,1.4,1.55,1.5,1.3,0.5,0.55,0.25,0.2,0.135,,0.78,0.2195,0.1382,0.2602,0.2195,0.0569,-0.5935,-0.5528,-0.7967,-0.8374,-0.8902,,-0.3659
V-01228,SKP.V,Strikepoint Gold Inc.,TSXV,Gold | Silver,,no listing date,,1996-07-31,2026-08-24,7553.0,,,,,,,7799047.75,,,,,,,,,,,,,0.17,,,,,,,,,,,,
V-01887,SDR.V,Stroud Resources Ltd.,TSXV,Gold | Silver,,no listing date,,2007-10-25,2026-08-25,4726.0,,,,,,,6044203.905,,,,,,,,,,,,,0.16,,,,,,,,,,,,
V-04464,STUV.V,Stuve Gold Corp.,TSXV,Gold | Copper,2020-10-13,ok,True,2018-07-27,2026-08-25,2027.0,8.0,True,0.1111,2.0,0.0,0.0,20130210.63,0.21,0.21,0.21,0.41,0.3,0.27,0.065,0.055,0.06,,,,0.52,0.0,0.0,0.9524,0.4286,0.2857,-0.6905,-0.7381,-0.7143,,,,1.4762
V-5081,SUM.V,Summit Royalties Ltd.,TSXV,,2025-11-10,no price near listing,False,2025-12-23,2026-08-25,168.0,2.0,False,1.0,0.0,0.0,,104395145.1,,,,1.62,1.61,,,,,,,,1.515,,,,,,,,,,,,
V-04659,PEAK.V,Sun Peak Metals Corp.,TSXV,Gold | Copper,2020-08-17,ok,True,2020-08-17,2026-08-25,1512.0,8.0,False,1.0,0.0,0.0,353657.0,71434480.26,1.0,0.95,1.19,0.65,0.5,0.31,0.13,0.19,0.15,,,,0.45,-0.05,0.19,-0.35,-0.5,-0.69,-0.87,-0.81,-0.85,,,,-0.55
V-02701,SMN.V,Sun Summit Minerals Corp.,TSXV,Gold | Copper,2007-12-18,ok,True,2007-12-18,2026-08-25,4688.0,11.0,True,0.0222,3.0,0.0,42.0,38103053.52,22.05,18.0,18.0,13.5,18.9,15.75,23.85,20.25,6.3,0.9,1.26,0.39,0.135,-0.1837,-0.1837,-0.3878,-0.1429,-0.2857,0.0816,-0.0816,-0.7143,-0.9592,-0.9429,-0.9823,-0.9939
V-01896,SUI.V,Superior Mining International Corporation,TSXV,,1990-03-14,no price near listing,False,1996-08-08,2026-08-24,7625.0,3.0,True,0.02,2.0,0.0,,3526787.16,,,,,,,,,,4879.8999,1276.3,6.5,0.03,,,,,,,,,,,,
V-00480,NILI.V,Surge Battery Metals Inc.,TSXV,Lithium,,no listing date,,1996-08-08,2026-08-25,7549.0,,,,,,,184983122.01,,,,,,,,,,,,,0.83,,,,,,,,,,,,
V-00808,SURG.V,Surge Copper Corp.,TSXV,Gold | Silver | Copper | Molybdenum,,no listing date,,2007-10-25,2026-08-25,4726.0,,,,,,,212445465.65,,,,,,,,,,,,,0.63,,,,,,,,,,,,
V-00157,SYG.V,Sylla Gold Corp.,TSXV,,,no listing date,,1999-11-25,2026-08-25,6766.0,,,,,,,4828402.44,,,,,,,,,,,,,0.045,,,,,,,,,,,,
V-00054,TWO.V,T2 Metals Corp.,TSXV,Gold | Silver | Copper | Zinc,,no listing date,,1996-08-08,2026-08-25,7549.0,,,,,,,23231858.96,,,,,,,,,,,,,0.38,,,,,,,,,,,,
V-04981,RARE.V,Tactical Resources Corp.,TSXV,Rare Earths,2023-08-31,no price near listing,False,2026-05-26,2026-08-17,58.0,0.0,False,1.0,0.0,0.0,,67702650.4,,,,,,,,,,,,,9.05,,,,,,,,,,,,
V-02950,TAJ.V,Tajiri Resources Corp.,TSXV,Gold,2011-04-26,no price near listing,False,2012-08-02,2026-08-25,3528.0,6.0,True,0.2,1.0,0.0,,52976527.6,,,,,,,0.2,0.05,0.035,0.145,0.105,0.275,0.19,,,,,,,,,,,,
V-04782,TALA.V,Talamore Mining Corp.,TSXV,Gold | Copper,2021-09-07,no price near listing,False,2026-06-12,2026-08-25,28.0,0.0,False,1.0,0.0,0.0,,1100658335.4,,,,,,,,,,,,,10.39,,,,,,,,,,,,
V-01930,TRO.V,Taranis Resources Inc.,TSXV,Copper,2003-09-18,ok,True,2003-09-18,2026-08-25,5759.0,11.0,False,1.0,0.0,0.0,10000.0,12448738.44,0.358,0.39,0.35,0.37,0.7,0.35,0.31,0.49,0.3,0.25,0.1,0.11,0.14,0.0894,-0.0223,0.0335,0.9553,-0.0223,-0.1341,0.3687,-0.162,-0.3017,-0.7207,-0.6927,-0.6089
V-04490,TDG.V,TDG Gold Corp.,TSXV,Gold | Silver,2020-12-17,ok,True,2018-09-21,2026-08-25,1989.0,8.0,True,0.5,1.0,0.0,17400.0,134359061.76,0.257,0.34,0.315,0.4,0.445,0.52,0.29,0.22,0.9,,,,0.52,0.323,0.2257,0.5564,0.7315,1.0233,0.1284,-0.144,2.5019,,,,1.0233
V-04611,TECT.V,Tectonic Metals Inc.,TSXV,Gold,2019-11-18,ok,True,2019-11-18,2026-08-25,1699.0,8.0,True,0.1,1.0,0.0,5680.0,213232747.2,2.96,2.8,2.2,2.5,2.1,1.1,1.0,1.25,0.5,,,,2.73,-0.0541,-0.2568,-0.1554,-0.2905,-0.6284,-0.6622,-0.5777,-0.8311,,,,-0.0777
V-03685,TRR.V,Terra Rossa Gold Ltd.,TSXV,Gold,2025-10-22,ok,True,2025-10-22,2026-08-25,212.0,4.0,False,1.0,0.0,0.0,207311.0,27737037.14,0.526,0.45,0.3,0.42,0.4,,,,,,,,0.35,-0.1445,-0.4297,-0.2015,-0.2395,,,,,,,,-0.3346
V-02181,TES.V,Tesoro Minerals Corp.,TSXV,Gold,,no listing date,,2008-07-24,2026-08-24,4537.0,,,,,,,4973319.12,,,,,,,,,,,,,0.1,,,,,,,,,,,,
V-01956,TUO.V,Teuton Resources Corp.,TSXV,Gold | Silver | Copper,,no listing date,,1996-08-08,2026-08-25,7549.0,,,,,,,110164261.04,,,,,,,,,,,,,1.73,,,,,,,,,,,,
V-02024,TGX.V,TGX Energy & Resources Inc.,TSXV,,,no listing date,,2002-11-26,2026-08-24,5962.0,,,,,,,9170413.0,,,,,,,,,,,,,0.6,,,,,,,,,,,,
V-04078,TAU.V,Thesis Gold & Silver Inc.,TSXV,Gold | Silver,2012-11-01,no price near listing,False,2018-01-02,2026-08-25,2171.0,2.0,False,1.0,0.0,0.0,,812820274.62,,,,,,,,,,0.36,0.385,,3.71,,,,,,,,,,,,
V-04922,TRCG.V,Thistle Resources Inc.,TSXV,Gold,2026-05-05,ok,True,2026-05-05,2026-08-25,78.0,3.0,False,1.0,0.0,0.0,17198.0,9705294.88,0.248,0.21,0.205,0.19,,,,,,,,,0.21,-0.1532,-0.1734,-0.2339,,,,,,,,,-0.1532
V-01964,THX.V,Thor Explorations Ltd.,TSXV,Gold,,no listing date,,2006-09-12,2026-08-25,5008.0,,,,,,,703234658.48,,,,,,,,,,,,,1.37,,,,,,,,,,,,
V-00331,TGOL.V,Thunder Gold Corp.,TSXV,Gold | Platinum/PGM,,no listing date,,1996-08-08,2026-08-25,7549.0,,,,,,,35357665.4,,,,,,,,,,,,,0.175,,,,,,,,,,,,
V-03647,THM.V,"Thunder Mountain Gold, Inc.",TSXV,,2010-09-24,no price near listing,False,2026-01-20,2026-08-25,151.0,0.0,False,1.0,0.0,0.0,,89083469.53,,,,,,,,,,,,,1.24,,,,,,,,,,,,
V-04965,BIRD.V,Thunderbird Minerals Corp.,TSXV,,2023-06-29,ok,True,2023-07-05,2026-08-25,789.0,7.0,False,1.0,0.0,0.0,3855.0,8945066.12,0.111,0.145,0.11,0.06,0.065,0.04,0.04,0.17,,,,,0.195,0.3063,-0.009,-0.4595,-0.4144,-0.6396,-0.6396,0.5315,,,,,0.7568
V-03975,AWE.V,Thunderstruck Resources Ltd.,TSXV,Gold | Silver | Copper | Zinc,2014-05-12,ok,True,2012-03-14,2026-08-24,3625.0,10.0,True,0.2,1.0,0.0,1520.0,7350079.36,0.4,0.4,0.25,0.65,0.5,0.3,0.1,0.475,0.3,0.375,0.06,,0.15,0.0,-0.375,0.625,0.25,-0.25,-0.75,0.1875,-0.25,-0.0625,-0.85,,-0.625
V-04755,TSLV.V,Tier One Silver Inc.,TSXV,Silver,2021-06-09,ok,True,2021-06-09,2026-08-25,1308.0,8.0,False,1.0,0.0,0.0,750956.0,28460614.16,1.558,1.53,1.28,0.88,0.89,0.405,0.3,0.155,0.09,,,,0.08,-0.018,-0.1784,-0.4352,-0.4288,-0.7401,-0.8074,-0.9005,-0.9422,,,,-0.9487
V-04688,TNGD.V,Tiernan Gold Corp.,TSXV,Gold,2025-12-19,no price near listing,False,2026-01-20,2026-08-25,151.0,3.0,False,1.0,0.0,0.0,,344261840.16,,,7.2,8.3,7.65,,,,,,,,7.94,,,,,,,,,,,,
V-04739,TIGR.V,Tiger Gold Corp.,TSXV,Gold,2025-12-19,ok,True,2025-12-19,2026-08-25,170.0,4.0,False,1.0,0.0,0.0,477134.0,67632958.72,0.598,0.68,0.92,0.56,0.74,,,,,,,,0.94,0.1371,0.5385,-0.0635,0.2375,,,,,,,,0.5719
V-01973,TK.V,Tinka Resources Limited,TSXV,Silver | Copper | Zinc,2003-02-11,no price near listing,False,2007-10-25,2026-08-25,4726.0,4.0,True,0.2,1.0,0.0,,54846746.73,,,,,,,,,1.55,1.25,5.45,3.15,0.44,,,,,,,,,,,,
V-04650,TORC.V,TinOne Resources Inc.,TSXV,Lithium | Tungsten,2022-01-05,ok,True,2022-01-05,2026-08-25,1165.0,7.0,True,0.1,1.0,0.0,28900.0,2189058.5,0.35,0.3,0.35,0.255,0.19,0.08,0.025,0.105,,,,,0.05,-0.1429,0.0,-0.2714,-0.4571,-0.7714,-0.9286,-0.7,,,,,-0.8571
V-01974,TTS.V,Tintina Mines Ltd.,TSXV,,,no listing date,,1999-09-27,2026-08-25,6809.0,,,,,,,523754878.5,,,,,,,,,,,,,2.26,,,,,,,,,,,,
V-5098,TITI.V,Titiminas Silver Inc.,TSXV,Silver,2026-04-09,ok,True,2026-04-15,2026-08-25,92.0,3.0,False,1.0,0.0,0.0,10675.0,41074850.3,1.664,1.7,1.45,0.99,,,,,,,,,0.88,0.0216,-0.1286,-0.405,,,,,,,,,-0.4712
V-01912,TNR.V,TNR Gold Corp.,TSXV,Gold | Copper | Lithium,,no listing date,,1999-10-13,2026-08-25,6747.0,,,,,,,58305536.1,,,,,,,,,,,,,0.295,,,,,,,,,,,,
V-02669,LOT.V,TomaGold Corporation,TSXV,Gold | Copper | Rare Earths | Lithium,2009-10-07,ok,True,2009-10-07,2026-08-25,4235.0,11.0,True,0.2,1.0,0.0,832.0,14053463.685,3.54,3.25,2.6,1.95,0.85,0.7,0.15,0.13,0.07,0.1,0.05,0.02,0.035,-0.0819,-0.2655,-0.4492,-0.7599,-0.8023,-0.9576,-0.9633,-0.9802,-0.9718,-0.9859,-0.9944,-0.9901
V-03788,TBLL.V,Tombill Mines Limited,TSXV,Gold,2020-12-15,ok,True,2020-12-16,2026-08-25,1427.0,8.0,False,1.0,0.0,0.0,200662.0,5270069.02,0.133,0.13,0.26,0.24,0.2,0.09,0.01,0.015,0.015,,,,0.045,-0.0226,0.9549,0.8045,0.5038,-0.3233,-0.9248,-0.8872,-0.8872,,,,-0.6617
V-04799,TGC.V,Toogood Gold Corp.,TSXV,Gold,2025-07-16,ok,True,2025-07-16,2026-08-25,279.0,5.0,False,1.0,0.0,0.0,165460.0,7635270.42,0.249,0.25,0.41,0.325,0.17,0.11,,,,,,,0.11,0.004,0.6466,0.3052,-0.3173,-0.5582,,,,,,,-0.5582
V-01824,TORQ.V,Torq Resources Inc.,TSXV,Gold | Copper,2011-09-14,ok,True,2007-10-25,2026-08-25,4725.0,10.0,False,1.0,0.0,0.0,14100.0,10224343.03,1.166,1.26,0.75,0.45,0.5,0.18,0.13,0.22,0.69,0.39,0.74,,0.045,0.0806,-0.3568,-0.6141,-0.5712,-0.8456,-0.8885,-0.8113,-0.4082,-0.6655,-0.3654,,-0.9614
V-04615,TMET.V,Torr Metals Inc.,TSXV,Gold | Copper,2021-12-07,ok,True,2019-12-17,2026-08-25,1678.0,7.0,True,0.6879,1.0,0.0,31500.0,8402495.3,0.2956,0.22,0.3,0.28,0.16,0.13,0.05,0.095,,,,,0.14,-0.2558,0.0149,-0.0528,-0.4587,-0.5602,-0.8309,-0.6786,,,,,-0.5264
V-00278,TT.V,Total Metals Corp.,TSXV,Gold | Silver | Copper | Zinc,2025-08-18,ok,True,2025-08-20,2026-08-25,255.0,5.0,False,1.0,0.0,0.0,232765.0,14532362.67,0.578,0.53,0.66,1.05,0.485,0.195,,,,,,,0.205,-0.083,0.1419,0.8166,-0.1609,-0.6626,,,,,,,-0.6453
V-04953,TOTC.V,Totec Resources Ltd.,TSXV,Rare Earths | Lithium,2026-01-22,ok,True,2023-03-14,2026-08-24,866.0,4.0,False,1.0,0.0,0.0,12435.0,21255038.75,0.5,0.5,0.64,0.55,0.6,,,,,,,,0.6,0.0,0.28,0.1,0.2,,,,,,,,0.2
V-01991,TWR.V,Tower Resources Ltd.,TSXV,Gold | Silver | Copper,,no listing date,,2007-12-20,2026-08-25,4686.0,,,,,,,27724976.16,,,,,,,,,,,,,0.13,,,,,,,,,,,,
V-00027,TBK.V,Trailbreaker Resources Ltd.,TSXV,Gold,,no listing date,,1996-08-08,2026-08-24,7548.0,,,,,,,19202340.24,,,,,,,,,,,,,0.35,,,,,,,,,,,,
V-03741,TCO.V,Transatlantic Mining Corp.,TSXV,Gold | Copper,2011-03-25,no price near listing,False,2011-05-25,2026-08-24,3827.0,9.0,True,0.1,1.0,0.0,,5198394.96,,,,0.85,0.75,0.55,1.6,1.25,1.25,0.06,0.055,0.07,0.05,,,,,,,,,,,,
V-03850,XTM.V,Transition Metals Corp.,TSXV,Gold | Copper | Nickel | Platinum/PGM | Zinc,2011-08-26,no price near listing,False,2012-08-13,2026-08-25,3522.0,7.0,True,0.5,1.0,0.1,,5248009.56,,,,,,0.2436,0.1072,0.1656,0.0974,0.0512,0.17,0.07,0.07,,,,,,,,,,,,
V-02004,TRS.V,Tres-Or Resources Ltd.,TSXV,Diamond,,no listing date,,1996-08-08,2026-08-24,7548.0,,,,,,,1387862.465,,,,,,,,,,,,,0.06,,,,,,,,,,,,
V-00704,TRBC.V,Tribeca Resources Corporation,TSXV,Copper,2022-11-02,ok,True,1996-08-08,2026-08-25,7549.0,7.0,True,0.2,1.0,0.0,3200.0,26308200.33,0.252,0.3,0.3,0.42,0.27,0.25,0.32,0.21,,,,,0.25,0.1905,0.1905,0.6667,0.0714,-0.0079,0.2698,-0.1667,,,,,-0.0079
V-00266,ROCK.V,Trident Resources Corp.,TSXV,Gold,2007-06-15,no price near listing,False,2026-01-20,2026-08-25,151.0,0.0,False,1.0,0.0,0.0,,159437090.73,,,,,,,,,,,,,4.08,,,,,,,,,,,,
V-04351,TG.V,Trifecta Gold Ltd.,TSXV,Gold,2017-06-15,ok,True,2017-06-15,2026-08-25,2307.0,9.0,True,0.25,1.0,0.0,41060.0,9063326.99,1.112,1.04,0.8,0.8,0.44,0.36,0.16,0.14,0.24,0.15,,,0.18,-0.0647,-0.2806,-0.2806,-0.6043,-0.6763,-0.8561,-0.8741,-0.7842,-0.8651,,,-0.8381
V-04134,TOM.V,Trinity One Metals Ltd.,TSXV,Copper | Nickel,2017-04-25,ok,True,2013-07-03,2026-08-25,3299.0,9.0,True,0.025,1.0,0.0,6279.0,10757580.64,15.76,20.0,14.6,9.8,8.0,6.2,2.8,1.0,2.4,0.2,,,0.16,0.269,-0.0736,-0.3782,-0.4924,-0.6066,-0.8223,-0.9365,-0.8477,-0.9873,,,-0.9898
V-03149,TSG.V,Tristar Gold Inc.,TSXV,Gold,2010-07-21,ok,True,2001-11-28,2026-08-25,6213.0,11.0,False,1.0,0.0,0.0,5720.0,54586853.44,0.662,0.25,0.24,0.26,0.51,0.72,0.34,0.34,0.19,0.35,0.36,0.18,0.21,-0.6224,-0.6375,-0.6073,-0.2296,0.0876,-0.4864,-0.4864,-0.713,-0.4713,-0.4562,-0.7281,-0.6828
V-02367,TIG.V,Triumph Gold Corp.,TSXV,Gold,2006-09-07,ok,True,2006-09-07,2026-08-25,5011.0,11.0,True,0.01,2.0,0.0,469.0,37918432.44,62.0,58.0,69.0,70.0,71.0,71.0,46.0,47.0,32.0,4.0,2.6,1.5,0.73,-0.0645,0.1129,0.129,0.1452,0.1452,-0.2581,-0.2419,-0.4839,-0.9355,-0.9581,-0.9758,-0.9882
V-04463,TR.V,Troubadour Resources Inc.,TSXV,Gold | Copper,2018-06-11,no price near listing,False,2018-06-29,2026-08-25,2046.0,8.0,True,0.04,2.0,0.0,,1015994.265,,,3.875,3.5,4.25,2.125,0.75,4.75,0.45,0.3,,,0.125,,,,,,,,,,,,
V-02019,TRU.V,TRU Precious Metals Corp.,TSXV,Gold,2018-04-11,ok,True,1999-10-07,2026-08-25,6801.0,9.0,False,1.0,0.0,0.0,1698.0,6576872.72,0.164,0.16,0.16,0.185,0.165,0.145,0.065,0.29,0.055,0.02,,,0.035,-0.0244,-0.0244,0.128,0.0061,-0.1159,-0.6037,0.7683,-0.6646,-0.878,,,-0.7866
V-02026,TSD.V,Tsodilo Resources Limited,TSXV,Diamond | Iron,,no listing date,,2007-10-25,2026-08-24,4725.0,,,,,,,8668265.19,,,,,,,,,,,,,0.11,,,,,,,,,,,,
V-03156,TUD.V,Tudor Gold Corp.,TSXV,Gold,2016-05-10,no price near listing,False,2016-06-14,2026-08-25,2559.0,9.0,False,1.0,0.0,0.0,,328358206.4,,,1.26,1.75,0.62,0.55,0.42,0.28,2.97,1.66,1.08,,1.01,,,,,,,,,,,,
V-01041,TUK.V,Tuktu Resources Ltd.,TSXV,Oil and Gas | Diamond,,no listing date,,1996-08-21,2026-08-24,7538.0,,,,,,,3983453.22,,,,,,,,,,,,,0.02,,,,,,,,,,,,
V-04310,TVI.V,TVI Pacific Inc.,TSXV,Gold | Silver | Copper,2016-08-02,ok,True,1996-05-08,2026-08-25,7612.0,10.0,False,1.0,0.0,0.0,63140.0,43715222.34,0.02,0.02,0.02,0.01,0.02,0.01,0.01,0.01,0.05,0.03,0.05,,0.04,0.0,0.0,-0.5,0.0,-0.5,-0.5,-0.5,1.5,0.5,1.5,,1.0
V-5109,MILE.V,Twenty Mile Metals Inc.,TSXV,Gold | Silver,2026-06-24,ok,True,2026-06-24,2026-08-25,43.0,2.0,False,1.0,0.0,0.0,26965.0,1326000.0,0.107,0.115,0.18,,,,,,,,,,0.13,0.0748,0.6822,,,,,,,,,,0.215
V-5061,UTWO.V,U92 Energy Corp.,TSXV,Uranium,2026-02-09,ok,True,2026-02-10,2026-08-25,136.0,4.0,False,1.0,0.0,0.0,44817.0,20614430.77,0.297,0.28,0.38,0.43,0.39,,,,,,,,0.385,-0.0572,0.2795,0.4478,0.3131,,,,,,,,0.2963
V-02264,UCU.V,Ucore Rare Metals Inc.,TSXV,Rare Earths,2006-10-10,no price near listing,False,2007-10-25,2026-08-25,4726.0,6.0,True,0.1,1.0,0.0,,569331912.66,,,,,,,0.6,8.1,5.1,2.5,3.2,0.81,3.0,,,,,,,,,,,,
V-02272,ULT.V,Ultra Lithium Inc.,TSXV,Gold | Copper | Lithium,2006-03-21,no price near listing,False,2007-10-25,2026-08-24,4725.0,6.0,True,0.1,1.0,0.01,,2521430.265,,,,,,,0.72,0.81,0.72,0.45,0.14,0.15,0.02,,,,,,,,,,,,
V-02042,UGD.V,Unigold Inc.,TSXV,Gold | Copper,2003-02-11,ok,True,2001-05-08,2026-08-25,6353.0,11.0,True,0.05,2.0,0.0,19950.0,72950320.655,7.46,7.1,5.9,3.1,3.0,4.5,2.2,5.3,5.1,2.8,3.4,0.2,0.2,-0.0483,-0.2091,-0.5845,-0.5979,-0.3968,-0.7051,-0.2895,-0.3164,-0.6247,-0.5442,-0.9732,-0.9732
V-02379,URZ.V,URZ3 Energy Corp.,TSXV,Uranium,2007-03-05,ok,True,2007-03-15,2026-08-25,4880.0,11.0,True,0.004,2.0,0.0,329.0,9942281.05,152.5,150.0,160.0,292.5,250.0,195.0,17.5,25.0,30.0,27.5,8.25,1.5,0.205,-0.0164,0.0492,0.918,0.6393,0.2787,-0.8852,-0.8361,-0.8033,-0.8197,-0.9459,-0.9902,-0.9987
V-02673,USCU.V,US Copper Corp.,TSXV,Copper,2009-02-24,no price near listing,False,2012-08-13,2026-08-25,3522.0,4.0,True,0.1,1.0,0.4,,23493944.1,,,,,,,,,0.1,0.05,0.13,0.03,0.135,,,,,,,,,,,,
V-04509,USHA.V,Usha Resources Ltd.,TSXV,Lithium,2019-12-11,ok,True,2018-10-16,2026-08-24,1972.0,8.0,False,1.0,0.0,0.0,5000.0,4599079.3,0.11,0.15,0.12,0.15,0.18,0.24,0.325,0.265,0.055,,,,0.05,0.3636,0.0909,0.3636,0.6364,1.1818,1.9545,1.4091,-0.5,,,,-0.5455
V-04984,VTEN.V,V Ten Metals Corp.,TSXV,Gold | Copper,2026-03-04,ok,True,2026-03-04,2026-08-24,120.0,3.0,False,1.0,0.0,0.0,20858.0,17926396.6,0.555,0.94,0.59,0.55,,,,,,,,,0.6,0.6937,0.0631,-0.009,,,,,,,,,0.0811
V-03822,VZZ.V,Val-D'Or Mining Corporation,TSXV,Gold,2011-07-15,no price near listing,False,2012-01-03,2026-08-25,3676.0,8.0,False,1.0,0.0,0.0,,16258610.7,,,,,0.35,0.2,0.09,0.125,0.165,0.12,0.125,0.175,0.24,,,,,,,,,,,,
V-03919,VMXX.V,Valhalla Metals Inc.,TSXV,Copper | Zinc,2022-09-28,ok,True,2022-09-28,2026-08-25,981.0,7.0,False,1.0,0.0,0.0,68117.0,184361399.22,0.359,0.355,0.34,0.35,0.315,0.215,0.11,0.16,,,,,0.76,-0.0111,-0.0529,-0.0251,-0.1226,-0.4011,-0.6936,-0.5543,,,,,1.117
V-04836,OZ.V,Valkea Resources Corp.,TSXV,Gold,2022-01-06,ok,True,2019-08-08,2026-08-25,1769.0,7.0,True,0.1,1.0,0.0,10325.0,24351907.79,2.39,2.6,2.35,1.85,1.0,0.65,0.35,0.32,,,,,0.38,0.0879,-0.0167,-0.2259,-0.5816,-0.728,-0.8536,-0.8661,,,,,-0.841
V-02855,VO.V,ValOre Metals Corp.,TSXV,Gold | Platinum/PGM,2008-07-07,ok,True,2008-07-07,2026-08-25,4551.0,11.0,True,0.1,1.0,0.0,3452.0,21671095.61,3.04,3.0,2.5,2.8,1.2,2.3,2.7,4.3,2.7,1.0,0.6,0.05,0.07,-0.0132,-0.1776,-0.0789,-0.6053,-0.2434,-0.1118,0.4145,-0.1118,-0.6711,-0.8026,-0.9836,-0.977
V-01423,VRB.V,VanadiumCorp Resource Inc.,TSXV,Iron,,no listing date,,1996-08-08,2026-08-25,7626.0,,,,,,,2243839.05,,,,,,,,,,,,,0.08,,,,,,,,,,,,
V-02083,VAX.V,Vantex Resources Ltd.,TSXV,,,no listing date,,2026-07-17,2026-08-24,26.0,,,,,,,601153.875,,,,,,,,,,,,,0.1,,,,,,,,,,,,
V-02826,VCV.V,Vatic Ventures Corp.,TSXV,Gold | Lithium,2011-01-27,ok,True,2008-05-15,2026-08-25,4586.0,11.0,True,0.001,4.0,0.0,124.0,1447298.79,186.5073,207.2303,160.1325,197.8107,169.5521,75.3565,80.0663,11.7744,1.7662,1.619,1.0,0.025,0.065,0.1111,-0.1414,0.0606,-0.0909,-0.596,-0.5707,-0.9369,-0.9905,-0.9913,-0.9946,-0.9999,-0.9997
V-03860,KNOX.V,Vault Strategic Mining Corp.,TSXV,Diamond,2014-04-21,no price near listing,False,2014-08-21,2026-08-25,3014.0,7.0,True,0.01,2.0,0.0,,3912061.175,,,,,22.0,20.0,10.0,9.0,6.5,2.5,0.16,,0.125,,,,,,,,,,,,
V-04079,VLC.V,Velocity Minerals Ltd.,TSXV,Gold | Copper,2012-11-06,ok,True,2002-03-14,2026-08-24,6165.0,10.0,True,0.025,2.0,0.0,0.0,37838578.545,1.0,1.0,1.2,1.2,0.6,0.1,0.15,0.1,0.3,0.45,0.18,,0.22,0.0,0.2,0.2,-0.4,-0.9,-0.85,-0.9,-0.7,-0.55,-0.82,,-0.78
V-00512,VLX.V,Velox Energy Materials Inc.,TSXV,,,no listing date,,1996-08-08,2026-08-24,7548.0,,,,,,,6250739.04,,,,,,,,,,,,,0.03,,,,,,,,,,,,
V-03661,VTT.V,Vendetta Mining Corp.,TSXV,Lead | Zinc,2010-10-18,no price near listing,False,2012-08-02,2026-08-24,3527.0,6.0,False,1.0,0.0,0.0,,3626890.57,,,,,,,0.55,0.28,0.085,0.25,0.07,0.01,0.015,,,,,,,,,,,,
V-5095,VENT.V,Ventra Metals Corp.,TSXV,Rare Earths,2026-03-24,ok,True,2026-03-24,2026-08-24,106.0,3.0,False,1.0,0.0,0.0,23798.0,2749295.76,0.228,0.22,0.19,0.18,,,,,,,,,0.155,-0.0351,-0.1667,-0.2105,,,,,,,,,-0.3202
V-04930,V.V,Verdera Energy Corp.,TSXV,Uranium,2026-02-24,ok,True,2026-02-24,2026-08-25,127.0,4.0,True,0.6566,1.0,0.0,101828.0,31062397.025,0.952,0.99,0.7,0.45,0.43,,,,,,,,0.45,0.0399,-0.2647,-0.5273,-0.5483,,,,,,,,-0.5273
V-02662,VERT.V,Vertical Exploration Inc.,TSXV,,2007-11-26,ok,True,2007-11-26,2026-08-24,4703.0,11.0,True,0.2,1.0,0.0,25940.0,6116162.12,1.7,1.7,1.5,1.925,1.7,0.675,1.25,0.675,0.1,0.175,0.11,0.04,0.03,0.0,-0.1176,0.1324,0.0,-0.6029,-0.2647,-0.6029,-0.9412,-0.8971,-0.9353,-0.9765,-0.9824
V-5063,VLD.V,Vinland Lithium Inc.,TSXV,Lithium,2025-05-23,ok,True,2025-05-23,2026-08-25,316.0,5.0,False,1.0,0.0,0.0,18928.0,4472362.14,0.427,0.68,0.62,0.56,0.69,0.54,,,,,,,0.46,0.5925,0.452,0.3115,0.6159,0.2646,,,,,,,0.0773
V-02107,VIO.V,Vior Gold Corporation Inc.,TSXV,Gold | Nickel,,no listing date,,1996-08-06,2026-08-25,7554.0,,,,,,,45716676.06,,,,,,,,,,,,,0.1,,,,,,,,,,,,
V-04060,VML.V,Viscount Mining Corp.,TSXV,Gold | Silver,2013-07-25,no price near listing,False,2014-08-21,2026-08-25,3014.0,5.0,False,1.0,0.0,0.0,,41402465.38,,,,,,,0.17,0.69,0.25,0.365,0.2,,0.495,,,,,,,,,,,,
V-02563,VGD.V,Visible Gold Mines Inc.,TSXV,Gold,2007-07-17,no price near listing,False,2007-10-25,2026-08-25,4726.0,9.0,True,0.1,1.0,0.0,,4960171.32,,,,2.8,3.0,2.1,1.2,1.5,0.5,0.9,0.18,0.08,0.145,,,,,,,,,,,,
V-00021,VLI.V,Vision Lithium inc.,TSXV,Lithium,,no listing date,,1997-05-02,2026-08-25,7367.0,,,,,,,4395287.265,,,,,,,,,,,,,0.01,,,,,,,,,,,,
V-03812,VCG.V,Visionary Copper and Gold Mines Inc.,TSXV,Gold | Silver | Copper,2011-07-14,no price near listing,False,2012-08-02,2026-08-25,3528.0,6.0,True,0.1,1.0,0.0,,40999198.2,,,,,,,1.85,2.0,3.35,2.25,4.39,1.55,1.5,,,,,,,,,,,,
V-01578,VIZ.V,Visionary Metals Corp.,TSXV,Nickel,,no listing date,,2004-05-07,2026-08-24,5597.0,,,,,,,10979918.0,,,,,,,,,,,,,0.25,,,,,,,,,,,,
V-03079,VAU.V,Viva Gold Corp.,TSXV,Gold,2017-11-08,ok,True,2010-03-05,2026-08-25,4134.0,9.0,False,1.0,0.0,0.0,0.0,20652852.24,0.33,0.33,0.45,0.69,0.28,0.395,0.24,0.25,0.08,0.17,,,0.18,0.0,0.3636,1.0909,-0.1515,0.197,-0.2727,-0.2424,-0.7576,-0.4848,,,-0.4545
V-04789,VCU.V,Vizsla Copper Corp.,TSXV,Gold | Copper | Molybdenum,2021-09-17,no price near listing,False,2026-01-20,2026-08-25,151.0,0.0,False,1.0,0.0,0.0,,95205276.24,,,,,,,,,,,,,1.33,,,,,,,,,,,,
V-05024,VROY.V,Vizsla Royalties Corp.,TSXV,Silver,2024-08-26,ok,True,2024-08-26,2026-08-25,502.0,5.0,False,1.0,0.0,0.0,28060.0,256038531.8,1.6,1.65,1.86,1.6,1.9,2.79,,,,,,,4.62,0.0312,0.1625,0.0,0.1875,0.7437,,,,,,,1.8875
V-02812,VG.V,Volcanic Gold Mines Inc.,TSXV,Gold | Silver,2010-02-01,ok,True,2010-02-01,2026-08-25,4157.0,11.0,True,0.0143,2.0,0.0,1045.0,4753563.36,15.54,14.7,14.7,23.8,7.0,25.2,4.2,1.4,0.56,3.01,0.2,0.12,0.09,-0.0541,-0.0541,0.5315,-0.5495,0.6216,-0.7297,-0.9099,-0.964,-0.8063,-0.9871,-0.9923,-0.9942
V-01985,VCT.V,Volt Carbon Technologies Inc.,TSXV,Rare Earths | Lithium,,no listing date,,2007-10-25,2026-08-25,4725.0,,,,,,,25588022.26,,,,,,,,,,,,,0.065,,,,,,,,,,,,
V-04389,VMS.V,Vortex Metals Inc.,TSXV,Gold | Copper,2022-05-10,ok,True,2022-05-10,2026-08-24,1077.0,7.0,False,1.0,0.0,0.0,76500.0,4325270.88,0.19,0.18,0.15,0.12,0.08,0.13,0.125,0.04,,,,,0.045,-0.0526,-0.2105,-0.3684,-0.5789,-0.3158,-0.3421,-0.7895,,,,,-0.7632
V-04006,VM.V,Voyageur Pharmaceuticals Ltd.,TSXV,,2017-03-07,ok,True,2013-07-24,2026-08-25,3284.0,9.0,True,0.5,1.0,0.0,19800.0,28292794.0,0.109,0.12,0.085,0.08,0.055,0.08,0.095,0.075,0.115,0.085,,,0.165,0.1009,-0.2202,-0.2661,-0.4954,-0.2661,-0.1284,-0.3119,0.055,-0.2202,,,0.5138
V-04267,VRR.V,VR Resources Ltd.,TSXV,Gold | Copper,2017-03-23,ok,True,2015-11-05,2026-08-25,2711.0,9.0,True,0.0333,2.0,0.0,9880.0,4376380.69,2.95,2.7,2.5,2.3,3.25,2.6,1.75,1.55,3.4,1.85,,,0.12,-0.0847,-0.1525,-0.2203,0.1017,-0.1186,-0.4068,-0.4746,0.1525,-0.3729,,,-0.9593
V-02119,VUL.V,Vulcan Minerals Inc.,TSXV,Gold | Copper | Nickel,,no listing date,,2002-07-08,2026-08-25,6061.0,,,,,,,55858031.14,,,,,,,,,,,,,0.435,,,,,,,,,,,,
V-02071,VVC.V,VVC Exploration Corp.,TSXV,Copper,2001-10-01,ok,True,2000-02-16,2026-08-24,6661.0,11.0,False,1.0,0.0,0.0,35600.0,5726818.15,0.078,0.05,0.16,0.13,0.15,0.3,1.01,0.95,0.31,0.19,0.19,0.03,0.01,-0.359,1.0513,0.6667,0.9231,2.8462,11.9487,11.1795,2.9744,1.4359,1.4359,-0.6154,-0.8718
V-00302,WLR.V,Walker Lane Resources Ltd.,TSXV,,,no listing date,,2007-10-25,2026-08-24,4725.0,,,,,,,2510057.965,,,,,,,,,,,,,0.14,,,,,,,,,,,,
V-04024,WRR.V,Walker River Resources Corp.,TSXV,Gold,2012-06-29,ok,True,2012-07-06,2026-08-25,3547.0,10.0,True,0.1667,1.0,0.0,450.0,14746286.88,1.152,1.2,0.96,0.72,0.9,0.36,0.33,0.12,0.78,1.11,0.33,,0.33,0.0417,-0.1667,-0.375,-0.2187,-0.6875,-0.7135,-0.8958,-0.3229,-0.0365,-0.7135,,-0.7135
V-02139,WML.V,Wealth Minerals Ltd.,TSXV,Lithium,,no listing date,,1996-07-12,2026-08-24,7554.0,,,,,,,24825982.415,,,,,,,,,,,,,0.06,,,,,,,,,,,,
V-02144,WGF.V,Wescan Goldfields Inc.,TSXV,Gold,,no listing date,,2004-10-18,2026-08-25,5487.0,,,,,,,18208813.68,,,,,,,,,,,,,0.16,,,,,,,,,,,,
V-02355,WHY.V,West High Yield (W.H.Y.) Resources Ltd.,TSXV,Gold,2006-08-01,ok,True,2006-08-04,2026-08-25,5033.0,11.0,False,1.0,0.0,0.0,2000.0,41489221.82,0.52,0.5,0.45,0.45,0.35,0.51,0.17,0.46,0.27,0.41,0.18,0.35,0.29,-0.0385,-0.1346,-0.1346,-0.3269,-0.0192,-0.6731,-0.1154,-0.4808,-0.2115,-0.6538,-0.3269,-0.4423
V-02229,WPG.V,West Point Gold Corp.,TSXV,Gold,2005-12-19,ok,True,2005-12-20,2026-08-25,5190.0,11.0,True,0.02,2.0,0.0,2500.0,193071335.18,6.0,7.0,8.0,12.0,11.0,15.5,18.5,2.5,19.0,1.0,0.5,0.7,1.56,0.1667,0.3333,1.0,0.8333,1.5833,2.0833,-0.5833,2.1667,-0.8333,-0.9167,-0.8833,-0.74
V-00568,WRLG.V,West Red Lake Gold Mines Ltd.,TSXV,Gold,,no listing date,,2018-01-02,2026-08-25,2171.0,,,,,,,268430267.3,,,,,,,,,,,,,0.9,,,,,,,,,,,,
V-02617,WVM.V,West Vault Mining Inc.,TSXV,Gold,2010-05-31,ok,True,2010-06-10,2026-08-25,4065.0,11.0,True,0.1,1.0,0.0,860.0,84209570.7,8.7,9.0,8.5,9.5,12.5,12.4,3.4,1.5,0.6,0.8,1.1,1.25,1.97,0.0345,-0.023,0.092,0.4368,0.4253,-0.6092,-0.8276,-0.931,-0.908,-0.8736,-0.8563,-0.7736
V-03791,WEX.V,Western Exploration Inc.,TSXV,Gold,2022-01-19,ok,True,2012-07-04,2026-08-25,3549.0,7.0,True,0.002,1.0,0.0,60.0,34334997.95,2.55,2.55,1.75,1.03,1.15,1.92,0.86,0.83,,,,,0.67,0.0,-0.3137,-0.5961,-0.549,-0.2471,-0.6627,-0.6745,,,,,-0.7373
V-04484,WGLD.V,Western Gold Exploration Ltd.,TSXV,Gold | Copper,2020-10-29,ok,True,2020-10-29,2026-08-24,1460.0,8.0,True,0.2597,1.0,0.0,2441.0,8496314.6,1.6478,1.5015,1.7325,1.5015,1.232,0.8085,0.2888,0.2695,0.2888,,,,0.115,-0.0888,0.0514,-0.0888,-0.2523,-0.5093,-0.8247,-0.8364,-0.8247,,,,-0.9302
V-04797,WMS.V,Western Metallica Resources Corp.,TSXV,Gold | Copper | Molybdenum,2022-04-19,ok,True,2022-04-19,2026-08-24,1092.0,7.0,True,0.0333,2.0,0.0,5409.0,253085.97,7.92,6.0,5.4,4.8,3.0,2.1,1.2,0.6,,,,,0.125,-0.2424,-0.3182,-0.3939,-0.6212,-0.7348,-0.8485,-0.9242,,,,,-0.9842
V-03704,WHN.V,Westhaven Gold Corp.,TSXV,Gold,2011-07-20,no price near listing,False,2013-02-28,2026-08-25,3385.0,6.0,False,1.0,0.0,0.0,,68944180.27,,,,,,,0.12,0.1,0.15,0.165,0.57,0.28,0.39,,,,,,,,,,,,
V-01733,WGO.V,White Gold Corp.,TSXV,Gold,,no listing date,,2017-02-09,2026-08-25,2394.0,,,,,,,377400000.0,,,,,,,,,,,,,2.185,,,,,,,,,,,,
V-02466,WMK.V,Whitemud Resources Inc.,TSXV,,2007-02-28,ok,True,2007-02-28,2026-08-24,4890.0,11.0,False,1.0,0.0,0.0,144260.0,5103945.0,7.682,7.76,8.0,8.6,10.25,8.8,1.55,0.35,0.06,0.015,0.01,0.065,0.145,0.0102,0.0414,0.1195,0.3343,0.1455,-0.7982,-0.9544,-0.9922,-0.998,-0.9987,-0.9915,-0.9811
V-02491,WSK.V,Wildsky Resources Inc.,TSXV,Gold | Lead | Zinc,2007-04-25,ok,True,2007-04-25,2026-08-24,4851.0,11.0,True,0.04,1.0,0.0,2311.0,6186745.51,33.3,35.5,40.0,40.0,46.25,39.25,6.25,5.0,2.0,0.5,0.5,0.22,0.14,0.0661,0.2012,0.2012,0.3889,0.1787,-0.8123,-0.8498,-0.9399,-0.985,-0.985,-0.9934,-0.9958
V-04724,WEC.V,Winchester Equity Corporation,TSXV,,2021-04-27,ok,True,2005-08-10,2026-08-24,5281.0,8.0,False,1.0,0.0,0.0,980500.0,1686957.81,0.802,0.77,0.63,0.41,0.42,0.05,0.03,0.01,0.02,,,,0.02,-0.0399,-0.2145,-0.4888,-0.4763,-0.9377,-0.9626,-0.9875,-0.9751,,,,-0.9751
V-00915,WINS.V,Winshear Metals Corp.,TSXV,Gold,,no listing date,,2004-11-04,2026-08-24,5473.0,,,,,,,7963975.975,,,,,,,,,,,,,0.09,,,,,,,,,,,,
V-04068,WLF.V,Wolfden Resources Corporation,TSXV,Copper | Nickel,2012-10-22,no price near listing,False,2012-11-06,2026-08-25,3463.0,10.0,False,1.0,0.0,0.0,,13287235.36,,0.38,0.33,0.29,0.15,0.26,0.23,0.08,0.26,0.1,0.19,,0.07,,,,,,,,,,,,
V-02480,WCU.V,World Copper Ltd.,TSXV,Copper,2021-01-26,ok,True,2021-01-26,2026-08-24,1400.0,8.0,True,0.0167,2.0,0.0,24261.0,2630310.67,9.72,9.3,9.3,6.9,8.0,19.4,4.2,1.5,0.2,,,,0.09,-0.0432,-0.0432,-0.2901,-0.177,0.9959,-0.5679,-0.8457,-0.9794,,,,-0.9907
V-04256,XGC.V,Xali Gold Corp.,TSXV,Gold,2015-07-27,ok,True,2010-01-05,2026-08-25,4175.0,10.0,False,1.0,0.0,0.0,81640.0,41932669.2,0.03,0.03,0.03,0.03,0.01,0.07,0.04,0.03,0.07,0.1,0.04,,0.23,0.0,0.0,0.0,-0.6667,1.3333,0.3333,0.0,1.3333,2.3333,0.3333,,6.6667
V-04587,GIG.V,XAU Resources Inc.,TSXV,Gold,2022-06-27,ok,True,2019-10-11,2026-08-24,1723.0,7.0,False,1.0,0.0,0.0,200.0,8548365.0,0.061,0.065,0.07,0.05,0.1,0.065,0.05,0.04,,,,,0.5,0.0656,0.1475,-0.1803,0.6393,0.0656,-0.1803,-0.3443,,,,,7.1967
V-02693,XIM.V,Ximen Mining Corp.,TSXV,Gold,2007-12-20,no price near listing,False,2012-08-28,2026-08-25,3511.0,4.0,True,0.008,3.0,0.0,,7046646.5,,,,,,,,,3.125,4.625,1.0,0.275,0.07,,,,,,,,,,,,
V-04378,XPLR.V,Xplore Resources Corp.,TSXV,Lithium,2020-10-08,ok,True,2020-10-15,2026-08-24,1470.0,8.0,True,0.4,1.0,0.0,3600.0,1315037.625,0.25,0.25,0.25,0.2,0.175,0.1375,0.1,0.125,0.015,,,,0.025,0.0,0.0,-0.2,-0.3,-0.45,-0.6,-0.5,-0.94,,,,-0.9
V-04459,XXIX.V,XXIX Metal Corp.,TSXV,Silver | Nickel,2018-06-01,ok,True,2018-06-08,2026-08-25,2061.0,9.0,False,1.0,0.0,0.0,87830.0,43999348.565,0.247,0.22,0.15,0.075,0.05,0.085,0.06,0.215,0.16,0.125,,,0.17,-0.1093,-0.3927,-0.6964,-0.7976,-0.6559,-0.7571,-0.1296,-0.3522,-0.4939,,,-0.3117
V-04707,ZAC.V,Zacatecas Silver Corp.,TSXV,Silver,2021-03-02,ok,True,2021-03-02,2026-08-25,1377.0,8.0,False,1.0,0.0,0.0,1121299.0,16342385.7,1.334,1.33,1.24,1.16,0.94,1.3,0.55,0.12,0.1,,,,0.07,-0.003,-0.0705,-0.1304,-0.2954,-0.0255,-0.5877,-0.91,-0.925,,,,-0.9475
V-04649,ZBNI.V,ZEB Nickel Corp.,TSXV,Nickel,2021-08-11,ok,True,2021-08-12,2026-08-24,1263.0,8.0,False,1.0,0.0,0.0,3609.0,4174044.75,0.694,0.68,0.28,0.25,0.24,0.16,0.12,0.035,0.085,,,,0.095,-0.0202,-0.5965,-0.6398,-0.6542,-0.7695,-0.8271,-0.9496,-0.8775,,,,-0.8631
V-03706,ZEN.V,Zentek Ltd.,TSXV,,2010-12-23,ok,True,2010-12-23,2026-08-25,3931.0,11.0,False,1.0,0.0,0.0,21220.0,82302695.8,0.602,0.6,0.52,0.6,0.44,0.13,0.77,2.15,0.86,0.69,1.66,1.05,0.83,-0.0033,-0.1362,-0.0033,-0.2691,-0.7841,0.2791,2.5714,0.4286,0.1462,1.7575,0.7442,0.3787
V-03766,ZFR.V,Zephyr Minerals Ltd.,TSXV,Gold,2011-11-04,no price near listing,False,2012-08-16,2026-08-25,3519.0,6.0,False,1.0,0.0,0.0,,6034404.025,,,,,,0.35,0.15,0.16,0.315,0.195,0.15,,0.06,,,,,,,,,,,,
V-01217,ZNX.V,Zincx Resources Corp.,TSXV,Silver | Lead | Zinc,,no listing date,,1996-08-08,2026-08-25,7549.0,,,,,,,15971171.985,,,,,,,,,,,,,0.095,,,,,,,,,,,,
V-04999,ZAU.V,Zodiac Gold Inc.,TSXV,Gold,2024-01-29,ok,True,2024-01-29,2026-08-25,647.0,6.0,False,1.0,0.0,0.0,53900.0,48739155.42,0.139,0.13,0.1,0.13,0.1,0.07,0.2,,,,,,0.31,-0.0647,-0.2806,-0.0647,-0.2806,-0.4964,0.4388,,,,,,1.2302
V-03125,ZON.V,Zonte Metals Inc.,TSXV,,2010-10-18,ok,True,2010-08-17,2026-08-25,4021.0,11.0,False,2.0,1.0,0.0,107320.0,11063533.65,0.21,0.215,0.25,0.565,0.5,0.34,0.11,0.05,0.03,0.17,0.23,0.14,0.095,0.0238,0.1905,1.6905,1.381,0.619,-0.4762,-0.7619,-0.8571,-0.1905,0.0952,-0.3333,-0.5476
