ticker,ticker_full,name_yahoo,exchange,quote_type,currency,financial_currency,sector,industry,industry_key,summary,employees,website,hq_country,hq_city,hq_state,price,mcap_yahoo,shares_outstanding,float_shares,volume_avg,volume_avg_10d,beta,revenue_info,ebitda_info,gross_margin,operating_margin,profit_margin,total_cash,total_debt_info,held_insiders,held_institutions,analysts,revenue_stmt,cost_of_revenue,gross_profit,ebitda_stmt,operating_income,net_income,revenue_year,construction_in_progress,net_ppe,gross_ppe,total_assets,cash_and_equiv,total_debt,stockholders_equity,balance_year,capex,stock_issuance,operating_cf,free_cf,exploration_spend,cashflow_year,fetch_status,fetch_note,fetched_at
10X,10X.AX,Exultant Mining Limited,ASX,EQUITY,AUD,AUD,Basic Materials,Other Industrial Metals & Mining,other-industrial-metals-mining,"Exultant Mining Limited engages in the acquisition, exploration, and development of mineral resource projects in Australia and internationally. The company explores gold, silver, lithium, copper, zinc, nickel, and base metal deposits. It holds 100% interest in the Peak View Project which covers 122 square kilometers located in New South Wales; the Black Hammer Project covering an area of 310 square kilometers located in New South Wales; the Deep Dykes Project covering 35 an area of approximately 100 square kilometres located in Western Australia. Exultant Mining Limited was incorporated in 2025 and is based in Perth, Australia.",,https://www.exultantmining.com.au,Australia,Perth,WA,0.15,5610000,37400001,24236545,58912,46293,,,,0.0,0.0,0.0,4291999,0,0.49573,0.0,,,,,-76261.0,-76261.0,-76261.0,2025,,1180512.0,1180512.0,5664715.0,4483459.0,,5631707.0,2025,,100001.0,,-47985.0,,2025,ok,,2026-09-02T10:01:45
1AE,1AE.AX,Aurora Energy Metals Limited,ASX,EQUITY,AUD,AUD,Energy,Uranium,uranium,"Aurora Energy Metals Limited engages in the mineral exploration activities in the United States and Australia. The company primarily explores for uranium and lithium deposits. Its flagship project is the Aurora Uranium Project located in southeast Oregon, the United States. Aurora Energy Metals Limited was incorporated in 2015 and is based in Subiaco, Australia.",,https://www.auroraenergymetals.com,Australia,Subiaco,WA,0.057,10206633,179063737,101088642,164918,201351,0.85,11769,-640071,1.0,-14.560861,69.87255,1460841,0,0.32582,0.08104999,,,,,-2451776.0,-2472514.0,-2357860.0,2024,,395575.0,395575.0,2274995.0,1595171.0,,1908706.0,2024,-418479.0,60000.0,,-2015473.0,,2023,ok,,2026-09-02T10:01:49
1MC,1MC.AX,Morella Corporation Limited,ASX,EQUITY,AUD,AUD,Basic Materials,Other Industrial Metals & Mining,other-industrial-metals-mining,"Morella Corporation Limited focuses on the exploration and project development of lithium and battery minerals in Australia and the United States. The company operates through Exploration Services and Mineral Exploration segments. It also provides drilling services primarily to mining and exploration companies. The company was formerly known as Altura Mining Limited and changed its name to Morella Corporation Limited in December 2021. Morella Corporation Limited was incorporated in 2000 and is based in West Perth, Australia.",,https://www.morellacorp.com,Australia,West Perth,WA,0.031,12641924,407803985,162864032,363723,67872,0.251,661006,-2631901,0.20499,-5.22903,0.0,2259000,5222000,0.53361,0.0,,526200.0,435134.0,91066.0,-2625866.0,-2685300.0,-2901986.0,2024,,10770411.0,11753322.0,12870721.0,420820.0,3534145.0,7810546.0,2024,-5583340.0,8550000.0,,-8638199.0,,2024,ok,,2026-09-02T10:01:51
29M,29M.AX,29Metals Limited,ASX,EQUITY,AUD,AUD,Basic Materials,Other Precious Metals & Mining,other-precious-metals-mining,"29Metals Limited operates as a copper-focused base and precious metals mining company in Australia and Chile. The company explores copper, gold, silver, zinc, and lead deposits. It is also involved in base and precious metals mining, mineral production, and associated activities; exploration for mineral resources; and Cervantes, and Gossan Valley projects. Its primary assets include the Golden Grove property covering an area of approximately 129 square kilometers located in Western Australia; the Capricorn Copper property covering an area of approximately 1,900 square kilometers situated in Queensland; and Redhill property covering an area of approximately 227 square kilometers. 29Metals Limited was incorporated in 2021 and is headquartered in Melbourne, Australia.",,https://www.29metals.com,Australia,Melbourne,VIC,0.35,612526784,1750076545,908394933,4262824,4879518,,600481984,55561500,0.11737,-0.09315,-0.07659,187551008,238888992,0.28295,0.38519,7,566295000.0,378710000.0,187585000.0,172226000.0,29380000.0,24171000.0,2025,91352000.0,778092000.0,1110231000.0,1041690000.0,102650000.0,246619000.0,446062000.0,2025,-123678000.0,180000000.0,,-68227000.0,,2025,ok,,2026-09-02T10:01:54
49M,49M.AX,49 Metals Limited,ASX,EQUITY,AUD,AUD,Basic Materials,Gold,gold,"49 Metals Limited engages in acquiring, exploring, and developing gold projects in North America. The company operates Gold Mountain Project located in Esmeralda County, Nevada; the Sinter Project located in Esmeralda County, Nevada; and the Buffalo Canyon Project located in Nye County, Nevada. 49 Metals Limited was incorporated in 2021 and is based in Subiaco, Australia.",,https://www.49metals.com.au,Australia,Subiaco,WA,0.115,9457216,82236653,26590081,248961,552687,,,,0.0,0.0,0.0,198038,0,0.40261,0.068569995,,,,,,-66322.0,-66002.0,2025,,1559188.0,1559188.0,11217196.0,9184873.0,,9685796.0,2025,,494000.0,,,,2025,ok,,2026-09-02T10:01:57
6KA,6KA.AX,"6K Additive, Inc.",ASX,EQUITY,AUD,USD,Basic Materials,Other Industrial Metals & Mining,other-industrial-metals-mining,"6K Additive, Inc. produces premium metal powders, alloy additions, and mill products for additive manufacturing and other applications in the United States. Its products include metal powders, alloy compacts, and mill products. It offers two types of metal powder including spherical metal powders for principal additive manufacturing products with particle size distributions for laser powder bed fusion (LPBF), electron beam melting (EBM), directed energy deposition (DED/laser blown powder) and binder jetting; and angular metal powders including titanium and chromium powders for cold spray, coatings and conventional powder metallurgy markets. The company's alloy compacts including titanium/zirconium additions are melt additives consumed primarily in aluminum alloying and other metallurgical processes including rolling mills, casthouses and foundries to control chemistry, and microstructure in aluminum production. The company also offers mill products comprising nickel and titanium ingots and selective scrap trading. The company's products are used in various industries, such as aerospace, defense, medical, industrial application energy, contract manufacturing, printer original equipment manufacturers. 6K Additive, Inc. was founded in 2017 and is headquartered in Burgettstown, Pennsylvania. 6K Additive, Inc. operates as a subsidiary of 6K Inc.",75,https://6kadditive.com,United States,Burgettstown,PA,0.83,222272752,267798503,52611694,131601,139269,,23278236,-10968772,-0.01293,-0.54333997,-0.56409,22106884,354515,0.68481004,0.063039996,2,17676045.0,19389907.0,-1713862.0,-12932083.0,-13139515.0,-17911307.0,2025,-5715246.0,19000765.0,19000765.0,69097344.0001,29469303.0,360618.0,62916505.0,2025,-1925982.0,40081109.0,,-16134896.0,,2025,ok,,2026-09-02T10:01:59
A11,A11.AX,Atlantic Lithium Limited,ASX,EQUITY,AUD,AUD,Basic Materials,Other Industrial Metals & Mining,other-industrial-metals-mining,"Atlantic Lithium Limited engages in the exploration and development of mineral properties in Australia, Ivory Coast, and Ghana. The company primarily explores for lithium deposits. The company evaluation, development and production of its flagship project is the Ewoyaa lithium project located in Ghana. It holds interest in a lithium property covering an area of 771 square kilometers in Côte d'Ivoire. The company was formerly known as IronRidge Resources Limited and changed its name to Atlantic Lithium Limited in November 2021. Atlantic Lithium Limited was incorporated in 2007 and is based in Sydney, Australia.",,https://www.atlanticlithium.com.au,Australia,Sydney,NSW,0.3,240450992,801503291,483246427,392889,451695,0.376,289337,-4856110,1.0,-43.94665,0.0,5400411,0,0.35459,0.07478,1,10645.0,61486.0,-61486.0,-12331360.0,-6519037.0,-6593824.0,2025,,37970806.0,1363923.0,41186220.0,5386779.0,176253.0,35451129.0,2025,-25136888.0,10268528.0,,-24454548.0,,2024,ok,,2026-09-02T10:02:02
A1M,A1M.AX,AIC Mines Limited,ASX,EQUITY,AUD,AUD,Basic Materials,Other Precious Metals & Mining,other-precious-metals-mining,"AIC Mines Limited engages in the exploration, development, and production of mines in Australia. The company operates through Mining, and Exploration, Development and Corporate segments. It explores for gold, copper, nickel, and silver deposits. The company's exploration projects include Eloise Regional project located in Eloise; Cannington project is in south of Eloise; Windsor project is in south of Charters Towers; Delamerian project is situated in western New South Wales; and South Australian projects is in north-eastern Gawler Crato. AIC Mines Limited was incorporated in 1993 and is based in Subiaco, Australia.",,https://www.aicmines.com.au,Australia,Subiaco,WA,0.78,622143424,797619821,487082496,2037049,2078201,0.137,245230000,101683000,0.33504,0.26307,0.16916999,63243000,79564000,0.34636003,0.08688,6,182469000.0,112264000.0,70205000.0,53086000.0,14139000.0,7694000.0,2024,,161955000.0,182422000.0,266786000.0,74341000.0,6994000.0,219114000.0,2024,-65555000.0,53737000.0,,-13629000.0,,2024,ok,,2026-09-02T10:02:04
A4N,A4N.AX,Alpha HPA Limited,ASX,EQUITY,AUD,AUD,Basic Materials,Aluminum,aluminum,"Alpha HPA Limited, a specialty materials and technology company, focuses on the delivery and operation of the HPA First and Alpha Sapphire projects in Queensland. It offers aluminium products for use in semiconductors, lithium-ion batteries, direct lithium extraction, synthetic sapphire glass for sapphire optics, power-semiconductors, and micro-led technology, as well as technical ceramics and specialty catalysts. The company was formerly known as Collerina Cobalt Limited and changed its name to Alpha HPA Limited in November 2018. Alpha HPA Limited was incorporated in 2003 and is based in Sydney, Australia.",,https://alphahpa.com.au,Australia,Sydney,NSW,0.647,939377024,1451896391,805551730,6823385,11407271,0.987,510066,-39936088,0.0,-93.106865,0.0,45938748,26840900,0.24520999,0.27453,5,317517.0,13044.0,317517.0,-28914278.0,-43551320.0,-32555318.0,2025,79791442.0,125503695.0,131167602.0,283371408.0,102035989.0,4415369.0,218875711.0,2025,-88238940.0,223973213.0,,-106475307.0,,2025,ok,,2026-09-02T10:02:08
A8G,A8G.AX,Australasian Metals Limited,ASX,EQUITY,AUD,AUD,Basic Materials,Gold,gold,"Australasian Metals Limited, together with its subsidiaries, engages in the exploration of gold, lithium, bauxite, and precious metals in Australia. The company was formerly known as Australasian Gold Limited and changed its name to Australasian Metals Limited in December 2021. Australasian Metals Limited was incorporated in 2018 and is based in West Perth, Australia.",,https://australasiangold.com,Australia,West Perth,WA,0.1,5788972,57889725,25635886,54535,83134,0.411,,-507498,0.0,0.0,0.0,2681132,42088,0.55716,0.0,,,,,-309888.0,-874540.0,-335657.0,2024,,3870058.0,3914029.0,7357249.0,1150980.0,6386.0,7127615.0,2024,-711468.0,2500000.0,,-834858.0,,2024,ok,,2026-09-02T10:02:11
AA2,AA2.AX,Ariana Resources plc,ASX,EQUITY,AUD,GBP,Basic Materials,Gold,gold,"Ariana Resources plc engages in acquisition, exploration, and development of mineral resources in Turkey, Zimbabwe, and the United Kingdom and other territories. It explores for gold, silver, copper, nickel, molybdenum, zinc, and other metals. The company's flagship property is 100% owned Dokwe gold property located in the Tsholotsho district of Bulawayo, Zimbabwe. Ariana Resources plc was incorporated in 2005 and is based in London, the United Kingdom.",49,https://arianaresources.com,United Kingdom,London,,0.275,73997368,269081335,150042436,36625,12359,0.843,,-2367000,0.0,0.0,0.0,5436000,629000,0.72822,0.0054900004,,0.0,,,-12108000.0,-3053000.0,-12360000.0,2025,,19463000.0,379000.0,46486000.0,5436000.0,629000.0,45232000.0,2025,-1427000.0,9910000.0,-2575000.0,-4002000.0,,2025,ok,,2026-09-02T10:02:13
AAI,AAI.AX,Alcoa Corporation,ASX,EQUITY,AUD,USD,Basic Materials,Aluminum,aluminum,"Alcoa Corporation, together with its subsidiaries, engages in the bauxite mining, alumina refining, aluminum production, and energy generation business in Australia, Brazil, Canada, Iceland, Norway, Spain, the United States, and internationally. The company operates through two segments: Alumina and Aluminum. It operates bauxite and other aluminous ores mining and processes bauxite into alumina for sale to aluminum smelter customers and customers who process it into industrial chemical products through supply contracts to third parties, as well as aluminum smelting and casting businesses. The company also offers aluminium powder and scrap and primary aluminum in the form of commodity grade ingot and value-add ingot to customers that produce products for transportation, building and construction, packaging, wire, and other industrial markets. In addition, it provides energy that generates and sells electricity in the wholesale market to traders, large industrial consumers, distribution companies, and other generation companies. The company was formerly known as Alcoa Upstream Corporation and changed its name to Alcoa Corporation in May 2016. The company was founded in 1886 and is headquartered in Pittsburgh, Pennsylvania.",14900,https://www.alcoa.com,United States,Pittsburgh,PA,71.52,18874802176,263909445,262840612,384640,231642,1.623,13603000320,2311000064,0.19790001,0.18356001,0.09388,1352000000,2224999936,0.0,0.06387,4,12831000000.0,10658000000.0,2173000000.0,1845000000.0,758000000.0,1157000000.0,2025,908000000.0,6700000000.0,20537000000.0,16129000000.0,1597000000.0,2707000000.0,6118000000.0,2025,-618000000.0,0.0,1185000000.0,567000000.0,,2025,ok,,2026-09-02T10:02:16
AAJ,AAJ.AX,Aruma Resources Limited,ASX,EQUITY,AUD,AUD,Basic Materials,Gold,gold,"Aruma Resources Limited operates as a mineral exploration and development company in Australia. It explores for gold, lithium, uranium, copper, and rare earth element deposits. The company was incorporated in 2010 and is based in Cottesloe, Australia.",,https://www.arumaresources.com,Australia,Cottesloe,WA,0.006,5025801,837633459,370238213,3703073,2134869,1.44,902826,-1353808,1.0,-1.48819,-1.45856,1015079,0,0.09616,0.0,,,,,-1088412.0,-2383243.0,-1125944.0,2024,,52910.0,170342.0,2407426.0,2143785.0,5879.0,2250082.0,2024,-8498.0,40000.0,,-992155.0,,2024,ok,,2026-09-02T10:02:19
AAM,AAM.AX,AuMEGA Metals Ltd,ASX,EQUITY,AUD,CAD,Basic Materials,Gold,gold,"AuMEGA Metals Ltd engages in the mineral exploration business in Canada. The company primarily explores gold, copper, lead, zinc, and silver deposits. Its flagship projects are the Cape Ray Shear Zone project located in Newfoundland, Canada. The company was formerly known as Matador Mining Limited and changed its name to AuMEGA Metals Ltd in June 2024. The company was incorporated in 2016 and is based in Osborne Park, Australia.",,https://aumegametals.com,Australia,Osborne Park,WA,0.037,53853772,1455507299,956544842,518266,181964,1.182,353341,-10488809,1.0,-11.7852,0.0,26714596,6135,0.21617001,0.46386,,,,,-14803461.0,-14915296.0,-11516513.0,2025,,150783.0,731709.0,4767010.9999,4015004.0,24266.0,2462606.0,2025,-48960.0,16174453.0,,-11586180.0,,2025,ok,,2026-09-02T10:02:22
AAR,AAR.AX,Astral Resources NL,ASX,EQUITY,AUD,AUD,Basic Materials,Gold,gold,"Astral Resources NL engages in the exploration and evaluation of gold properties in Western Australia. The company's flagship property is the 100% owned Mandilla Gold project located in the northern Widgiemooltha greenstone belt in Western Australia. The company was formerly known as Anglo Australian Resources NL and changed its name to Astral Resources NL in April 2022. Astral Resources NL was incorporated in 1985 and is based in South Perth, Australia.",,https://astralresources.com.au,Australia,South Perth,WA,0.195,352132864,1805809680,1312916282,6506079,6934848,0.828,,-3266157,0.0,0.0,0.0,75872432,318603,0.26328,0.27266002,3,,,,-2472776.0,-2599181.0,-2583863.0,2024,,29537468.0,29537468.0,35540560.0,5769340.0,119810.0,34512470.0,2024,-5035615.0,11741998.0,,-6589358.0,,2024,ok,,2026-09-02T10:02:25
AAU,AAU.AX,Antilles Gold Limited,ASX,EQUITY,AUD,USD,Basic Materials,Gold,gold,"Antilles Gold Limited engages in the exploration, evaluation, and development of mineral properties in Cuba. The company explores for gold, silver, antimony, and copper deposits. It holds interests in the La Demajagua open pit mine located on the Isle of Youth, southwest Cuba; and Nueva Sabana open pit mine situated in central Cuba. The company was formerly known as PanTerra Gold Limited and changed its name to Antilles Gold Limited in November 2020. The company was incorporated in 1984 and is based in Bowral, Australia.",,https://antillesgold.net,Australia,Bowral,NSW,0.009,29511838,3279093233,2164374782,4045094,5236384,1.192,187743,-548313,1.0,-1.41907,5.86365,3956993,64772,0.44591,0.0,,,,,1126366.0,-773515.0,1100860.0,2025,,64116.0,64116.0,21033727.0001,3956993.0,64772.0,20022255.0,2025,-1672444.0,4448149.0,,-854114.0,,2024,ok,,2026-09-02T10:02:27
ABR,ABR.AX,Albright Metals Ltd,ASX,EQUITY,AUD,AUD,Basic Materials,Other Industrial Metals & Mining,other-industrial-metals-mining,"Albright Metals Ltd operates as a mineral exploration company in Australia. The company explores for gold, copper, nickel, manganese, and base metal deposits. It's flagship project owned 100% interests in the Golden Pike Gold and Antimony project comprising 146 contiguous mineral claims covering approximately 3,292 hectares located in New Brunswick, Canada. Albright Metals Ltd was formerly known as Bryah Resources Limited aand changed its name to Albright Metals Ltd in November 2025. The company was incorporated in 2017 and is based in Leederville, Australia.",,https://albrightmetals.com,Australia,Leederville,WA,0.002,3107578,1553788997,738034132,999410,107608,1.392,-395601,-1972758,0.0,11.126801,0.0,,,0.39263,0.0,,,,,-1782894.0,-1820490.0,-1641728.0,2024,,11197473.0,11467230.0,12425091.0,603083.0,,11968130.0,2024,-102925.0,1530750.0,,-2267863.0,,2024,ok,,2026-09-02T10:02:30
ABX,ABX.AX,ABx Group Limited,ASX,EQUITY,AUD,AUD,Basic Materials,Aluminum,aluminum,"ABx Group Limited engages in the exploration and development of bauxite resources in Australia. The company develops the Sunrise project located in Queensland; the DL130 bauxite project located in Tasmania; Taralga and Penrose Projects located in New South Wales; and Deep Leads rare earth project located in Tasmania. It is also involved in producing industrial chemicals from aluminium smelter waste; and clean fluorine chemical production, as well as offers critical minerals, rare earth elements, fluorine, and bauxite critical minerals. The company was formerly known as Australian Bauxite Limited and changed its name to ABx Group Limited in December 2021. ABx Group Limited was incorporated in 2009 and is based in Melbourne, Australia.",,https://www.abxgroup.com.au,Australia,Melbourne,VIC,0.039,14621800,374917940,291922225,515511,778245,-0.181,115000,-1125000,0.0,-14.460871,0.0,3906000,1833000,0.15272,0.0,,115000.0,4073000.0,115000.0,-6130000.0,-4116000.0,-6471000.0,2025,,11030000.0,11891000.0,20656000.0,3906000.0,1760000.0,12797000.0,2025,-1793000.0,8125000.0,,-3908000.0,,2025,ok,,2026-09-02T10:02:33
ACM,ACM.AX,Australian Critical Minerals Limited,ASX,EQUITY,AUD,AUD,Basic Materials,Other Precious Metals & Mining,other-precious-metals-mining,"Australian Critical Minerals Limited operates as a mineral exploration company in Australia. The company explores lithium, gold, silver, copper, iron ore, base metals, lithium, and uranium deposits. It holds 100% interests in the Cooletha and Shaw projects located in Pilbara, Western Australia. The company was incorporated in 2022 and is based in Nedlands, Australia.",,https://auscriticalminerals.com.au,Australia,Nedlands,WA,0.024,3599554,149981417,63050896,221183,93886,-0.933,,-1576485,0.0,0.0,0.0,637710,0,0.47775,0.0,,102934.0,,102934.0,-2718852.0,-2720642.0,-2720642.0,2024,,422968.0,422968.0,3053644.0,1098155.0,147005.0,2898993.0,2024,-227425.0,87063.0,,-1786502.0,,2023,ok,,2026-09-02T10:02:35
ACP,ACP.AX,Audalia Resources Limited,ASX,EQUITY,AUD,AUD,Basic Materials,Other Industrial Metals & Mining,other-industrial-metals-mining,"Audalia Resources Limited engages in the exploration and evaluation of mineral properties in Australia. The company explores for vanadium, titanium, and iron deposits. It holds a 100% interest in the Medcalf project that covers an area of approximately 38 square kilometers located to the southeast of Perth near Lake Johnston, Western Australia. Audalia Resources Limited was incorporated in 2010 and is based in West Perth, Australia.",,https://www.audalia.com.au,Australia,West Perth,WA,0.022,19296996,877136191,209498607,8980,8476,0.112,11126,-341745,1.0,-69.59354,0.0,623103,5901400,0.96023005,0.0,,,,,-400252.0,-404314.0,-937364.0,2024,,12253626.0,12253626.0,12395569.0,20708.0,5613349.0,2064622.0,2024,-460116.0,,,-720112.0,,2024,ok,,2026-09-02T10:02:38
ACS,ACS.AX,Accent Resources NL,ASX,EQUITY,AUD,AUD,Basic Materials,Other Industrial Metals & Mining,other-industrial-metals-mining,"Accent Resources NL engages in the exploration and evaluation of mineral deposits in Western Australia. The company explores for iron ore, gold, base metals, and precious metal deposits. Its flagship project is the 100% owned Magnetite Range project comprising five exploration licenses, as well as one mining license covering an area of approximately 158 square kilometers located in the Midwest region of Western Australia. The company was incorporated in 2005 and is based in West Perth, Australia. Accent Resources NL operates as a subsidiary of Rich Mark Development Group Pty Ltd.",,https://www.accentresources.com.au,Australia,West Perth,WA,0.29,141965808,489537283,8141005,81392,191757,1.544,11000,-1150000,1.0,-91.83333,0.0,9746000,22333000,0.98511004,0.0,,,,,-1034000.0,-1380000.0,-3967000.0,2024,,12889000.0,13284000.0,22224000.0,6678000.0,28659000.0,1803000.0,2024,-2471000.0,5500000.0,,-2951000.0,,2024,ok,,2026-09-02T10:02:41
ADC,ADC.AX,ACDC Metals Limited,ASX,EQUITY,AUD,AUD,Basic Materials,Other Industrial Metals & Mining,other-industrial-metals-mining,"ACDC Metals Limited an integrated mineral exploration and rare earth technology company, focuses on the exploration and resource development of heavy mineral sands projects in Australia. The company explores for rare earth elements. It holds 80% interest in the Goschen Central project, 80% interest in the Douglas project, and 100% ownership in the Watchem project, as well as 80% interest in the Watchem North Project located in the Murray Basin, Victoria, Australia. The company was formerly known as ACDC Metals Head Co Ltd and changed its name to ACDC Metals Limited in October 2021. The company was incorporated in 2021 and is based in Melbourne, Australia.",,https://acdcmetals.com.au,Australia,Melbourne,VIC,0.044,5286346,120144226,47303036,88386,15297,-0.068,,,0.0,0.0,0.0,1952647,0,0.37240002,0.0,,,,,-785125.0,-785125.0,-501880.0,2024,,7184033.0,7184033.0,10907406.0,3596478.0,,10582527.0,2024,-773040.0,8263957.0,,-1524572.0,,2025,ok,,2026-09-02T10:02:44
ADN,ADN.AX,Andromeda Metals Limited,ASX,EQUITY,AUD,AUD,Basic Materials,Other Industrial Metals & Mining,other-industrial-metals-mining,"Andromeda Metals Limited operates as a mineral exploration company in Australia. The company explores for kaolinite, halloysite, and high purity alumina deposits. Its flagship project is the 100% owned Great White Project comprises three mining tenements and three exploration tenements located in the South Australia. The company was formerly known as Adelaide Resources Limited and changed its name to Andromeda Metals Limited in December 2016. The company was incorporated in 1993 and is headquartered in Adelaide, Australia.",,https://www.andromet.com.au,Australia,Adelaide,SA,0.006,27741800,4623633361,4120282544,7100676,12873615,2.054,,-6096357,0.0,0.0,0.0,10061519,260023,0.11849,0.00055,1,,,,-8299432.0,-8790247.0,-7269156.0,2024,3223233.0,149936309.0,151075125.0,158068015.0,5436262.0,581335.0,154875934.0,2024,-7895436.0,45331913.0,,-12947819.0,,2024,ok,,2026-09-02T10:02:46
ADY,ADY.AX,Admiralty Resources NL,ASX,EQUITY,AUD,AUD,Basic Materials,Other Industrial Metals & Mining,other-industrial-metals-mining,"Admiralty Resources NL, together with its subsidiaries, engages in the mineral exploration business in Australia and Chile. The company explores for iron, nickel, and cobalt deposits. Its flagship project is the Mariposa Iron Ore Project located in Chile. The company was incorporated in 1981 and is headquartered in North Sydney, Australia.",,https://ady.com.au,Australia,North Sydney,NSW,0.006,15776877,2629479399,1469563447,0,0,0.067,,-1797850,0.0,-30.68376,0.0,3449933,17774624,0.48459998,0.0,,12341.0,,12341.0,-1831809.0,-2002516.0,-4045058.0,2024,,346187.0,551353.0,7092674.0,1754479.0,17161291.0,-13622151.0,2025,-22256.0,6942777.0,,-2152234.0,,2025,ok,,2026-09-02T10:02:49
AEM,AEM.AX,Advanced Engineered Materials Ltd,ASX,EQUITY,AUD,AUD,Basic Materials,Aluminum,aluminum,"Advanced Engineered Materials Ltd engages in the production and supply of high purity alumina, aluminum derivatives, and aluminum chloride products in Australia, Canada, and Japan. The company operates the Cap-Chat Plant which deploys the chlorine leach crystallisation process for aluminum production. Its products comprises alpha alumina, gamma alumina, and pucks made of compressed alumina. It uses Chlorine Leach Crystallization Purification process for the manufacturing of aluminum derivatives. Its alpha alumina and gamma alumina products are marketed under the brand name SupALOX; aluminum chlorides under SupACH; and alpha alumina pucks under SupPUCK. The company's products are used in a wide range of industries, such as ceramics, Single Crystal Sapphire for various semiconductor applications and luxury goods, batteries, polishing, phosphors, thermal management, and catalysis. The company was formerly known as Advanced Energy Minerals Limited and changed its name to Advanced Engineered Materials Ltd in June 2026. Advanced Engineered Materials Ltd was incorporated in 2001 and is based in Wyong, Australia.",,https://aemhpa.com,Australia,Wyong,NSW,0.35,206326128,589503244,273959843,148657,62891,,833347,-26646686,0.0,-32.80835,0.0,23667484,12303377,0.56488,0.01132,2,622315.0,466776.0,155539.0,-22563792.0,-24786355.0,-28662719.0,2025,2965811.0,121099058.0,126787930.0,217104863.0,39823506.0,12858540.0,188915353.0,2025,-11434941.0,44844923.0,,-31575567.0,,2025,ok,,2026-09-02T10:02:52
AEU,AEU.AX,Atomic Eagle Limited,ASX,EQUITY,AUD,AUD,Energy,Uranium,uranium,"Atomic Eagle Limited, a mineral resources company, engages in the acquisition, exploration, and development of uranium properties in Africa. Its flagship project is the 100% owned Muntanga Uranium Project with three contiguous mining permits covering an area of 691 square kilometers located in the Siavonga and Chirundu Districts in the southeastern region of Zambia. Atomic Eagle Ltd. was incorporated in 2006 and is based in Perth, Australia.",,https://www.atomiceagle.com.au,Australia,Perth,WA,0.51,200588400,393310581,29222769,961525,1221655,,64000,-15121452,1.0,-28.13158,0.0,16313000,0,0.40123,0.10941,1,32563787.0,20130254.0,12433533.0,-15279452.0,-15356585.0,-39101767.0,2022,5988.0,2391508.0,2763840.0,24008401.0,19338619.0,10732763.0,21694572.0,2022,-77532.0,21744558.0,,-14297966.0,,2025,ok,,2026-09-02T10:02:55
AEV,AEV.AX,Avenira Limited,ASX,EQUITY,AUD,AUD,Basic Materials,Other Industrial Metals & Mining,other-industrial-metals-mining,"Avenira Limited, together with its subsidiaries, engages in the development of mineral deposits in Australia. It primarily explores for gold and phosphate deposits. The company holds 100% interests in the Wonarah phosphate project located in the Northern Territory; and Jundee South Gold project located in Western Australia. The company was formerly known as Minemakers Limited and changed its name to Avenira Limited in November 2015. Avenira Limited was incorporated in 2005 and is based in West Perth, Australia.",,https://avenira.com,Australia,West Perth,WA,0.007,38010628,5430089695,1078714540,1106833,2266549,2.574,-9710,-3511579,0.0,-65.33766,0.0,2255134,0,0.71406996,0.0,,,,,-2865002.0,-2971429.0,-3122830.0,2024,,15363420.0,15363420.0,21893548.0,425959.0,3464317.0,15810753.0,2024,-4295989.0,6260157.0,,-5500943.0,,2024,ok,,2026-09-02T10:02:57
AGC,AGC.AX,Australian Gold and Copper Limited,ASX,EQUITY,AUD,AUD,Basic Materials,Gold,gold,"Australian Gold and Copper Limited, an exploration company, explores for and develops multi-asset gold portfolio in Australia. The company primarily focuses on the exploration of gold, copper, and base metals. It holds a 100% interest in the Moorefield project comprising two exploration licenses covering 480 square kilometers; the Gundagai project consisting of an exploration license covering 265 square kilometers; and the Cargelligo project with an exploration license covering 227 square kilometers located 15km west of the town of Lake Cargelligo in New South Wales, Australia. The company was incorporated in 2019 and is based in Orange, Australia. Australian Gold and Copper Limited is a subsidiary of Geozen Resources Group Co Limited.",,https://www.austgoldcopper.com.au,Australia,Orange,NSW,0.155,51388448,331538379,110359151,183615,178107,1.469,,-2236189,0.0,0.0,0.0,8338118,0,0.66209,0.0,,,,,-912417.0,-938382.0,-644414.0,2024,,16101189.0,16182420.0,43762945.0,27238989.0,,30382431.0,2024,-2074884.0,15050000.0,,-2650747.0,,2024,ok,,2026-09-02T10:03:00
AGD,AGD.AX,Austral Gold Limited,ASX,EQUITY,AUD,USD,Basic Materials,Other Precious Metals & Mining,other-precious-metals-mining,"Austral Gold Limited, together with its subsidiaries, engages in the exploration, production, and mining of gold and silver deposits in Chile, Argentina, and internationally. It explores gold and silver. The company holds 100% interest in the Guanaco/Amancaya Mine Complex located to the southeast of Antofagasta in Northern Chile; and Casposo/Manantiales Mine Complex located in in Argentina. It is also involved in Paleocene Belt exploration project located in Chile; and Triassic Choiyoi Belt exploration project located in Argentina. The company was formerly known as Diamond Rose NL and changed its name to Austral Gold Limited in November 2006. Austral Gold Limited was incorporated in 1996 and is based in Sydney, Australia. Austral Gold Limited operates as a subsidiary of Inversiones Financieras Del Sur S.A.",,https://www.australgold.com,Australia,Sydney,NSW,0.145,96875032,668103679,64017253,295851,568901,,99163000,35163000,0.45852003,0.39556998,0.31736,20274000,21964000,0.72423,0.01942,,51170000.0,32392000.0,18778000.0,25237000.0,5693000.0,14726000.0,2025,,59770000.0,291207000.0,96867000.0,10531000.0,26571000.0,29696000.0,2025,-8380000.0,656000.0,,872000.0,,2025,ok,,2026-09-02T10:03:02
AGR,AGR.AX,Aguia Resources Limited,ASX,EQUITY,AUD,AUD,Basic Materials,Other Industrial Metals & Mining,other-industrial-metals-mining,"Aguia Resources Limited engages in the exploration and development of mineral resource projects in Brazil and Colombia. The company primarily explores for phosphate, copper, gold, zinc, and silver deposits. It holds interests in the Santa Barbara Gold project located in the northern tip of the Serranía de San Lucas; Organic Phosphate project located in Rio Grande do Sul in southernmost Brazil; El Dovio property in the western range of the Colombian Andes; copper tenements in Rio Grande do Sul; and Atocha project located in Colombia. The company was formerly known as Newport Mining Limited. Aguia Resources Limited was incorporated in 2007 and is headquartered in Porto Alegre, Brazil.",,https://aguiaresources.com.au,Brazil,Porto Alegre,RS,0.017,40800356,2400020748,1450045583,3182522,1888925,-0.413,493962,-2992908,0.96524,-8.38849,0.0,1873734,7685528,0.23758,0.00409,,,,,-5796206.0,-5805210.0,-5795437.0,2024,,35883750.0,36030266.0,37281789.0,1012753.0,95000.0,36348237.0,2024,-589077.0,3300794.0,,-2645277.0,,2024,ok,,2026-09-02T10:03:05
AGY,AGY.AX,Argosy Minerals Limited,ASX,EQUITY,AUD,AUD,Basic Materials,Other Industrial Metals & Mining,other-industrial-metals-mining,"Argosy Minerals Limited, together with its subsidiaries, engages in the exploration and development of lithium properties in Argentina and the United States. Its flagship asset is the 77.5% owned Rincon Lithium project, which comprises an area of approximately 2,794 hectares of mining titles and mining easement landholdings located in Salta Province, Argentina. Argosy Minerals Limited is headquartered in Perth, Australia.",,https://www.argosyminerals.com.au,Australia,Perth,WA,0.038,58651516,1543460934,1292506993,2608058,1299996,0.653,179480,775856,1.0,2.62664,40.73009,4258663,93977,0.18247999,0.0099599995,,,,,7405536.0,8391999.0,7310236.0,2025,,11898467.0,11967589.0,86464575.0,4258663.0,93977.0,86189116.0,2025,-1544364.0,2300000.0,,-2520776.0,,2025,ok,,2026-09-02T10:03:08
AHK,AHK.AX,Ark Mines Limited,ASX,EQUITY,AUD,AUD,Basic Materials,Gold,gold,"Ark Mines Limited engages in the acquisition and exploration of mineral properties in Australia. The company explores for nickel, scandium, cobalt, copper, chromite, manganese, gold, iron, rare earth elements. It focuses on Sandy Mitchell Rare Earth project located in Northern Queensland. The company was incorporated in 2007 and is based in Sydney, Australia.",,https://www.arkmines.com,Australia,Sydney,NSW,0.325,23509938,72338268,29749833,59759,76038,0.259,6000,-1120989,1.0,-191.4205,0.0,1301374,575753,0.59781,0.0,,,,,-1208352.0,-1232680.0,-1203997.0,2024,,4897084.0,4931116.0,6348253.0,1349127.0,,6097802.0,2024,-1559028.0,3114258.0,,-2687373.0,,2024,ok,,2026-09-02T10:03:10
AHN,AHN.AX,Athena Resources Limited,ASX,EQUITY,AUD,AUD,Basic Materials,Other Industrial Metals & Mining,other-industrial-metals-mining,"Athena Resources Limited operates as a mineral exploration company in Australia. The company explores for iron ore, anomalous copper, nickel, platinum group element, and chromite deposits. The company holds a 100% interest in the Byro project located in Western Australia. The company was incorporated in 2005 and is based in Perth, Australia.",,https://www.athenaresources.com.au,Australia,Perth,WA,0.06,9422881,157048019,38702546,54113,60374,0.697,,-931943,0.0,0.0,0.0,574792,0,0.59181,0.0,,,,,-651224.0,-652291.0,-696229.0,2024,,13047729.0,13120200.0,13186090.0,18942.0,320000.0,12725135.0,2024,-966596.0,320000.0,,-1737074.0,,2024,ok,,2026-09-02T10:03:13
AII,AII.AX,Almonty Industries Inc.,ASX,EQUITY,AUD,CAD,Basic Materials,Other Industrial Metals & Mining,other-industrial-metals-mining,"Almonty Industries Inc. engages in mining, processing, and shipping of tungsten concentrates. The company explores for tin and tungsten deposits. It holds 100% interests in the Canada, Korea, Portugal, Spain, and the United States projects and mines. The company is headquartered in Dillon, Montana.",341,https://almonty.com,United States,Dillon,MT,25.89,7346076672,283741849,218965544,15497,24204,1.32,85803000,5135000,0.49807,0.37512,1.2523,1227241984,813148032,3.7425601,0.0,,32514000.0,30139000.0,2375000.0,-156367000.0,-29231000.0,-161913000.0,2025,,266439000.0,314211000.0,589732000.0,265948000.0,162113000.0,357811000.0,2025,-60849000.0,313320000.0,-19136000.0,-79985000.0,,2025,ok,,2026-09-02T10:03:16
AIS,AIS.AX,Aeris Resources Limited,ASX,EQUITY,AUD,AUD,Basic Materials,Other Industrial Metals & Mining,other-industrial-metals-mining,"Aeris Resources Limited explores, produces, and sells precious and base metals in Australia. The company operates through Tritton Copper Operations (Tritton), Cracow Gold Operations (Cracow), and Projects segments. It also explores for copper, zinc, gold, and silver deposits. The company was formerly known as Straits Resources Limited and changed its name to Aeris Resources Limited in December 2015. Aeris Resources Limited was incorporated in 2010 and is based in Brisbane, Australia.",,https://www.aerisresources.com.au,Australia,Brisbane,QLD,0.485,726086144,1497084838,906645621,12767795,15541034,,702800000,294376000,0.29937,0.35104,0.25398,,,0.15245,0.26977,6,540020000.0,468390000.0,71630000.0,32338000.0,12563000.0,-24258000.0,2024,,473598000.0,1030832000.0,562744000.0,24761000.0,61670000.0,271788000.0,2024,-93482000.0,28526000.0,,-30940000.0,,2024,ok,,2026-09-02T10:03:18
AIV,AIV.AX,ActivEX Limited,ASX,EQUITY,AUD,AUD,Basic Materials,Other Industrial Metals & Mining,other-industrial-metals-mining,"ActivEX Limited engages in the acquisition, identification, and delineation of mineral resource projects through exploration in Australia. The company primarily explores for lithium, gold, copper and rare earths deposits. ActivEX Limited was incorporated in 2005 and is based in Sydney, Australia.",,https://www.activex.com.au,Australia,Sydney,NSW,0.025,7812886,312515461,118318355,64220,15339,0.264,,-774286,0.0,0.0,0.0,98031,2152845,0.7246,0.0,,,,,-2437859.0,-2430838.0,-2700814.0,2024,,5782211.0,6212524.0,5899559.0,53334.0,2544147.0,3226149.0,2024,-456703.0,1998057.0,,-893801.0,,2024,ok,,2026-09-02T10:03:20
AJX,AJX.AX,Alexium International Group Limited,ASX,EQUITY,AUD,USD,Basic Materials,Specialty Chemicals,specialty-chemicals,"Alexium International Group Limited provides performance chemicals for advanced materials applications with a focus on flame retardancy and thermal management in the United States. It offers thermal regulation solutions, such as Alexicool, a PCM finishing treatment for fabrics; Biocool, a natural and biobased microencapsulated PCM cooling; Eclipsys, a perpetual cooling technology that enhance the cooling experience; and DelCool, a thermal management product. The company also provides flame retardant solutions, including Alexiflam, a flame-retardant treatment for cotton and cellulose-based textiles; AlexiGuard, a flame-retardant emulsion tailored for 100% polyester fabric; and AlexiShield, a water-resistant flame-retardant solution for providing enhanced flame resistance in mattresses. In addition, it offers Nextek, a mPCM technology delivering high thermal stability with robust capsule walls; Vivtek, a single integrated solution combining a strong, versatile capsule wall with a bio-based core; and microencapsulated PCM technologies. It serves furniture, bedding and mattress, defense, performance apparel, building materials, electronics, life science and medical devices, packaging and logistics, personal comfort and safety, and transportation markets. The company is headquartered in Greer, South Carolina.",,https://www.alexiuminternational.com,United States,Greer,SC,0.007,21894496,3127784951,748380329,295264,530616,,4232446,-2709511,0.28939,-1.12941,-1.48438,217080,1317192,0.21361,0.62557,,3921730.0,2231759.0,1689971.0,-3246436.0,-3158755.0,-3926289.0,2025,,603086.0,3531099.0,2876724.9999,662450.0,2545414.0,-402078.0,2025,-218085.0,2984023.0,,-2795565.0,,2025,ok,,2026-09-02T10:03:23
AKA,AKA.AX,Aureka Limited,ASX,EQUITY,AUD,AUD,Basic Materials,Gold,gold,"Aureka Limited engages in the mineral exploration business in Australia. It primarily produces gold, and silver deposits. The company's flagship project owned 100% interests in the Stawell Corridor gold project located in North-West of Melbourne, Victoria. The company was formerly known as Navarre Minerals Limited and changed its name to Aureka Limited in December 2024. Aureka Limited was incorporated in 2007 and is based in Melbourne, Australia.",,https://aureka.com.au,Australia,Melbourne,VIC,0.125,19893626,159149010,108504864,227133,395717,0.939,8631,-6222167,1.0,-1658.8755,0.0,4967582,573446,0.33463,0.00847,,114472728.0,102604863.0,11867865.0,3762004.0,-991076.0,2683080.0,2022,,32705837.0,32705837.0,33561911.0,506460.0,1728336.0,31158599.0,2024,-550762.0,41476595.0,,-1608858.0,,2024,ok,,2026-09-02T10:03:25
AKM,AKM.AX,Aspire Mining Limited,ASX,EQUITY,AUD,USD,Basic Materials,Coking Coal,coking-coal,"Aspire Mining Limited engages in the development of fat coking coal project in Australia and Mongolia. The company holds 100% interest in the Ovoot Coking Coal Project with mining license located in the Khuvsgul aimag province of north-western Mongolia. It also holds a 90% interest in the Nuurstei coking coal project that consists of mining license located in the Khuvsgul aimag province of north-western Mongolia. Aspire Mining Limited was incorporated in 2006 and is based in Sydney, Australia.",,https://aspirelimited.com,Australia,Sydney,NSW,0.205,104065584,507636985,104908259,51789,29024,0.663,,-2882828,0.0,0.0,0.0,5041262,0,0.78901,0.00514,,,,,-2641569.0,-2932601.0,-12847804.0,2025,1602870.0,30870246.0,30920019.0,39972638.0,5041262.0,,39687390.0001,2025,-6164288.0,,,-8644997.0,,2025,ok,,2026-09-02T10:03:28
AKN,AKN.AX,AuKing Mining Limited,ASX,EQUITY,AUD,AUD,Basic Materials,Other Industrial Metals & Mining,other-industrial-metals-mining,"AuKing Mining Limited operates as a mineral resource exploration and development company in Australia, Canada, and Tanzania. It primarily explores for copper, zinc, gold, silver, lead, uranium, and other base and precious metals. The company was formerly known as Chinalco Yunnan Copper Resources Limited and changed its name to AuKing Mining Limited in May 2017. The company was incorporated in 1995 and is headquartered in Brisbane, Australia.",,https://www.aukingmining.com,Australia,Brisbane,QLD,0.015,35626004,2375066986,1176768514,7742404,9938643,,,-12701376,0.0,0.0,0.0,1330324,0,0.38247,0.0,,,,,-2255129.0,-2590969.0,-2840205.0,2025,,7969274.0,8064660.0,8109833.0,113688.0,900953.0,6297371.0,2025,-35382.0,2254217.0,,-2394244.0,,2025,ok,,2026-09-02T10:03:30
AKO,AKO.AX,AKORA Resources Limited,ASX,EQUITY,AUD,AUD,Basic Materials,Other Industrial Metals & Mining,other-industrial-metals-mining,"AKORA Resources Limited engages in the exploration, evaluation, and development of iron ore projects. Its flagship project is the Bekisopa iron ore project located in Madagascar. The company was formerly known as Indian Pacific Resources Limited and changed its name to AKORA Resources Limited in September 2020. The company was incorporated in 2009 and is headquartered in Ballarat, Australia.",,https://www.akoravy.com,Australia,Ballarat,VIC,0.078,16956806,217394941,110035229,106101,91376,0.464,5237,,1.0,-565.7316,0.0,1104878,0,0.38708,0.0,,,,,-1994609.0,-1994609.0,-1989372.0,2025,,14518984.0,14518984.0,15740746.0,1102607.0,,15543420.0,2025,-1359584.0,4044266.0,,-3291065.0,,2025,ok,,2026-09-02T10:03:33
ALB,ALB.AX,Albion Resources Limited,ASX,EQUITY,AUD,AUD,Basic Materials,Other Industrial Metals & Mining,other-industrial-metals-mining,"Albion Resources Limited acquires, explores, and evaluates resource projects in Australia. The company explores for nickel, copper, gold, silver, lead, zinc, platinum, palladium, and base metal deposits. Its flagship project is the Yandal West Project, which covers an area of 61 square kilometers located on the Yandal Greenstone belt. Albion Resources Limited was incorporated in 2017 and is based in Perth, Australia.",,https://albionresources.com.au,Australia,Perth,WA,0.06,8710999,145183333,67258404,235866,137913,0.629,1641747,,1.0,-0.56791,-2.06482,2990623,0,0.52696,0.0,,,,,-778444.0,-778444.0,-651901.0,2024,,143560.0,161505.0,2687606.0,2642523.0,145678.0,2648739.0,2022,,1402885.0,,-597019.0,,2023,ok,,2026-09-02T10:03:36
ALK,ALK.AX,Alkane Resources Ltd,ASX,EQUITY,AUD,AUD,Basic Materials,Gold,gold,"Alkane Resources Ltd operates as a gold exploration and production company in Australia. It primarily explores for gold, copper, nickel, zinc, and silver deposits. The company also invests in junior gold mining companies and projects. Alkane Resources Ltd was incorporated in 1969 and is headquartered in West Perth, Australia.",,https://www.alkane.com.au,Australia,West Perth,WA,1.855,2534309888,1366204821,555225639,5149054,7320815,1.524,935822016,473913984,0.3695,0.36102,0.24441,431899008,15059000,0.14485,0.35127997,6,172991000.0,102906000.0,70085000.0,62932000.0,23643000.0,17677000.0,2024,76384000.0,373153000.0,752116000.0,464696000.0,45519000.0,49018000.0,309374000.0,2024,-135497000.0,-9000.0,,-82594000.0,,2024,ok,,2026-09-02T10:03:39
ALR,ALR.AX,Altair Minerals Limited,ASX,EQUITY,AUD,AUD,Basic Materials,Other Industrial Metals & Mining,other-industrial-metals-mining,"Altair Minerals Limited engages in the exploration of natural resources in Australia and Canada. The company explores for gypsum, lithium, cobalt, and copper deposits. It holds 100% interests in the Pyramid Lake project covering an area of 112.66 square kilometers located in Esperance, Western Australia; Cobalt X project located in Queensland; and the Olympic Domain project consisting of three prospects located in Gawler Craton, South Australia. The company also holds 80% interests in the Wee MacGregor project comprising three granted mining licenses located in southeast of Mt Isa, Queensland. In addition, it has an option to acquire 80% interests of the Venatica project located in Abancay, Peru. The company was formerly known as Cohiba Minerals Limited and changed its name to Altair Minerals Limited in May 2024. Altair Minerals Limited was incorporated in 2011 and is headquartered in Melbourne, Australia.",,https://www.altairminerals.com.au,Australia,Melbourne,VIC,0.05,331446656,6628932966,2470236007,8385826,14014437,2.192,,-1091826,0.0,0.0,0.0,12179720,0,0.58418,0.12295,,,,,-3273365.0,-3273365.0,-3262569.0,2024,,8629435.0,8629435.0,10633655.0,1974288.0,,10131041.0,2024,-554145.0,2563861.0,,-1932725.0,,2024,ok,,2026-09-02T10:03:41
ALU,ALU.AX,Alurion Resources Limited,ASX,EQUITY,AUD,USD,Basic Materials,Other Industrial Metals & Mining,other-industrial-metals-mining,"Alurion Resources Limited, a mineral development company, engages in the exploration of rare earth elements and critical minerals in Brazil. It operates Amargosa project that comprises 46 mining rights covering an area of 748 square kilometers located in the Amargosa District, Bahia, Brazil. The company was incorporated in 2025 and is based in Sydney, Australia.",,https://alurionresources.com,Australia,Sydney,NSW,0.625,,,,853304,528028,,,,0.0,0.0,0.0,,,0.59871,0.066139996,2,,,,,,,,,,,,,,,,,,,,,,ok,,2026-09-02T10:03:44
ALV,ALV.AX,Alvo Minerals Limited,ASX,EQUITY,AUD,AUD,Basic Materials,Other Precious Metals & Mining,other-precious-metals-mining,"Alvo Minerals Limited operates as a mineral exploration company in Brazil. It explores for copper, zinc, lead, silver, gold, and rare earth element (REE) deposits. The company's flagship property is the 100% owned Palma Cu-Zn VMS Project covering an area of 1000 square kilometers located in the central Brazil. Alvo Minerals Limited was incorporated in 2019 and is based in Welshpool, Australia.",,https://alvo.com.au,Australia,Welshpool,WA,0.023,6600674,286985843,160955376,756165,959003,1.046,176044,-3017013,1.0,-8.9268,0.0,1906461,0,0.36506,0.11796,,22266.0,,22266.0,-4515244.0,-4894769.0,-4757861.0,2024,,581920.0,1112596.0,1760531.0,1073641.0,31580.0,1479133.0,2024,-56911.0,4205000.0,,-4516279.0,,2024,ok,,2026-09-02T10:03:46
ALY,ALY.AX,Alchemy Resources Limited,ASX,EQUITY,AUD,AUD,Basic Materials,Gold,gold,"Alchemy Resources Limited engages in the discovery, exploration, and development of mineral properties in Australia. The company explores for gold, nickel, cobalt, copper, silver, lead, lithium, iron ore, and alumina, as well as base metals deposits. Alchemy Resources Limited was incorporated in 2007 and is based in West Leederville, Australia.",,https://alchemyresources.com.au,Australia,West Leederville,WA,0.008,9504611,1188076256,763980556,388111,389878,-1.193,103676,-532531,1.0,-30.96986,0.0,1021271,0,0.35696,0.0554,,,,,-1636193.0,-1637140.0,-1480906.0,2024,,10395371.0,10395371.0,13490898.0,3012655.0,,13251211.0,2024,-1719412.0,5600066.0,,-1992573.0,,2024,ok,,2026-09-02T10:03:49
AM3,AM3.AX,Amara Minerals Limited,ASX,EQUITY,AUD,AUD,Basic Materials,Gold,gold,"Amara Minerals Limited engages in the exploration of mineral properties in Australia and Brazil. It explores for gold and lithium. Its flagship property is the Adelong Goldfield Project located in southern New South Wales. The company was formerly known as Adelong Gold Limited and changed its name to Amara Minerals Limited in May 2026. Amara Minerals Limited was incorporated in 2006 and is based in Melbourne, Australia.",,https://amaraminerals.com,Australia,Melbourne,VIC,0.004,12455709,3113927270,1596289865,2766138,8711969,1.2,388173,-7765852,-0.49201,-438.98135,0.0,2863504,54768,0.38202,0.0,,,,,-2174434.0,-2271906.0,-2262876.0,2024,,3761250.0,4068601.0,6494655.0,1152581.0,250000.0,6073978.0,2024,-542134.0,2210000.0,,-1504092.0,,2024,ok,,2026-09-02T10:03:51
AM5,AM5.AX,Antares Metals Limited,ASX,EQUITY,AUD,AUD,Basic Materials,Other Industrial Metals & Mining,other-industrial-metals-mining,"Antares Metals Limited, together with its subsidiaries, engages in the exploration and evaluation of mineral resources in Australia. The company explores for copper, uranium, gold, silver, cobalt, zinc, lead, and rare earth element deposits. It holds 100% interest in the Mt Isa North project, which covers an area of approximately 2,003 square kilometers located in the Mt Isa region, Northwest Queensland; it acquires 100% interest in the Quinns Gold Copper-Zinc VMS Project covering an area of 165 square kilometers located in Western Australia; and it also acquires 100% interest in Katanning Gold Project covering an area of 130 square kilometers located in Western Australia. The company was formerly known as NickelSearch Limited and changed its name to Antares Metals Limited in December 2024. Antares Metals Limited was incorporated in 2004 and is based in West Perth, Australia.",,https://antaresmetals.com.au,Australia,West Perth,WA,0.006,5136617,856102899,441402697,1128295,830364,1.303,,-2547955,0.0,0.0,0.0,1067536,0,0.45158002,0.0052,,,,,-15531904.0,-15699173.0,-15619797.0,2024,,3109060.0,3162786.0,4875496.0,1682467.0,132843.0,2245294.0,2024,-1949455.0,3645843.0,,-3941499.0,,2024,ok,,2026-09-02T10:03:54
AM7,AM7.AX,Arcadia Minerals Limited,ASX,EQUITY,AUD,AUD,Basic Materials,Other Industrial Metals & Mining,other-industrial-metals-mining,"Arcadia Minerals Limited explores and develops mineral properties in Namibia. The company explores for tantalum, lithium, lithium in brine and clay, copper, gold, nickel, and platinum group elements deposits. Arcadia Minerals Limited was incorporated in 2020 and is based in Victoria Park, Australia.",,https://www.arcadiaminerals.global,Australia,Victoria Park,WA,0.04,5295337,132383433,52887106,43454,1980,0.136,-41103,-562726,0.0,-3.8821702,0.0,19984,150000,0.52954,0.0,,,,,-1656660.0,-1656660.0,-1254259.0,2024,,12133457.0,12133457.0,12531317.0,258867.0,,13946568.0,2024,-173747.0,1980000.0,,-1900171.0,,2024,ok,,2026-09-02T10:03:56
AMC,AMC.AX,Amcor plc,ASX,EQUITY,AUD,USD,Consumer Cyclical,Packaging & Containers,packaging-containers,"Amcor plc, together with its subsidiaries, develops and produces packaging solutions for nutrition, health, beauty, and wellness categories in Europe, North America, Latin America, and the Asia Pacific. Its products include apparel, applicators, bags and bulk bags, bottles and vials, building materials, canisters and jerrycans, drinking cups, films and laminates, jars, lids, tapes and adhesives, trays, tubes, wipes packaging solutions, and miscellaneous and accessories, as well as tubs and pots. The company's Global Flexible Packaging Solutions segment develops and supplies flexible packaging; and supplies polymer resin, aluminum, and fiber based flexible packaging solutions. Its Global Rigid Packaging Solutions segment manufactures rigid packaging containers, closures, dispensing and pharma delivery devices, and related products. The company sells its products through its direct sales force. Amcor plc was incorporated in 1926 and is headquartered in Zurich, Switzerland.",75000,https://www.amcor.com,Switzerland,Zurich,,64.05,29613242368,462345690,459853076,599578,673193,0.593,23505999872,3536000000,0.19951999,0.09691,0.04705,1115000064,15139999744,0.0,0.13295001,15,23506000000.0,18816000000.0,4690000000.0,3437000000.0,2197000000.0,1106000000.0,2026,,8448000000.0,13508000000.0,37095000000.0,1115000000.0,14864000000.0,11790000000.0,2026,-922000000.0,0.0,2151000000.0,1229000000.0,,2026,ok,,2026-09-02T10:03:59
AMD,AMD.AX,Arrow Minerals Limited,ASX,EQUITY,AUD,AUD,Basic Materials,Other Industrial Metals & Mining,other-industrial-metals-mining,"Arrow Minerals Limited engages in the development and exploration of mineral deposits in Australia and West Africa. The company primarily explores for gold, copper, and iron deposits. It holds 33.3% beneficial interest in the Simandou North Iron project comprising exploration permit 22,967 located in northern end of the Simandou Range. The Company has an option to acquire the Niagara Bauxite Project, and option to acquire 80% interest in the Yarraloola Copper Project located in the Pilbara of Western Australia. The company was formerly known as Segue Resources Limited and changed its name to Arrow Minerals Limited in December 2017. The company was incorporated in 2005 and is headquartered in West Perth, Australia.",,https://www.arrowminerals.com.au,Australia,West Perth,WA,0.014,23538392,1681313641,708225974,5774852,5792105,3.156,102167,-5933783,1.0,-53.15993,0.0,2589918,17910,0.18752001,0.01422,,,,,-11721207.0,-11898983.0,-11805424.0,2025,,177606.0,450312.0,2905485.0,2589918.0,17910.0,1782529.0,2025,-178133.0,7230500.0,,-6296633.0,,2024,ok,,2026-09-02T10:04:02
AMI,AMI.AX,Aurelia Metals Limited,ASX,EQUITY,AUD,AUD,Basic Materials,Other Industrial Metals & Mining,other-industrial-metals-mining,"Aurelia Metals Limited engages in the exploration and production of mineral properties in Australia, China, and South Korea. It explores for gold, silver, copper, lead, zinc, and base metal deposits. The company was formerly known as YTC Resources Limited and changed its name to Aurelia Metals Limited in June 2014. Aurelia Metals Limited was incorporated in 2004 and is headquartered in Brisbane, Australia.",,https://aureliametals.com,Australia,Brisbane,QLD,0.445,765615488,1720484176,1149011865,5858068,10454975,,480240992,190138000,0.29826,0.30154,0.17216,143899008,7278000,0.29239,0.19331,4,309891000.0,214153000.0,95738000.0,75508000.0,16406000.0,-5734000.0,2024,,295135000.0,1063403000.0,472517000.0,116500000.0,7935000.0,316849000.0,2024,-82903000.0,16456000.0,,17723000.0,,2024,ok,,2026-09-02T10:04:04
AMN,AMN.AX,Agrimin Limited,ASX,EQUITY,AUD,AUD,Basic Materials,Other Industrial Metals & Mining,other-industrial-metals-mining,"Agrimin Limited primarily engages in the exploration and development of potash projects in Western Australia. The company focuses on the production of sulphate of potash. It holds a 100% interest in the Mackay Potash project, comprising nine granted exploration licenses, covering approximately 3,000 square kilometers located in Western Australia. The company was formerly known as Global Resources Corporation Limited and changed its name to Agrimin Limited in December 2014. The company was incorporated in 2006 and is based in Subiaco, Australia.",,https://www.agrimin.com.au,Australia,Subiaco,WA,0.056,21556050,384929442,253225833,110893,19924,0.517,18663,,1.0,2305.9897,0.0,2326854,0,0.34574002,0.04685,,,,,-5175553.0,-5306273.0,-5331784.0,2024,,44652009.0,45031112.0,95513734.0,4053835.0,205374.0,82109687.0,2024,-3055607.0,7275406.0,,-5830369.0,,2024,ok,,2026-09-02T10:04:07
AMU,AMU.AX,American Uranium Limited,ASX,EQUITY,AUD,AUD,Energy,Uranium,uranium,"American Uranium Limited, together with its subsidiaries, explores for mineral tenements in Wyoming and Utah, the United States. It explores for uranium and vanadium assets. The company flagship project is the 100% owned Lo Herma In-Situ Recovery (ISR) uranium project consisting of approximately 13,500 acres of mineral lode claims and 2 state leases located in the Converse County, Powder River Basin, Wyoming. The company was formerly known as to GTI Energy Ltd and changed its name American Uranium Limited in August 2025. American Uranium Limited was incorporated in 2007 and is based in West Perth, Australia.",,https://www.americanuranium.com.au,Australia,West Perth,WA,0.074,9639854,130268297,74778562,134796,92586,0.963,3455,-1418967,1.0,-467.07077,0.0,1938645,0,0.27747,0.0,1,,,,-1405138.0,-1423205.0,-1442663.0,2025,,27197314.0,27197314.0,29239661.0,1938645.0,,27903974.0,2025,-2460925.0,4500050.0,,-3766605.0,,2025,ok,,2026-09-02T10:04:09
ANO,ANO.AX,Advance ZincTek Limited,ASX,EQUITY,AUD,AUD,Basic Materials,Chemicals,chemicals,"Advance ZincTek Limited, together with its subsidiaries, manufactures aluminum oxide powder, and zinc oxide dispersions and powder for use in the personal care sector in Australia, the United States, Canada, Europe, and internationally. The company produces and distributes dispersion of mineral-only UV filters in cosmetic emollients that are used for sunscreen, skincare, and pharmaceutical formulations, as well as alumina plate-like powders used for cosmetic applications. It is also engaged in the sale of zinclear and white sapphire. Advance ZincTek Limited operates through a network of distributors. The company was formerly known as Advance NanoTek Limited and changed its name to Advance ZincTek Limited in November 2021. Advance ZincTek Limited was incorporated in 1997 and is based in Rocklea, Australia.",,https://www.advancezinctek.com,Australia,Rocklea,QLD,0.71,44502696,62679857,11022398,4103,300,0.37,13125000,3583000,0.60099,0.21611999,0.10987,602000,1194000,0.84419996,0.0,,9320000.0,4801000.0,4519000.0,252000.0,-1585000.0,-903000.0,2024,,16097000.0,25846000.0,38742000.0,163000.0,1985000.0,34380000.0,2024,-2208000.0,2442000.0,,31000.0,,2024,ok,,2026-09-02T10:04:13
ANX,ANX.AX,Anax Metals Limited,ASX,EQUITY,AUD,AUD,Basic Materials,Other Industrial Metals & Mining,other-industrial-metals-mining,"Anax Metals Limited explores, evaluates, and develops mineral properties in Australia. The company explores for gold, copper, zinc, lead, lithium, volcanogenic massive sulphide, rare earth element, silver, and base metal deposits. Its flagship project is the 80% owned Whim Creek project located south-west of Port Hedland in the Central Pilbara region of Western Australia. The company was formerly known as Aurora Minerals Limited and changed its name to Anax Metals Limited in September 2020. Anax Metals Limited was incorporated in 2003 and is based in West Perth, Australia.",,https://anaxmetals.com.au,Australia,West Perth,WA,0.041,71487000,1743585308,633560462,1626049,3283708,1.533,,-3462750,0.0,0.0,0.0,2391503,6354902,0.53220004,0.07734,,19660.0,,19660.0,-2389072.0,-2804033.0,-2787906.0,2022,,38710363.0,39049724.0,43271468.0,4094669.0,2792672.0,22290066.0,2024,-3490628.0,7994471.0,,-5582710.0,,2024,ok,,2026-09-02T10:04:15
AOA,AOA.AX,Ausmon Resources Limited,ASX,EQUITY,AUD,AUD,Basic Materials,Other Industrial Metals & Mining,other-industrial-metals-mining,"Ausmon Resources Limited engages in the exploration of minerals tenements in Australia. It explores for base metals, such as copper, cobalt, nickel and zinc, and gold and silver, as well as rare earths elements. The company holds 100% interest in various tenements, including EL 8745, EL 8747, EL 9220, EL 9224, and EL 9230 located in NSW Broken Hill; EL 8954b and EL 9252 located in NSW Tumut; EL 6795, EL 6807, EL 6975, and EL 7015 located in SA Murray Basin; and EPM 29075 located in Turkey Hill. Ausmon Resources Limited was incorporated in 2008 and is based in Sydney, Australia.",,https://ausmonresources.com.au,Australia,Sydney,NSW,0.001,1426513,1426513424,668506986,436384,34906,0.102,,-425805,0.0,0.0,0.0,40500,1285000,0.54323,0.0,,2000.0,,2000.0,-312390.0,-508656.0,-365147.0,2022,,2462231.0,2462231.0,2827776.0,26458.0,450000.0,1862419.0,2024,-526231.0,156000.0,,-802367.0,,2024,ok,,2026-09-02T10:04:18
AON,AON.AX,Apollo Minerals Limited,ASX,EQUITY,AUD,AUD,Basic Materials,Other Industrial Metals & Mining,other-industrial-metals-mining,"Apollo Minerals Limited engages in the exploration and development of mineral resources in Australia and internationally. The company explores for zinc, lead, gold, and copper deposits. Its flagship project is the 100% owned Kroussou project located in the Ngounié Province of south-west Gabon. The company was incorporated in 2007 and is based in Perth, Australia.",,https://www.apollominerals.com,Australia,Perth,WA,0.066,83156880,1259952824,676074460,2066588,4182164,2.311,-279526,-5191471,0.0,-264.17435,0.0,234445,0,0.30415002,0.07724,,,,,-3485428.0,-3540858.0,-2912583.0,2024,,8933309.0,9089307.0,11605962.0,2253142.0,,10928478.0,2024,-250000.0,3494000.0,,-2613877.0,,2023,ok,,2026-09-02T10:04:20
APC,APC.AX,APC Minerals Limited,ASX,EQUITY,AUD,AUD,Basic Materials,Other Industrial Metals & Mining,other-industrial-metals-mining,"APC Minerals Limited engages in the exploration of mineral properties in Australia. It explores for rare earth element, lithium, and gold deposits. The company holds interest in the Nexus Project comprises three granted exploration licence covering an area of approximately 600 square kilometres located in the West Arunta of Western Australia; and the Laverton Downs Project located in Laverton. The company was formerly known as Australian Potash Limited and changed its name to APC Minerals Limited in November 2024. APC Minerals Limited was incorporated in 2011 and is based in Perth, Australia.",,https://www.apcminerals.com.au,Australia,Perth,WA,0.007,5138881,734125882,177475430,395466,138879,1.322,,-1731857,0.0,0.0,0.0,134648,0,0.35022,0.0,,70357.0,,70357.0,536525.0,-3561113.0,477453.0,2022,,104615.0,301609.0,1560284.0,1197615.0,44116.0,746389.0,2024,-2822718.0,3000626.0,,-3039199.0,,2023,ok,,2026-09-02T10:04:23
AQC,AQC.AX,Australian Pacific Coal Limited,ASX,EQUITY,AUD,AUD,Energy,Thermal Coal,thermal-coal,"Australian Pacific Coal Limited acquires, explores for, and develops thermal and metallurgical coal prospects in Australia. It holds 100% interests in the Dartbrook coal project covering an area of approximately 3,268 hectares located in the coal region of the Hunter Valley, New South Wales; and the Matuan Downs bentonite project located in Queensland. Australian Pacific Coal Limited is headquartered in Brisbane, Australia.",,https://www.aqcltd.com/site/content,Australia,Brisbane,QLD,0.006,4202805,700467591,324204420,0,0,-0.541,32412690,-37065336,-1.33972,0.92594004,0.0,675840,234847168,0.56821,0.0,,2571160.0,,2571160.0,-211013214.0,-112393437.0,-282349579.0,2025,,262609.0,1056510.0,12607918.0,3425958.0,235678998.0,-245468925.0,2025,-31829559.0,18062641.0,,-124757484.0,,2025,ok,,2026-09-02T10:04:26
AQD,AQD.AX,AusQuest Limited,ASX,EQUITY,AUD,AUD,Basic Materials,Other Industrial Metals & Mining,other-industrial-metals-mining,"AusQuest Limited engages in the exploration and evaluation of mineral properties in Australia and Peru. The company explores for copper, lead, gold, zinc, nickel, iron, magnetite, lithium, base metals, platinum group elements, and rare earth elements deposits. AusQuest Limited was incorporated in 2000 and is based in Ardross, Australia.",,https://www.ausquest.com.au,Australia,Ardross,WA,0.05,82110200,1642203992,976624381,879470,1060240,1.869,548412,-2184361,1.0,-6.93343,0.0,9893615,204945,0.40148,0.018029999,,,,,-1600944.0,-1911091.0,256727.0,2024,,6577438.0,6935915.0,8482326.0,1070206.0,89590.0,7795929.0,2024,-4429586.0,23984.0,,-5393672.0,,2024,ok,,2026-09-02T10:04:28
AQX,AQX.AX,Alice Queen Limited,ASX,EQUITY,AUD,AUD,Basic Materials,Other Industrial Metals & Mining,other-industrial-metals-mining,"Alice Queen Limited engages in the exploration of mineral properties in Australia and Fiji. The company explores for gold, copper, and critical mineral deposits. The company was incorporated in 2002 and is based in South Yarra, Australia. Alice Queen Limited is a subsidiary of Gage Resource Development Pty Limited.",,https://www.alicequeen.com.au,Australia,South Yarra,VIC,0.007,16244097,2320585240,412970778,932590,1899991,1.464,17292,-3353859,1.0,-75.93536,0.0,802985,1073075,0.72005,0.0,,,,,-1891008.0,-1984958.0,-2205312.0,2024,,208136.0,349273.0,665045.0,188903.0,182171.0,3744048.0,2024,-674038.0,2993260.0,,-2355291.0,,2023,ok,,2026-09-02T10:04:31
AR1,AR1.AX,Austral Resources Australia Ltd,ASX,EQUITY,AUD,AUD,Basic Materials,Copper,copper,"Austral Resources Australia Ltd engages in the exploration, development, and production of copper resources in Queensland, Australia. It holds interest in The Lady Annie Project; The Rocklands Copper Project; and The Anthill Project. The company also produces and sells copper cathodes. Austral Resources Australia Ltd was incorporated in 2010 and is based in Brisbane, Australia.",,https://www.australres.com,Australia,Brisbane,QLD,0.07,185839968,2654856580,1354753965,5853152,6368582,,9065000,45805500,1.0,-5.3924904,6.76216,72315000,21000,0.44491002,0.11492,3,82087000.0,91119000.0,-9032000.0,-833000.0,-9978000.0,11874000.0,2024,49000.0,32487000.0,71713000.0,114463000.0,19304000.0,22720000.0,36311000.0,2025,-19453000.0,40000000.0,,-37335000.0,,2025,ok,,2026-09-02T10:04:33
AR3,AR3.AX,Australian Rare Earths Limited,ASX,EQUITY,AUD,AUD,Basic Materials,Other Industrial Metals & Mining,other-industrial-metals-mining,"Australian Rare Earths Limited engages in the exploration and development of rare earths and uranium mineral resources in Australia. Its flagship property is the 100% owned Koppamurra project comprising approximately 7,400 square kilometers located in South-Eastern South Australia and Western Victoria. The company was formerly known as Tawel Exploration Pty Ltd and changed its name to Australian Rare Earths Limited in March 2021. Australian Rare Earths Limited was incorporated in 2019 and is headquartered in Adelaide, Australia.",,https://ar3.com.au,Australia,Adelaide,SA,0.125,32108096,256864776,170298435,442453,498819,0.252,,-4509598,0.0,0.0,0.0,2160468,451961,0.22195,0.12302,1,66700.0,,66700.0,-3676328.0,-3897392.0,-3448894.0,2022,,15052980.0,15430796.0,23764715.0,7605032.0,643754.0,22079137.0,2024,-4863561.0,11121893.0,,-7264424.0,,2024,ok,,2026-09-02T10:04:36
ARD,ARD.AX,Argent Minerals Limited,ASX,EQUITY,AUD,AUD,Basic Materials,Other Precious Metals & Mining,other-precious-metals-mining,"Argent Minerals Limited engages in the discovery, extraction, and marketing of precious and base metal properties in Australia. The company explores for gold, silver, copper, zinc, and lead deposits. Its flagship project is the Kempfield Polymetallic project located in New South Wales, Australia. The company was incorporated in 2007 and is based in West Perth, Australia.",,https://argentminerals.com.au,Australia,West Perth,WA,0.023,39159184,1702573194,1536051734,3507969,4613633,0.903,121116,-2448187,1.0,-13.04704,0.0,4805544,210508,0.12845,0.03618,,,,,-1894210.0,-2047832.0,-1981213.0,2024,,274733.0,803062.0,3913965.0,3151059.0,32156.0,3751918.0,2024,-64863.0,3540000.0,,-2053380.0,,2024,ok,,2026-09-02T10:04:39
ARI,ARI.AX,Arika Resources Limited,ASX,EQUITY,AUD,AUD,Basic Materials,Gold,gold,"Arika Resources Limited, together with its subsidiaries, engages in the exploration and development of mineral properties in Australia. The company primarily explores for gold deposits. It holds interests in the Kookynie and Yundamindra gold projects located in the Eastern Goldfields, Western Australia. The company was formerly known as Metalicity Limited and changed its name to Arika Resources Limited in September 2024. Arika Resources Limited was incorporated in 1999 and is based in Perth, Australia.",1,https://www.arika.com.au,Australia,Perth,WA,0.03,46246344,1541544830,640590619,2005432,2619793,1.201,85984,-1368776,2.09176,-7.3203998,0.0,4875004,0,0.32561,0.078,,-1.0,,-1.0,-1010419.0,-1025676.0,-1015810.0,2024,,7436156.0,7436156.0,9709668.0,172368.0,150080.0,9587297.0,2024,-786214.0,1382645.0,,-1948972.0,,2024,ok,,2026-09-02T10:04:41
ARL,ARL.AX,Ardea Resources Limited,ASX,EQUITY,AUD,AUD,Basic Materials,Other Industrial Metals & Mining,other-industrial-metals-mining,"Ardea Resources Limited operates as a battery mineral company in Australia. The company explores for nickel, cobalt, scandium, lithium, gold, platinum-group elements, copper, and rare earth metals. Its flagship project is the Kalgoorlie Nickel Project (KNP) located in the Kalgoorlie, Western Australia. Ardea Resources Limited was incorporated in 2016 and is based in West Perth, Australia.",,https://www.ardearesources.com.au,Australia,West Perth,WA,0.47,103265632,219714106,130017497,106824,46522,1.689,3979640,-1826775,1.0,-7.34154,-0.41426,11637038,23701324,0.39033002,0.02243,,,,,-7121416.0,-7543096.0,-3259277.0,2025,,105558351.0,105967740.0,125368808.0,14683538.0,49721391.0,67629545.0,2025,-47273763.0,4613900.0,,-53393248.0,,2025,ok,,2026-09-02T10:04:44
ARN,ARN.AX,Aldoro Resources Limited,ASX,EQUITY,AUD,AUD,Basic Materials,Other Industrial Metals & Mining,other-industrial-metals-mining,"Aldoro Resources Limited operates as a mineral exploration and development company in Australia. The company primarily explores for nickel, rare earth elements, rubidium, niobium, lithium, gold, and copper deposits. Its flagship project is the Kameelburg REE-Niobium Carbonatite Project located in Namibia, Southwest Africa. Aldoro Resources Limited was incorporated in 2017 and is based in Subiaco, Australia.",,https://www.aldororesources.com,Australia,Subiaco,WA,0.27,63913648,236717195,99488230,122203,116736,0.981,40979,-23070416,1.0,-744.5259,0.0,128680,0,0.62490004,0.0,,,,,-22180305.0,-22180305.0,-21605392.0,2025,,4895678.0,5019967.0,6004935.0,932164.0,,5798743.0,2025,-2936312.0,2123711.0,,-3873041.0,,2025,ok,,2026-09-02T10:04:46
ARO,ARO.AX,Altoro Metals Limited,ASX,EQUITY,AUD,AUD,Basic Materials,Other Industrial Metals & Mining,other-industrial-metals-mining,"Altoro Metals Limited focuses on the acquisition, exploration, and development of mineral projects in Australia and Spain. The company explores for copper, gold, zinc, lead, and uranium deposits. Its flagship project is the Novales-Udias project located in the Basque-Cantabrian Basin. The company was formerly known as Variscan Mines Limited and changed its name to Altoro Metals Limited in July 2026. Altoro Metals Limited was incorporated in 1987 and is based in Perth, Australia.",,https://altorometals.com,Australia,Perth,WA,0.004,10059226,2514806384,711978174,2069600,680764,1.633,,,0.0,0.0,0.0,635389,0,0.32755002,0.01745,,1073.0,,1073.0,-903585.0,-895147.0,-920387.0,2024,,10763721.0,10798757.0,11469670.0,451939.0,,10877843.0,2025,-1454036.0,2367335.0,,-2220215.0,,2025,ok,,2026-09-02T10:04:49
ARR,ARR.AX,American Rare Earths Limited,ASX,EQUITY,AUD,AUD,Basic Materials,Other Industrial Metals & Mining,other-industrial-metals-mining,"American Rare Earths Limited, together with its subsidiaries, explores and develops mineral resources in the United States. The company explores for rare earth, lanthanum, cerium, neodymium, praseodymium, terbium, dysprosium, thorium, uranium, and scandium deposits. Its flagship property is the 100% owned Halleck Creek project, which covers an area of approximately 3,304 hectares located in Wyoming, the United States. The company was formerly known as Broken Hill Prospecting Limited and changed its name to American Rare Earths Limited in July 2020. American Rare Earths Limited was incorporated in 1986 and is headquartered in Sydney, Australia.",6,https://americanrareearths.com.au,Australia,Sydney,NSW,0.365,212651856,582607799,467427259,626702,634560,0.841,-17907,-6195962,0.0,345.03394,0.0,26017328,109757,0.13898,0.13587,1,,,,-6199722.0,-6334374.0,-6465370.0,2025,,19117648.0,19346595.0,31334278.0,9353143.0,182871.0,30110494.0,2025,-6169822.0,2720000.0,,-10591487.0,,2025,ok,,2026-09-02T10:04:51
ARU,ARU.AX,Arafura Rare Earths Limited,ASX,EQUITY,AUD,AUD,Basic Materials,Other Industrial Metals & Mining,other-industrial-metals-mining,"Arafura Rare Earths Limited engages in the exploration and development of mineral properties in Australia. It focuses on the production of rare earth products, such as neodymium-praseodymium and mixed middle-heavy rare earths oxides. The company's flagship project is the Nolans project, a rare earths-phosphate-uranium-thorium deposit located in Northern Territory, Australia. The company was formerly known as Arafura Resources Limited and changed its name to Arafura Rare Earths Limited in October 2022. Arafura Rare Earths Limited was incorporated in 1997 and is based in Perth, Australia.",,https://www.arultd.com,Australia,Perth,WA,0.195,1184136064,6072493037,3730600944,32049556,20912203,1.223,1496203,-15323384,0.0,-6.86819,0.0,571347200,96211,0.22861,0.106639996,3,,,,-18551476.0,-33141842.0,-19242337.0,2025,,125018968.0,125018968.0,155852202.0,27178291.0,237623.0,149263941.0,2025,-3007719.0,24644240.0,,-37925756.0,,2025,ok,,2026-09-02T10:04:54
ARV,ARV.AX,Artemis Resources Limited,ASX,EQUITY,AUD,AUD,Basic Materials,Other Industrial Metals & Mining,other-industrial-metals-mining,"Artemis Resources Limited, together with its subsidiaries, engages in the exploration and development of mineral properties in Western Australia. It primarily explores for gold, nickel, cobalt, lithium, and copper deposits. The company's primary projects include Karratha Gold and Copper project located in West Pilbara region, Western Australia; and the Cassowary project located at 450km east of Kalgoorlie. It also holds interests in the Radio Hill processing plant. Artemis Resources Limited was incorporated in 2003 and is headquartered in West Perth, Australia.",,https://artemisresources.com.au,Australia,West Perth,WA,0.003,17406194,5802065022,3357666805,4553656,5522200,0.005,-250000,-2229845,0.0,-11.191231,0.0,3448853,107304,0.091759995,0.11894,,,,,-16587012.0,-14157965.0,-16591769.0,2024,,37335755.0,37523060.0,39165071.0,572628.0,47792.0,31831445.0,2024,-2453488.0,3429683.0,,-4263197.0,,2024,ok,,2026-09-02T10:04:56
AS1,AS1.AX,Asara Resources Limited,ASX,EQUITY,AUD,AUD,Basic Materials,Gold,gold,"Asara Resources Limited engages in the exploration and development of mineral resource properties in Australia, Guinea and Burkina Faso, and Chile. The company primarily explores for gold, zinc, silver, lead, and copper deposits. Its flagship property is the Kada Gold project located in eastern Guinea. The company was formerly known as Golden Rim Resources Ltd and changed its name to Asara Resources Limited in December 2023. Asara Resources Limited was incorporated in 1987 and is headquartered in West Perth, Australia.",,https://asararesources.com,Australia,West Perth,WA,0.145,302810944,2088351479,859250580,2272801,1087555,0.674,,-2559278,0.0,0.0,0.0,21419812,0,0.44306,0.19668,1,,,,-1322824.0,-1359612.0,1538947.0,2024,,23514077.0,23878021.0,28209196.0,1337941.0,500000.0,27925043.0,2024,-24224.0,3218710.0,,-1814088.0,,2024,ok,,2026-09-02T10:04:59
AS2,AS2.AX,Askari Metals Limited,ASX,EQUITY,AUD,AUD,Basic Materials,Other Precious Metals & Mining,other-precious-metals-mining,"Askari Metals Limited engages in the exploration and development of mineral properties in Australia and Namibia/Tanzania. It explores for lithium, tantalum, tin, copper, gold, and rare earth elements. Its flagship project is the 100% owned Nejo Copper-Gold Project, covering an area of approximately 1,200 square kilometers located in Central Western Ethiopia. The company was formerly known as Askari Gold Limited and changed its name to Askari Metals Limited in February 2021. Askari Metals Limited was incorporated in 2020 and is based in Osborne Park, Australia.",,https://www.askarimetals.com,Australia,Osborne Park,WA,0.006,4689203,781533823,545694561,717443,1076342,0.564,30327,-7206203,1.0,-7.6011796,0.0,2521271,635082,0.34659,0.0,,,,,-4970606.0,-5044129.0,-5180121.0,2024,,10888789.0,11166526.0,11331676.0,221845.0,850220.0,9125338.0,2024,-2500098.0,1176707.0,,-4990027.0,,2024,ok,,2026-09-02T10:05:01
ASL,ASL.AX,Andean Silver Limited,ASX,EQUITY,AUD,AUD,Basic Materials,Gold,gold,"Andean Silver Limited develops and explores for mineral properties in Australia. It holds 100% interest in its flagship project Cerro Bayo Silver-Gold project, which comprises approximately 70 contiguous exploration concessions that covers an area of 285 sq km located in the Aysen region of Southern Chile. Andean Silver Limited was formerly known as Mitre Mining Corporation Limited and changed its name to Andean Silver Limited in July 2024. The company was incorporated in 2020 and is based in West Perth, Australia.",,https://www.andeansilver.com,Australia,West Perth,WA,2.38,508488256,213650519,171420286,812116,1017836,0.942,948486,-13984812,-0.39666,-9.54612,0.0,12236390,373912,0.12068,0.36763,2,,,,-9588148.0,-10010170.0,-10125434.0,2024,,21315525.0,21484125.0,37441153.0,9924422.0,112628.0,16663253.0,2024,-6346041.0,18571000.0,,-10245547.0,,2024,ok,,2026-09-02T10:05:04
ASM,ASM.AX,Australian Strategic Materials Ltd,ASX,EQUITY,AUD,AUD,Basic Materials,Other Industrial Metals & Mining,other-industrial-metals-mining,"Australian Strategic Materials Ltd operates as an integrated producer of critical metals for technologies in Australia. It holds interest in the Dubbo project, which contains rare earths, zirconium, niobium, and hafnium located in central-western New South Wales. The company also constructs and operates Korean metals plant located in Ochang, South Korea. It serves advanced manufacturing, defense, electric vehicles, wind turbines, semiconductors, medical devices, robotics, and sustainable energy industries. The company was formerly known as Australian Zirconia Holdings Pty Ltd and changed its name to Australian Strategic Materials Ltd in March 2020. Australian Strategic Materials Ltd was founded in 2000 and is based in West Perth, Australia. As of August 28, 2026, Australian Strategic Materials Ltd operates as a subsidiary of Energy Fuels Inc.",,https://asm-au.com,Australia,West Perth,WA,1.17,326993728,279481809,206793467,304539,136848,1.727,10095000,-17421000,0.36810002,-1.1511,-2.13621,69671000,3598000,0.34201,0.03024,,3168000.0,7472000.0,-4304000.0,-22337000.0,-23616000.0,-24569000.0,2025,19031000.0,195522000.0,201884000.0,227173000.0,19013000.0,14053000.0,181438000.0,2025,-12235000.0,16647000.0,,-28394000.0,,2025,ok,,2026-09-02T10:05:07
ASN,ASN.AX,Anson Resources Limited,ASX,EQUITY,AUD,AUD,Basic Materials,Other Industrial Metals & Mining,other-industrial-metals-mining,"Anson Resources Limited, critical minerals company, engages in exploration and development of natural resources in the United States and Australia. The company explores for lithium, bromine, boron, iodine, zinc, lead, silver, nickel, cobalt laterite, vanadium, and uranium deposits. Its flagship property is the Green River Lithium Project that comprises a total of 1,251 placer claims over a total area of 106.2 square kilometers located in Utah, the United States. The company was formerly known as Mayan Iron Corporation Limited and changed its name to Anson Resources Limited in January 2016. Anson Resources Limited was incorporated in 2009 and is headquartered in Newport Beach, California.",,https://www.ansonresources.com,United States,Newport Beach,CA,0.048,77933824,1623621345,1197043681,2434911,2161632,-0.342,,-7466950,0.0,0.0,0.0,14002791,939796,0.26906002,0.050040003,,,,,-7757041.0,-8783435.0,-8497084.0,2025,400751.0,47608624.0,49616101.0,52660358.0,2446516.0,1251322.0,48954541.0,2025,-4016749.0,7210000.0,,-12215122.0,,2025,ok,,2026-09-02T10:05:10
ASQ,ASQ.AX,Australian Silica Quartz Group Ltd.,ASX,EQUITY,AUD,AUD,Basic Materials,Other Industrial Metals & Mining,other-industrial-metals-mining,"Australian Silica Quartz Group Ltd., together with its subsidiaries, acquires, explores, and develops hard rock quartz and high-grade silica sand properties in Australia. It also explores for nickel, copper, platinum group elements, bauxite, and refined alumina deposits. The company was formerly known as Bauxite Resources Limited and changed its name to Australian Silica Quartz Group Ltd. in November 2019. Australian Silica Quartz Group Ltd. was incorporated in 2006 and is based in Subiaco, Australia.",,https://www.asqg.com.au/IRM/content/default.aspx,Australia,Subiaco,WA,0.019,7967847,419360377,176523517,187309,156112,0.029,52006,-1407864,1.0,-30.95397,0.0,1281379,0,0.37412,0.0,,,,,-2750625.0,-2771318.0,-830556.0,2024,,3285530.0,3745745.0,6067909.0,2397542.0,,5813356.0,2024,-3057.0,-135.0,,-555432.0,,2024,ok,,2026-09-02T10:05:12
AT4,AT4.AX,American Tungsten and Antimony Ltd,ASX,EQUITY,AUD,AUD,Basic Materials,Other Industrial Metals & Mining,other-industrial-metals-mining,"American Tungsten and Antimony Ltd engages in the exploration, evaluation, and development of mineral resources in Australia. The company explores for antimony, tungsten, and gold. Its flagship project is the Antimony Canyon Project located in Utah, the United States. The company was formerly known as Trigg Minerals Limited and changed its name to American Tungsten and Antimony Ltd in December 2025. American Tungsten and Antimony Ltd was incorporated in 2014 and is based in Subiaco, Australia.",,https://www.ataa.com,Australia,Subiaco,WA,0.063,114890880,1823664739,1076174648,20132225,31386405,1.172,27979,-23816800,1.0,-852.1527,0.0,12723752,0,0.106850006,0.03422,,,,,-3954252.0,-3967990.0,-2431938.0,2024,,87613.0,121512.0,1744817.0,1540551.0,49788.0,984259.0,2024,-99621.0,1513342.0,,-1211539.0,,2023,ok,,2026-09-02T10:05:14
ATC,ATC.AX,Altech Batteries Limited,ASX,EQUITY,AUD,AUD,Basic Materials,Specialty Chemicals,specialty-chemicals,"Altech Batteries Limited, together with its subsidiaries, operates as a specialty battery technology company in Germany, Australia, and Malaysia. It operates through Silumina Anodes, CERENERGY, and High Purity Alumina segments. The company offers Silumina Anodes, a silicon graphite product for batteries. It also engages in operation of kaolin mine, and grid-storage battery, battery materials, and HPA plants; and other mineral exploration activities. The company was formerly known as Altech Chemicals Limited and changed its name to Altech Batteries Limited in February 2023. Altech Batteries Limited was incorporated in 2007 and is based in West Perth, Australia.",24,https://www.altechgroup.com,Australia,West Perth,WA,0.001,2669056,2669056318,1728962382,6658730,3646355,-0.026,110834,-9425268,1.0,-24.17074,0.0,2399631,61255,0.38388002,0.01001,,,,,-15411503.0,-13655998.0,-11722215.0,2025,28182610.0,31763942.0,33609035.0,36885957.0,448234.0,12941240.0,30916522.0,2022,-8283821.0,12970617.0,,-15934269.0,,2025,ok,,2026-09-02T10:05:17
ATM,ATM.AX,PT Antam (Persero) Tbk,ASX,EQUITY,AUD,IDR,Basic Materials,Gold,gold,"PT Antam (Persero) Tbk operates as a diversified metals and mining company in Indonesia. The company operates through three segments: Nickel, Precious Metals and Refinery, and Bauxite and Alumina. The company is involved in the exploration, excavation, processing, and marketing of alumina, nickel ore, ferronickel, gold, silver, bauxite, and coal. It also engages in construction, trading, industry, mining, agriculture, printing, and ground transportation businesses; and provision of industrial area management services. In addition, the company exports its products. The company was formerly known as PT Aneka Tambang Tbk and changed its name to PT Antam (Persero) Tbk in July 2026. The company was incorporated in 1968 and is headquartered in Jakarta, Indonesia. PT Antam (Persero) Tbk operates as a subsidiary of PT Mineral Industri Indonesia (Persero).",3829,https://www.antam.com,Indonesia,Jakarta,,0.94,4517783552,4806152945,84143723,581,18,0.77,,10778614693888,0.18955,0.0,0.09661999,,,0.38819,0.0,,84642439000000.0,70961090000000.0,13681349000000.0,9993673000000.0,6975061000000.0,7208834000000.0,2025,5436698000000.0,16429537000000.0,38274616000000.0,52530405000000.0,8433610000000.0,4556903000000.0,35298207000000.0,2025,-699363000000.0,,,4153893000000.0,,2025,ok,,2026-09-02T10:05:20
ATR,ATR.AX,Astron Corporation Limited,ASX,EQUITY,AUD,AUD,Basic Materials,Other Industrial Metals & Mining,other-industrial-metals-mining,"Astron Corporation Limited engages in the exploration, evaluation, and development of mining projects in Australia, China, and internationally. It operates through China, and Others segments. The company's flagship project is the Jackson Rare Earth and Mineral Sands Project in regional Victoria. It is also involved in the operation of titanium-based materials processing activities, including a mineral separation plant in Yingkou, China, as well as procurement and trading activities. In addition, the company engages in the evaluation and advancement of downstream applications for zircon and titanium. The company was incorporated in 2011 and is based in Melbourne, Australia.",,https://www.astronlimited.com.au,Australia,Melbourne,VIC,0.5,214973200,429946395,94106658,67971,52664,0.249,13318632,-10702987,0.11687,-1.05128,1.52717,21445760,8735345,0.76608,0.05709,1,10970411.0,10674900.0,295511.0,19713064.0,-9706939.0,19108106.0,2025,1496645.0,37600725.0,53933375.0,134186333.0,7948625.0,8828826.0,121966331.0,2025,-7025791.0,14315309.0,,-13358324.0,,2025,ok,,2026-09-02T10:05:23
ATT,ATT.AX,Altitude Minerals Ltd,ASX,EQUITY,AUD,AUD,Basic Materials,Other Precious Metals & Mining,other-precious-metals-mining,"Altitude Minerals Ltd engages in the exploration of minerals exploration tenements located in South Australia. It explores for copper and gold deposits. The company holds interest in the Peake Project covering an area of 5,000 square kilometers located in the Gawler Craton, South Australia; 100% interest in the Theseus Project which covers a total of 944 square kilometres located in New South Wales; and the Byrock Project covers 2265 square kilometres located in New South Wales. The company was formerly known as Copper Search Limited and changed its name Altitude Minerals Ltd in July 2025. Altitude Minerals Ltd was incorporated in 2021 and is based in Norwood, Australia.",,https://www.coppersearch.com.au,Australia,Norwood,SA,0.007,3122819,446117078,272476904,1131935,2473025,1.186,20165,-4609541,1.0,-115.32071,0.0,1885428,22185,0.19221,0.05388,,,,,-5134354.0,-5214285.0,-5062654.0,2024,,578724.0,578724.0,4820686.0,3847179.0,60400.0,4140023.0,2024,-93823.0,3284071.0,,-4910069.0,,2024,ok,,2026-09-02T10:05:25
AUC,AUC.AX,Ausgold Limited,ASX,EQUITY,AUD,AUD,Basic Materials,Gold,gold,"Ausgold Limited explores for gold and other precious metals in Australia. The company's flagship property is the 100% owned Katanning gold project, which covers approximately 3,500 square kilometers located in the Katanning Greenstone Belt in the south-west Yilgarn Craton of Western Australia. Ausgold Limited was incorporated in 2009 and is based in Perth, Australia.",,https://ausgoldlimited.com,Australia,Perth,WA,1.33,731285184,549838466,436128060,1802281,6381863,1.351,,-9235315,0.0,0.0,0.0,75602864,19579264,0.15749,0.50129,3,,,,-10282463.0,-12206623.0,-10749811.0,2025,,91298183.0,92366580.0,103828427.0,12028451.0,428352.0,98317052.0,2025,-11141177.0,24250093.0,,-13596619.0,,2025,ok,,2026-09-02T10:05:27
AUE,AUE.AX,Aurum Resources Limited,ASX,EQUITY,AUD,AUD,Basic Materials,Other Industrial Metals & Mining,other-industrial-metals-mining,"Aurum Resources Limited engages in the exploration and development of mineral properties in Australia. The company primarily explores for gold. It holds interest in the Boundiali Gold Project and Napié Gold Project located in Côte d'Ivoire, West Africa. The company was incorporated in 2021 and is based in West Perth, Australia.",,https://www.aurumres.com.au,Australia,West Perth,WA,0.55,227558368,413742478,209707097,935536,1606188,1.549,11456313,1382086,1.0,0.58407,0.11246,40433140,74104,0.39686,0.07823,2,,,,-2109708.0,-2145172.0,-2138026.0,2024,,11030696.0,11094704.0,22084490.0,10815351.0,,21228931.0,2024,-2724961.0,14454736.0,,-4648997.0,,2024,ok,,2026-09-02T10:05:30
AUG,AUG.AX,Augustus Minerals Ltd,ASX,EQUITY,AUD,AUD,Basic Materials,Other Industrial Metals & Mining,other-industrial-metals-mining,"Augustus Minerals Ltd engages in exploration and development of mineral projects in Western Australia. The company explores for copper, gold, nickel, platinum group metals, molybdenum, rhenium, and lithium deposits, as well as rare earth element. It holds interest in the Ti Tree Shear project covering an area of approximately 3,600 square kilometers located in the Gascoyne Province, in the Shire of Upper Gascoyne and the Shire of Carnarvon. The company also hold interest in the Music Well Gold project covering an area of 1,345 square kilometers located in the Leonora/Laverton Greenstone Belt of Western Australia. The company was incorporated in 2021 and is based in West Perth, Australia.",,https://www.augustusminerals.com.au,Australia,West Perth,WA,0.039,10485520,268859473,113854712,201332,484959,-0.35,,1951907,0.0,0.0,0.0,1073258,14767,0.4509,0.02021,,,,,-948032.0,-1180904.0,-951750.0,2024,,10729726.0,10772779.0,13866865.0,3019430.0,6300.0,13574108.0,2024,-4703963.0,11450000.0,,-5704001.0,,2024,ok,,2026-09-02T10:05:32
AUQ,AUQ.AX,Alara Resources Limited,ASX,EQUITY,AUD,AUD,Basic Materials,Other Industrial Metals & Mining,other-industrial-metals-mining,"Alara Resources Limited engages in the exploration, evaluation, and development of mineral exploration licenses in Australia and Oman. It explores for copper, gold, and silver deposits. Alara Resources Limited was formerly known as Alara Uranium Ltd and changed its name to Alara Resources Limited in September 2008. The company was incorporated in 2006 and is based in North Perth, Australia.",,https://alararesources.com,Australia,North Perth,WA,0.05,46177500,923549989,259670326,977109,2692214,0.178,92101560,31710452,0.51879,0.24007,-0.0058600004,16158160,138205984,0.57807,0.0,,5462901.0,3267721.0,2195180.0,-1976577.0,-8723252.0,-5792626.0,2024,,152101029.0,156846076.0,171949954.0,4355812.0,97183638.0,18697930.0,2024,-19282423.0,1342644.0,,-31283201.0,,2024,ok,,2026-09-02T10:05:35
AUR,AUR.AX,Auris Minerals Limited,ASX,EQUITY,AUD,AUD,Basic Materials,Other Industrial Metals & Mining,other-industrial-metals-mining,"Auris Minerals Limited explores mineral tenements in Western Australia. The company explores for copper, gold, manganese, and base metals. It focuses on exploring the Bryah Basin copper-gold exploration portfolio covering an area of approximately 223 square kilometers in three project areas, including Forrest and Morck Well. The company was formerly known as RNI NL and changed its name to Auris Minerals Limited in May 2017. Auris Minerals Limited was incorporated in 1999 and is based in West Perth, Australia.",,https://aurisminerals.com.au,Australia,West Perth,WA,0.016,20586016,1286625957,911252834,186562,281838,0.596,88397,-352799,1.0,11.13016,0.0,3052679,0,0.46592,0.05743,,,,,-735678.0,-742903.0,-604506.0,2026,,10570846.0,10813738.0,13676895.0,3052679.0,20281.0,13645310.0,2026,-299418.0,3242500.0,,-544940.0,,2026,ok,,2026-09-02T10:05:37
AUV,AUV.AX,Auravelle Metals Limited,ASX,EQUITY,AUD,AUD,Basic Materials,Gold,gold,"Auravelle Metals Limited operates as a mineral exploration company in Australia and Uganda. The company primarily explores for nickel, copper, gold, silver, zinc, lead, and other mineral deposits. The company was formerly known as Sipa Resources Limited and changed its name to Auravelle Metals Limited in September 2025. Auravelle Metals Limited was incorporated in 1990 and is based in Subiaco, Australia.",,https://auravellemetals.com.au,Australia,Subiaco,WA,0.006,5389535,898255901,496291627,1249322,994778,0.366,-1,-4157630,0.0,4208451.0,0.0,1737846,13522,0.25858998,0.05167,,512752.0,,512752.0,-1554883.0,-1603382.0,-100940.0,2023,,64023.0,64023.0,2473161.0,1870413.0,24650.0,2040866.0,2024,-6950.0,1041000.0,,-1017972.0,,2024,ok,,2026-09-02T10:05:40
AUZ,AUZ.AX,Australian Mines Limited,ASX,EQUITY,AUD,AUD,Basic Materials,Other Industrial Metals & Mining,other-industrial-metals-mining,"Australian Mines Limited engages in the mining, exploration, and evaluation of mineral projects in Australia and Brazil. The company primarily explores for critical and battery metals, including rare earth elements, lithium, niobium, cobalt, nickel, gold, and scandium deposits. Its flagship project is the 100% owned Sconi battery minerals project located in North Queensland, Australia. The company was incorporated in 1996 and is based in Brisbane, Australia.",,https://australianmines.com.au,Australia,Brisbane,QLD,0.03,65624332,2187477854,1421273896,15572525,12336902,1.341,,-1960000,0.0,0.0,0.0,4802000,0,0.3031,0.00097000005,,,,,-3487000.0,-3250000.0,-3799000.0,2024,,42426000.0,42426000.0,46978000.0,4492000.0,181000.0,46720000.0,2024,-2422000.0,5686000.0,,-3898000.0,,2024,ok,,2026-09-02T10:05:42
AVL,AVL.AX,Australian Vanadium Limited,ASX,EQUITY,AUD,AUD,Basic Materials,Other Industrial Metals & Mining,other-industrial-metals-mining,"Australian Vanadium Limited, together with its subsidiary, engages in the mineral exploration activities in Australia. The company operates through Upstream  Australian Vanadium Project; Midstream  Electrolyte Plant; and Downstream - Energy Storage segments. It explores for vanadium/titanium, uranium, nickel, copper, PGE, and other economic resources. The company holds 100% interest in the Australian Vanadium project located in the Murchison Province; the Coates project that covers an area of approximately 11.66 square kilometers located in the north-east of Perth in Western Australia; and the Nowthanna Hill Uranium-Vanadium project located in the south of Meekatharra in Western Australia. It also develops and sells vanadium flow batteries. The company was formerly known as Yellow Rock Resources Limited and changed its name to Australian Vanadium Limited in December 2015. Australian Vanadium Limited was incorporated in 2005 and is based in West Perth, Australia.",,https://www.australianvanadium.com.au,Australia,West Perth,WA,0.185,69491512,375629796,210525060,457785,440129,0.458,613000,-10378000,-0.075040005,-17.87765,0.0,18111000,13824000,0.12824,0.1685,1,30500.0,-2000.0,2000.0,-14259000.0,-15224000.0,-15204000.0,2023,322000.0,132551000.0,133378000.0,170334000.0,36420000.0,2052000.0,140946000.0,2024,-17370000.0,15671000.0,,-26032000.0,,2024,ok,,2026-09-02T10:05:45
AVM,AVM.AX,Advance Metals Limited,ASX,EQUITY,AUD,AUD,Basic Materials,Coking Coal,coking-coal,"Advance Metals Limited engages in the acquisition, exploration, and development of precious metals projects in Mexico and Australia. The company explores for gold and silver deposits. It holds interests in the Yoquivo silver project located in Chihuahua State, Mexico. The company also has interest in the Gavilanes Silver Project located in the Durango State, Mexico; the Guadalupe y Calvo GoldSilver Project located in Chihuahua, Mexico; and Myrtleford and Beaufort Gold Projects located in Victoria, Australia. The company was formerly known as Pacific American Holdings Limited and changed its name to Advance Metals Limited in June 2022. Advance Metals Limited is based in Mount Hawthorn, Australia.",,https://www.advancemetals.com.au,Australia,Mount Hawthorn,WA,0.062,29686180,478809370,392892648,2309296,3286778,0.942,71968,-5053734,1.0,155590.0,0.0,11002273,0,0.13899,0.14532,,,,,-7488073.0,-7491691.0,-7361194.0,2025,,12030487.0,12030487.0,23722328.0,11002273.0,,22713185.0,2025,-4212052.0,18083492.0,,-6782530.0,,2025,ok,,2026-09-02T10:05:48
AVW,AVW.AX,Avira Resources Limited,ASX,EQUITY,AUD,AUD,Basic Materials,Other Precious Metals & Mining,other-precious-metals-mining,"Avira Resources Limited, together with its subsidiaries, identifies, explores for, evaluates, and develops mineral properties in Sweden and Australia. It explores for gold, copper, nickel, and cobalt deposits. The company holds interest in the Tangadee Project covering an area of 779 square kilometers located in the Ashburton region of Western Australia. In addition, it holds interest in the Puolalaki Cu-Ni-Co project located in the Gällivare mining district in Sweden. The company was formerly known as Avira Energy Limited and changed its name to Avira Resources Limited in November 2017. Avira Resources Limited was incorporated in 2008 and is based in West Perth, Australia.",,https://www.aviraresourcesltd.com.au,Australia,West Perth,WA,0.007,4025000,575000000,404696250,514965,617647,0.737,505,-933049,1.0,-148.8116,0.0,2194750,0,0.26674,0.00563,,,,,-647973.0,-652293.0,-715705.0,2024,,1268892.0,1273212.0,1791015.0,502580.0,3645.0,2938553.0,2024,-655592.0,756699.0,,-1280264.0,,2024,ok,,2026-09-02T10:05:50
AW1,AW1.AX,American West Metals Limited,ASX,EQUITY,AUD,AUD,Basic Materials,Other Industrial Metals & Mining,other-industrial-metals-mining,"American West Metals Limited, together with its subsidiaries, engages in the acquisition, exploration, and development of mineral projects in the United States and Canada. It explores for zinc, silver, copper, gold, indium, polymetallic skarn, and carbonate replacement deposits. The company was incorporated in 2020 and is based in West Perth, Australia.",,https://americanwestmetals.com,Australia,West Perth,WA,0.036,44264520,1229570064,833570265,2798951,2186026,0.977,,,0.0,0.0,0.0,6872124,12207291,0.17251,0.00059,1,,,,-18647312.0,-18647312.0,-17116566.0,2024,,63295.0,63295.0,7217667.0,5096480.0,,2229013.0,2024,-75946.0,20820755.0,,-18842099.0,,2024,ok,,2026-09-02T10:05:53
AWJ,AWJ.AX,Auric Mining Limited,ASX,EQUITY,AUD,AUD,Basic Materials,Gold,gold,"Auric Mining Limited engages in exploration, development, mining, and production of gold in Australia. The company explores for gold, nickel, lithium, and rare earth elements. Auric Mining Limited was incorporated in 2019 and is based in East Perth, Australia.",,https://auricmining.com.au,Australia,East Perth,WA,0.235,44037496,187393602,126058056,359488,513134,0.521,20277156,5134374,1.0,0.31063998,0.255,6504888,0,0.33459,0.01603,2,8940576.0,,8940576.0,5134374.0,4813995.0,5170598.0,2025,4640376.0,20096816.0,20344256.0,34773644.0,6504888.0,93724.0,29746107.0,2025,-9596414.0,6794805.0,,-4009034.0,,2025,ok,,2026-09-02T10:05:55
AX8,AX8.AX,Accelerate Resources Limited,ASX,EQUITY,AUD,AUD,Basic Materials,Other Industrial Metals & Mining,other-industrial-metals-mining,"Accelerate Resources Limited operates as a mineral exploration company in Australia. The company explores for manganese, gold, lithium, and critical mineral deposits. Accelerate Resources Limited was incorporated in 2017 and is based in West Perth, Australia.",,https://www.ax8.com.au,Australia,West Perth,WA,0.006,7507132,1251188712,797467189,1226989,332094,1.271,17787,-2577833,1.0,-56.247223,0.0,2524877,140964,0.20256001,0.0,,,,,-2653873.0,-2682717.0,-2628430.0,2024,,9343606.0,9399153.0,12795564.0,1952261.0,,11763516.0,2024,-1785516.0,3610000.0,,-3452717.0,,2024,ok,,2026-09-02T10:05:58
AXL,AXL.AX,Axel REE Limited,ASX,EQUITY,AUD,AUD,Basic Materials,Other Industrial Metals & Mining,other-industrial-metals-mining,"Axel REE Limited engages in the acquisition, exploration, and evaluation of mineral resources in Australia and Brazil. It primarily explores rare earth elements. The company's flagship property is the Caladão REE-Gallium Project, which covers an area of 430 square kilometers located in Minas Gerais. Axel REE Limited was incorporated in 2023 and is based in Kew East, Australia.",,https://www.axelreelimited.com.au,Australia,Kew East,VIC,0.064,11261088,175954487,81319126,192254,118245,1.562,,-3827698,0.0,0.0,0.0,7103946,0,0.59423,0.0,,,,,-2238450.0,-2247622.0,-2262516.0,2024,,,,10023479.0,9806647.0,,-246923.0,2024,-65194.0,10949000.0,,-631369.0,,2024,ok,,2026-09-02T10:06:00
AXN,AXN.AX,Alliance Nickel Limited,ASX,EQUITY,AUD,AUD,Basic Materials,Other Industrial Metals & Mining,other-industrial-metals-mining,"Alliance Nickel Limited engages in the exploration and development of mineral properties in Australia. The company explores for nickel and cobalt deposits. Its principal property is the 100% owned NiWest nickel cobalt project located at the Murrin Murrin in the Northeastern Goldfields of Western Australia. The company was formerly known as GME Resources Limited and changed its name to Alliance Nickel Limited in January 2023. Alliance Nickel Limited was founded in 1980 and is headquartered in Nedlands, Australia.",,https://alliancenickel.au,Australia,Nedlands,WA,0.028,23244032,830144011,482136594,161506,220027,0.628,426228,-1475588,1.0,-0.88542,0.0,1305814,5734815,0.36055002,0.39096,,,,,-1535007.0,-2828994.0,-1981825.0,2024,,50605227.0,50820684.0,52255275.0,1410632.0,30873.0,51046414.0,2024,-7976660.0,2292000.0,,-8921459.0,,2024,ok,,2026-09-02T10:06:03
AYM,AYM.AX,Australia United Mining Limited,ASX,EQUITY,AUD,AUD,Basic Materials,Gold,gold,"Australia United Mining Limited, together with its subsidiaries, engages in the exploration and development of mineral properties in Australia. The company holds an interest in the Sofala Project, located in New South Wales; and the Forsayth Project, located in Queensland. It explores for gold, copper, silver, and nickel ores. The company was formerly known as Altius Mining Limited and changed its name to Australia United Mining Limited in August 2014. Australia United Mining Limited was incorporated in 2007 and is based in Chatswood, Australia.",1,https://australiaunitedmining.com.au,Australia,Chatswood,NSW,0.002,3685155,1842577485,190762047,175718,87393,0.604,29405,1038733,1.0,-9.19961,36.211597,404802,2822870,0.89647,0.0,,,,,-1638158.0,969348.0,-1713584.0,2024,,3708122.0,4108640.0,4217884.0,34074.0,1888534.0,2281681.0,2024,-44417.0,,,-382452.0,,2024,ok,,2026-09-02T10:06:05
AYT,AYT.AX,Austin Metals Limited,ASX,EQUITY,AUD,AUD,Basic Materials,Other Industrial Metals & Mining,other-industrial-metals-mining,"Austin Metals Limited discovers, explores for, delineates, and develops base and precious metals in Australia. The company explores for gold, silver, copper, lead, and zinc deposits. Its flagship project consists of Austin gold project covering an area of approximately 175 square kilometres located in the Murchison greenstone, Western Australia. The company was formerly known as Silver City Minerals Limited and changed its name to Austin Metals Limited in December 2021. Austin Metals Limited was incorporated in 2008 and is based in Perth, Australia.",,https://www.austinmetals.com.au,Australia,Perth,WA,0.003,6576574,2192191349,1240985918,905203,451923,1.208,185227,8673832,1.0,-1.1745601,0.0,2400057,0,0.40783,0.0,,,,,-754800.0,-754800.0,-738515.0,2024,,14724697.0,14724697.0,16278738.0,1343402.0,,16155274.0,2024,-854115.0,1849900.0,,-1342593.0,,2024,ok,,2026-09-02T10:06:08
AZ9,AZ9.AX,Azzuro Resources PLC,ASX,EQUITY,AUD,AUD,Basic Materials,Other Industrial Metals & Mining,other-industrial-metals-mining,"Azzuro Resources PLC engages in the exploration and evaluation of mineral properties in Mongolia and Altai. It primarily explores graphite, nickel, copper, lithium, and platinum group element deposits. The company was formerly known as Asian Battery Metals PLC and changed its name to Azzuro Resources PLC in May 2026. Azzuro Resources PLC was incorporated in 1999 and is based in Perth, Australia.",,https://www.azzuroresources.com/en,Australia,Perth,WA,0.014,11489337,820666895,461387135,866307,592505,-0.119,151730,-2372460,1.0,-18.61368,0.0,3975554,0,0.02042,0.0,,,83000.0,-83000.0,-5827344.0,-5827344.0,-5800465.0,2022,,5819353.0,5847975.0,9414402.0,1469762.0,,8840768.0,2024,-1867251.0,5446803.0,,-3929087.0,,2024,ok,,2026-09-02T10:06:10
AZI,AZI.AX,Altamin Limited,ASX,EQUITY,AUD,AUD,Basic Materials,Other Industrial Metals & Mining,other-industrial-metals-mining,"Altamin Limited engages in the identification, acquisition, and assessment of mineral properties. The company explores for zinc, lead, cobalt, nickel, copper, manganese, lithium, boron, graphite, and silver deposits. Its flagship project is Lazio Geothermal Lithium project situated in Lazio, Central Italy. The company was formerly known as Alta Zinc Limited and changed its name to Altamin Limited in November 2021. Altamin Limited was incorporated in 1997 and is based in South Perth, Australia.",,https://www.altamin.com.au,Australia,South Perth,WA,0.027,21470584,795206754,311898487,216805,219178,0.837,0,-4337336,0.0,0.0,0.0,3914103,0,0.60355,0.13332,,,,,-2316106.0,-2327252.0,-3688736.0,2024,,3047.0,3047.0,3804932.0,1225095.0,63275.0,3171904.0,2024,-4737.0,2356614.0,,-2019218.0,,2023,ok,,2026-09-02T10:06:13
AZY,AZY.AX,Antipa Minerals Limited,ASX,EQUITY,AUD,AUD,Basic Materials,Other Precious Metals & Mining,other-precious-metals-mining,"Antipa Minerals Limited engages in the mineral exploration business in Australia. It explores for gold, copper, silver, uranium, and tungsten deposits. The company holds 100% interests in its flagship, the Minyari Dome project covering an area of 144 square kilometers located in the Paterson Province. Antipa Minerals Limited was incorporated in 2010 and is based in West Perth, Australia.",,https://antipaminerals.com.au,Australia,West Perth,WA,0.58,388045664,669044286,585504393,900057,1113513,1.331,1717386,-6630025,1.0,-3.8535998,0.0,51173704,232386,0.113520004,0.39798,4,,,,-2948190.0,-3041132.0,-2443268.0,2024,,72428298.0,73123849.0,81048154.0,8037317.0,341844.0,78653901.0,2024,-7886514.0,12753206.0,,-9728301.0,,2024,ok,,2026-09-02T10:06:15
BAK,BAK.AX,Barkly Rare Earths Limited,ASX,EQUITY,AUD,AUD,Basic Materials,Other Industrial Metals & Mining,other-industrial-metals-mining,"Barkly Rare Earths Limited engages in the examination and evaluation of mineral projects in Australia. It primarily explores rare earth elements, vanadium, and base metals. The company's flagship project is The Barkly Project covering an area of 5,030 square kilometers located in Tennant Creek in the Northern Territory, Australia. The company was formerly known as Transition Minerals Limited and changed its name to Barkly Rare Earths Limited in November 2025. Barkly Rare Earths Limited was incorporated in 2020 and is based in West Perth, Australia.",,https://www.barklyrareearths.com,Australia,West Perth,WA,0.18,14625001,81250000,25138988,59469,86272,,,-961695,0.0,0.0,0.0,83806,163818,0.67929,0.0,,,,,-318733.0,-318733.0,-132381.0,2025,,7716.0,7716.0,7039599.0,6801934.0,,7039599.0,2025,-1908.0,106000.0,,8960.0,,2024,ok,,2026-09-02T10:06:18
BC8,BC8.AX,Black Cat Syndicate Limited,ASX,EQUITY,AUD,AUD,Basic Materials,Gold,gold,"Black Cat Syndicate Limited, together with its subsidiaries, engages in the exploration and evaluation of gold properties in Western Australia. It owns 100% interest in the Kal East Gold project covering approximately an area of 650 square kilometers located to the east of Kalgoorlie, Western Australia; the Coyote gold operation project located in the Western Tanami region; and the Paulsens Gold Operation project located in the Ashburton Basin in the Eastern Pilbara region. The company was incorporated in 2017 and is based in Perth, Australia.",,https://www.bc8.com.au,Australia,Perth,WA,1.085,790886912,728927974,579127611,3193165,3530402,1.508,374288992,176248992,0.38423002,0.36035,0.23098,73706000,19623000,0.20156,0.15496,2,37317000.0,30698000.0,6619000.0,-2359000.0,-24259000.0,-25946000.0,2025,8993000.0,299227000.0,310796000.0,369577000.0,34112000.0,21460000.0,269029000.0,2025,-55277000.0,164636000.0,,-68042000.0,,2025,ok,,2026-09-02T10:06:21
BCA,BCA.AX,Black Canyon Limited,ASX,EQUITY,AUD,AUD,Basic Materials,Other Industrial Metals & Mining,other-industrial-metals-mining,"Black Canyon Limited, together with its subsidiaries, focuses on mineral exploration activities in Australia. The company explores for manganese, copper, and cobalt targets. It holds interest in the Oakover West project covering an area of 750 square kilo meters and the Oakover East project located in Western Australia. In addition, the company owns interest in the Flanagan Bore Project located in the Pilbara region of Western Australia. Black Canyon Limited was incorporated in 2011 and is based in West Perth, Australia.",,https://blackcanyon.com.au,Australia,West Perth,WA,0.315,51891624,164735309,114689055,137543,62538,0.325,0,,0.0,0.0,0.0,10454898,0,0.3009,0.18969,,,,,-2506872.0,-2506872.0,-1993629.0,2024,,5546182.0,5592944.0,6266161.0,669045.0,,6048341.0,2024,-1522490.0,1798232.0,,-2256107.0,,2024,ok,,2026-09-02T10:06:24
BCI,BCI.AX,BCI Minerals Limited,ASX,EQUITY,AUD,AUD,Basic Materials,Steel,steel,"BCI Minerals Limited, a mineral resources company, engages in the development of industrial minerals in Australia. It primarily explores salt and potash deposits. The company holds a 100% interest in the Mardie Salt and Potash project located in the Pilbara region of Western Australia. The project also produces sulphate of potash (SOP) as a byproduct, a premium fertiliser effective in nutrient-poor soils. The company was formerly known as BC Iron Limited and changed its name to BCI Minerals Limited in December 2017. BCI Minerals Limited was incorporated in 2006 and is based in West Perth, Australia.",146,https://www.bciminerals.com.au,Australia,West Perth,WA,0.535,1571605248,2937579809,1561029911,1428197,1910781,0.792,6200000,-50700000,0.0,-7.63654,4.96774,100200000,698200000,0.36888,0.42837003,2,60159000.0,30242000.0,29917000.0,-56800000.0,-60800000.0,30800000.0,2023,6100000.0,1346000000.0,1368900000.0,1601100000.0,98300000.0,698200000.0,834100000.0,2026,-299000000.0,304470000.0,,-297900000.0,,2026,ok,,2026-09-02T10:06:26
BCK,BCK.AX,Brockman Mining Limited,ASX,EQUITY,AUD,HKD,Basic Materials,Steel,steel,"Brockman Mining Limited, an investment holding company, engages in the exploration and development of iron ore mining projects in Australia and Hong Kong. The company's flagship project is the Marillana, a 50% owned iron ore project that covers an area of 82 square kilometers located in the Pilbara region of Western Australia. It also engages in rail and port infrastructure activities. The company was formerly known as Wah Nam International Holdings Limited and changed its name to Brockman Mining Limited in September 2012. Brockman Mining Limited was incorporated in 2002 and is based in Admiralty, Hong Kong.",14,https://www.brockmanmining.com,Hong Kong,Admiralty,,0.011,102082560,9280232131,4380176764,43503,163,-0.336,,-23939000,0.0,0.0,0.0,2723000,109011000,0.55285,0.22544001,,0.0,,,-10390000.0,-23338000.0,-34612000.0,2025,,697849000.0,7379000.0,704761000.0,5274000.0,92731000.0,456414000.0,2025,-39000.0,0.0,-18576000.0,-18615000.0,,2025,ok,,2026-09-02T10:06:29
BCM,BCM.AX,Brazilian Critical Minerals Limited,ASX,EQUITY,AUD,AUD,Basic Materials,Gold,gold,"Brazilian Critical Minerals Limited engages in the exploration and development of mining properties in Australia and Brazil. The company primarily explores rare earth and platinum group element deposits. Its Flagship projects include the Ema and Apui projects. The company was formerly known as BBX Minerals Limited and changed its name to Brazilian Critical Minerals Limited in December 2023. Brazilian Critical Minerals Limited was incorporated in 1999 and is headquartered in Perth, Australia.",,https://www.braziliancriticalminerals.com,Australia,Perth,WA,0.063,137322816,2179727167,1452315183,6818526,6658790,1.845,80694,-5053271,1.0,-161.55658,0.0,6757696,857153,0.27982,0.076620005,,,,,-4605608.0,-4662100.0,-6048214.0,2024,,396981.0,483576.0,2478410.0,2066508.0,622647.0,1665786.0,2024,-63572.0,8264990.0,,-4305903.0,,2024,ok,,2026-09-02T10:06:31
BCN,BCN.AX,Beacon Minerals Limited,ASX,EQUITY,AUD,AUD,Basic Materials,Gold,gold,"Beacon Minerals Limited, together with its subsidiaries, engages in the development and production of minerals in Western Australia. It primarily explores for gold. The company was incorporated in 2006 and is based in Boulder, Australia.",,https://www.beaconminerals.com.au,Australia,Boulder,WA,3.38,393249792,116346090,10690392073,91064,100964,,127553016,72371184,0.38807,0.54659003,0.35653,24006892,9293150,0.62381,0.0090499995,,82895898.0,49221382.0,33674516.0,26931178.0,15634040.0,8735033.0,2024,,80624768.0,90918595.0,103876206.0,5796691.0,9363846.0,67790435.0,2024,-30502263.0,2882621.0,,6635715.0,,2024,ok,,2026-09-02T10:06:34
BDM,BDM.AX,Burgundy Diamond Mines Limited,ASX,EQUITY,AUD,USD,Basic Materials,Other Precious Metals & Mining,other-precious-metals-mining,"Burgundy Diamond Mines Limited, a resources company, focuses on the mining, production, cutting, polishing, grading, and sale of diamonds. It operates through Rough Diamond and Polished segments. The Rough Diamond segment engages in the mining, sale, and marketing of rough diamonds. Its Polished Diamond segment engages in the manufacture, sale, and marketing of polished diamonds. The company owns 100% of the Ekati diamond mine located in the Lac de Gras region of the Northwest Territories of Canada. It also holds 40% interest in the Naujaat diamond project comprising an area of approximately 127 square kilometers located in Nunavut, Canada; and 18% in the La Victoria project comprising an area of approximately 80 square kilometers located in Peru. The company was formerly known as EHR Resources Limited and changed its name to Burgundy Diamond Mines Limited in November 2020. Burgundy Diamond Mines Limited was incorporated in 2012 and is based in Perth, Australia.",,https://burgundydiamonds.com,Australia,Perth,WA,0.017,24168936,1421701987,966586747,0,0,0.171,186232000,-92810000,-0.40779,-1.4775599,-0.46633998,26582000,106856000,0.3134,0.29943,,442117000.0,4048391.837059,442117000.0,-56137000.0,32592000.0,-97257000.0,2024,9058000.0,135594000.0,345257000.0,461785999.9999,25142000.0,90900000.0,62041000.0,2024,-98490000.0,128095467.754,,-11415000.0,,2024,ok,,2026-09-02T10:06:37
BEZ,BEZ.AX,Besra Gold Inc.,ASX,EQUITY,AUD,USD,Basic Materials,Gold,gold,"Besra Gold Inc., a gold mining company, engages in the exploration and development of gold properties in Malaysia. Its flagship project is the 98.5% interest Bau Gold project located in Sarawak, East Malaysia. The company was formerly known as Olympus Pacific Minerals Inc. and changed its name to Besra Gold Inc. Besra Gold Inc. was incorporated in 1951 and is based in Subiaco, Australia.",,https://www.besra.com,Australia,Subiaco,WA,0.08,33448070,418100906,221484774,155703,98688,1.433,12460,-3668721,1.0,-5435.6763,0.0,7179733,385640,0.50747,0.0,,2807597.0,,2807597.0,-8913080.0,-9825533.0,-13413691.0,2022,,23132232.0,23132232.0,41560876.0,18170800.0,560568.0,11192289.0001,2024,-5124215.0,3566112.0,,-7836828.0,,2024,ok,,2026-09-02T10:06:39
BGD,BGD.AX,Barton Gold Holdings Limited,ASX,EQUITY,AUD,AUD,Basic Materials,Gold,gold,"Barton Gold Holdings Limited, together with its subsidiaries, engages in the exploration and development of mineral properties in Australia. It explores for gold and silver deposits. The company's flagship is the 100% owned Tunkillia gold project, which covers an area of approximately 1,360 square kilometres located in South Australia. Barton Gold Holdings Limited was incorporated in 2019 and is headquartered in Adelaide, Australia.",,https://bartongold.com.au,Australia,Adelaide,SA,1.105,299456448,271001304,175766121,297336,419014,1.107,-2000,-13625000,0.0,-10.42375,0.0,17186000,114000,0.33035,0.27159,3,,,,-8610000.0,-9587000.0,-9403000.0,2024,,9814000.0,10340000.0,25314000.0,4266000.0,60000.0,6328000.0,2024,-231000.0,6525000.0,,-6749000.0,,2024,ok,,2026-09-02T10:06:41
BGL,BGL.AX,Bellevue Gold Limited,ASX,EQUITY,AUD,AUD,Basic Materials,Gold,gold,"Bellevue Gold Limited, together with its subsidiaries, engages in the exploration, development, mining, and processing of gold properties in Australia. The company primarily holds interest in the Bellevue gold project located to north-west of Leinster in the Goldfields region of Western Australia. The company was formerly known as Draig Resources Limited and changed its name to Bellevue Gold Limited in July 2018. Bellevue Gold Limited was incorporated in 2004 and is based in West Perth, Australia.",,https://bellevuegold.com.au,Australia,West Perth,WA,1.557,2322269184,1491502384,1288328898,7051250,7192145,1.543,441358016,104552000,-0.021949999,0.06137,-0.12534,165064992,339680000,0.03198,0.60378,8,505837000.0,360867000.0,144970000.0,-405000.0,79751000.0,-45889000.0,2025,36000000.0,1027698000.0,1084577000.0,1245001000.0,151592000.0,342291000.0,820075000.0,2025,-192052000.0,307292000.0,,-52911000.0,,2025,ok,,2026-09-02T10:06:44
BGT,BGT.AX,Bio-Gene Technology Limited,ASX,EQUITY,AUD,AUD,Healthcare,Biotechnology,biotechnology,"Bio-Gene Technology Limited, an agtech development company, engages in the development and commercialization of naturally derived insecticide products in Australia and internationally. Its products include Flavocide, a synthetically produced nature-identical compound; and Qcide, a natural plant-derived oil with high levels of tasmanone. The company has a research collaboration agreement with James Cook University for experiments demonstrating the value of pre-conditioning biomass prior to distillation; Cesar for assessing the insecticidal activity of its molecules against a range of insect species; Advanced Molecular Technologies; CSIRO for a chemistry development process; the Department of Agriculture and Fisheries, Queensland Government for assessing activity against grain storage pests; Eurofins; Grain Research Development Corporation; Pacific Discovery Services; Purdue University; Southern Cross University for chemical analysis of natural products; University of Florida; and University of Technology. It serves animal health, crop protection, grain storage, public health, and consumer applications, as well as insect management in crop protection. The company was incorporated in 1995 and is based in Melbourne, Australia.",,https://www.bio-gene.com.au,Australia,Melbourne,VIC,0.017,7447039,438061108,175195946,408583,256698,,1078888,-2288802,0.68813,-0.84558,-2.16038,1939590,0,0.44742,0.0,,595078.0,,595078.0,-3066910.0,-3108838.0,-2584468.0,2023,,13351.0,56240.0,2149999.0,1138338.0,,1627016.0,2025,-5698.0,1496328.0,,-2542768.0,,2024,ok,,2026-09-02T10:06:47
BH6,BH6.AX,Broken Hill Gold Ltd.,ASX,EQUITY,AUD,AUD,Basic Materials,Gold,gold,"Broken Hill Gold Ltd. operates as a gold exploration company in Australia. Its flagship property is the Alice River gold project that comprises a portfolio of eight mining leases and five exploration permits for minerals tenements located in the Alice River region of north Queensland. The company was formerly known as Pacgold Limited and changed its name to Broken Hill Gold Ltd. in August 2026. Broken Hill Gold Ltd. was incorporated in 2019 and is based in Brisbane, Australia.",,https://brokenhillgold.com,Australia,Brisbane,QLD,0.16,85638112,535238192,373741392,1513215,1723268,0.504,-28829,-2761523,0.0,-62.82312,0.0,10001291,0,0.20965,0.0287,,,,,-842606.0,-876574.0,-872900.0,2024,,16496289.0,16550256.0,19237245.0,1994048.0,,18101807.0,2024,-2885290.0,3257527.0,,-3553720.0,,2024,ok,,2026-09-02T10:06:50
BHL,BHL.AX,Black Horse Mining Limited,ASX,EQUITY,AUD,AUD,Basic Materials,Gold,gold,"Black Horse Mining Limited explores and evaluates mineral resources, and focuses on gold exploration activities in Australia. The company's principal business activity involves undertaking exploration and evaluation at the Mount Egerton Gold Project, located in Central Victoria, Australia. Black Horse Mining Limited was incorporated in 2024 and is based in Ballarat, Australia.",,https://www.blackhorsemining.com,Australia,Ballarat,VIC,0.23,14869275,64649020,17181770,34714,53860,,46237,-6120221,1.0,-29.1446,0.0,5231148,93065,1.20726,0.07269,,,,,,,,,,,,,,,,,,,,,,,ok,,2026-09-02T10:06:52
BHM,BHM.AX,Broken Hill Mines Limited,ASX,EQUITY,AUD,AUD,Basic Materials,Other Precious Metals & Mining,other-precious-metals-mining,"Broken Hill Mines Limited engages in the mineral exploration activities in Australia. It primarily explores silver, lead, zinc, copper, gold, lithium, and fluorite deposits. The company holds 100% interest in Rasp Mine and Pinnacles Mine located in Broken Hill, New South Wales. The company was formerly known as Coolabah Metals Limited and changed its name to Broken Hill Mines Limited in July 2025. Broken Hill Mines Limited was incorporated in 2021 and is based in Perth, Australia.",,https://brokenhillmines.com,Australia,Melbourne,VIC,0.755,239280928,316928381,136225326,637677,864017,,90879000,-26135000,-0.09273,-0.47355998,-0.53727,33657000,36254000,0.51334,0.02527,,,,,-2323996.0,-1472513.0,-2421288.0,2025,,2481443.0,2619080.0,24542494.0,21840534.0,102022.0,4172010.0,2025,-45836.0,20000000.0,,-1324165.0,,2025,ok,,2026-09-02T10:06:55
BHP,BHP.AX,BHP Group Limited,ASX,EQUITY,AUD,USD,Basic Materials,Other Industrial Metals & Mining,other-industrial-metals-mining,"BHP Group Limited operates as a resources company in Australia, Europe, China, Japan, India, South Korea, rest of Asia, North America, and South America. The company operates through three segments: Copper, Iron Ore, and Coal. It explores for copper, iron, steelmaking coal, energy coal, nickel, potash, cobalt, sulphide, ammonium sulphate, silver, gold, molybdenum, uranium, and zinc deposits. The company is also involved in the services, marketing, trading, and finance businesses; potash, nickel, and copper development; mining, smelting, refining of nickel; and provision of towing, freight, administrative, and marketing support and other services. BHP Group Limited was founded in 1851 and is headquartered in Melbourne, Australia.",38833,https://www.bhp.com,Australia,Melbourne,VIC,64.6,328358789120,5082953802,4956461127,8034978,8772302,0.842,58759999488,29902999552,0.85920995,0.4334,0.16734,18560999424,28426999808,0.00035999998,0.39852002,17,58760000000.0,14351000000.0,44409000000.0,30723000000.0,25501000000.0,9833000000.0,2026,23890000000.0,80046000000.0,162920000000.0,121387000000.0,18445000000.0,27121000000.0,49420000000.0,2026,-9849000000.0,,21778000000.0,11929000000.0,,2026,ok,,2026-09-02T10:06:57
BIM,BIM.AX,Bindi Metals Limited,ASX,EQUITY,AUD,AUD,Basic Materials,Other Precious Metals & Mining,other-precious-metals-mining,"Bindi Metals Limited engages in the acquisition and development of mineral assets in Australia, Canada, and Siberia. It primarily explores for copper, niobium, gold, silver, and rare earth deposits. The company holds 100% interest in the Biloela Copper Project located in Queensland, Australia; and the Schryburt Lake Project covering 318 claims located in Ontario, Canada. Bindi Metals Limited was incorporated in 2021 and is based in Perth, Australia.",,https://www.bindimetals.com.au,Australia,Perth,WA,0.099,9117329,92094233,75659096,40654,609,-0.112,9550,,1.0,-84.121056,0.0,3446611,0,0.14086,0.0,,,,,-1293394.0,-1293394.0,-1269819.0,2024,,784133.0,792205.0,1639690.0,813226.0,,1554992.0,2024,-50484.0,5270447.0,,-1470927.0,,2024,ok,,2026-09-02T10:07:00
BIS,BIS.AX,Bisalloy Steel Group Limited,ASX,EQUITY,AUD,AUD,Basic Materials,Steel,steel,"Bisalloy Steel Group Limited engages in the manufacture and sale of quenched and tempered, high-tensile, and abrasion resistant steel plates in Australia, Indonesia, Thailand, and internationally. It offers high wear, structural, and armour grade specialty steels, as well as protection steel products. It serves mineral processing, mining and earthmoving, defence, agriculture, construction, engineering and fabrication, and protection industries. The company markets its products through distributors, manufacturers, designers, and channel partners. Bisalloy Steel Group Limited was founded in 1980 and is headquartered in Unanderra, Australia.",,https://www.bisalloy.com.au,Australia,Unanderra,NSW,4.24,203693824,48041000,33576431,47701,63897,,136600992,23678000,0.30468,0.15465,0.12276,4425000,3250000,0.30277002,0.077589996,1,152810000.0,108759000.0,44051000.0,30877000.0,22839000.0,19580000.0,2025,,32952000.0,52759000.0,133933000.0,6331000.0,2523000.0,80945000.0,2025,-1228000.0,,,12168000.0,,2025,ok,,2026-09-02T10:07:03
BKB,BKB.AX,Black Bear Minerals Limited,ASX,EQUITY,AUD,AUD,Basic Materials,Other Precious Metals & Mining,other-precious-metals-mining,"Black Bear Minerals Limited explores and evaluates mineral properties in the United States and Canada. It explores for gold, silver, and lithium deposits. The company holds 51.54% interest in the Independence gold project, which consists of 80 unpatented mining claims and 84 unpatented mill sites covering an area of approximately 1,861 acres located in the Battle Mountain region, Lander County, Nevada; and 100% interest in the Troilus lithium project, which consists of 81 continuous claims covering an area of approximately 4,405 hectares located in the Lac Assinica section of the region of James Bay in the province of Quebec. It also holds 100% interest in the La Grande lithium project, which comprises the Joule prospect, which consists of 320 claims covering approximately 16,385 hectares; Aero prospect, which consists of 101 claims covering approximately 4,980 hectares; and Aqua prospect, which consists of 172 claims covering approximately 8,803 hectares. The company was formerly known as James Bay Minerals Limited and changed its name to Black Bear Minerals Limited in November 2025. Black Bear Minerals Limited was incorporated in 2022 and is based in East Perth, Australia.",,https://www.blackbearminerals.com.au,Australia,East Perth,WA,0.565,86125800,152435043,91919653,517745,454096,-3.408,,-5798388,0.0,0.0,0.0,12801790,0,0.39666,0.00107,,,,,-5764311.0,-5779256.0,-4840677.0,2024,,70789.0,85734.0,3169956.0,2113306.0,,2706163.0,2024,-85734.0,6000000.0,,-3843807.0,,2024,ok,,2026-09-02T10:07:05
BKT,BKT.AX,Black Rock Mining Limited,ASX,EQUITY,AUD,AUD,Basic Materials,Other Industrial Metals & Mining,other-industrial-metals-mining,"Black Rock Mining Limited, together with its subsidiaries, explores and develops mineral resources in Tanzania. It holds 84% interest in Mahenge graphite project covering an area of approximately 324 square kilometers located in the Ulanga district, Tanzania. The company was formerly known as Green Rock Energy Limited and changed its name to Black Rock Mining Limited in March 2015. Black Rock Mining Limited was incorporated in 2000 and is based in West Perth, Australia.",,https://blackrockmining.com.au,Australia,West Perth,WA,0.015,32223510,2148233974,1393142822,2081718,1771962,0.368,4297,-7911255,1.0,-260.19235,0.0,9461212,304157,0.35126,0.00399,,,,,-10428906.0,-10779083.0,-10077929.0,2024,,53541914.0,54269149.0,63106407.0,8901800.0,477939.0,60334184.0,2024,-5868037.0,11793994.0,,-13870497.0,,2024,ok,,2026-09-02T10:07:08
BM1,BM1.AX,Ballard Mining Limited,ASX,EQUITY,AUD,AUD,Basic Materials,Gold,gold,"Ballard Mining Limited operates as a gold exploration and development company in Australia. It primarily explores gold. The company holds interests in the Mt Ida gold project covering approximately 1,518 square kilometers of the Mt Ida-Ularring Greenstone Belt located west of Leonora in the Eastern Goldfields Province of Western Australia. Ballard Mining Limited was incorporated in 2025 and is based in West Perth, Australia.",,https://ballardmining.com.au,Australia,West Perth,WA,0.74,336408288,454605804,192541485,481825,710076,,,,0.0,0.0,0.0,28772902,0,0.80108,0.11857,2,,,,-409558.0,-409762.0,-353139.0,2025,,60989907.0,60990011.0,63907160.0,2223472.0,,54646961.0,2025,-1490422.0,,,-1776528.0,,2025,ok,,2026-09-02T10:07:10
BM8,BM8.AX,Battery Age Minerals Ltd,ASX,EQUITY,AUD,AUD,Basic Materials,Other Industrial Metals & Mining,other-industrial-metals-mining,"Battery Age Minerals Ltd operates as a battery mineral company. The company primarily explores for lithium, gallium, gold, lead, silver, copper, germanium, and zinc minerals. The company's flagship project Bleiberg Zinc-Lead-Germanium project located in Austria. The company was formerly known as Pathfinder Resources Ltd and changed its name to Battery Age Minerals Ltd in December 2022. Battery Age Minerals Ltd was incorporated in 1999 and is based in Perth, Australia.",,https://batteryage.au,Australia,Perth,WA,0.052,11516833,221477559,160096554,278954,242176,0.42,447996,-1717417,1.0,-3.97254,0.0,4492418,73245,0.30004,0.0,,1000000.0,,1000000.0,-2626082.0,-4249747.0,-3592816.0,2024,,8233185.0,8233185.0,15545962.0,1826367.0,444202.0,13408899.0,2024,-5541194.0,6402921.0,,-8078512.0,,2024,ok,,2026-09-02T10:07:13
BMC,BMC.AX,BMC Minerals Limited,ASX,EQUITY,AUD,USD,Basic Materials,Other Industrial Metals & Mining,other-industrial-metals-mining,"BMC Minerals Limited engages in the acquisition, exploration, and evaluation of mineral properties in Canada. It explores silver, zinc, copper, lead, gold, precious, and base metals. The company's primary asset is the Kudz Ze Kayah project covering an area of approximately 372 square kilometers of mineral tenure located in Yukon, Canada; and holds interest in the Fyre lake project located in the Watson lake mining district, Canada. The company was formerly known as BMC Minerals (No.1) Ltd. and changed its name to BMC Minerals Limited in December 2020. The company was incorporated in 2014 and is based in Vancouver, Canada. BMC Minerals Limited operates as a subsidiary of Bmc (Uk) No 1 Limited.",,https://bmcminerals.com,Canada,Vancouver,BC,3.0,823919424,274639795,95588381,395822,578816,,,-9715500,0.0,0.0,0.0,64872000,101190000,0.74771005,0.21936001,2,,,,-22879000.0,-21379000.0,-24630000.0,2025,,50656000.0,50656000.0,120370000.0,69312000.0,136000.0,39798000.0001,2025,-2010000.0,9752000.0,,-15270000.0,,2025,ok,,2026-09-02T10:07:15
BML,BML.AX,Boab Metals Limited,ASX,EQUITY,AUD,AUD,Basic Materials,Other Industrial Metals & Mining,other-industrial-metals-mining,"Boab Metals Limited engages in the exploration and development of mineral tenements in Australia. It primarily explores for zinc, silver, cobalt, copper, and lead deposits. It holds 75% interest in its flagship property, the Sorby Hills project located in the Kimberley Region of Western Australia. The company was formerly known as Pacifico Minerals Limited and changed its name to Boab Metals Limited in January 2021. Boab Metals Limited was incorporated in 2003 and is based in Osborne Park, Australia.",,https://boabmetals.com,Australia,Osborne Park,WA,0.455,262241184,576354210,453468514,2850820,3404580,2.178,790952,-4018938,1.0,-3.14677,0.0,89872056,0,0.10762,0.13698,2,136100.0,,136100.0,-3312142.0,-3423658.0,-3321974.0,2024,,6394050.0,6510785.0,12757483.0,5663582.0,112712.0,12090015.0,2024,-2696.0,5178234.0,,-3667376.0,,2024,ok,,2026-09-02T10:07:18
BMM,BMM.AX,Bayan Mining and Minerals Limited,ASX,EQUITY,AUD,AUD,Basic Materials,Other Industrial Metals & Mining,other-industrial-metals-mining,"Bayan Mining and Minerals Limited, a mineral exploration company, engages in the exploration of EV metals in North America. The company explores for silver, gold, and lithium deposits. It holds 100% interests in the Bayan Springs projects located in Nevada; Desert Star projects located in California; Pepita Gold project located in Brazil; Arrel Lithium project, located in Ontario, Canada; and Gorge Lithium project and Tango Lithium project in Canada. The company was formerly known as Balkan Mining and Minerals Limited and changed its name to Bayan Mining and Minerals Limited in December 2024. Bayan Mining and Minerals Limited was incorporated in 2020 and is based in Perth, Australia.",,https://www.balkanmin.com,Australia,Perth,WA,0.053,7199522,135840053,67675033,150060,63261,1.196,19893,-971938,1.0,-19.65389,0.0,2789536,0,0.62462,0.007850001,,,,,-2334031.0,-2400284.0,-2645715.0,2024,,2749126.0,2749126.0,3358863.0,360263.0,19238.0,3162920.0,2024,-1305440.0,1484977.0,,-3173320.0,,2024,ok,,2026-09-02T10:07:20
BMR,BMR.AX,Ballymore Resources Limited,ASX,EQUITY,AUD,AUD,Basic Materials,Other Precious Metals & Mining,other-precious-metals-mining,"Ballymore Resources Limited operates as an exploration and development company. The company explores for gold, copper, silver, lead, zinc, and other mineral deposits. Ballymore Resources Limited was incorporated in 2019 and is headquartered in Brisbane, Australia.",,https://www.ballymoreresources.com,Australia,Brisbane,QLD,0.135,33710324,249706085,110054335,204936,83740,0.68,-42988,-1032153,0.0,-76.576164,0.0,2424610,10121129,0.48123002,0.06814,,,,,-1624846.0,-1769704.0,-1898231.0,2024,,15368721.0,15368721.0,23613373.0,7939254.0,33258.0,15018083.0,2024,-3551462.0,3615998.0,,-4575837.0,,2024,ok,,2026-09-02T10:07:23
BNR,BNR.AX,Bulletin Resources Limited,ASX,EQUITY,AUD,AUD,Basic Materials,Gold,gold,"Bulletin Resources Limited, together with its subsidiaries, operates as a mineral exploration company in Australia. It explores for gold, lithium, and nickel deposits. The company was formerly known as Bulletin Resources Pty Ltd and changed its name to Bulletin Resources Limited in December 2010. Bulletin Resources Limited was incorporated in 2010 and is headquartered in Perth, Australia.",4,https://www.bulletinresources.com,Australia,Perth,WA,0.033,9689239,293613323,175463322,294907,307786,0.458,532780,-963193,1.0,-0.54736,11.74911,20567928,0,0.40240002,0.0,,,,,-2417001.0,-2431293.0,-647204.0,2024,,719486.0,719486.0,12484142.0,8197081.0,,11959129.0,2024,-59079.0,2222.0,,-1558766.0,,2022,ok,,2026-09-02T10:07:25
BNZ,BNZ.AX,Benz Mining Corp.,ASX,EQUITY,AUD,CAD,Basic Materials,Other Industrial Metals & Mining,other-industrial-metals-mining,"Benz Mining Corp. engages in the acquisition, exploration, and exploitation of gold properties in Canada and Australia. The company's flagship project is the 100% owned Glenburgh Gold Project covering an area of 786 square kilometers located in Western Australia. The company was formerly known as Benz Capital Corp. and changed its name to Benz Mining Corp. in January 2015. The company was incorporated in 2011 and is headquartered in Vancouver, Canada. Benz Mining Corp. is a subsidiary of Chess Depositary Nominees Pty Limited.",,https://benzmining.com,Canada,Vancouver,BC,3.61,1223411200,338895063,238704127,1017127,1190905,1.879,,-41078812,0.0,0.0,0.0,81249328,107117,0.21415001,0.30516002,2,0.0,102377.0,-102377.0,-40294732.0,-41420259.0,-40432675.0,2026,,16242243.0,16360994.0,100367531.0,81249324.0,107117.0,90354536.0,2026,-1818380.0,96625657.0,-33469360.0,-35287740.0,,2026,ok,,2026-09-02T10:07:28
BOA,BOA.AX,BOA Resources Limited,ASX,EQUITY,AUD,AUD,Basic Materials,Other Industrial Metals & Mining,other-industrial-metals-mining,"BOA Resources Limited operates as a mineral exploration company in Western Australia. It focuses on exploring for lithium, nickel, copper, and gold. The company's portfolio of tenements focuses on Western Australia's Eastern Goldfields, Lake Johnston, Mt Ida, and Fraser Range regions. The company was formerly known as Boadicea Resources Ltd and changed its name to BOA Resources Limited in December 2024. BOA Resources Limited was incorporated in 2011 and is based in West Perth, Australia.",,https://boaresources.com,Australia,West Perth,WA,0.065,18890444,290622246,68774122,434929,520278,0.92,21837,-718640,1.0,-140.30449,0.0,237200,0,0.26044,0.0,,,,,-1824137.0,-1824137.0,-1779303.0,2025,,4787545.0,4787545.0,5719263.0,823616.0,,5626525.0,2025,-365637.0,2155691.0,,-1111106.0,,2025,ok,,2026-09-02T10:07:31
BOC,BOC.AX,Bougainville Copper Limited,ASX,EQUITY,AUD,PGK,Basic Materials,Other Precious Metals & Mining,other-precious-metals-mining,"Bougainville Copper Limited focuses on exploration operations in Papua New Guinea. It explores copper, gold, and silver deposits. The company holds interests in the Panguna mine project. The company was incorporated in 1895 and is based in Port Moresby, Papua New Guinea.",20,https://www.bcl.com.pg,Papua New Guinea,Port Moresby,,0.16,64169996,401062500,103413966,169805,64736,0.277,,-15696000,0.051659998,0.0,0.0,,,0.74217004,0.0,,,,,-19069000.0003,-19324000.0005,-16037999.9999,2025,340999.9999,606999.9998,3590999.9999,84503999.9997,1730999.9999,81999.9999,73862999.9999,2023,-73000.0,,,-17618000.0,,2025,ok,,2026-09-02T10:07:33
BPM,BPM.AX,BPM Minerals Limited,ASX,EQUITY,AUD,AUD,Basic Materials,Other Precious Metals & Mining,other-precious-metals-mining,"BPM Minerals Limited engages in the exploration and development of mineral projects in Australia. The company explores for gold, silver, lead, copper, zinc, iron, nickel, cobalt; and platinum group elements (PGE). BPM Minerals Limited was incorporated in 2020 and is based in West Perth, Australia.",,https://www.bpmminerals.com,Australia,West Perth,WA,0.18,23923158,132906425,90560288,157743,214590,1.437,43499,-3517447,1.0,-170.16687,0.0,5614203,25523,0.20663999,0.0,,,,,-3166585.0,-3358649.0,-3199733.0,2024,,4181047.0,4203867.0,6417371.0,2182295.0,52674.0,6245824.0,2024,-1111815.0,3000000.0,,-1752105.0,,2024,ok,,2026-09-02T10:07:36
BRE,BRE.AX,Brazilian Rare Earths Limited,ASX,EQUITY,AUD,AUD,Basic Materials,Other Precious Metals & Mining,other-precious-metals-mining,"Brazilian Rare Earths Limited focuses on the exploration of rare earth elements and other critical minerals in Brazil. It holds interests in the Monte Alto, Pelé, and Sulista projects located in the Rocha da Rocha Province. The company offers rare earth elements, including neodymium-praseodymium (NdPr), dysprosium-terbium (DyTb), yttrium, and gadolinium, as well as critical minerals such as uranium, tantalum, niobium, scandium, and a substantial bauxite-gallium resource. Brazilian Rare Earths Limited was incorporated in 2021 and is based in Sydney, Australia.",300,https://brazilianrareearths.com,Australia,Sydney,NSW,3.71,1024530368,276153716,96371017,472489,706837,,16779,-70380112,1.0,-4194.783,0.0,134400000,1752000,0.49942002,0.14265999,3,,,,-45976175.0,-45983052.0,-42063310.0,2025,,4707684.0,5300558.0,171022914.0,136902535.0,1547468.0,162120620.0,2025,-2553712.0,120000006.0,,-34284457.0,,2025,ok,,2026-09-02T10:07:38
BRI,BRI.AX,Big River Industries Limited,ASX,EQUITY,AUD,AUD,Basic Materials,Lumber & Wood Production,lumber-wood-production,"Big River Industries Limited, together with its subsidiaries, engages in the manufacture, distribution, and retail of timber and building products in Australia and New Zealand. The company operates through Panels and Construction segments. It offers building materials, such as building products, pine framing, fibre cement, LVL, I-beams and laminated beams, structural and decorative hardwoods, plywood, sheet materials, timber moldings, particle board flooring, landscape and fencing supplies, timber flooring and decking, doors, door furniture, external timber cladding, builders' hardware, formwork materials, insulation, and others. The company also provides formwork products, including formply, formwork LVL, PVC wall system, steel reinforcing products, and armourdeck steel decking, as well as formwork accessories; and bridge products comprising engineered plywood bridge decking, girder beams, and structural kerbing. In addition, it offers flooring products, including engineered wood panels, oak flooring, hardwood stair tread, prefinished and uncoated engineered timber, and solid tongue and groove flooring; and flooring accessories consisting of trims/beading/scotia, foam and rubber flooring underlays, aluminum trims, floor coatings, adhesives, fixings/nails, and other products. Further, the company provides plywood products, such as anti-slip, structural appearance grade, hardwood, sound barrier fencing, structural, T&G ply flooring and roofing products, and V-grooved plywood and panelling products; MaxiWall, an autoclaved aerated concrete (AAC) panel; MaxiFloor, an AAC flooring product; and Armourcab, a decorative wood panelling. It sells its products to professional builders, formworkers, construction companies, and building contractors in the residential, non-residential and infrastructure markets. Big River Industries Limited was incorporated in 2015 and is headquartered in Junction Hill, Australia.",,https://www.bigrivergroup.com.au,Australia,Junction Hill,NSW,1.34,126215464,94190636,14846328,28108,2748,0.055,426999008,18483000,0.26398,0.02733,0.01148,24785000,82593000,0.30013,0.57743,2,405093000.0,299714000.0,105379000.0,7711000.0,10934000.0,-14754000.0,2025,1160000.0,49851000.0,107492000.0,245808000.0,22817000.0,75802000.0,101376000.0,2023,-2165000.0,-10000.0,,21126000.0,,2025,ok,,2026-09-02T10:07:41
BRL,BRL.AX,Bathurst Resources Limited,ASX,EQUITY,AUD,NZD,Basic Materials,Coking Coal,coking-coal,"Bathurst Resources Limited engages in the exploration, development, and production of bituminous and coking coal in New Zealand and Canada. The company is involved in steelmaking coal development projects, and the operation of coal mines. It also exports coal to Japan, South Korea, India, and China. It serves the agri-business, schools, hospitals, and other sector. The company was formerly known as Bathurst Resources (New Zealand) Limited and changed its name to Bathurst Resources Limited in December 2013. Bathurst Resources Limited was founded in 2011 and is based in Wellington, New Zealand.",,https://bathurst.co.nz,New Zealand,Wellington,,0.455,109224104,240052980,141244785,14356,10550,0.01,20845000,-4963000,0.0912,-0.52757,-0.22038999,13139000,639000,0.41478002,0.19782,1,39689759.3118,30476800.5858,9212958.726,37453097.8311,-5385741.7409,35276837.1923,2024,388944.8156,34976663.3109,77821909.0326,316813398.0047,7117232.5432,1760776.0593,293763155.4865,2024,-12978859.7053,,,-8973185.6868,,2024,ok,,2026-09-02T10:07:44
BRY,BRY.AX,Barys Resources Limited,ASX,EQUITY,AUD,AUD,Basic Materials,Other Industrial Metals & Mining,other-industrial-metals-mining,"Barys Resources Limited engages in the mining exploration and development business in Africa. The company primarily explores for silver, uranium, copper, and other base metal deposits. It holds interest in the Agadez project comprising three granted exploration permits covering an area of 726 square kilometers located in Niger. The company also owns 10% interest in the Ghanzi West copper-silver project that comprises six prospecting licenses covering an area of approximately 2,629 square kilometers; and 25% interest in the Virgo project comprising two prospecting licenses covering an area of 210 square kilometers located in the Kalahari Copper Belt in Botswana. The company was formerly known as ENRG Elements Limited and changed its name to Barys Resources Limited in August 2022. Barys Resources Limited was incorporated in 2011 and is headquartered in West Perth, Australia.",,https://enrg-elements.com,Australia,West Perth,WA,0.014,3696474,264033878,139280253,68844,73491,-0.093,-8148,,0.0,-43.94062,0.0,3057260,0,0.41791,0.0,,,,,-1917539.0,-1917539.0,714654.0,2024,,,,2681063.0,1482951.0,,2518403.0,2024,,50000.0,,-1829637.0,,2023,ok,,2026-09-02T10:07:46
BSL,BSL.AX,BlueScope Steel Limited,ASX,EQUITY,AUD,AUD,Basic Materials,Steel,steel,"BlueScope Steel Limited engages in the production and marketing of metal-coated and painted steel building products in Australia, New Zealand, Asia, North America, and internationally. The company operates through five segments: Australian Steel Products, North Star BlueScope Steel, Buildings and Coated Products North America, Coated Products Asia, and New Zealand & Pacific Islands. It offers coated and painted flat steel products, including zinc/aluminium alloy coated steel; and galvanized and zinc/aluminium alloy coated pre-painted steel, as well as manufactures pipes and tubes. The company is also involved in the supply of hot rolled coils; the provision of engineered building solutions, such as coil paintings; and the development of industrial properties, primarily warehouses and distribution centres. In addition, it provides metal coating, painting, and steel building solutions; and steel slabs, billets, plates, cold-rolled coils, reinforcing coils, rods, wires, and bars, as well as value-added coated and painted steel solutions, as well as operates ferrous and non-ferrous scrap metal recyclers. Further, the company offers its products under the COLORBOND, COLORSTEEL, TRUECORE, ZINCALUME, TRU-SPEC, LYSAGHT, FIELDERS, Orrcon Steel, BUTLER, and VARCO PRUDEN brand names for residential and non-residential building, construction, automotive, manufacturing, infrastructure, packaging, transport, agriculture, and mining industries. It also exports its products. The company was formerly known as BHP Steel Limited and changed its name to BlueScope Steel Limited in November 2003. BlueScope Steel Limited was founded in 1885 and is headquartered in Melbourne, Australia.",15800,https://www.bluescope.com,Australia,Melbourne,VIC,30.81,13497165824,438077431,435935336,1407720,1899752,1.226,16662599680,1654899968,0.39650002,0.06861,0.048130002,1167000064,1767000064,0.02575,0.53966,13,16605900000.0,10059900000.0,6546000000.0,1878500000.0,945800000.0,802000000.0,2026,,8080400000.0,20146200000.0,16398900000.0,1167000000.0,1767000000.0,10310500000.0,2026,-1485700000.0,-12500000.0,,239900000.0,,2026,ok,,2026-09-02T10:07:49
BSR,BSR.AX,Bison Resources Limited,ASX,EQUITY,AUD,,Basic Materials,Gold,gold,"Bison Resources Limited operates as an exploration and evaluation company in the United States. It primarily explores gold, silver, and copper deposits. The company was incorporated in 2025 and is headquartered in East Perth, Australia.",,https://www.bisonresources.com.au,Australia,East Perth,WA,0.38,25175000,66250000,,18751,13189,,,,0.0,0.0,0.0,,,0.70216006,0.0,,,,,,,,,,,,,,,,,,,,,,,ok,,2026-09-02T10:07:51
BSX,BSX.AX,Blackstone Minerals Limited,ASX,EQUITY,AUD,AUD,Basic Materials,Other Industrial Metals & Mining,other-industrial-metals-mining,"Blackstone Minerals Limited engages in the exploration of mineral properties in North America and Vietnam. The company primarily explores for nickel, cobalt, copper, gold, and manganese deposits. The company holds a 90% interest in its flagship project, the Ta Khoa project located in Son La Province, Vietnam. Blackstone Minerals Limited was incorporated in 2016 and is based in West Perth, Australia.",,https://www.blackstoneminerals.com.au,Australia,West Perth,WA,0.043,74031376,1721659855,1132541480,1004591,626880,1.504,,-13526232,0.0,0.0,0.0,15029650,99563,0.47402,0.080240004,,,,,-16478277.0,-16820437.0,-17331846.0,2024,,9684841.0,13616853.0,19252434.0,4162366.0,1117704.0,20057494.0,2024,-1250000.0,5982874.0,,-14966010.0,,2024,ok,,2026-09-02T10:07:54
BTR,BTR.AX,Brightstar Resources Limited,ASX,EQUITY,AUD,AUD,Basic Materials,Gold,gold,"Brightstar Resources Limited, together with its subsidiaries, engages in the exploration, development, and mining of gold properties in Australia. It holds 100% interest in the Laverton, Sandstone, and Menzies hubs located in Western Australia. The company was formerly known as Stone Resources Australia Limited and changed its name to Brightstar Resources Limited in December 2020. Brightstar Resources Limited was incorporated in 2002 and is based in Subiaco, Australia.",,https://brightstarresources.com.au,Australia,Subiaco,WA,0.57,629090304,1103667198,610062811,6895786,15622396,1.09,70074000,-44288000,-0.19659,-0.87635005,-0.88225,26798000,34647000,0.11066,0.17031,3,1054317.0,2723178.0,-1668861.0,-3735216.0,-9998689.0,-6391755.0,2024,,93165971.0,139559262.0,110179304.0,7961484.0,2633172.0,69083766.0,2024,-8745859.0,20500000.0,,-8615541.0,,2024,ok,,2026-09-02T10:07:56
BUR,BUR.AX,Burley Minerals Ltd,ASX,EQUITY,AUD,AUD,Basic Materials,Other Industrial Metals & Mining,other-industrial-metals-mining,"Burley Minerals Ltd explores, evaluates, and develops mineral properties in Australia and Canada. It explores for iron and lithium deposits. Burley Minerals Ltd was incorporated in 2020 and is headquartered in West Perth, Australia.",,https://burleyminerals.com.au,Australia,West Perth,WA,0.023,5249770,228250867,119679286,71836,60751,0.504,10095,-899821,1.0,-187.15715,0.0,478801,0,0.37348998,0.01584,,,,,-5837699.0,-5850026.0,-5834337.0,2024,,14251238.0,14270598.0,17255973.0,2399299.0,,16624833.0,2024,-4270566.0,2303710.0,,-5375407.0,,2024,ok,,2026-09-02T10:07:59
BUS,BUS.AX,Bubalus Resources Limited,ASX,EQUITY,AUD,AUD,Basic Materials,Other Industrial Metals & Mining,other-industrial-metals-mining,"Bubalus Resources Limited engages in exploration and evaluation of mineral resource projects in the Northern Territory, Victoria, and Western Australia. The company explores for manganese, gold, heavy and light rare earths, and associated minerals such as antimony, bismuth, silver, molybdenum, tungsten, and arsenic. Bubalus Resources Limited was incorporated in 2021 and is based in Perth, Australia.",,https://bubalusresources.com.au,Australia,Perth,WA,0.071,4962048,69888008,47175803,83447,78223,0.418,89144,,1.0,-7.55367,0.0,3406753,0,0.27469,0.05237,,,,,-1762774.0,-1762774.0,-1666732.0,2025,,2779415.0,2779415.0,6120381.0,3248570.0,,5997960.0,2025,-966212.0,2450000.0,,-1888163.0,,2025,ok,,2026-09-02T10:08:01
BUX,BUX.AX,Buxton Resources Limited,ASX,EQUITY,AUD,AUD,Basic Materials,Other Industrial Metals & Mining,other-industrial-metals-mining,"Buxton Resources Limited engages in the acquisition, exploration, and evaluation of mining tenements in Australia and the United States. It explores for copper, gold, iron, and graphite deposits. The company was incorporated in 2007 and is based in Belmont, Australia.",,https://www.buxtonresources.com.au,Australia,Belmont,WA,0.039,16928688,434068941,233396114,710590,437663,-0.14,1255603,-3264210,1.0,-2.9951,-2.98302,879859,97060,0.28621998,0.0,,651121.0,,651121.0,-3959167.0,-6187781.0,-4041862.0,2024,,1287282.0,1420521.0,4473836.0,2758845.0,,3955368.0,2024,-24583.0,2612500.0,,-3639810.0,,2024,ok,,2026-09-02T10:08:04
BVR,BVR.AX,Bellavista Resources Limited,ASX,EQUITY,AUD,AUD,Basic Materials,Other Industrial Metals & Mining,other-industrial-metals-mining,"Bellavista Resources Limited, together with its subsidiaries, operates as a mineral exploration company in Western Australia. It explores for base metals, battery mineral, nickel, zinc, copper, silver, platinum group elements, and uranium deposits. Bellavista Resources Limited was incorporated in 2021 and is based in West Perth, Australia.",,https://www.bellavistaresources.com,Australia,West Perth,WA,0.345,74511104,215974222,64008446,858596,1353379,0.69,162657,-5215899,1.0,-75.84188,0.0,2319107,25435,0.24443,0.17601,,,,,-1924577.0,-2120597.0,-2071576.0,2024,,5072989.0,5072989.0,6103655.0,802548.0,75321.0,5729046.0,2024,-2215312.0,2028823.0,,-3556636.0,,2024,ok,,2026-09-02T10:08:06
C1X,C1X.AX,Cosmos Exploration Limited,ASX,EQUITY,AUD,AUD,Basic Materials,Other Precious Metals & Mining,other-precious-metals-mining,"Cosmos Exploration Limited explores for critical minerals in Australia and Canada. The company primarily explores for gold, nickel, and copper deposits; uranium; platinum group elements; lithium; and rare earth metals. Cosmos Exploration Limited was incorporated in 2021 and is based in Subiaco, Australia.",,https://www.cosmosx.com.au,Australia,Subiaco,WA,0.1,24193318,241933188,72828815,301492,90592,2.442,-776,-1029799,0.0,-444.22794,0.0,169147,0,0.35823002,0.0124,,,,,-3962903.0,-3994841.0,-3960008.0,2024,,5572945.0,5572945.0,6333215.0,695853.0,,6081149.0,2024,-55000.0,590672.0,,-2449791.0,,2024,ok,,2026-09-02T10:08:09
C29,C29.AX,C29 Metals Limited,ASX,EQUITY,AUD,AUD,Basic Materials,Other Industrial Metals & Mining,other-industrial-metals-mining,"C29 Metals Limited engages in the exploration of mineral properties in Australia. It explores for copper, and gold deposits. C29 Metals Limited was incorporated in 2020 and is based in Hammond Park, Australia.",,https://www.c29metals.com.au,Australia,Hammond Park,WA,0.019,4255720,223985279,121273334,892401,1451408,1.303,,1154897,0.0,0.0,0.0,210766,2834,0.31355,0.0,,20071.0,,20071.0,-3420545.0,-3414069.0,-3421399.0,2023,,5300778.0,5300778.0,7673287.0,2227636.0,15471.0,7439100.0,2024,-845726.0,3525000.0,,-2285649.0,,2024,ok,,2026-09-02T10:08:11
C7A,C7A.AX,Clara Resources Australia Ltd,ASX,EQUITY,AUD,AUD,Basic Materials,Other Industrial Metals & Mining,other-industrial-metals-mining,"Clara Resources Australia Ltd engages in the mineral exploration business in Australia. It explores for coal, nickel, and cobalt deposits. The company owns 100% interest in the Ashford Coking Coal Project located in Australia; and the Kildanga Nickel and Colbalt Project consist of 4 distinct areas located in Australia. The company was formerly known as Aus Tin Mining Limited and changed its name to Clara Resources Australia Ltd in October 2022. Clara Resources Australia Ltd was incorporated in 2006 and is based in Brisbane, Australia.",,https://clararesources.com.au,Australia,Brisbane,QLD,0.004,8930046,2232511417,642324348,2011850,651987,-0.389,,-1033413,0.0,0.0,0.0,1167362,305030,0.67666,0.018509999,,,,,-5159408.0,-2186048.0,-5302036.0,2024,,92475.0,164908.0,9759913.0,14796.0,1459532.0,7603590.0,2024,-18984.0,100000.0,,-1907908.0,,2024,ok,,2026-09-02T10:08:14
CAA,CAA.AX,Capral Limited,ASX,EQUITY,AUD,AUD,Basic Materials,Aluminum,aluminum,"Capral Limited, together with its subsidiary, Austex Dies Pty Ltd, manufactures and distributes fabricated and semi-fabricated aluminum-related products in Australia. The company offers aluminum systems for windows, doors, framing, curtain walls, window and door hardware, showers and robes, fencing, sunshades and fixed louvres, cladding, Qubelok light fabrication, seating, landscaping, scaffolding, and balustrading. It also provides extrusions, sheets, plates and coils, and treadplates. The company offers its products under the Urban Comfort, Urban, Urban Plus, Artisan, Futureline, AGS Commercial, Edge, Caprio, Caprice, Ventus, Envy, Elegance, AB Pivot, Magic Touch, Lumière, Amplimesh, Aquago, Qubelok, Quiklok, CA55 Aluminium Cladding, and Garden Edge brands. It serves residential, commercial, and industrial customers. The company was formerly known as Capral Aluminium Limited and changed its name to Capral Limited in April 2008. Capral Limited was incorporated in 1936 and is based in Bundamba, Australia.",,https://www.capral.com.au,Australia,Bundamba,QLD,11.79,186783824,15842564,15213166,12681,8399,0.59,679721984,49916000,0.29196,0.04705,0.053319998,62051000,71323000,0.26143,0.42883998,1,686039000.0,439291000.0,246748000.0,57743000.0,29903000.0,35626000.0,2025,6108000.0,115293000.0,402050000.0,482902000.0,60488000.0,73209000.0,243806000.0,2025,-11756000.0,-9202000.0,,32015000.0,,2025,ok,,2026-09-02T10:08:17
CAE,CAE.AX,Cannindah Resources Limited,ASX,EQUITY,AUD,AUD,Basic Materials,Other Precious Metals & Mining,other-precious-metals-mining,"Cannindah Resources Limited, together with its subsidiaries, engages in the exploration, evaluation, and development of various mineral projects in Australia. The company explores for copper, gold, and silver deposits. Its flagship property is the 100% owned Mt Cannindah Project located in Queensland. The company was formerly known as Planet Metals Limited and changed its name to Cannindah Resources Limited in December 2014. Cannindah Resources Limited was incorporated in 2004 and is headquartered in Perth, Australia.",,https://www.cannindah.com.au,Australia,Perth,WA,0.028,40087012,1431678958,558511408,1027484,1045661,1.132,19434,-1258682,1.0,-46.443043,0.0,1635052,11783,0.48863,0.01997,,,,,-1385232.0,-1425790.0,-1506677.0,2024,,17460618.0,17506485.0,17826798.0,25249.0,61483.0,14714152.0,2024,-1448496.0,1610000.0,,-2137077.0,,2024,ok,,2026-09-02T10:08:19
CAV,CAV.AX,Carnavale Resources Limited,ASX,EQUITY,AUD,AUD,Basic Materials,Other Industrial Metals & Mining,other-industrial-metals-mining,"Carnavale Resources Limited operates as a mineral exploration company in Australia. It primarily explores for tin, lithium, cobalt, silver, nickel, gold, copper, precious metals, and other strategic minerals. The company also involved in investing activities. Carnavale Resources Limited was incorporated in 2006 and is based in Mount Hawthorn, Australia.",,https://www.carnavaleresources.com,Australia,Mount Hawthorn,WA,0.089,36317836,408065557,286505279,262587,142231,0.893,178425,-1036096,1.0,-9.46462,0.0,6272644,0,0.30252,0.044239998,,,,,-1070786.0,-1071247.0,-791143.0,2024,,10051189.0,10051189.0,11491454.0,1244845.0,,11153260.0,2024,-2264986.0,3105675.0,,-2616087.0,,2024,ok,,2026-09-02T10:08:22
CAY,CAY.AX,Canyon Resources Limited,ASX,EQUITY,AUD,AUD,Basic Materials,Other Industrial Metals & Mining,other-industrial-metals-mining,"Canyon Resources Limited, together with its subsidiaries, engages in the expedition and development of mineral properties in West Africa. The company mines for bauxite, alumina, and silica. Its flagship property is the 100% owned Minim Martap Bauxite project located in central Cameroon. The company was formerly known as Castlemaine Resources Limited and changed its name to Canyon Resources Limited in March 2010. Canyon Resources Limited was incorporated in 2009 and is based in West Perth, Australia. Canyon Resources Limited operates as a subsidiary of Eagle Eye Asset Holdings Pte Ltd.",,https://www.canyonresources.com.au,Australia,West Perth,WA,0.057,117540560,2062115055,594796466,1429792,1033502,0.891,,-9663356,0.0,0.0,0.0,85818736,63580860,0.69617,0.00765,1,,,,-9441139.0,-10130479.0,-9538668.0,2024,,21595936.0,22195357.0,44536543.0,22165818.0,,43869004.0,2024,-3503788.0,25034679.0,,-13077428.0,,2024,ok,,2026-09-02T10:08:24
CAZ,CAZ.AX,Cazaly Resources Limited,ASX,EQUITY,AUD,AUD,Basic Materials,Other Industrial Metals & Mining,other-industrial-metals-mining,"Cazaly Resources Limited engages in mineral exploration and development activities in Australia, Namibia, and Canada. It explores for rare earth elements, lithium, silver, copper, nicke, zinc, gold, iron ore, cobalt, and base metals deposits. The company was incorporated in 2002 and is based in West Perth, Australia.",,https://www.cazalyresources.com.au,Australia,West Perth,WA,0.02,11780615,589030779,389177621,446328,419707,0.498,238689,-539441,1.0,-2.02092,0.0,4865809,62070,0.32981,0.0,,,,,-5698582.0,-6171512.0,-5805263.0,2025,,7089628.0,7594239.0,10426674.0,2866366.0,113312.0,9953536.0,2025,-1528418.0,1989000.0,,-2459992.0,,2025,ok,,2026-09-02T10:08:26
CBE,CBE.AX,Cobre Limited,ASX,EQUITY,AUD,AUD,Basic Materials,Other Industrial Metals & Mining,other-industrial-metals-mining,"Cobre Limited engages in the exploration and evaluation of mineral properties in Australia and Botswana. It explores for copper, gold, silver, and zinc deposits. The company's flagship project is the 100% owned Ngami Copper Project covering an area of 727 square kilometers located in Botswana. Cobre Limited was incorporated in 2018 and is based in Sydney, Australia.",,https://www.cobre.com.au,Australia,Sydney,NSW,0.41,500690848,1221197234,428228609,4842858,7498681,1.516,718274,-3102375,1.0,-3.7014802,0.0,7169571,0,0.09641,0.29702,1,,,,-2450330.0,-2476435.0,-2123532.0,2025,,37206447.0,37206447.0,42697378.0,4591195.0,5469815.0,35898145.0,2025,-5771420.0,11891031.0,,-7780500.0,,2025,ok,,2026-09-02T10:08:29
CBY,CBY.AX,Canterbury Resources Limited,ASX,EQUITY,AUD,AUD,Basic Materials,Other Precious Metals & Mining,other-precious-metals-mining,"Canterbury Resources Limited explores mineral properties in Australia and Papua New Guinea. It explores for copper, molybdenum, silver, and gold deposits. Canterbury Resources Limited was incorporated in 2011 and is headquartered in Pyrmont, Australia.",,https://www.canterburyresources.com.au,Australia,Pyrmont,NSW,0.043,12027022,279698164,165916414,127634,194625,1.11,41370,-1197467,1.0,-30.69413,0.0,923080,0,0.38337,0.017,,,,,-680084.0,-1244634.0,-705177.0,2024,,11124000.0,11124000.0,12490954.0,753021.0,400000.0,11244190.0,2024,-6239.0,612492.0,,-570044.0,,2024,ok,,2026-09-02T10:08:32
CC9,CC9.AX,Chariot Resources Ltd,ASX,EQUITY,AUD,AUD,Basic Materials,Other Industrial Metals & Mining,other-industrial-metals-mining,"Chariot Resources Ltd, a mineral exploration company, focuses on discovering and developing lithium properties in the United States and Nigeria. The company was formerly known as Chariot Corporation Limited and changed its name to Chariot Resources Ltd in November 2025. Chariot Resources Ltd incorporated in 2019 and is based in Perth, Australia.",,https://www.chariotcorporation.com,Australia,Perth,WA,0.08,18151346,226891829,122954444,207299,138201,3.077,65581,-4087374,1.0,-2102.0483,0.0,771079,2064884,0.39881,0.0,,,,,-4087374.0,-4191372.0,-5153215.0,2025,,9696886.0,9735303.0,10821639.0,771079.0,2064884.0,4753674.0,2025,-513254.0,2135136.0,,-4011883.0,,2025,ok,,2026-09-02T10:08:34
CCM,CCM.AX,Cadoux Limited,ASX,EQUITY,AUD,AUD,Basic Materials,Other Industrial Metals & Mining,other-industrial-metals-mining,"Cadoux Limited engages in the exploration, evaluation, and development of mineral properties in Australia and the Southeast Asia. It's flagship project owned 100% interests in theCadoux kaolin deposit, a high purity alumina project in Western Australia. The company owns potash concessions in Thailand. The company was formerly known as FYI Resources Limited and changed its name to Cadoux Limited in December 2023. Cadoux Limited was incorporated in 1993 and is based in West Perth, Australia.",,https://www.cadoux.com.au,Australia,West Perth,WA,0.027,12345775,457250923,312909787,655328,93124,0.791,,,0.0,0.0,0.0,1919658,0,0.17859,0.0,,,,,-5253085.0,-5253085.0,-3736729.0,2024,,3533332.0,3533332.0,10698991.0,4862093.0,,9731566.0,2024,,5629660.0,,-3420647.0,,2022,ok,,2026-09-02T10:08:37
CDR,CDR.AX,Codrus Minerals Limited,ASX,EQUITY,AUD,AUD,Basic Materials,Gold,gold,"Codrus Minerals Limited engages in the exploration of mineral properties. It explores for gold, uranium, REE, nickel, and copper deposit. The company was incorporated in 2014 and is based in West Perth, Australia.",,https://www.codrusminerals.com.au,Australia,West Perth,WA,0.038,9819882,258417972,110241108,639127,624806,1.658,103697,-2103946,1.0,-7.70301,0.0,460103,0,0.40240002,0.0473,,300000.0,,300000.0,-3095265.0,-3517666.0,-3162691.0,2024,,127894.0,203122.0,2368866.0,2039276.0,120926.0,1983668.0,2024,-33476.0,2006800.0,,-1832487.0,,2023,ok,,2026-09-02T10:08:39
CDT,CDT.AX,Castle Minerals Limited,ASX,EQUITY,AUD,AUD,Basic Materials,Gold,gold,"Castle Minerals Limited engages in the exploration of gold, graphite, and other mineral deposits in West Africa and Australia. The company explores for graphite, gold, and base metals. Its flagship projects include the Kpali and the Kandia gold projects located in Ghana, West Africa. The company was incorporated in 2005 and is based in West Perth, Australia.",,https://www.castleminerals.com,Australia,West Perth,WA,0.078,13817352,177145535,91731440,205130,134530,0.969,14211,-4171539,1.0,-15065.666,0.0,2962547,0,0.46300998,0.0,,,,,-2948185.0,-2969468.0,-2881373.0,2024,,32673.0,32673.0,1106344.0,1023219.0,20551.0,510724.0,2024,-2449.0,1480000.0,,-3014038.0,,2024,ok,,2026-09-02T10:08:42
CEL,CEL.AX,Challenger Gold Limited,ASX,EQUITY,AUD,AUD,Basic Materials,Other Precious Metals & Mining,other-precious-metals-mining,"Challenger Gold Limited engages in the exploration of gold, silver, and copper deposits in Argentina and Ecuador. Its flagship project is the 100% owned Hualilan Gold project, comprising 15 mining licenses and covers an area of 604 square kilometers which is located in San Juan, Argentina. The company was formerly known as Challenger Exploration Limited and changed its name to Challenger Gold Limited in June 2023. Challenger Gold Limited was incorporated in 2007 and is based in West Perth, Australia.",,https://challengergold.com,Australia,West Perth,WA,1.85,314958688,170247940,70144746,159621,209850,0.833,18064936,-5296649,1.0,-0.1418,0.31946,36194256,21595400,0.3037,0.33567002,2,,,,10823167.0,-5930101.0,5771005.0,2025,,223093048.0,223350264.0,274274302.0,36194257.0,20011376.0,240899327.0,2025,-21435027.0,74375728.0,,-32125063.0,,2025,ok,,2026-09-02T10:08:44
CG1,CG1.AX,Carbonxt Group Limited,ASX,EQUITY,AUD,AUD,Basic Materials,Specialty Chemicals,specialty-chemicals,"Carbonxt Group Limited, a cleantech company, develops, markets, and sells specialized activated carbon (AC) products for the removal of pollutants and toxins in industrial processes in the United States. The company offers powdered activated carbon and AC pellets. Its products are used for industrial air purification, wastewater treatment, and other liquid and gas phase markets for the capture of mercury and sulphur to reduce harmful emissions into the atmosphere. The company serves coal-fired power plants, cement plants, industrial boiler and incinerators, portable water, nutrient recovery technology, per- and polyfluoroalkyl substances, and VOC and hydrogen sulfide removal industries. Carbonxt Group Limited was incorporated in 2001 and is headquartered in Sydney, Australia.",,https://cglimited.com.au,Australia,Sydney,NSW,0.082,35533092,433330377,275693316,133359,35128,-0.6,17346520,-621703,0.54640996,-0.12154,-0.37605,1274053,15360006,0.3628,0.0,,15124618.0,9386941.0,5737677.0,-2915277.0,-5841282.0,-8118499.0,2024,176896.0,12529626.0,21941982.0,32851204.0,4141926.0,13675331.0,10734911.0,2024,-366306.0,2581613.0,,1751138.0,,2024,ok,,2026-09-02T10:08:46
CGR,CGR.AX,CGN Resources Limited,ASX,EQUITY,AUD,AUD,Basic Materials,Other Industrial Metals & Mining,other-industrial-metals-mining,"CGN Resources Limited engages in the exploration and development of minerals projects in Australia. It explores for copper, nickel, gold, and specialty metals deposits. The company's flagship project is the Webb Project located in the Aileron province of the West Arunta Orogen. CGN Resources Limited was incorporated in 2007 and is based in West Perth, Australia.",,https://cgnresources.com.au,Australia,West Perth,WA,0.074,8522816,115173191,76272900,61844,4168,0.865,-126312,-2422364,0.0,19.45838,0.0,2906823,13280,0.36893,0.01059,,,,,-4940748.0,-4953692.0,-4398144.0,2024,,232628.0,255166.0,7380449.0,7016988.0,33018.0,6792549.0,2024,-223821.0,10800000.0,,-3432395.0,,2024,ok,,2026-09-02T10:08:49
CHN,CHN.AX,Chalice Mining Limited,ASX,EQUITY,AUD,AUD,Basic Materials,Other Industrial Metals & Mining,other-industrial-metals-mining,"Chalice Mining Limited operates as a mineral exploration and evaluation company. It explores for gold, copper, cobalt, palladium, platinum, and nickel deposits. The company also has interest in the Gonneville Palladium-Nickel-Copper Project and in the exploration of projects located in the West Yilgarn region of Western Australia. Chalice Mining Limited was incorporated in 2005 and is based in West Perth, Australia.",,https://chalicemining.com,Australia,West Perth,WA,1.23,479899904,390162539,351837057,2003072,1481839,1.58,-396000,-28806000,0.0,-165.96,0.0,71261000,1779000,0.11216,0.32846,6,118000.0,145000.0,118000.0,-21924000.0,-26259000.0,-24214000.0,2024,,54167000.0,56877000.0,135980000.0,70829000.0,1879000.0,129418000.0,2025,-231000.0,76749000.0,,-17990000.0,,2025,ok,,2026-09-02T10:08:51
CHR,CHR.AX,Charger Metals NL,ASX,EQUITY,AUD,AUD,Basic Materials,Other Industrial Metals & Mining,other-industrial-metals-mining,"Charger Metals NL engages in the exploration for battery metals. The company explores for nickel, copper, and lithium. Its project portfolio includes a 100% interest in the Lake Johnston project located in Perth, Western Australia; an 85% interest in the Coates project situated in Wundowie, Western Australia; and a 70% interest in the Bynoe lithium project in the Northern Territory. The company was incorporated in 2020 and is based in West Perth, Australia.",,https://chargermetals.com.au,Australia,West Perth,WA,0.085,7641142,89895788,87085123,166156,131681,1.34,151713,-535503,1.0,-45.9288,0.0,1392616,25855,0.43884,0.0,,,,,-2290084.0,-2150438.0,-2379811.0,2024,,10396985.0,10470978.0,13740392.0,3301018.0,89404.0,13255850.0,2024,-5977366.0,2703000.0,,-7226791.0,,2024,ok,,2026-09-02T10:08:54
CHRCB,CHRCB.AX,Charger Metals NL,ASX,EQUITY,AUD,AUD,Basic Materials,Other Industrial Metals & Mining,other-industrial-metals-mining,"Charger Metals NL engages in the exploration for battery metals. The company explores for nickel, copper, and lithium. Its project portfolio includes a 100% interest in the Lake Johnston project located in Perth, Western Australia; an 85% interest in the Coates project situated in Wundowie, Western Australia; and a 70% interest in the Bynoe lithium project in the Northern Territory. The company was incorporated in 2020 and is based in West Perth, Australia.",,https://chargermetals.com.au,Australia,West Perth,WA,0.016,1438332,89895788,87085123,10365,0,1.34,151713,-535503,1.0,-45.9288,0.0,1392616,25855,,,,,,,-2290084.0,-2150438.0,-2379811.0,2024,,10396985.0,10470978.0,13740392.0,3301018.0,89404.0,13255850.0,2024,-5977366.0,2703000.0,,-7226791.0,,2024,ok,,2026-09-02T10:08:57
CHW,CHW.AX,Chilwa Minerals Limited,ASX,EQUITY,AUD,AUD,Basic Materials,Other Industrial Metals & Mining,other-industrial-metals-mining,"Chilwa Minerals Limited engages in the exploration and development of heavy mineral sands project in Africa. It explores for zircon, rutile, and ilmenite, as well as monazite rare earth elements deposits. The company holds a 100% interest in the Chilwa Critical Minerals Project covering an area of approximately 878.7 square kilometers located around the northern, western, and southern shores of Lake Chilwa in southern Malawi, Africa. Chilwa Minerals Limited was incorporated in 2022 and is based in Perth, Australia.",,https://www.chilwaminerals.com.au,Australia,Perth,WA,0.73,71486936,97927305,38447133,17959,26496,0.048,,-3473090,0.0,0.0,0.0,3590073,65652,0.65459,0.000120000004,1,,,,-1917137.0,-1945556.0,-1742745.0,2024,,6995328.0,7024146.0,11197410.0,4151024.0,119202.0,10064570.0,2024,-1753480.0,-447044.0,,-3512283.0,,2024,ok,,2026-09-02T10:09:00
CIA,CIA.AX,Champion Iron Limited,ASX,EQUITY,AUD,CAD,Basic Materials,Steel,steel,"Champion Iron Limited engages in the acquisition, exploration, development, and production of iron ore properties in Canada. Its flagship project includes the Bloom Lake Mine located in south end of the Labrador. The company is headquartered in Rozelle, Australia.",,https://www.championiron.com,Australia,Rozelle,NSW,3.41,1909760000,560046922,421222491,2594631,1887116,0.599,1736579968,454944992,0.32783002,0.0067000003,0.059559997,198620992,1413798016,0.09515,0.60704,6,1769731000.0,1361107000.0,408624000.0,507809000.0,308563000.0,168736000.0,2026,560648000.0,2420475000.0,2964708000.0,3497261000.0,296788000.0,1080524000.0,1534259000.0,2026,-413866000.0,,435931000.0,22065000.0,,2026,ok,,2026-09-02T10:09:02
CKA,CKA.AX,Cokal Limited,ASX,EQUITY,AUD,USD,Basic Materials,Coking Coal,coking-coal,"Cokal Limited, together with its subsidiaries, engages in the identification, exploration, and development of coal in Indonesia, Australia, and Tanzania. The company explores for metallurgical coal deposits. Its flagship project is the 60% owned Bumi Barito Mineral project that covers an area of 14,980 hectares located in Central Kalimantan, Indonesia. Cokal Limited is based in Sydney, Australia.",,https://cokal.com.au,Australia,Sydney,NSW,0.05,53947452,1078948980,626534883,357992,227097,0.104,3527654,-1707789,-0.28687,-0.89089996,-1.16352,1607133,35840320,0.41931,0.0,,3674906.0,2766904.0,908002.0,-5682486.0,-8825623.0,-9826413.0,2024,11442609.0,40869102.0,42676300.0,46006735.0,1518525.0,25503077.0,-8469205.9999,2024,-3994205.0,10653897.0,,-4952051.0,,2024,ok,,2026-09-02T10:09:05
CLA,CLA.AX,Celsius Resources Limited,ASX,EQUITY,AUD,AUD,Basic Materials,Other Industrial Metals & Mining,other-industrial-metals-mining,"Celsius Resources Limited, together with its subsidiaries, engages in the exploration and extraction of mineral properties in Australia, Namibia, and the Philippines. It primarily explores for nickel, copper, gold, and cobalt deposits.The company's flagship project is the Maalinao-Caigutan-Biyog copper gold project located in the Philippines. The company was formerly known as Celsius Coal Limited and changed its name to Celsius Resources Limited in December 2016. Celsius Resources Limited was incorporated in 1986 and is based in Perth, Australia.",,https://www.celsiusresources.com.au,Australia,Perth,WA,0.005,18611034,3722206720,2625475987,7754825,7132023,0.738,795,-3718118,0.0,-1350.9056,0.0,2157612,10965096,0.17871,0.00806,,,,,-2217838.0,-2302245.0,-8436431.0,2024,,20256149.0,20256149.0,29489221.0,1599725.0,,28423578.0,2024,-3545746.0,2531139.0,,-5846366.0,,2024,ok,,2026-09-02T10:09:08
CLV,CLV.AX,Clover Corporation Limited,ASX,EQUITY,AUD,AUD,Consumer Defensive,Packaged Foods,packaged-foods,"Clover Corporation Limited engages in the production, refining, and sale of natural oils and encapsulated powders in Australia, New Zealand, Asia, Europe, the Middle East, and the Americas. It supplies refined Omega 3 oils and various encapsulated ingredients for infant formula, nutraceuticals, pharmaceuticals, and sports nutrition markets. The company offers Nu-Mega's Driphorm microencapsulated powders, which enables the addition of Hi-DHA tuna and/or algal oils to products. Clover Corporation Limited was incorporated in 1988 and is headquartered in Altona North, Australia.",68,https://www.clovercorp.com.au,Australia,Altona North,VIC,0.87,145289424,166999341,136844565,61636,20909,,92495000,13359500,0.34255,0.13898,0.09613,10271000,1263000,0.23070998,0.22854,1,86004000.0,59830000.0,26174000.0,12239000.0,8334000.0,7015000.0,2025,431000.0,12215000.0,18920000.0,86803000.0,8683000.0,2422000.0,72232000.0,2025,-1340000.0,,,6947000.0,,2025,ok,,2026-09-02T10:09:10
CLZ,CLZ.AX,Classic Minerals Limited,ASX,EQUITY,AUD,AUD,Basic Materials,Other Industrial Metals & Mining,other-industrial-metals-mining,"Classic Minerals Limited engages in the exploration of mineral resource projects in Australia. The company primarily explores for gold and nickel deposits. Its flagship project is the Kat Gap gold project located in Western Australia. The company was formerly known as Broad Resources Limited and changed its name to Classic Minerals Limited in 2007. Classic Minerals Limited was incorporated in 2006 and is based in Landsdale, Australia.",,https://www.classicminerals.com.au,Australia,Landsdale,WA,0.001,5509605,5509605457,1408738039,0,0,-0.414,1,-10288659,1.0,-118.65985,0.0,53020,13678634,0.096370004,0.0,,988294.0,,988294.0,-8934783.0,-9179551.0,-13354439.0,2024,3086160.0,6759561.0,8351293.0,9016520.0,55205.0,12719334.0,-14091494.0,2024,-212533.0,3166850.0,,-4526540.0,,2024,ok,,2026-09-02T10:09:13
CMD,CMD.AX,Cassius Mining Limited,ASX,EQUITY,AUD,AUD,Basic Materials,Other Industrial Metals & Mining,other-industrial-metals-mining,"Cassius Mining Limited engages in the mining and exploration of mineral properties in Australia and Africa. The company operates through two segments: Industrial Minerals Development and Mining Exploration. Its flagship project owned 100% interests in the Soalara limestone project located in the south-west of Madagascar; and the Chenene Lithium project located in Tanzania. The company was formerly known as Gulf Industrials Limited and changed its name to Cassius Mining Limited in December 2017. Cassius Mining Limited was incorporated in 2005 and is based in Forest Lodge, Australia.",,https://www.cassiusmining.com,Australia,Forest Lodge,NSW,0.018,15421810,856767228,350783308,271464,511518,-0.597,1416,,1.0,-886.48584,0.0,1290496,207052,0.41035,0.02496,,,,,-459300.0,-459300.0,-1506649.0,2024,,2080416.0,2080416.0,3005327.0,608856.0,408000.0,2900348.0,2024,-1155204.0,1325704.0,,-2170573.0,,2024,ok,,2026-09-02T10:09:16
CMG,CMG.AX,Critical Minerals Group Limited,ASX,EQUITY,AUD,AUD,Basic Materials,Other Industrial Metals & Mining,other-industrial-metals-mining,"Critical Minerals Group Limited engages in the exploration, evaluation, and development of mineral resources in Australia. It explores alumina, vanadium, molybdenum, copper, and gold deposits. The company's flagship project is the Lindfield project comprising 92 sub-blocks covering an area of 295 square kilometers located in Julia Creek. Critical Minerals Group Limited was founded in 2021 and is headquartered in Brisbane, Australia.",,https://www.criticalmineralsgroup.com.au,Australia,Brisbane,QLD,0.064,7652759,119574349,32896692,39302,6980,-0.555,554164,-3227719,1.0,-320.83054,0.0,1722170,2125016,0.66291,0.0029199999,,,,,-1795958.0,-1885659.0,-1796908.0,2024,,2300862.0,2300862.0,3823932.0,1432419.0,,3231339.0,2024,-1509773.0,1700000.0,,-2902952.0,,2024,ok,,2026-09-02T10:09:19
CMM,CMM.AX,Capricorn Metals Ltd,ASX,EQUITY,AUD,AUD,Basic Materials,Gold,gold,"Capricorn Metals Ltd, together with its subsidiaries, explores, develops, evaluates, and produces gold projects in Australia. It operates through the Karlawinda Gold Project and the Mt Gibson Gold Project segments. The company holds 100% interest in the Karlawinda gold project located in the Pilbara region of Western Australia; and the Mt Gibson Gold Project located in the Murchison region of Western Australia. It also operates commercial properties. The company was formerly known as Malagasy Minerals Limited and changed its name to Capricorn Metals Limited in February 2016. Capricorn Metals Ltd was incorporated in 2006 and is headquartered in West Perth, Australia.",171,https://capmetals.com.au,Australia,West Perth,WA,15.935,7280541696,456889961,415896146,2233623,1745046,1.242,711361024,416430016,0.59430003,0.56434,0.3967,505222016,20295000,0.09967,0.47125998,8,359727000.0,156952000.0,202775000.0,171304000.0,158628000.0,87138000.0,2024,9163000.0,396572000.0,446421000.0,602507000.0,119917000.0,134768000.0,309265000.0,2024,-65640000.0,6000000.0,,92544000.0,,2024,ok,,2026-09-02T10:09:21
CMO,CMO.AX,Cosmo Metals Limited,ASX,EQUITY,AUD,AUD,Basic Materials,Other Industrial Metals & Mining,other-industrial-metals-mining,"Cosmo Metals Limited engages in mineral exploration activities in Australia. It explores for gold, base metals, antimony, copper, nickel, cobalt, tungsten, zinc, lead, silver, lithium, and platinum group element deposits. Cosmo Metals Limited was incorporated in 2021 and is headquartered in West Perth, Australia.",,https://cosmometals.com.au,Australia,West Perth,WA,0.005,3470635,694127014,199836007,757244,286982,0.464,,-1167408,0.0,0.0,0.0,1003287,0,0.67727,0.0,,,,,-2857501.0,-2881463.0,-3112375.0,2025,,11110224.0,11172481.0,12089147.0,730526.0,13577.0,11501588.0,2025,-1607000.0,1571226.0,,-2399887.0,,2025,ok,,2026-09-02T10:09:24
CMX,CMX.AX,ChemX Materials Limited,ASX,EQUITY,AUD,AUD,Industrials,Electrical Equipment & Parts,electrical-equipment-parts,"ChemX Materials Limited engages in mining and developing of high purity alumina technology in Australia. The company develops HiPurA Process, a process technology to produce high purity alumina. The company was formerly known as NextGen Materials Pty Ltd and changed its name to ChemX Materials Limited in July 2021. ChemX Materials Limited was incorporated in 2020 and is based in Sydney, Australia.",,https://chemxmaterials.com.au,Australia,Sydney,NSW,0.026,33545804,1290223210,199068539,0,0,0.245,3855,-4648021,1.0,-1860.8291,631.0895,347,220488,0.91941,0.00311,,,,,-6755487.0,-7029268.0,-7047676.0,2025,,5301858.0,5437171.0,1323458.0,74774.0,2362438.0,-2585548.0,2024,-1195.0,1616600.0,,-1077310.0,,2025,ok,,2026-09-02T10:09:26
CNB,CNB.AX,Carnaby Resources Limited,ASX,EQUITY,AUD,AUD,Basic Materials,Other Precious Metals & Mining,other-precious-metals-mining,"Carnaby Resources Limited, together with its subsidiaries, engages in the exploration and development of mineral properties in Australia. The company explores for gold, lithium, copper, nickel, platinum group elements, and base metal deposits. Its flagship property is the Greater Duchess Copper Gold Project covering an area of approximately 1,924 square kilometers located in Queensland. The company was formerly known as Berkut Minerals Limited and changed its name to Carnaby Resources Limited in May 2019. Carnaby Resources Limited was incorporated in 2016 and is based in Subiaco, Australia.",,https://carnabyresources.com.au,Australia,Subiaco,WA,0.935,258172080,276119864,216431033,2337931,3196471,3.026,,-8004821,0.0,0.0,0.0,14603154,96497,0.35917,0.101940006,1,,,,-12069767.0,-12902032.0,-12086344.0,2024,,18530278.0,18664879.0,29850903.0,10296535.0,65601.0,26776526.0,2024,-4411180.0,20810000.0,,-17362088.0,,2024,ok,,2026-09-02T10:09:29
CNJ,CNJ.AX,Conico Ltd,ASX,EQUITY,AUD,AUD,Basic Materials,Other Industrial Metals & Mining,other-industrial-metals-mining,"Conico Ltd engages in the exploration and development of mineral properties in Australia. It primarily explores for gold, lead, zinc, cobalt, copper, platinum group elements, nickel, and manganese deposits, as well as magmatic sulphide. The company holds 100% interests in the Ryberg comprising an area of 4,521 square kilometers; and Mestersvig Projects located in Greenland. In addition, it holds a 50% interest in the Mt Thirsty project located to the northwest of Norseman, Western Australia. The company was formerly known as Fission Energy Ltd. and changed its name to Conico Ltd in July 2013. Conico Ltd was incorporated in 2006 and is headquartered in Perth, Australia.",,https://conico.com.au,Australia,Perth,WA,0.01,6519869,651986967,279574868,742047,549809,1.204,1081,-13831346,1.0,-6515.2144,0.0,481933,0,0.01202,0.0,,-1.0,,-1.0,-35081122.0,-35111266.0,-35076960.0,2024,,3002902.0,3360676.0,3472942.0,428792.0,,3218203.0,2024,-331264.0,604808.0,,-909785.0,,2024,ok,,2026-09-02T10:09:31
COB,COB.AX,Cobalt Blue Holdings Limited,ASX,EQUITY,AUD,AUD,Basic Materials,Other Industrial Metals & Mining,other-industrial-metals-mining,"Cobalt Blue Holdings Limited, together with its subsidiaries, engages in the exploration and evaluation of mining properties in Australia. It operates through three segments: Broken Hill Cobalt Project, Kwinana Cobalt Refinery Project, and Halls Creek Project. The company explores for cobalt. It holds 100% interest in the Broken Hill cobalt project comprising five exploration licenses and two mining leases covering an area of approximately 220 square kilometers located in the Broken Hill, New South Wales. It also operates the Kwinana refinery, a cobalt/nickel refinery located in Western Australia that produces battery ready sulphates as feedstock for electric vehicle batteries. In addition, the company operates Halls Creek Project, a proposed copper/zinc mining project located in the Kimberly region of Western Australia. Cobalt Blue Holdings Limited was incorporated in 2016 and is based in North Sydney, Australia.",,https://cobaltblueholdings.com,Australia,North Sydney,NSW,0.066,38772680,587464817,498345679,765074,574457,1.246,,253000,0.0,0.0,0.0,6720000,542000,0.12763,0.00354,,75000.0,,75000.0,-37461000.0,-38891000.0,-37595000.0,2024,,31246000.0,32112000.0,40962000.0,8742000.0,3094000.0,34205000.0,2024,-16904000.0,5014000.0,,-22571000.0,,2024,ok,,2026-09-02T10:09:34
COD,COD.AX,Coda Minerals Limited,ASX,EQUITY,AUD,AUD,Basic Materials,Other Industrial Metals & Mining,other-industrial-metals-mining,"Coda Minerals Limited, an exploration company, focuses on the exploration, discovery, and development of minerals in the base metals, precious metals, and battery minerals sector in Australia. The company explores for copper, cobalt, silver, gold, and uranium. It's flagship project owned 100% interests in the Elizabeth Creek Copper-Cobalt project that covers an area of 701 square kilometers located in South Australia. The company was incorporated in 2018 and is based in West Perth, Australia.",,https://www.codaminerals.com,Australia,West Perth,WA,0.12,51184204,426535036,274479015,498445,401107,1.638,500,-7322247,1.0,-10107.563,0.0,11249399,163368,0.26367,0.00865,1,,,,-4819098.0,-4981966.0,-4565582.0,2024,,18156479.0,18799409.0,22243131.0,3426744.0,123981.0,21596929.0,2024,-1817.0,2919930.0,,-4052524.0,,2024,ok,,2026-09-02T10:09:37
COY,COY.AX,Coppermoly Limited,ASX,EQUITY,AUD,AUD,Basic Materials,Other Precious Metals & Mining,other-precious-metals-mining,"Coppermoly Limited, together with its subsidiaries, engages in the exploration, evaluation, and development of copper-gold projects located in Australia. It also explores for copper, gold, silver,lead, and zinc deposits. The company was incorporated in 2007 and is headquartered in Subiaco, Australia.",,https://coppermoly.com.au,Australia,Subiaco,WA,0.006,5295944,882657429,502796978,582071,1043267,0.2,,-1836227,0.0,0.0,0.0,688648,0,0.70009005,0.0,,,,,-998344.0,-1033588.0,-1001154.0,2024,,1321252.0,1321252.0,3373001.0,1975178.0,1782230.0,3235630.0,2024,-1039456.0,1992864.0,,-2024191.0,,2024,ok,,2026-09-02T10:09:39
CP8,CP8.AX,Canadian Phosphate Limited,ASX,EQUITY,AUD,AUD,Basic Materials,Agricultural Inputs,agricultural-inputs,"Canadian Phosphate Limited supplies regenerative phosphate and organic fertilizers products in Australia and North America. The company holds interests in two rock phosphate mining projects, comprising the Wapiti project comprising an area of approximately 78 km²; and Fernie projects that covers an area of approximately 108 km² in British Columbia, Canada. It also offers fused calcium magnesium silica phosphate products. The company was formerly known as Fertoz Limited and changed its name to Canadian Phosphate Limited in February 2025. Canadian Phosphate Limited was incorporated in 2010 and is based in Perth, Australia.",,https://canadianphosphate.com,Australia,Perth,WA,0.145,57206604,394528312,80495804,65516,30926,,2447079,,0.02823,-0.77764,-0.85230005,2930139,-27280,0.35938,0.0235,,2306615.0,1139216.0,1167399.0,-1417759.0,-1623623.0,-2210144.0,2025,147939.0,7363822.0,7578134.0,10618357.0,2442502.0,445866.0,9966225.0,2024,-516293.0,2209000.0,,-1022459.0,,2025,ok,,2026-09-02T10:09:43
CPM,CPM.AX,Cooper Metals Limited,ASX,EQUITY,AUD,AUD,Basic Materials,Other Industrial Metals & Mining,other-industrial-metals-mining,"Cooper Metals Limited focuses on discovery and exploration of copper and gold deposits in Queensland and Western Australia, Australia. The company's flagship project is the Mt Isa East Project that covers an area of approximately 1,600 square kilometers located in the Mount Isa district of north-west Queensland. The company was incorporated in 2021 and is based in Perth, Australia.",,https://coopermetals.com.au,Australia,Perth,WA,0.087,10004526,114994562,47215548,262426,316879,3.086,62285,-500865,1.0,-10.66543,0.0,1449626,0,0.37678,0.02247,,,,,-1516472.0,-1546160.0,-1419818.0,2024,,8502812.0,8572519.0,11557639.0,2966698.0,,11346152.0,2024,-2999825.0,5877500.0,,-4093095.0,,2024,ok,,2026-09-02T10:09:45
CPN,CPN.AX,Caspin Resources Limited,ASX,EQUITY,AUD,AUD,Basic Materials,Other Industrial Metals & Mining,other-industrial-metals-mining,"Caspin Resources Limited engages in the exploration and development of mineral properties in Australia. The company explores for gold, nickel, copper, platinum group elements, and tin deposits. Its flagship property is the 80% owned Yarawindah Brook project covering approximately 400 square kilometers located northeast of Perth, Western Australia. Caspin Resources Limited was incorporated in 2020 and is based in West Perth, Australia.",,https://www.caspin.com.au,Australia,West Perth,WA,0.125,37156228,297249815,183957034,1207830,581433,1.212,,-3294785,0.0,0.0,0.0,4794017,119886,0.34390998,0.017,1,,,,-2435249.0,-2838220.0,-2521769.0,2024,,66266.0,66266.0,1638212.0,1415006.0,46863.0,1448006.0,2024,-3685.0,100000.0,,-2912888.0,,2023,ok,,2026-09-02T10:09:47
CPO,CPO.AX,Culpeo Minerals Limited,ASX,EQUITY,AUD,AUD,Basic Materials,Copper,copper,"Culpeo Minerals Limited engages in the exploration and development of copper systems in the Coquimbo region of Chile. It holds 50% interest in Lana Corina Project located in Coquimbo region of Chile. The company explores for copper, molybdenum, silver, and gold deposits. Culpeo Minerals Limited was incorporated in 2018 and is based in Fremantle, Australia.",,https://www.culpeominerals.com.au,Australia,Fremantle,WA,0.018,14312144,795119152,634418043,2750736,5770299,0.475,6198,-1349851,1.0,-146.15038,0.0,1984581,0,0.26978,0.038259998,,,,,-1811611.0,-1701627.0,-1813295.0,2025,,7104278.0,7104278.0,9194777.0,1984581.0,,9587394.0,2025,-1679178.0,4466820.0,,-3209420.0,,2025,ok,,2026-09-02T10:09:50
CR1,CR1.AX,Constellation Resources Limited,ASX,EQUITY,AUD,AUD,Basic Materials,Other Industrial Metals & Mining,other-industrial-metals-mining,"Constellation Resources Limited engages in the exploration for mineral properties in Australia. The company primarily explores for nickel, zinc, lead copper, and gold deposits. It holds an interest in the Orpheus project comprising six tenements covering approximately 443 square kilometers that includes a 70% interest in three mineral exploration licenses and one mineral exploration license application located in the Fraser Range province of Western Australia, as well as a 100% interest in two exploration licenses. The company also hold intrest in the Ularring Project located in Western Australia; and Edmund Collier, Yerrida and Asbhurton Projects located in Western Australia. Constellation Resources Limited was incorporated in 2011 and is based in Perth, Australia.",,https://www.constellationresources.com.au,Australia,Perth,WA,0.145,15542927,107192598,43446768,24888,11388,0.652,50000,-2149647,1.0,-20.12624,0.0,1021434,0,0.39591,0.0,,,,,-3024178.0,-3034951.0,-2969558.0,2025,,293617.0,329604.0,691807.0,330901.0,,197562.0,2025,-39762.0,1393000.0,,-2119578.0,,2025,ok,,2026-09-02T10:09:52
CR3,CR3.AX,Core Energy Minerals Ltd,ASX,EQUITY,AUD,AUD,Basic Materials,Other Industrial Metals & Mining,other-industrial-metals-mining,"Core Energy Minerals Ltd engages in the exploration and development of battery and critical mineral assets in Australia, Brazil, the United States, and Peru. It explores for gold, silver, uranium, nickel, rare earth elements (REE), and graphite deposits. The company was formerly known as OAR Resources Limited and changed its name to Core Energy Minerals Ltd in December 2024. Core Energy Minerals Ltd was incorporated in 1985 and is based in West Leederville, Australia.",,https://coreenergyminerals.com.au,Australia,West Leederville,WA,0.008,5702821,712852653,305244826,754531,415095,0.664,-139152,-1698035,0.0,-1830.5417,0.0,176234,1175786,0.2016,0.0,,,,,-5587851.0,-5638953.0,-6354913.0,2024,,2848372.0,2848372.0,3654669.0,352403.0,15662435.0,547843.0,2024,-1005465.0,1000500.0,,-1801101.0,,2024,ok,,2026-09-02T10:09:55
CRB,CRB.AX,Carbine Resources Limited,ASX,EQUITY,AUD,AUD,Basic Materials,Other Industrial Metals & Mining,other-industrial-metals-mining,"Carbine Resources Limited engages in the exploration and evaluation of mineral properties in Western Australia. The company explores for silica sand deposits. Its flagship project is the 100% owned Muchea West Silica Sand project, which consists of granted exploration license and a mining license application covering approximately a land area of 102 square kilometers located to the north of Perth, as well as the Down South Silica Sand Project consisting of three granted exploration licenses that covers approximately 5,800 hectares located in the southeast of Bunbury. The company was incorporated in 2006 and is based in Subiaco, Australia.",,https://www.carbineresources.com.au,Australia,Subiaco,WA,0.007,8343060,1191865701,584526696,176775,405479,1.263,15820,-734306,1.0,-28.17871,0.0,1473638,0,0.63234,0.0,,,,,-751578.0,-751578.0,-735758.0,2025,,8421350.0,8421350.0,9969181.0,1473638.0,,9913432.0,2025,-503043.0,1830384.0,,-729497.0,,2021,ok,,2026-09-02T10:09:57
CRI,CRI.AX,Critica Limited,ASX,EQUITY,AUD,AUD,Basic Materials,Other Industrial Metals & Mining,other-industrial-metals-mining,"Critica Limited engages in the exploration and development of mineral resources in Australia. The company explores for thorium, uranium, zinc, lithium, bismuth, antimony, copper, gold, nickel, tin, and tungsten, as well as platinum grade and rare earth elements. Its flagship project is the 100% owned the Jupiter and the Brothers project located in Yalgoo, Western Australia. The company was formerly known as Venture Minerals Limited and changed its name to Critica Limited in September 2024. Critica Limited was incorporated in 2006 and is based in West Perth, Australia.",,https://critica.limited,Australia,West Perth,WA,0.022,66677732,3030806096,2488571946,3253507,2594054,1.821,92474,-7056444,1.0,-47.98216,0.0,7192812,188715,0.14213,0.01984,,,,,-5934522.0,-7704930.0,-6327357.0,2024,,446115.0,1020507.0,3404405.0,1642771.0,141271.0,861008.0,2024,-252913.0,3427670.0,,-4652259.0,,2024,ok,,2026-09-02T10:10:00
CRN,CRN.AX,Coronado Global Resources Inc.,ASX,EQUITY,AUD,USD,Basic Materials,Coking Coal,coking-coal,"Coronado Global Resources Inc., together with its subsidiaries, produces, markets, and exports metallurgical coal in Asia, North America, South America, Europe, and Australia. The company owns 100% interests in the Curragh mining property located in the Bowen Basin of Queensland, Australia; and the Buchanan and the Logan properties, as well as development mining properties comprising the Mon Valley and the Russell County properties primarily located in the Central Appalachian region of the United States. It also owns and controls a portfolio of operating mines and development projects in Queensland, Australia. The company was founded in 2011 and is headquartered in Brisbane, Australia. Coronado Global Resources Inc. operates as a subsidiary of Coronado Group LLC.",,https://www.coronadoglobal.com,Australia,Brisbane,QLD,0.235,441382496,0,737740228,4877734,8650580,0.021,2013981056,-159282000,0.10019,-0.074889995,-0.33648,97686000,840710976,0.5413,0.03449,6,1920416000.0,1524569000.0,395847000.0,-158274000.0,-202068000.0,-432056000.0,2025,103011000.0,1573157000.0,2869916000.0,2625554999.9999,173032000.0,825138000.0,649746000.0,2025,-244784000.0,-850202000.0,,-324781000.0,,2025,ok,,2026-09-02T10:10:02
CRR,CRR.AX,Critical Resources Limited,ASX,EQUITY,AUD,AUD,Basic Materials,Other Industrial Metals & Mining,other-industrial-metals-mining,"Critical Resources Limited engages in the exploration and development of mineral projects in Australia and Canada. It explores for lithium, zinc, lead, copper, silver, and gold deposits. The company's flagship project is the Mavis Lake Lithium Project located in Ontario, Canada. Critical Resources Limited was formerly known as Force Commodities Limited and changed its name to Critical Resources Limited in May 2021. The company was incorporated in 2010 and is based in Perth, Australia.",,https://www.criticalresources.com.au,Australia,Perth,WA,0.005,15970427,3194085445,1831668006,1941300,1220423,-0.006,24347,-2114384,1.0,-56.84902,0.0,955925,54528,0.46471,0.0,,,,,-1957995.0,-2180454.0,-1953309.0,2025,,34454999.0,34454999.0,36028841.0,955925.0,42203.0,29751795.0,2025,-2898929.0,3208000.0,,-4730749.0,,2025,ok,,2026-09-02T10:10:05
CRS,CRS.AX,Caprice Resources Limited,ASX,EQUITY,AUD,AUD,Basic Materials,Other Industrial Metals & Mining,other-industrial-metals-mining,"Caprice Resources Limited engages in the acquisition, exploration, and development of mineral resource projects in Australia. It primarily explores for gold, lead, zinc, copper, niobium, and rare earth elements. The company was incorporated in 2018 and is based in Daglish, Australia.",,https://www.capriceresources.com,Australia,Daglish,WA,0.086,74944176,871443814,528902065,2837889,5675158,1.208,,-2650627,0.0,0.0,0.0,4756183,0,0.27497,0.17039,1,,,,-3360222.0,-3383615.0,-3364863.0,2025,,17791078.0,17796496.0,25781970.0,7776990.0,38904.0,25406880.0,2025,-3811765.0,12451155.0,,-4858794.0,,2025,ok,,2026-09-02T10:10:08
CSC,CSC.AX,Capstone Copper Corp.,ASX,EQUITY,AUD,USD,Basic Materials,Copper,copper,"Capstone Copper Corp., a copper mining company, mines, explores for, and develops mineral properties in the United States, Chile, and Mexico. The company primarily explores copper, silver, gold, molybdenum, zinc, iron, cobalt, and other base metals. Capstone Copper Corp. is headquartered in Vancouver, Canada.",,https://capstonecopper.com,Canada,Vancouver,BC,15.22,11627309056,763949339,344953685,1237174,1034510,2.176,2675545088,985724032,0.48669997,0.31141,0.17768998,371168992,1567667968,0.0,0.09875,9,2359890000.0,1803850000.0,556040000.0,1080702000.0,482250000.0,315874000.0,2025,175432000.0,6125552000.0,9338851000.0,7196877000.0,304192000.0,1332182000.0,3389465000.0,2025,-519097000.0,10000000.0,685208000.0,166111000.0,,2025,ok,,2026-09-02T10:10:10
CST,CST.AX,Castile Resources Limited,ASX,EQUITY,AUD,AUD,Basic Materials,Other Industrial Metals & Mining,other-industrial-metals-mining,"Castile Resources Limited engages in the mineral exploration and project development activities in Australia. It focuses on exploring for copper, gold, lead, cobalt, silver, zinc, bismuth, and other base metals. The company's flagship project owned 100% interests in the Rover projects located in the Northern Territory. Castile Resources Limited was incorporated in 2007 and is based in West Leederville, Australia.",,https://www.castile.com.au,Australia,West Leederville,WA,0.072,27595860,383275854,168158662,418973,317762,0.636,239955,-704488,1.0,-10.88614,0.0,2416339,3520,0.30841,0.19026,,,,,-1578526.0,-1722023.0,-684036.0,2024,,31356375.0,31499872.0,34225470.0,2425754.0,42126.0,32656485.0,2024,-1817843.0,5490001.0,,-2984737.0,,2024,ok,,2026-09-02T10:10:13
CTM,CTM.AX,Centaurus Metals Limited,ASX,EQUITY,AUD,AUD,Basic Materials,Other Industrial Metals & Mining,other-industrial-metals-mining,"Centaurus Metals Limited engages in the exploration, evaluation, and development mineral resource projects in Brazil. The company explores for copper, nickel, gold, and iron ore deposits. Its flagship project is the Jaguar nickel sulphide project covering an area of approximately 30 square kilometers of tenement package located in the Carajás Mineral Province, northern Brazil. The company was formerly known as Glengarry Resources Limited and changed its name to Centaurus Metals Limited in April 2010. Centaurus Metals Limited was incorporated in 1990 and is headquartered in Belo Horizonte, Brazil.",,https://www.centaurus.com.au,Brazil,Belo Horizonte,MG,0.51,289247328,567151642,381192025,1010590,1450709,1.262,630737,-14453326,1.0,-8.278319,0.0,24577180,724427,0.34502998,0.11594,4,,,,-13960549.0,-15742100.0,-14308070.0,2025,,25391653.0,27226457.0,50758349.0,24577181.0,724427.0,45058256.0,2025,-2168111.0,23077946.0,,-15394040.0,,2025,ok,,2026-09-02T10:10:16
CTN,CTN.AX,Catalina Resources Ltd,ASX,EQUITY,AUD,AUD,Basic Materials,Gold,gold,"Catalina Resources Ltd, together with its subsidiaries, engages in the exploration, development, and mining of mineral properties in Australia and Tasmania. It explores for lithium, iron, gold, rare earth elements, nickel, copper, and base metals. The company was formerly known as Shree Minerals Limited and changed its name to Catalina Resources Ltd in November 2022. Catalina Resources Ltd was incorporated in 2008 and is based in West Perth, Australia.",,https://www.catalinaresources.com.au,Australia,West Perth,WA,0.049,12063093,246185567,93027570,165310,205949,1.281,6003,-587786,0.0,-129.52565,0.0,3080064,0,0.19961001,0.0,,,91067.0,-91067.0,-801226.0,-831948.0,-830640.0,2022,,1992237.0,2572705.0,5998585.0,94556.0,21733.0,5055068.0,2024,-422347.0,2804000.0,,-737478.0,,2024,ok,,2026-09-02T10:10:18
CTO,CTO.AX,Citigold Corporation Limited,ASX,EQUITY,AUD,AUD,Basic Materials,Gold,gold,"Citigold Corporation Limited, together with its subsidiaries, engages in the exploration and development of mineral resources in Australia. It explores for gold and silver deposits. The company holds interest in the Charters Towers gold project located in north-eastern Queensland, Australia. Citigold Corporation Limited was incorporated in 1993 and is based in Fortitude Valley, Australia.",,https://www.citigold.com,Australia,Fortitude Valley,QLD,0.017,58650000,3450000000,1826490000,1991208,3081063,0.503,30000,-1507714,0.0,-77.6644,0.0,119888,5194107,0.39117,0.0,,46000.0,107527.0,-61527.0,-1913760.0,-2119046.0,-2310837.0,2024,,112459459.0,114800231.0,113604309.0,221070.0,3559070.0,96525200.0,2024,-316552.0,694875.0,,-1401016.0,,2024,ok,,2026-09-02T10:10:21
CUF,CUF.AX,CuFe Ltd,ASX,EQUITY,AUD,AUD,Basic Materials,Other Industrial Metals & Mining,other-industrial-metals-mining,"CuFe Ltd operates as a mineral exploration and production company in Australia. The company primarily explores for lithium, copper, iron ore, gold, niobium, and base metal deposits, as well as rare earth elements. The company was formerly known as Fe Limited and changed its name to CuFe Ltd in November 2021. CuFe Ltd was incorporated in 2005 and is headquartered in West Leederville, Australia.",,https://cufe.com.au,Australia,West Leederville,WA,0.05,103680456,2073609065,629218702,1327127,490440,1.918,,-3394217,0.0,0.0,0.0,6601889,0,0.70203,0.0,,96133892.0,99055312.0,-2921420.0,-3624989.0,-15946668.0,-13622430.0,2024,,9053379.0,9084828.0,34486650.0,7906861.0,1797624.0,5510974.0,2024,-525244.0,2810000.0,,4794488.0,,2024,ok,,2026-09-02T10:10:23
CUL,CUL.AX,Cullen Resources Limited,ASX,EQUITY,AUD,AUD,Basic Materials,Other Industrial Metals & Mining,other-industrial-metals-mining,"Cullen Resources Limited, together with its subsidiaries, engages in the mineral exploration activities in Western Australia and Finland. It explores for gold, lithium, nickel, copper, iron ore, and platinum group elements, as well as base metals. The company was incorporated in 1982 and is based in South Perth, Australia.",1,https://cullenresources.com.au,Australia,South Perth,WA,0.006,4160411,693401849,271577768,408712,64468,0.696,1657763,1313532,1.0,0.72318,0.43460998,967742,0,0.49034,0.0,,,,,-1250315.0,-1261262.0,-1141386.0,2024,,12716.0,23663.0,4865393.0,91931.0,,4701139.0,2024,-617529.0,560000.0,,-1056178.0,,2024,ok,,2026-09-02T10:10:26
CVR,CVR.AX,Cavalier Resources Ltd,ASX,EQUITY,AUD,AUD,Basic Materials,Gold,gold,"Cavalier Resources Ltd engages in the exploration and development of mineral properties in Australia. The company explores for gold, lithium, and nickel deposits. Its flagship project is the Crawford Gold Project located in the east of Leonora. The company was incorporated in 2019 and is based in Perth, Australia.",,https://www.cavalierresources.com.au,Australia,Perth,WA,0.27,22996468,85172105,35376183,66126,39881,0.626,13455,,1.0,-48.94486,0.0,694416,0,0.5274,0.0,,3969.0,,3969.0,-778497.0,-778497.0,-735540.0,2024,,3848838.0,3848838.0,4463737.0,346618.0,1100.0,4145127.0,2024,-1027759.0,-1250.0,,-1597019.0,,2024,ok,,2026-09-02T10:10:29
CVV,CVV.AX,Caravel Minerals Limited,ASX,EQUITY,AUD,AUD,Basic Materials,Copper,copper,"Caravel Minerals Limited, together with its subsidiaries, explores for mineral tenements in Western Australia. The company explores for copper, gold, silver, and molybdenum deposits. It holds an interest in the 100% owned Caravel Copper project located in Perth, Western Australia. The company was formerly known as Silver Swan Group Limited and changed its name to Caravel Minerals Limited in November 2012. Caravel Minerals Limited was incorporated in 2006 and is based in Subiaco, Australia.",,https://caravelminerals.com.au,Australia,Subiaco,WA,0.28,156453520,558762558,425201544,497967,565009,1.571,110808,-10241300,1.0,-23.83088,0.0,15371857,15651494,0.25208,0.10719,2,,,,-8120432.0,-8131792.0,-7448620.0,2025,,3562806.0,4181693.0,9508599.0,5545633.0,,8607561.0,2025,-89930.0,5000000.0,,-7872382.0,,2025,ok,,2026-09-02T10:10:32
CXL,CXL.AX,Calix Limited,ASX,EQUITY,AUD,AUD,Basic Materials,Specialty Chemicals,specialty-chemicals,"Calix Limited, an environmental technology company, provides industrial solutions to address global decarbonisation and sustainability challenges in Australia, Asia-Pacific, Europe, the Middle East, and Africa. It operates through Magnesia, Leilac, and Sustainable Processing (SusPro) segments. The company's solutions include ACTI-Mag, a wastewater solution; AQUA-Cal+, a water conditioner for aquaculture farming; BOOSTER-Mag, a concentrated aqueous suspension of a unique, bioactive form of magnesium hydroxide; and low emissions intensity lime and cement. It also provides electric calcination for electric age; marine coatings for marine-fouling and corrosion control; and advanced batteries. The company serves cement and lime, iron and steel, lithium and critical minerals, alumina, direct air capture, water, batteries, and agriculture industries. Calix Limited was incorporated in 2005 and is headquartered in Sydney, Australia.",100,https://calix.global,Australia,Sydney,NSW,0.23,49662416,215923560,185061606,553432,1052404,0.749,36020000,-15564000,0.3952,-0.46282002,-1.41666,10028000,3413000,0.17834999,0.31464002,2,27740000.0,17520000.0,10220000.0,-11242000.0,-40705000.0,-19172000.0,2025,,60325000.0,115622000.0,110376000.0,22975000.0,2625000.0,88289000.0,2025,-10920000.0,22094000.0,,-39592000.0,,2025,ok,,2026-09-02T10:10:34
CXO,CXO.AX,Core Lithium Ltd,ASX,EQUITY,AUD,AUD,Basic Materials,Other Industrial Metals & Mining,other-industrial-metals-mining,"Core Lithium Ltd engages in the development of lithium and various metal deposits in Northern Territory and South Australia. Its flagship asset, the Finniss Lithium Operation, is hard-rock lithium project located on the Cox Peninsula. The company was incorporated in 2010 and is based in Perth, Australia.",,https://corelithium.com.au,Australia,Perth,WA,0.367,1187906176,3236801664,2530549746,22524805,26484076,0.76,-2421000,-11921000,0.0,9.21107,0.0,52218000,3715000,0.051909998,0.23322001,3,-2421000.0,2568000.0,-4989000.0,-21835000.0,-25251000.0,-23370000.0,2025,27133123.0,220174000.0,296531000.0,268435000.0,24057000.0,2911000.0,234279000.0,2022,-19409000.0,111368000.0,,-63343000.0,,2025,ok,,2026-09-02T10:10:37
CY5,CY5.AX,Cygnus Metals Limited,ASX,EQUITY,AUD,AUD,Basic Materials,Other Industrial Metals & Mining,other-industrial-metals-mining,"Cygnus Metals Limited engages in the exploration of mineral properties in Canada and Australia. The company explores for lithium, gold, nickel, and copper deposits, as well as rare earth elements and platinum group elements. Its flagship projects include the Corner Bay and Devlin projects located on south of Chibougamau, Québec. The company was formerly known as Cygnus Gold Limited and changed its name to Cygnus Metals Limited in February 2023. Cygnus Metals Limited was incorporated in 2015 and is based in West Perth, Australia.",,https://www.cygnusmetals.com,Australia,West Perth,WA,0.162,198869920,1227592052,776932998,5967115,7914555,1.042,28250,-9249800,0.0,-8853.097,0.0,25520868,0,0.31009,0.18316999,,591901.0,,591901.0,-7382757.0,-7958569.0,-7538882.0,2025,,75093525.0,75514437.0,90803017.0,13351264.0,116763.0,84035916.0,2025,-13003833.0,18300000.0,,-18684578.0,,2025,ok,,2026-09-02T10:10:39
CYL,CYL.AX,Catalyst Metals Limited,ASX,EQUITY,AUD,AUD,Basic Materials,Gold,gold,"Catalyst Metals Limited engages in the mineral exploration and evaluation in Australia. The company primarily explores for gold and silver deposits. It also involved in the mine development business. Catalyst Metals Limited was incorporated in 2006 and is headquartered in Perth, Australia.",,https://www.catalystmetals.com.au,Australia,Perth,WA,6.67,1758672384,263669017,250586100,1412220,1702751,1.249,631937984,342500992,0.49778,0.43256,0.27079,313473984,25633000,0.06521,0.35827,6,317014000.0,,317014000.0,63284000.0,39294000.0,23558000.0,2024,771000.0,264098000.0,294911000.0,340481000.0,30895000.0,33005000.0,201980000.0,2024,-32743000.0,21600000.0,,37963000.0,,2024,ok,,2026-09-02T10:10:42
CYM,CYM.AX,Cyprium Metals Limited,ASX,EQUITY,AUD,AUD,Basic Materials,Copper,copper,"Cyprium Metals Limited engages in the identifying, exploration, evaluation, and development of mineral properties in Australia. It explores for copper and gold deposits. The company's flagship property is the Nifty Copper Complex located on the western edge of the Great Sandy Desert in the north-eastern Pilbara region, Western Australia. The company was incorporated in 1983 and is based in Subiaco, Australia.",,https://cypriummetals.com,Australia,Subiaco,WA,0.527,304648032,578079732,268382757,1012117,1029184,2.021,9798000,-26115000,1.0,-1.56627,-1.7355599,76244000,60931000,0.17701,0.46802,2,,,,-9991000.0,-11315000.0,-12588000.0,2024,13081000.0,150844000.0,155225000.0,173062000.0,7325000.0,51870000.0,80779000.0,2024,-5758000.0,31619000.0,,-14990000.0,,2024,ok,,2026-09-02T10:10:45
CZN,CZN.AX,Corazon Mining Limited,ASX,EQUITY,AUD,AUD,Basic Materials,Other Industrial Metals & Mining,other-industrial-metals-mining,"Corazon Mining Limited engages in the exploration of mineral resources and development of mining activities in Australia and Canada. The company primarily explores for nickel, cobalt, copper, gold, lithium, and base and precious metal deposits. Its flagship projects include the 100% owned Lynn Lake Nickel-Copper-Cobalt Sulphide project located in Manitoba, Canada; the Miriam Nickel Sulphide and Lithium project located in the Goldfields of Western Australia; and the Mt Gilmore Copper-Gold-Cobalt project located near the city of Grafton in north-eastern in New South Wales. The company was formerly known as Xanadu Resources Limited and changed its name to Corazon Mining Limited in June 2010. Corazon Mining Limited was incorporated in 2005 and is headquartered in West Perth, Australia.",,https://corazon.com.au,Australia,West Perth,WA,0.12,28682418,239020167,44594144,666373,982236,0.763,280620,,1.0,-4.20023,0.0,3499289,0,0.30638,0.0,,,,,-1014578.0,-1040116.0,-1019391.0,2025,,14561095.0,14561095.0,15660079.0,648739.0,,15505064.0,2025,-1578268.0,1550000.0,,-2272416.0,,2025,ok,,2026-09-02T10:10:47
CZR,CZR.AX,CZR Resources Ltd,ASX,EQUITY,AUD,AUD,Basic Materials,Other Industrial Metals & Mining,other-industrial-metals-mining,"CZR Resources Ltd operates as a mineral exploration and development company in Australia. It primarily explores for iron ore, gold, copper, vanadium, titanium, and nickel deposits, as well as base metals and rare earth elements. The company holds 85% interests in the Yarraloola project located in the West Pilbara; the Croydon Gold project located in the Mallina Basin; and the Buddadoo project in the mid-west region of Western Australia. It also holds interests in Yarrie Iron-Ore project located 160 kilometers east of Port Hedland; and Shepherds Well project located 60 kilometres south-west of Karratha. The company was formerly known as Coziron Resources Limited and changed its name to CZR Resources Ltd in September 2020. The company was incorporated in 2005 and is based in West Perth, Australia. CZR Resources Ltd is a subsidiary of Creasy Group Pty Ltd.",,https://www.czrresources.com,Australia,West Perth,WA,0.205,49701816,242447887,87501277,265632,339779,-0.544,65170912,60418248,1.0,0.94394994,0.83342004,67250072,0,0.78019994,0.0165,,792.0,,792.0,-4367501.0,-5413658.0,10494571.0,2024,,4653839.0,4758858.0,42642720.0,588832.0,,27570677.0,2024,-1986.0,5581682.0,,-3463175.0,,2024,ok,,2026-09-02T10:10:50
DAF,DAF.AX,Discovery Alaska Limited,ASX,EQUITY,AUD,AUD,Basic Materials,Gold,gold,"Discovery Alaska Limited engages in mineral exploration activities in Alaska. The company explores for lithium, tin, silver, gold, copper, and base metals deposits. It holds 100% interest in Chulitna project comprising 24 mining claims covering approximately an area of 15.5 square kilometers located in the state of Alaska public lands. The company was formerly known as Discovery Africa Limited and changed its name to Discovery Alaska Limited in December 2021. Discovery Alaska Limited was incorporated in 2010 and is headquartered in Osborne Park, Australia.",,https://www.discoveryalaska.com.au,Australia,Osborne Park,WA,0.018,4650474,258359698,129691068,90899,330785,0.245,3948,-896608,1.0,-81.27128,0.0,109202,0,0.46431,0.0,,,,,-1590287.0,-1590287.0,-1582118.0,2024,,145920.0,145920.0,691222.0,490129.0,,747364.0,2024,-191203.0,320000.0,,-443824.0,,2024,ok,,2026-09-02T10:10:53
DAL,DAL.AX,Dalaroo Metals Ltd,ASX,EQUITY,AUD,AUD,Basic Materials,Other Industrial Metals & Mining,other-industrial-metals-mining,"Dalaroo Metals Ltd engages in mineral exploration business in Australia. It explores for lead, zinc, copper, and nickel deposits, as well as platinum-group elements. The company holds a 100% interest in the Namban project located to the north of Perth, Western Australia; and the Lyons River project covering an area of approximately 838 square kilometers located to the east north-east of Carnarvon, Western Australia. Dalaroo Metals Ltd was incorporated in 2021 and is based in Perth, Australia.",,https://www.dalaroometals.com.au,Australia,Perth,WA,0.069,26850192,389133213,137400165,289171,160952,1.147,7463,-3080632,1.0,-527.89545,0.0,1555266,40686,0.58594,0.0,,,,,-1448947.0,-2457059.0,-1541538.0,2024,,1009595.0,1032354.0,1469632.0,409236.0,81831.0,779300.0,2024,-52705.0,869100.0,,-1962418.0,,2023,ok,,2026-09-02T10:10:56
DBO,DBO.AX,Diablo Resources Limited,ASX,EQUITY,AUD,AUD,Basic Materials,Gold,gold,"Diablo Resources Limited engages in the exploration of mineral properties in the United States. It primarily explores for gold and copper deposits. The company holds interests in the King Solomon project consisting of 2 patent and 23 mineral claims, which covers an area of 500 acres located in the Salmon in Lemhi County, Idaho; the Devil's Canyon Project comprising 90 mineral claims covering an area of approximately 7 square kilometers located in Nevada; and Phoenix Copper Project consisting of 292 unpatented lode claims that covers an area of 23.6 square kilometers located in southwestern, the Unites States. The company was incorporated in 2021 and is based in Mount Hawthorn, Australia.",,https://diabloresources.com.au,Australia,Mount Hawthorn,WA,0.018,9739313,541072975,149750367,1795313,1499784,1.4,,,0.0,0.0,0.0,945869,0,0.33765998,0.0,,,,,-9763264.0,-9763264.0,-9767947.0,2024,,7004260.0,7004260.0,821626.0,794028.0,,706858.0,2023,-2434074.0,1000000.0,,-2925277.0,,2024,ok,,2026-09-02T10:10:58
DES,DES.AX,DeSoto Resources Limited,ASX,EQUITY,AUD,AUD,Basic Materials,Other Industrial Metals & Mining,other-industrial-metals-mining,"DeSoto Resources Limited, a mineral exploration company, engages in the exploration and evaluation of mineral properties in Guinea and the Northern Territory, Australia. The company explores for gold, lithium, rare earth, and other base metal deposits. The company was incorporated in 2022 and is based in Daglish, Australia.",,https://www.desotoresources.com,Australia,Daglish,WA,0.16,44285688,276785579,146837518,219038,38046,0.559,1251,-7423660,1.0,-5924.256,0.0,12726847,72917,0.46949002,0.05389,,,,,-1623663.0,-1963302.0,-1694311.0,2024,,3772369.0,3907464.0,9552458.0,5659619.0,157354.0,9040919.0,2024,-1546171.0,10002300.0,,-3104794.0,,2024,ok,,2026-09-02T10:11:01
DGL,DGL.AX,DGL Group Limited,ASX,EQUITY,AUD,AUD,Basic Materials,Specialty Chemicals,specialty-chemicals,"DGL Group Limited operates as a supplier of chemical logistics and services in Australia, New Zealand, and the United States. The company operates through Chemical Manufacturing, Logistics, and Environmental Solutions segments. The Chemical Manufacturing segment engages in the production of specialty chemicals; undertakes advanced formulation and contract manufacturing on behalf of third parties; and manufactures DGL branded goods. The Logistics segment offers transport, logistics, and warehousing services focusing on dangerous and hazardous goods, as well as freight forwarding and inventory management services. This segment also manages logistics and distribution for other goods including food, pharmaceutical products, agricultural products, security sensitive goods, and temperature-controlled products. The Environmental Solutions segment is involved in resource recovery and waste management comprising liquid waste treatment, end-of-life lead acid battery recycling, and lead smelting and refining; and operates a wastewater treatment plant to process liquid waste generated. DGL Group Limited was incorporated in 1984 and is headquartered in Sydney, Australia.",900,https://www.dglgroup.com,Australia,Sydney,NSW,0.275,78436944,285225261,93080412,176688,240994,-0.163,467574016,15410000,0.42507,0.022230001,-0.082229994,10807000,165372000,0.67313004,0.00053,,509325830.4196,287816870.6294,221508959.7902,66713286.7133,34337849.6503,15655594.4056,2024,24889641.6084,333342438.8113,442470498.2519,662029064.6854,21448863.6364,197659527.9719,373917176.5735,2024,-31786494.7553,-484047.2028,,9010052.4475,,2024,ok,,2026-09-02T10:11:03
DGR,DGR.AX,DGR Global Limited,ASX,EQUITY,AUD,AUD,Basic Materials,Other Industrial Metals & Mining,other-industrial-metals-mining,"DGR Global Limited, together with its subsidiaries, engages in the exploration and development of mineral properties. It explores for crude oil, gas, gold, nickel, copper, cobalt, uranium, molybdenum, vanadium, bauxite, tin, and antimony deposits. It holds properties in Queensland, Uganda, and Northern Territory, Australia. The company was formerly known as D'Aguilar Gold Limited and changed its name to DGR Global Limited in November 2011. DGR Global Limited was incorporated in 1991 and is based in Teneriffe, Australia.",,https://www.dgrglobal.com.au,Australia,Teneriffe,QLD,0.034,35485664,1043695978,559473229,883886,133198,0.146,-19990152,-9437343,0.0,0.19593,0.0,113780072,50680076,0.63296,0.0,,164667.0,,164667.0,-48047245.0,-25959343.0,-46649731.0,2024,,3393058.0,8738979.0,47324958.0,1931618.0,10301974.0,30687199.0,2024,-1900189.0,300.0,,-7464450.0,,2024,ok,,2026-09-02T10:11:06
DKM,DKM.AX,Duketon Mining Limited,ASX,EQUITY,AUD,AUD,Basic Materials,Other Industrial Metals & Mining,other-industrial-metals-mining,"Duketon Mining Limited engages in the exploration and evaluation of mineral resources in Australia. The company explores for gold, lithium, iron, uranium, nickel, copper, platinum, and palladium deposits, as well as rare earth elements and base metals. Duketon Mining Limited was incorporated in 2012 and is based in West Perth, Australia.",,https://duketonmining.com.au,Australia,West Perth,WA,0.115,14346269,124750157,53410393,48947,33136,0.593,,-3032204,0.0,0.0,0.0,11280149,27775,0.58179003,0.0,,,,,-515726.0,-2034017.0,-559556.0,2025,,117853.0,366612.0,11980822.0,9326735.0,44709.0,11623686.0,2025,-8571.0,62500.0,,-1269606.0,,2025,ok,,2026-09-02T10:11:08
DLI,DLI.AX,Delta Lithium Limited,ASX,EQUITY,AUD,AUD,Basic Materials,Gold,gold,"Delta Lithium Limited explores for and develops lithium properties in Western Australia. It holds interest in the Yinnetharra Lithium Project covering an area of more than 3,100 square kilometres, located in the Gascoyne Lithium Province of Western Australia. The company was formerly known as Red Dirt Metals Limited and changed its name to Delta Lithium Limited in April 2023. Delta Lithium Limited was incorporated in 2003 and is based in West Perth, Australia.",,https://www.deltalithium.com.au,Australia,West Perth,WA,0.18,129454112,719189526,290722735,686485,202643,-0.56,26189,-4910288,1.0,-42.71256,0.0,56271824,503978,0.49837002,0.15976,2,,,,-12112232.0,-17766730.0,-12493469.0,2024,74604.0,159743278.0,160315115.0,249592457.0,86686146.0,709636.0,241439844.0,2024,-62761363.0,73123078.0,,-67587609.0,,2024,ok,,2026-09-02T10:11:10
DLY,DLY.AX,Daly Resources Ltd,ASX,EQUITY,AUD,AUD,Basic Materials,Other Industrial Metals & Mining,other-industrial-metals-mining,"Daly Resources Ltd engages in the exploration of mineral resources in Australia. It primarily explores fluorite, zinc, barium, lead, and copper. The company's flagship project is the Huckitta Project covering an area of located approximately 3,600 square kilometers located in the Northern Territory, Australia. Daly Resources Ltd was incorporated in 2022 and is headquartered in West Perth, Australia.",,https://dalyresources.com.au,Australia,West Perth,WA,0.15,13650001,91000000,27258925,215759,126368,,,,0.0,0.0,0.0,69357,0,0.51741004,0.050479997,,,,,,-359561.0,-352743.0,2025,,,,0.0,,,0.0,2025,,435000.0,,,,2025,ok,,2026-09-02T10:11:13
DM1,DM1.AX,Desert Metals Limited,ASX,EQUITY,AUD,AUD,Basic Materials,Other Industrial Metals & Mining,other-industrial-metals-mining,"Desert Metals Limited engages in the exploration of mineral properties in Australia. The company primarily explores for gold, lithium, copper, nickel, zinc, lead, and rare earth and platinum group elements. Its flagship project is the Tengrela South Gold project comprising one granted permit covering an area of 285 square kilometers located near north Côte d'Ivoire. The company was incorporated in 2017 and is based in Mount Hawthorn, Australia.",,https://www.desertmetals.com.au,Australia,Mount Hawthorn,WA,0.008,5351030,668878801,401802854,640776,144774,0.208,119416,-1643794,1.0,-11.48659,0.0,495740,0,0.21391001,0.0,,,,,-9870004.0,-9891464.0,-9843781.0,2024,,4049361.0,4134483.0,6776810.0,2668186.0,,6399812.0,2024,-1738529.0,3750750.0,,-3134974.0,,2024,ok,,2026-09-02T10:11:15
DME,DME.AX,Dome Gold Mines Ltd,ASX,EQUITY,AUD,AUD,Basic Materials,Other Industrial Metals & Mining,other-industrial-metals-mining,"Dome Gold Mines Ltd, together with its subsidiaries, engages in the exploration and evaluation of mineral projects in Fiji. It explores for gold, copper, and silver deposits, as well as iron sands. The company holds 100% interests in three special prospecting licenses (SPLs), including the SPL 1495 Sigatoka Iron and Industrial Sand project that covers an area of approximately 2,522 hectares located in the south coast of Viti Levu; the SPL1451, the Ono Island Gold project and SPL1452, the Nadrau Gold-Copper Porphyry project with a tenement area of 32,930 hectares located in Viti Levu. Dome Gold Mines Ltd was incorporated in 2011 and is headquartered in Sydney, Australia.",,https://domegoldmines.com.au,Australia,Sydney,NSW,0.05,20994390,419887762,185393190,33986,12479,-0.73,,-2404789,0.0,0.0,0.0,10457,727982,0.49218,0.0,,,,,-2101110.0,-2106613.0,-2188585.0,2024,,36140730.0,36786441.0,36780035.0,996.0,920692.0,34920429.0,2024,-419446.0,1499055.0,,-2210200.0,,2024,ok,,2026-09-02T10:11:18
DNL,DNL.AX,Dyno Nobel Limited,ASX,EQUITY,AUD,AUD,Basic Materials,Specialty Chemicals,specialty-chemicals,"Dyno Nobel Limited, together with its subsidiaries, manufactures and distributes industrial explosives, chemicals, and fertilizers in the United States and Australia. It offers packaged explosives, including Powermite, a cartridge explosive; and Dynosplit for pre-split applications, as well as ammonium nitrates. The company also provides initiation systems, such as BlastWeb II, an underground blasting system; CE4 Commander Blasting System and DigiShot Plus.4G, an electronic blasting systems; and electronic detonators, such as DigiShot, DigiShot Plus, DigiShot Plus.4G, and GeoShot for a range of applications, such as surface and underground mining, quarrying, and construction, as well as bulk technologies under TITAN series and software products, such as ViewShot 3D, DIFFERENTIAL ENERGY2, and Nobel Fire. It exports its products. It also provides Dyno Consult and Drill and Blast Academies services; DYNOBULK FLEX, and Portable Modular Emulsion plants. The company was formerly known as Incitec Pivot Limited and changed its name to Dyno Nobel Limited in March 2025. Dyno Nobel Limited was founded in 1831 and is headquartered in Fortitude Valley, Australia.",5500,https://www.dynonobel.com.au,Australia,Fortitude Valley,QLD,3.85,6743526912,1751565465,1594943127,4767114,2344031,0.41,3905400064,853600000,0.56903,0.112270005,-0.01042,175400000,1604700032,0.00083,0.5658,14,3710100000.0,1228300000.0,2481800000.0,628300000.0,483900000.0,-53200000.0,2025,204200000.0,2365600000.0,5638000000.0,7829900000.0,647200000.0,2017000000.0,4431100000.0,2025,-474200000.0,-292600000.0,,100500000.0,,2025,ok,,2026-09-02T10:11:20
DPM,DPM.AX,DPM Metals Inc.,ASX,EQUITY,AUD,USD,Basic Materials,Gold,gold,"DPM Metals Inc., a gold mining company, engages in the acquisition, exploration, development, mining, and processing of precious metals. It primarily explores gold, copper, and silver deposits. The company holds a portfolio of projects located in Bulgaria, Bosnia and Herzegovina, Serbia, and Ecuador. The company was formerly known as Dundee Precious Metals Inc. and changed its name to DPM Metals Inc. in September 2025. DPM Metals Inc. is based in Toronto, Canada.",,https://www.dpmmetals.com,Canada,Toronto,ON,59.53,13059015680,219368650,172331624,74683,292668,1.276,1291753984,859678976,0.71666,0.64681,0.50264,761209024,8413000,0.0,0.03664,1,950481000.0,344559000.0,605922000.0,532317000.0,430327000.0,369226000.0,2025,19761000.0,2241440000.0,3060350000.0,3081380000.0,497797000.0,12422000.0,2572114000.0,2025,-20082000.0,3377000.0,652097000.0,632015000.0,,2025,ok,,2026-09-02T10:11:23
DRE,DRE.AX,Dreadnought Resources Limited,ASX,EQUITY,AUD,AUD,Basic Materials,Other Industrial Metals & Mining,other-industrial-metals-mining,"Dreadnought Resources Limited operates as mineral exploration and development company in Australia. It primarily explores for copper, nickel, gold, silver, cobalt, and platinum group elements; rare earth elements; iron ore; and base metals. Dreadnought Resources Limited was formerly known as Tychean Resources Limited and changed its name to Dreadnought Resources Limited in February 2019. The company was incorporated in 2006 and is based in Osborne Park, Australia.",,https://dreadnoughtresources.com.au,Australia,Osborne Park,WA,0.014,80152800,5725200000,4348221978,4975775,3833988,0.454,,-2714886,0.0,0.0,0.0,21849084,101722,0.294,0.0026800002,,,,,-6373920.0,-6533670.0,-6319382.0,2024,,51391358.0,51736163.0,53400047.0,1448571.0,143384.0,52037529.0,2024,-17308333.0,5785500.0,,-19399375.0,,2024,ok,,2026-09-02T10:11:25
DRR,DRR.AX,Deterra Royalties Limited,ASX,EQUITY,AUD,AUD,Basic Materials,Other Industrial Metals & Mining,other-industrial-metals-mining,"Deterra Royalties Limited operates as a royalty investment company in Australia, the United States, Mexico, Zambia, Peru, Canada, and Kenya. The company operates through the Bulk, Base, Battery, Precious, and Others segments. It acquires and manages a portfolio of existing royalties and similar instruments, including iron ore, mineral sands, copper, lithium, and gold. The company was incorporated in 2020 and is based in Perth, Australia.",,https://www.deterraroyalties.com,Australia,Perth,WA,4.095,2168327168,529506075,419250134,1771325,1962439,0.555,242400000,227818000,0.94738,0.94619006,0.67743,10512000,143291008,0.20541,0.46157002,11,242400000.0,,242400000.0,239680000.0,226919000.0,164208000.0,2026,,317000.0,317000.0,358131000.0,10512000.0,143291000.0,142642000.0,2026,-14000.0,,,169528000.0,,2026,ok,,2026-09-02T10:11:28
DRX,DRX.AX,Diatreme Resources Limited,ASX,EQUITY,AUD,AUD,Basic Materials,Other Industrial Metals & Mining,other-industrial-metals-mining,"Diatreme Resources Limited, together with its subsidiaries, engages in the exploration and development of mineral properties in Australia. The company explores for silica sands, heavy mineral sands, copper, and base metals deposits. Its flagship property is the Northern Silica Project located in Far North Queensland. The company was formerly known as Minstrike Limited and changed its name to Diatreme Resources Limited in March 2001. Diatreme Resources Limited was incorporated in 1993 and is based in Coorparoo, Australia.",,https://diatreme.com.au,Australia,Coorparoo,QLD,0.014,70115944,5008281841,1750043924,1274804,844394,-0.227,185334,-2952568,1.0,4.80451,0.0,2338919,1054685,0.67073,0.02448,,697.0,,697.0,-353324.0,-3305952.0,-744955.0,2022,,49736651.0,50823693.0,94507375.0,2338919.0,1054685.0,92281659.0,2025,-1173713.0,17756384.0,,-3565230.0,,2025,ok,,2026-09-02T10:11:30
DSM,DSM.AX,Desert Minerals Limited,ASX,EQUITY,AUD,AUD,Basic Materials,Gold,gold,"Desert Minerals Limited engages in the exploration of mineral resources in Australia and North America. It primarily explores lithium and gold deposits. The company holds 80% interest in the Mt Monger Projects covering an area of 21.4 square kilometers in the Mt Monger region of the Western Australian Goldfields; and 51% interest in the Scotty Lithium Project which covers 78.1 square kilometers located in Nevada. Desert Minerals Limited was incorporated in 2024 and is based in Subiaco, Australia.",,https://www.desertminerals.com.au,Australia,Subiaco,WA,0.67,19461180,29046535,16004077,199333,35743,,441,,0.0,-29.28534,0.0,4102080,0,0.41877,0.0,,,,,,,,,,,,,,,,,,,,,,,ok,,2026-09-02T10:11:33
DTM,DTM.AX,Dart Mining NL,ASX,EQUITY,AUD,AUD,Basic Materials,Other Industrial Metals & Mining,other-industrial-metals-mining,"Dart Mining NL engages in exploration of mineral properties in Australia. The company explores for gold, silver, antimony, and lithium, as well as base metals. Its flagship project is the Triumph Gold Project located New England Fold Belt of southeast Queensland. Dart Mining NL was incorporated in 2006 and is based in Wodonga, Australia.",,https://dartmining.com.au,Australia,Wodonga,VIC,0.011,3676454,334223117,150000384,2501450,4457130,0.618,443876,-11633095,0.98547995,-1.96161,0.0,402638,0,0.28499,0.00229,,,40608.0,-40608.0,-1722062.0,-2008083.0,-1757033.0,2024,,20904055.0,22204044.0,21333936.0,230894.0,,20368613.0,2024,-3703600.0,2031224.0,,-4249622.0,,2024,ok,,2026-09-02T10:11:36
DTR,DTR.AX,Dateline Resources Limited,ASX,EQUITY,AUD,AUD,Basic Materials,Gold,gold,"Dateline Resources Limited engages in mining and exploration business in the United States. It primarily explores for gold, rare-earth elements, and strontium. The company holds 100% interest in Colosseum Gold-REE Project located in California; 100% interest in Colosseum Project located in California; and 100% interest in the Argos Strontium Deposit project located in southern flank of the Cady Mountains. Dateline Resources Limited is based in Sydney, Australia.",,https://www.datelineresources.com.au,Australia,Sydney,NSW,0.089,357275872,4014335381,2052339219,11448303,6194248,2.96,1276694,-13652766,1.0,-5.8622603,0.0,26639342,57068,0.42606,0.03796,,308119.0,,308119.0,-11432525.0,-6739505.0,-11728758.0,2025,,3065596.0,3156827.0,13604056.0,8945254.0,3026546.0,9227930.0,2025,-630225.0,16944809.0,,-5903975.0,,2025,ok,,2026-09-02T10:11:38
DUN,DUN.AX,Dundas Minerals Limited,ASX,EQUITY,AUD,,Basic Materials,Other Precious Metals & Mining,other-precious-metals-mining,"Dundas Minerals Limited engages in the mineral exploration business in Western Australia. It holds an option to acquire 85% interest in the Windanya and Baden-Powell gold projects located in the Kalgoorlie region of Western Australia. It has thirteen granted exploration licenses and one exploration license application. The company was incorporated in 2020 and is based in Daglish, Australia.",,https://www.dundasminerals.com,Australia,Daglish,WA,0.05,11751259,235025183,,277832,210663,,,,0.0,0.0,0.0,,,0.31137,0.0,,,,,-4072411.0,-4322375.0,-4078249.0,2024,,3447918.0,3568238.0,5616731.0,1735460.0,657119.0,4550630.0,2024,-1164475.0,1476412.0,,-1656937.0,,2024,ok,,2026-09-02T10:11:41
DVP,DVP.AX,Develop Global Limited,ASX,EQUITY,AUD,AUD,Basic Materials,Other Industrial Metals & Mining,other-industrial-metals-mining,"Develop Global Limited, together with its subsidiaries, engages in the exploration and development of mineral resource properties in Australia. It primarily explores for copper, zinc, lead, silver, gold, and lithium deposits. The company holds interest in the Sulphur Springs project that includes Sulphur Springs and Kangaroo Caves deposits and tenements; the Woodlawn Zinc-Copper Project is located at Lachlan Fold belt in New South Wales; and the Pioneer Dome Lithium Project covering approximately an area of 389 square kilometer located in the south of Kalgoorlie and north of the Esperance port. It also provides underground mining services. The company was formerly known as Venturex Resources Limited and changed its name to Develop Global Limited in October 2021. Develop Global Limited was incorporated in 2006 and is headquartered in West Leederville, Australia.",651,https://www.develop.com.au,Australia,West Leederville,WA,5.19,1712624640,329985475,258814208,1661265,1276269,1.089,294172352,-7724794,0.52606,-0.02633,0.24845,180391168,157829984,0.21367,0.42865002,2,231472030.0,64179704.0,167292326.0,26955747.0,-2723586.0,72393528.0,2025,,499857441.0,561228691.0,898084914.0,58625753.0,158292214.0,629960402.0,2025,-72879798.0,17459120.0,,-60255373.0,,2025,ok,,2026-09-02T10:11:43
DYM,DYM.AX,Dynamic Metals Limited,ASX,EQUITY,AUD,AUD,Basic Materials,Other Industrial Metals & Mining,other-industrial-metals-mining,"Dynamic Metals Limited engages in the exploration and development of minerals in Western Australia and Tasmania. The company explores for lithium, nickel, gold, copper, magnesite, palladium, and platinum deposits. Dynamic Metals Limited was incorporated in 2022 and is based in West Perth, Australia.",,https://dynamicmetals.com.au,Australia,West Perth,WA,0.53,27812774,52476936,19437085,14810,24295,0.579,142740,-1893791,1.0,-21.29432,0.0,3105533,48164,0.68771005,0.0,,,,,3671840.0,-1031459.0,2890923.0,2024,,5294606.0,5363711.0,12895146.0,2171429.0,31414.0,11604057.0,2024,-2439700.0,6171547.0,,-2639199.0,,2024,ok,,2026-09-02T10:11:46
E25,E25.AX,Element 25 Limited,ASX,EQUITY,AUD,AUD,Basic Materials,Other Industrial Metals & Mining,other-industrial-metals-mining,"Element 25 Limited engages in the exploration of mineral properties in Australia. It explores for manganese, iron, aluminum, and lithium deposits. It owns a 100% interest in the Butcherbird manganese project located in the Western Australia; and the Lake Johnston Lithium Project located in the Perth, Western Australia. The company was formerly known as Montezuma Mining Company Limited and changed its name to Element 25 Limited in May 2018. Element 25 Limited was incorporated in 2006 and is headquartered in Osborne Park, Australia.",,https://element25.com.au,Australia,Osborne Park,WA,0.27,88007352,325953167,228151217,230159,111335,1.603,1879759,-6098197,-1.32733,-3.32248,-2.83729,8052915,186734,0.23185,0.0012800001,,13296901.0,29080468.0,-15783567.0,-19100383.0,-21990016.0,-21514951.0,2024,20955253.0,44290711.0,50951925.0,65189013.0,11326929.0,180023.0,57131462.0,2024,-20484355.0,23091967.0,,-40489763.0,,2024,ok,,2026-09-02T10:11:49
E79,E79.AX,E79 Gold Mines Limited,ASX,EQUITY,AUD,AUD,Basic Materials,Gold,gold,"E79 Gold Mines Limited engages in the exploration and evaluation of mineral properties in Australia. It explores for copper and gold deposits. The company owns 100% interest in the Laverton South Gold project covering approximately an area of 272 square kilometer located in the Kalgoorlie, Western Australia; and the Jungar Flats project that covers an area of 698 square kilometers located in the North Murchison region. It also holds 100% interest in the Mountain Home project which covers an area of 1,366 square kilometers located in the Northern Territory, Australia. The company was formerly known as Zamanco Minerals Limited and changed its name to E79 Gold Mines Limited in July 2021. E79 Gold Mines Limited was incorporated in 2007 and is based in Nedlands, Australia.",,https://e79gold.com.au,Australia,Nedlands,WA,0.025,8838892,353555680,259064446,277610,245384,1.157,142484,-2383614,1.0,-33.77229,0.0,3577907,0,0.16451,0.0,,267865.0,,267865.0,-1817651.0,-1929011.0,-1862392.0,2025,,3623564.0,3623564.0,5915280.0,2110052.0,,5599525.0,2025,-107154.0,1800000.0,,-1753991.0,,2025,ok,,2026-09-02T10:11:52
EE1,EE1.AX,Earths Energy Limited,ASX,EQUITY,AUD,AUD,Basic Materials,Other Industrial Metals & Mining,other-industrial-metals-mining,"Earths Energy Limited engages in the exploration and development of mineral resources in Australia. The company holds geothermal exploration licences that cover an area of 12,035 square kilometers in the Flinders West and Paralana projects located in South Australia. It also engages in clean renewable geothermal energy project in Queensland. The company was formerly known as Cradle Resources Limited and changed its name to Earths Energy Limited in January 2024. Earths Energy Limited was incorporated in 2011 and is based in West Perth, Australia.",,https://www.ee1.com.au,Australia,Perth,WA,0.005,3751622,750324547,385569275,0,0,0.129,241,,1.0,-1968.8678,0.0,2791918,0,0.66295,0.0,,,,,-1406112.0,-925113.0,-1400144.0,2024,,5603505.0,5603505.0,10621156.0,8903233.0,17596.0,9418168.0,2024,-341772.0,850000.0,,-1659553.0,,2024,ok,,2026-09-02T10:11:54
EFE,EFE.AX,Eastern Resources Limited,ASX,EQUITY,AUD,AUD,Basic Materials,Other Industrial Metals & Mining,other-industrial-metals-mining,"Eastern Resources Limited is involved in the exploration for battery minerals, iron ore, precious, and base metals resources in Australia and the Asia Pacific. It also explores for copper, caesium, tantalum, and lithium deposits. The company was formerly known as Eastern Iron Limited and changed its name to Eastern Resources Limited. The company was incorporated in 2007 and is based in North Sydney, Australia.",,https://www.easternresources.com.au,Australia,North Sydney,NSW,0.031,4019464,129660135,99789033,201168,84223,-0.294,124511,-488057,1.0,-4.28795,0.0,3264150,0,0.22541,0.0,,,,,-1028180.0,-1028180.0,-843974.0,2024,,7984517.0,7984517.0,12417141.0,4313778.0,,12234713.0,2024,-1313593.0,4385753.0,,-1592061.0,,2024,ok,,2026-09-02T10:11:57
EFR,EFR.AX,Everflow Resources Limited,ASX,EQUITY,AUD,AUD,Basic Materials,Gold,gold,"Everflow Resources Limited explores and evaluates mineral properties in Australia. It primarily explores for gold deposits. The company holds 25% interests in the Cawse project, which consists of 26 tenements covering an area of approximately 115.3 square kilometers located in Ora Banda, Near Kalgoorie in Western Australia; and the Avalon project that consists of 7 tenements located in Bulong, Near Kalgoorie in Western Australia. Everflow Resources Limited was formerly known as Dragon Mountain Gold Limited and changed its name to Everflow Resources Limited in July 2026. Everflow Resources Limited was incorporated in 2004 and is based in Perth, Australia.",,https://dragonmountaingold.com.au,Australia,Perth,WA,0.006,,,85178039,33256,0,0.91,2530,-355206,1.0,-251.8471,0.0,179540,700000,0.78164,0.0,,,,,-282481.0,-290752.0,-286041.0,2024,,2160319.0,2229727.0,2516503.0,228331.0,4832.0,1196335.0,2024,-157367.0,1596000.0,,-464718.0,,2024,ok,,2026-09-02T10:11:59
EG1,EG1.AX,Evergold Minerals Limited,ASX,EQUITY,AUD,AUD,Basic Materials,Other Industrial Metals & Mining,other-industrial-metals-mining,"Evergold Minerals Limited, together with its subsidiaries, explores and develops mineral properties in Australia. It explores for lithium, gold, and rare earth elements deposits. The company's flagship project is the 100% owned Bynoe lithium project, which covers an area of 231 square kilometers located in the Northern Territory. The company was formerly known as Evergreen Lithium Limited and changed its name to Evergold Minerals Limited in November 2025. Evergreen Lithium Limited was incorporated in 2022 and is based in South Yarra, Australia.",,https://evergreenlithium.com.au,Australia,South Yarra,VIC,0.029,12668515,436845357,150610175,1066377,1822166,-1.079,-24938,-2226206,0.0,-270.7651,0.0,647978,0,0.34861,0.03624,,,,,-5396023.0,-5575184.0,-5420601.0,2024,,11168752.0,11168752.0,16893790.0,5578747.0,,16582111.0,2024,-1334307.0,6688513.0,,-3110144.0,,2024,ok,,2026-09-02T10:12:01
EGR,EGR.AX,EcoGraf Limited,ASX,EQUITY,AUD,AUD,Basic Materials,Other Industrial Metals & Mining,other-industrial-metals-mining,"EcoGraf Limited engages in the exploration and production of graphite products for the lithium-ion battery and advanced manufacturing markets in Tanzania and Australia. It is also involved in the recycle and manufacture of battery anode materials offered to electric vehicle, battery, and anode manufacturers. The company was formerly known as Kibaran Resources Limited and changed its name to EcoGraf Limited in December 2019. EcoGraf Limited was incorporated in 2005 and is headquartered in West Perth, Australia.",,https://www.ecograf.com.au,Australia,West Perth,WA,0.275,126926584,461551214,397737143,103087,63281,-0.237,,-4362000,0.0,0.0,0.0,8084000,79000,0.13668,0.00153,,,,,-8608000.0,-8732000.0,-5011000.0,2025,,37346000.0,37691000.0,49936000.0,11202000.0,135000.0,47320000.0,2025,-8558000.0,-3000.0,,-15022000.0,,2025,ok,,2026-09-02T10:12:04
ELK,ELK.AX,Elk Range Mining Limited,ASX,EQUITY,AUD,USD,Basic Materials,Gold,gold,"Elk Range Mining Limited engages in exploration and development of mineral properties in Australia. It primarily explores gold deposits. The company's flagship project is the Idaho Gold Project located near Elk City in central Idaho. Elk Range Mining Limited was incorporated in 2025 and is based in West Perth, Australia.",,https://elkrange.com.au,Australia,West Perth,WA,0.18,,,,837134,373708,,,,0.0,0.0,0.0,,,0.4449,0.065630004,,,,,,,,,,,,,,,,,,,,,,,ok,,2026-09-02T10:12:07
ELT,ELT.AX,Elementos Limited,ASX,EQUITY,AUD,AUD,Basic Materials,Other Industrial Metals & Mining,other-industrial-metals-mining,"Elementos Limited engages in the exploration and development of mineral properties in Australia and Spain. The company primarily explores for tungsten, tin, fluorite, and copper deposits. Its project portfolio includes the Oropesa tin project covering an area of 13 square kilometers located in the Andalucia, Spain; and the Cleveland Tin Project located in the southwest of Tasmania, Australia. Elementos Limited was incorporated in 2009 and is headquartered in Brisbane, Australia.",13,https://www.elementos.com.au,Australia,Brisbane,QLD,0.37,162173360,438306375,183968921,240106,192748,0.733,45410,-4526530,1.0,-313.5072,0.0,9020561,140492,0.46263,0.22625999,2,,,,-1197550.0,-1274020.0,-1276542.0,2024,,21064914.0,21064914.0,21942376.0,503214.0,1062529.0,19964616.0,2024,-2372774.0,3215002.0,,-3833963.0,,2024,ok,,2026-09-02T10:12:09
ELV,ELV.AX,Elevra Lithium Limited,ASX,EQUITY,AUD,USD,Basic Materials,Other Industrial Metals & Mining,other-industrial-metals-mining,"Elevra Lithium Limited, together with its subsidiaries, engages in the identification, acquisition, exploration, and development of mineral assets in Australia and Canada. The company explores for lithium, graphite, and gold deposits. Its flagship property includes the North American Lithium project that consists of 41 claims and one mining lease covering an area of approximately 1,493 hectares located in Quebec, Canada. The company was formerly known as Sayona Mining Limited and changed its name to Elevra Lithium Limited in August 2025. Elevra Lithium Limited was incorporated in 2000 and is headquartered in Brisbane, Australia.",246,https://www.elevra.com,Australia,Brisbane,QLD,8.32,1614213376,194016029,173023889,1804984,1346293,0.852,201871008,115360000,1.1352401,0.44524,0.21334,255279008,78086000,0.04384,0.35137,4,145899604.820536,49893856.755609,96005748.064927,-223173846.304582,-73492929.226951,-192227048.564617,2025,23576210.849473,312026519.481368,546810803.749306,426345733.041575,47219046.996963,77551000.0,274482510.85927,2025,-12845618.733466,26127567.850028,-9661321.401744,-22506940.13521,,2025,ok,,2026-09-02T10:12:12
EM2,EM2.AX,Eagle Mountain Mining Limited,ASX,EQUITY,AUD,AUD,Basic Materials,Other Industrial Metals & Mining,other-industrial-metals-mining,"Eagle Mountain Mining Limited, together with its subsidiaries, engages in the exploration and development of mineral resources in Australia and the United States. The company explores for copper, gold, silver, and base and precious metal deposits. It holds 100% interest in the Oracle Ridge copper project and the Silver Mountain project, both located in Arizona, the United States. Eagle Mountain Mining Limited was incorporated in 2017 and is based in West Perth, Australia.",,https://eaglemountain.com.au,Australia,West Perth,WA,0.006,9232557,1538759590,565283333,1006713,574667,1.2,291495,9826998,1.0,-4.16738,5.9398603,1716731,5827912,0.45613,0.043319996,,,,,-14385586.0,-15911224.0,-15256254.0,2025,,2839046.0,3009389.0,4355535.0,1112862.0,10551128.0,-6322975.0,2025,-314005.0,2872636.0,,-4034173.0,,2025,ok,,2026-09-02T10:12:15
EM3,EM3.AX,EMC Gold Corporation,ASX,EQUITY,AUD,CAD,Basic Materials,Gold,gold,"EMC Gold Corporation operates as an exploration company. Its holds 100% interest in its flagship Salave gold project with five mining concessions and associated extensions covering 662 hectares, and an investigation permit covering another 2,655 hectares located in Asturias, Spain. The company was formerly known as Black Dragon Gold Corp. and changed its name to EMC Gold Corporation in December 2025. EMC Gold Corporation was incorporated in 2007 and is headquartered in West Perth, Australia.",,https://www.emcgold.com.au,Australia,West Perth,WA,0.145,59208824,408336744,290575008,123573,118955,-0.905,4533,,1.0,-210.73569,0.0,4625727,0,0.45548,0.0,,0.0,,,-1420574.0,-1420574.0,-1756342.0,2024,,,,4919302.0,4836397.0,,2247577.0,2025,,4771176.0,-963995.0,-1387816.0,,2025,ok,,2026-09-02T10:12:17
EMA,EMA.AX,Eminence Minerals Limited,ASX,EQUITY,AUD,AUD,Basic Materials,Other Industrial Metals & Mining,other-industrial-metals-mining,"Eminence Minerals Limited engages in the exploration, appraising, and development of mineral projects in Australia, Brazil, and Canada. The company primarily explores for iron ore, lithium, and rare earths. The company was formerly known as Equinox Resources Limited and changed its name to Eminence Minerals Limited in November 2025. Eminence Minerals Limited was incorporated in 2021 and is based in Perth, Australia.",,https://eminenceminerals.com.au,Australia,Perth,WA,0.04,6225157,155628951,97598028,150821,122278,1.227,4195,-1706004,0.92467004,-183762.5,0.0,513737,32229,0.36658,0.0,,18706.0,,18706.0,-1684245.0,-1748189.0,-1748189.0,2024,,13909259.0,13909259.0,19334666.0,5257615.0,73133.0,18880585.0,2024,-2603669.0,5600000.0,,-4224722.0,,2024,ok,,2026-09-02T10:12:20
EMC,EMC.AX,Everest Metals Corporation Ltd,ASX,EQUITY,AUD,AUD,Basic Materials,Other Industrial Metals & Mining,other-industrial-metals-mining,"Everest Metals Corporation Ltd engages in mineral exploration activities in Western Australia and the Northern Territory. The company explores for gold, copper, silver, cobalt, lithium, tantalum, rubidium, caesium, uranium, and rare earth elements. Its flagship properties include the Revere gold and base metal project covering an area of approximately 171 square kilometers located in the Murchison region of Western Australia; the Mt Dimer Taipan Gold and Siver project located in north-east of Southern Cross; and the MT Edon critical mineral project located in the southern portion of the Paynes Find Greenstone belt. The company was formerly known as Twenty Seven Co. Limited. Everest Metals Corporation Ltd was incorporated in 2006 and is based in Perth, Australia.",,https://everestmetals.au,Australia,Perth,WA,0.12,32364840,269707017,167922286,235288,166108,0.453,879858,-424448,0.99816,-1.3148599,-1.19371,3789932,24381,0.32814997,0.0,,,,,-3362449.0,-3947659.0,-3400114.0,2024,,7516847.0,7516847.0,10811412.0,3065199.0,1663124.0,8493308.0,2024,-2632611.0,4055000.0,,-3778257.0,,2024,ok,,2026-09-02T10:12:22
EMH,EMH.AX,European Metals Holdings Limited,ASX,EQUITY,AUD,AUD,Basic Materials,Other Industrial Metals & Mining,other-industrial-metals-mining,"European Metals Holdings Limited operates as the exploration and development company in the Czech Republic. It holds interest in the Cinovec lithium projects located in the Czech Republic. The company was formerly known as Equamineral Holdings Limited and changed its name to European Metals Holdings Limited in February 2014. European Metals Holdings Limited was incorporated in 2011 and is based in West Perth, Australia.",,https://www.europeanmet.com,Australia,West Perth,WA,0.23,54640804,237568705,187353605,45109,15705,0.291,394100,-3797841,1.0,-5.34121,0.0,397473,848658,0.20323999,0.04269,,0.0,51349.0,-51349.0,-8199859.0,-3536543.0,-8210596.0,2025,,96939.0,96939.0,35147247.0,397473.0,848658.0,32211480.0,2025,-2600.0,3112500.0,,-1148279.0,,2025,ok,,2026-09-02T10:12:24
EMN,EMN.AX,Euro Manganese Inc.,ASX,EQUITY,AUD,CAD,Basic Materials,Other Industrial Metals & Mining,other-industrial-metals-mining,"Euro Manganese Inc. evaluates, explores, and develops mineral assets. The company holds 100% interest in the Chvaletice manganese project, which is involved in the re-processing of a manganese deposit hosted in historic mine tailings to produce manganese products for applications in lithium-ion batteries located in the east of Prague, the Czech Republic. Euro Manganese Inc. was incorporated in 2014 and is headquartered in Vancouver, Canada.",40,https://www.mn25.ca,Canada,Vancouver,BC,0.1,14295450,142954504,125261025,39131,30135,1.118,4393000,-7946000,-0.14455,-2.45619,0.0,4084000,34894000,0.0,0.0,,4387000.0,5126000.0,-739000.0,-9281000.0,-11271000.0,-17586000.0,2025,1455000.0,23863000.0,30329000.0,36778000.0,9491000.0,30716000.0,2848000.0,2025,-87000.0,11076000.0,-7982000.0,-8069000.0,,2025,ok,,2026-09-02T10:12:27
EMR,EMR.AX,Emerald Resources NL,ASX,EQUITY,AUD,AUD,Basic Materials,Gold,gold,"Emerald Resources NL engages in the exploration, operation, and evaluation of mineral reserves, in Cambodia and Australia. The company explores for gold deposits. Its flagship property is the 100% owned Okvau Gold project located in the city of Phnom Penh, province of Mondulkiri. Emerald Resources NL was formerly known as Emerald Oil & Gas NL and changed its name to Emerald Resources NL in December 2014. The company was incorporated in 1969 and is based in West Perth, Australia.",381,https://www.emeraldresources.com.au,Australia,West Perth,WA,6.735,4462730752,662617822,529241804,1662840,1490283,0.854,612464000,396862016,0.73727,0.67806,0.42384997,433648992,31884000,0.21447,0.44948003,3,430414000.0,185769000.0,244645000.0,164920000.0,161958000.0,87609000.0,2025,16560000.0,414622000.0,491307000.0,756118000.0,201387000.0,21931000.0,655440000.0,2025,-17714000.0,694000.0,,136955000.0,,2025,ok,,2026-09-02T10:12:29
EMU,EMU.AX,Emu NL,ASX,EQUITY,AUD,AUD,Basic Materials,Other Industrial Metals & Mining,other-industrial-metals-mining,"Emu NL engages in the identification, acquisition, and exploration for mineral properties in Australia. It explores for copper, gold, nickel, iron, silver, zinc, tungsten, rare earth and platinum group elements, molybdenum, lithium, and uranium deposits. The company hold 100% interest in the Badja project covering an area of approximately 870 hectares located near southeast of the township of Yalgoo; and the Sunfire Ni-Cu project covering an area of 25.6 square kilometers located in midway between Bridgetown and Manjimup. It also has a right to earn an 80% interest in the Georgetown project Covering 850 square kilometers located in North Queensland. The company was incorporated in 2007 and is based in West Perth, Australia.",,https://www.emunl.com.au,Australia,West Perth,WA,0.016,6487963,405497648,175398791,121282,136019,0.722,23481,-2685132,1.0,-61.40158,0.0,2029512,0,0.31244,0.0,,,,,-2045615.0,-2053067.0,-2034353.0,2024,,7452.0,74431.0,201963.0,158166.0,,-33693.0,2023,-57511.0,1151142.0,,-1995305.0,,2024,ok,,2026-09-02T10:12:32
EMUCA,EMUCA.AX,Emu NL,ASX,MUTUALFUND,AUD,AUD,,,,,,,,,,,,211248468,,,,,,,,,,,,,,,,,,-2045615.0,-2053067.0,-2034353.0,2024,,7452.0,74431.0,201963.0,158166.0,,-33693.0,2023,-57511.0,1151142.0,,-1995305.0,,2024,ok,,2026-09-02T10:12:35
ENR,ENR.AX,Encounter Resources Limited,ASX,EQUITY,AUD,AUD,Basic Materials,Other Industrial Metals & Mining,other-industrial-metals-mining,"Encounter Resources Limited engages in the mineral exploration, and project generation and development activities in Australia. It explores for copper, gold, critical minerals, and niobium/rare earth element deposits. The company's flagship project is the 100% owned The Aileron Project. Encounter Resources Limited was incorporated in 2004 and is based in Subiaco, Australia.",,https://www.encounterresources.com.au,Australia,Subiaco,WA,0.245,137255056,560224708,411953854,475080,768683,0.695,,-3728432,0.0,0.0,0.0,34721912,99797,0.27432,0.17793,,,,,-4759029.0,-4949804.0,-4331728.0,2024,,23575681.0,24525337.0,37934381.0,14050537.0,205897.0,36249890.0,2024,-8499810.0,11645800.0,,-9033189.0,,2024,ok,,2026-09-02T10:12:37
ENT,ENT.AX,Enterprise Metals Limited,ASX,EQUITY,AUD,AUD,Basic Materials,Other Industrial Metals & Mining,other-industrial-metals-mining,"Enterprise Metals Limited engages in the exploration of mineral properties in Australia. It primarily explores for gold, copper, zinc, uranium, nickel, titanium, iron ore, zircon-RRE tenements, lithium, heavy minerals such as zircon, monazite, rutile, ilmenite, rare earths and base metals. The company was formerly known as Revere Mining Limited and changed its name to Enterprise Metals Limited in December 2008. Enterprise Metals Limited was incorporated in 2007 and is based in West Perth, Australia.",,https://www.enterprisemetals.com.au,Australia,West Perth,WA,0.003,5002285,1667428365,663447685,1365598,263992,0.851,10459,-699015,1.0,-223.71977,0.0,203601,18483,0.60328996,0.0,,,,,-1222751.0,-1241547.0,-1170345.0,2024,,5533354.0,5590974.0,5956938.0,78137.0,38491.0,5271619.0,2024,-448795.0,352000.0,,-771851.0,,2024,ok,,2026-09-02T10:12:39
ENV,ENV.AX,Enova Mining Limited,ASX,EQUITY,AUD,AUD,Basic Materials,Other Industrial Metals & Mining,other-industrial-metals-mining,"Enova Mining Limited engages in the exploration for rare earth elements in Australia and Brazil. It primarily explores rare earths, titanium, niobium, and other strategic elements. The company's flagship project is Charley Creek Project located in Northern Territory Australia. Enova Mining Limited was incorporated in 1999 and is based in Moorabbin, Australia.",,https://www.enovamining.com,Australia,Moorabbin,VIC,0.003,5799768,1933256082,1072841130,2868520,2253676,0.854,,-1583649,0.0,52.1676,0.0,189873,0,0.43585,0.0,,,,,-1566235.0,-1590676.0,-1573418.0,2025,,10591676.0,11032459.0,10875400.0,189873.0,385303.0,10490777.0,2025,-589761.0,2295129.0,,-1105292.0,,2024,ok,,2026-09-02T10:12:42
EQR,EQR.AX,EQ Resources Limited,ASX,EQUITY,AUD,AUD,Basic Materials,Other Industrial Metals & Mining,other-industrial-metals-mining,"EQ Resources Limited explores for and produces tungsten and mineral resources in Australia. The company also explores for gold deposits. Its flagship property is the Mt Carbine project comprising ML 4867 covering an area of approximately 358.5 hectares, as well as ML 4919 covering an area of 7.891 hectares located in Far North Queensland. The company was formerly known as Speciality Metals International Limited and changed its name to EQ Resources Limited in December 2020. The company was incorporated in 2005 and is based in Mount Carbine, Australia.",259,https://www.eqresources.com.au,Australia,Mount Carbine,QLD,0.407,2101806080,5164142367,3898728530,26710822,28683556,0.307,75445432,-2930683,0.15143,-0.09623,-0.29938,15701687,43740416,0.32,0.07513,2,26480740.0,,26480740.0,-19488590.0,-29577105.0,-28258882.0,2024,,114445854.0,120591333.0,166286409.0,3489532.0,45722219.0,56625658.0,2024,-14537072.0,36765743.0,,-27240626.0,,2024,ok,,2026-09-02T10:12:44
EQX,EQX.AX,Equatorial Resources Limited,ASX,EQUITY,AUD,AUD,Basic Materials,Steel,steel,"Equatorial Resources Limited engages in mineral exploration activities in the Republic of Congo and the Republic of Guinea. Its flagship is the Nimba Alliance iron ore project covering an area of approximately 198 square kilometers for the Nimba West permit and approximately 107 square kilometers for the Nimba North permit located in Guinea, West Africa. Equatorial Resources Limited was incorporated in 1986 and is based in Perth, Australia.",,https://www.equatorialresources.com.au,Australia,Perth,WA,0.145,19059576,131445353,70658450,87799,43571,0.341,,,0.0,0.0,0.0,8069793,0,0.48718,0.07609,,,,,-1038609.0,-1038609.0,-1761889.0,2024,,1993924.0,1993924.0,15895022.0,13817162.0,,15308130.0,2024,,-6431.0,,-2830311.0,,2024,ok,,2026-09-02T10:12:47
ERE,ERE.AX,European Resources Limited,ASX,EQUITY,AUD,AUD,Basic Materials,Other Precious Metals & Mining,other-precious-metals-mining,"European Resources Limited, together with its subsidiaries, engages in the mineral exploration business in Finland and Slovakia. It explores gold, silver, copper, cobalt, nickel, zinc, lead, vanadium, as well as rare earth elements. The company was formerly known as Prospech Limited and changed its name to European Resources Limited in December 2025. The company was incorporated in 2014 and is headquartered in Sydney, Australia.",,https://prospech.com.au,Australia,Sydney,NSW,0.017,11898554,699914861,366144210,1210474,670600,1.615,,-1414841,0.0,0.0,0.0,1084625,0,0.32748002,0.0,,,,,-1414841.0,-1443346.0,-1433737.0,2025,,12396363.0,12531641.0,13718508.0,1084625.0,,12839012.0,2025,-1298784.0,3170290.0,,-2582851.0,,2025,ok,,2026-09-02T10:12:50
ERL,ERL.AX,Empire Resources Limited,ASX,EQUITY,AUD,AUD,Basic Materials,Other Precious Metals & Mining,other-precious-metals-mining,"Empire Resources Limited engages in the exploration, evaluation, and development of mineral properties in Australia. It primarily explores for gold, copper, zinc, lead, silver, nickel, and platinum group metal deposits. The company was formerly known as White Gold Mining Limited and changed its name to Empire Resources Limited in November 2005. Empire Resources Limited was incorporated in 2000 and is based in Nedlands, Australia.",,https://www.resourcesempire.com.au,Australia,Nedlands,WA,0.007,14609991,2087141555,641169234,664086,777289,0.76,-2292,,0.0,-1317.086,0.0,337076,1098986,0.75677,0.0,,,,,-984318.0,-997757.0,-985407.0,2024,,12565.0,166472.0,803950.0,763242.0,,613982.0,2022,,741957.0,,-945055.0,,2024,ok,,2026-09-02T10:12:52
ESR,ESR.AX,Estrella Resources Limited,ASX,EQUITY,AUD,AUD,Basic Materials,Other Industrial Metals & Mining,other-industrial-metals-mining,"Estrella Resources Limited, together with its subsidiaries, engages in the exploration of mineral resources in Western Australia and Timor-Leste. It primarily explores for nickel and manganese deposits. The company holds 100% interests in the Carr Boyd nickel project; Spargoville nickel project situated near South-West of Kambalda; and the Timor-Leste project. Estrella Resources Limited was incorporated in 2011 and is based in Perth, Australia.",,https://www.estrellaresources.com.au,Australia,Perth,WA,0.032,71787112,2243347213,904285511,1934539,3505570,1.004,0,-2605925,0.0,0.0,0.0,893368,0,0.36638,0.0,,405521.0,,405521.0,-2766838.0,-3043902.0,-2991140.0,2023,,20635688.0,21198743.0,21108832.0,196891.0,1044311.0,20718594.0,2024,-1614359.0,1806146.0,,-2764273.0,,2024,ok,,2026-09-02T10:12:55
ETM,ETM.AX,Energy Transition Minerals Ltd,ASX,EQUITY,AUD,AUD,Basic Materials,Other Industrial Metals & Mining,other-industrial-metals-mining,"Energy Transition Minerals Ltd engages in the mineral exploration and evaluation activities in Australia. It explores tantalum, niobium, tin, and lithium deposits, as well as rare earth elements. The company's flagship project is the Kvanefjeld project located in southern Greenland. The company was formerly known as Greenland Minerals Limited and changed its name to Energy Transition Minerals Ltd in November 2022. The company was incorporated in 2006 and is headquartered in West Perth, Australia.",,https://etransmin.com,Australia,West Perth,WA,0.05,110625024,2212500556,1639695091,2281604,1528820,1.07,587000,-6530000,1.0,-7.04429,0.0,31820000,0,0.26143,0.00405,,,,,-11700000.0,-13325000.0,-11800000.0,2025,,5178000.0,5178000.0,39038000.0,31820000.0,34000.0,32864000.0,2025,-2119000.0,27350000.0,,-8367000.0,,2025,ok,,2026-09-02T10:12:58
EUR,EUR.AX,European Lithium Limited,ASX,EQUITY,AUD,AUD,Basic Materials,Other Industrial Metals & Mining,other-industrial-metals-mining,"European Lithium Limited engages in the exploration and development of lithium deposits in Australia and Austria. It has 100% owned Wolfsberg lithium project located in Austria. The company is based in West Leederville, Australia.",,https://europeanlithium.com,Australia,West Leederville,WA,0.355,612880704,1726424635,1322851451,5121657,5694832,2.472,946115,-84325744,1.0,-52.322586,1162.7467,85059160,1990639,0.16752,0.07014,,29723.0,,29723.0,-156373713.0,-127404038.0,-212561076.0,2022,,53345969.0,53456587.0,109840577.0,5778638.0,1994919.0,6149238.0,2024,-1605918.0,11731645.0,,-22375517.0,,2024,ok,,2026-09-02T10:13:01
EV1,EV1.AX,Evolution Energy Minerals Limited,ASX,EQUITY,AUD,AUD,Basic Materials,Other Industrial Metals & Mining,other-industrial-metals-mining,"Evolution Energy Minerals Limited engages in the exploration and development of mineral properties in Tanzania. It holds interest in the Chilalo Graphite project located in southern Tanzania. The company was incorporated in 2021 and is based in Perth, Australia.",,https://evolutionenergyminerals.com.au,Australia,Perth,WA,0.011,8984009,816728062,271484743,808350,712924,1.075,,-3064945,0.0,0.0,0.0,125447,0,0.52267,0.02792,,,,,-10237894.0,-10037465.0,-11062919.0,2024,,5548987.0,5729660.0,8778727.0,3065627.0,,7683786.0,2024,-65243.0,9947025.0,,-10667352.0,,2024,ok,,2026-09-02T10:13:04
EV8,EV8.AX,Everlast Minerals Ltd,ASX,EQUITY,AUD,AUD,Energy,Oil & Gas E&P,oil-gas-e-p,"Everlast Minerals Ltd focuses on the acquisition, exploration, development, delineation, mining, and divestment of mineral sands projects in Bangladesh. It primarily explores for rutile, zircon, ilmenite, leucoxene, monazite and magnetite, and garnet deposits. The company's flagship project is the Gaibandha Mineral Sands project comprising three mining leases, which covers an area of 2,395 hectares located at the Brahmaputra-Jamuna River in northern Bangladesh. Everlast Minerals Ltd was incorporated in 2017 and is headquartered in Sydney, Australia.",,https://www.everlastminerals.com,Australia,Sydney,NSW,0.405,53182580,131315004,8441297,11199,10086,,,-3249063,0.0,0.0,0.0,4511058,46640,0.87684995,0.0,,,,,,,,,,,,,,,,,,,,,,,ok,,2026-09-02T10:13:06
EVG,EVG.AX,Evion Group NL,ASX,EQUITY,AUD,AUD,Basic Materials,Other Industrial Metals & Mining,other-industrial-metals-mining,"Evion Group NL operates as an integrated graphite developer in Madagascar, India, and Europe. The company's flagship project consists of Maniry graphite project located in Southern Madagascar. The company was formerly known as BlackEarth Minerals NL and changed its name to Evion Group NL in November 2022. Evion Group NL was incorporated in 2016 and is based in West Perth, Australia.",,https://eviongroup.com,Australia,West Perth,WA,0.022,19178436,871747061,470335599,2170147,2658676,0.386,149885,-1549198,1.0,-11.117321,0.0,2296559,54406,0.1579,0.0,,,,,-3187846.0,-3625211.0,-3212073.0,2024,127706.0,6802716.0,6802716.0,9778492.0,1949729.0,75169.0,9067618.0,2024,-194696.0,3415960.0,,-2343014.0,,2024,ok,,2026-09-02T10:13:09
EVN,EVN.AX,Evolution Mining Limited,ASX,EQUITY,AUD,AUD,Basic Materials,Gold,gold,"Evolution Mining Limited engages in the exploration, mine development and operation, and sale of gold and gold-copper concentrates in Australia and Canada. It explores for copper and silver deposits. The company was formerly known as Catalpa Resources Limited and changed its name to Evolution Mining Limited in November 2011. Evolution Mining Limited was incorporated in 1998 and is based in Sydney, Australia.",,https://evolutionmining.com,Australia,Sydney,NSW,14.24,29112352768,2044406773,2012221711,7737012,9705290,1.596,5558773760,3135537920,0.45407,0.4239,0.26536,1347495936,1443554944,0.00929,0.66704005,17,3303975000.0,1629109000.0,1674866000.0,1426905000.0,913004000.0,422269000.0,2024,,7197357000.0,13498066000.0,8818841000.0,403303000.0,2019074000.0,4142196000.0,2024,-918269000.0,556743000.0,,363162000.0,,2024,ok,,2026-09-02T10:13:12
EVR,EVR.AX,EV Resources Limited,ASX,EQUITY,AUD,AUD,Basic Materials,Other Industrial Metals & Mining,other-industrial-metals-mining,"EV Resources Limited, together with its subsidiaries, engages in mineral exploration in Australia, Austria, Mexico, Peru, and the United States. It explores for gold, silver, copper, lithium, molybdenum, antimony, and other deposits. The company was formerly known as Jadar Resources Limited and changed its name to EV Resources Limited in December 2021. EV Resources Limited was incorporated in 1985 and is based in Subiaco, Australia.",,https://www.evresources.com.au,Australia,Subiaco,WA,0.005,15200015,3040003147,2150042226,3949478,1851154,0.551,15168,-5301001,1.0,-1070.8951,0.0,3197169,463450,0.3243,0.0,,,,,-3073465.0,-3337805.0,-3386380.0,2024,,8209731.0,8209731.0,9408618.0,403186.0,2532164.0,7183779.0,2024,-3376072.0,5472388.0,,-5982045.0,,2024,ok,,2026-09-02T10:13:14
FAL,FAL.AX,Falcon Metals Limited,ASX,EQUITY,AUD,AUD,Basic Materials,Gold,gold,"Falcon Metals Limited engages in the mineral exploration business in Australia. The company explores for gold, mineral sands, and rare earth elements. Its flagship project is the Pyramid Hill Gold project that covers an area of approximately 6,000 square kilometers located in the Bendigo Zone of Victoria. The company was incorporated in 2021 and is headquartered in Melbourne, Australia.",,https://www.falconmetals.com.au,Australia,Melbourne,VIC,0.6,128274024,213790037,180758905,374334,590329,2.16,,-8066448,0.0,0.0,0.0,22444492,63281,0.16215,0.2523,1,,,,-4856800.0,-5175934.0,-4934271.0,2025,,191618.0,428897.0,8598094.0,7826627.0,87623.0,7714880.0,2025,-18511.0,30000000.0,,-3947666.0,,2025,ok,,2026-09-02T10:13:17
FAU,FAU.AX,First Au Limited,ASX,EQUITY,AUD,AUD,Basic Materials,Gold,gold,"First Au Limited engages in the exploration for gold and base metal deposits in Western Australia and Victoria. Its flagship property is the 100% owned Victorian Gold Project located in Eastern Goldfields, Victoria. The company was incorporated in 1960 and is based in Subiaco, Australia.",,https://www.firstau.com,Australia,Subiaco,WA,0.008,30107844,3763480224,1882477066,4738734,13516612,0.938,501417,-2418660,1.0,-6.08531,0.0,371072,17987,0.39786,0.0,,250000.0,,250000.0,-2925179.0,-2930280.0,-2423762.0,2025,,1824529.0,1844659.0,3138756.0,157691.0,17987.0,2805335.0,2025,-40000.0,1555720.0,,-1481561.0,,2025,ok,,2026-09-02T10:13:20
FEG,FEG.AX,Far East Gold Limited,ASX,EQUITY,AUD,AUD,Basic Materials,Other Precious Metals & Mining,other-precious-metals-mining,"Far East Gold Limited, together with its subsidiaries, engages in exploration and evaluation of mineral properties in Australia and Indonesia. It explores for gold and copper deposits. The company was incorporated in 2020 and is based in Brisbane, Australia.",,https://www.fareast.gold,Australia,Brisbane,QLD,0.135,56298708,417027453,126191379,197857,75531,-0.579,,-7134407,0.0,0.0,0.0,6455602,49003,0.84360003,0.01002,,,,,-1563629.0,-1641895.0,-1664198.0,2024,,30738827.0,30836104.0,33256561.0,1090974.0,116952.0,28949447.0,2024,-6929107.0,6397480.0,,-9114464.0,,2024,ok,,2026-09-02T10:13:22
FEX,FEX.AX,Fenix Resources Limited,ASX,EQUITY,AUD,AUD,Basic Materials,Steel,steel,"Fenix Resources Limited engages in the provision of mining, logistics, and port services in Western Australia. The company's flagship property is the 100% owned Iron Ridge Iron Ore project located in Western Australia. It operates three iron ore mines in the Mid-West region of Western Australia. It also provides fully integrated mine-to-port haulage services; and operates on-wharf storage and ship-loading facilities at geraldton port; and direct ship loading access and services. The company was formerly known as Emergent Resources Limited. Fenix Resources Limited was incorporated in 2007 and is based in Perth, Australia.",,https://fenix.com.au,Australia,Perth,WA,0.275,211938320,770684831,471242947,1462258,1229951,1.036,589726976,78936000,0.08355,0.03144,0.021140002,81830000,128802000,0.38566002,0.026919998,2,316093000.0,243480000.0,72613000.0,56886000.0,8296000.0,5395000.0,2025,402888.0,222475000.0,305080000.0,364472000.0,56820000.0,82925000.0,177770000.0,2023,-64349000.0,160000.0,,7534000.0,,2025,ok,,2026-09-02T10:13:25
FFM,FFM.AX,FireFly Metals Ltd,ASX,EQUITY,AUD,AUD,Basic Materials,Other Industrial Metals & Mining,other-industrial-metals-mining,"FireFly Metals Ltd engages in the exploration and evaluation of mineral deposits in Australia and Canada. The company operates through three segments: Green Bay; Pickle Grow; and Limestone Well. It primarily explores for gold, titanium, vanadium, and copper deposits. Its flagship project is the Green Bay copper-gold project located in Newfoundland, Canada. The company was formerly known as Auteco Minerals Limited and changed its name to FireFly Metals Ltd in November 2023. FireFly Metals Ltd was incorporated in 2004 and is based in West Perth, Australia.",,https://www.fireflymetals.com.au,Australia,West Perth,WA,1.747,1343069056,768785998,746522109,3649603,3439690,1.525,,-19102000,0.0,0.0,0.0,247883008,1210000,0.03487,0.53318,5,,,,-8072000.0,-19614000.0,-11363000.0,2025,,250541000.0,256823000.0,368120000.0,99909000.0,1440000.0,321380000.0,2025,-63692000.0,143383000.0,,-70754000.0,,2025,ok,,2026-09-02T10:13:28
FG1,FG1.AX,Flynn Gold Limited,ASX,EQUITY,AUD,AUD,Basic Materials,Gold,gold,"Flynn Gold Limited operates as a mineral exploration company in Australia. The company explores for gold deposits. It holds 100% interest in the Golden Ridge Project, which is located in north-eastern Tasmania. The company was incorporated in 2020 and is based in Melbourne, Australia.",,https://flynngold.com.au,Australia,Melbourne,VIC,0.021,12781761,608655296,329885084,424168,287040,0.608,377557,-4076080,1.0,-7.1633897,0.0,3452871,0,0.47311002,0.02881,,2494.0,,2494.0,-4847378.0,-5003806.0,-4913756.0,2024,,104060.0,104060.0,3407597.0,2958799.0,26502.0,2503232.0,2024,-5340.0,4377614.0,,-4635536.0,,2024,ok,,2026-09-02T10:13:30
FGH,FGH.AX,Foresta Group Holding Limited,ASX,EQUITY,AUD,AUD,Basic Materials,Specialty Chemicals,specialty-chemicals,"Foresta Group Holding Limited, together with its subsidiaries, engages in the manufacture and sale of pine chemical and wood pellet in Australia. The company offers torrefied wood pellets, rosin, and turpentine. It also engages in the extraction of chemicals; mining of gravel and general fill; provision of research and development services; ownership of intellectual property; and investment activities. The company was formerly known as Leaf Resources Limited and changed its name to Foresta Group Holding Limited in August 2023. Foresta Group Holding Limited was incorporated in 1996 and is headquartered in Melbourne, Australia.",,https://www.forestagroup.com.au,Australia,Melbourne,VIC,0.009,25722708,2858078614,1114460689,426800,175014,,147944,-3554707,-2.27943,-13.520849,0.0,3426182,7188643,0.52636003,0.01113,,15792.0,,15792.0,-2997946.0,-3603667.0,-3375115.0,2023,612597.0,398256.0,673682.0,4165803.0,1199115.0,2146877.0,1272260.0,2024,-3651.0,1230000.0,,-2652006.0,,2025,ok,,2026-09-02T10:13:33
FGR,FGR.AX,First Graphene Limited,ASX,EQUITY,AUD,AUD,Basic Materials,Chemicals,chemicals,"First Graphene Limited manufactures and sells graphene products in Australia, the United Kingdom, and Sri Lanka. It operates through Graphene Production, Research & Development, and Mining Asset Maintenance segments. The company offers MB-LDPE graphene enhanced masterbatch, MB-EVA graphene enhanced masterbatch, MB-EVA bitumen graphene enhanced masterbatch, aqua pre-dispersed graphene additives, and nanoplatelet additives under the PureGRAPH brand. Its products are used in composites, coatings and inks, elastomers, concrete, textile, and energy storage applications. The company was formerly known as First Graphite Limited. First Graphene Limited is headquartered in Henderson, Australia.",,https://www.firstgraphene.net,Australia,Henderson,WA,0.056,49546568,884760107,750610133,634311,323642,,537594,-3033088,0.32563,-9.42002,0.0,2866000,339361,0.19542,6.0000002e-05,,492003.0,391259.0,100744.0,-4188829.0,-5988815.0,-5748774.0,2024,,2422684.0,2422684.0,9636043.0,3160135.0,3044798.0,5996674.0,2024,-52484.0,2912916.0,,-2867780.0,,2024,ok,,2026-09-02T10:13:36
FHE,FHE.AX,Frontier Energy Limited,ASX,EQUITY,AUD,AUD,Utilities,Utilities - Renewable,utilities-renewable,"Frontier Energy Limited, a renewable energy company, engages in the development of an integrated renewable energy facility in Australia. Its projects include the Waroona renewable energy project comprising 303 hectares of freehold land in the South-West region of Western Australia; and Bristol Springs project, a utility-scale renewable energy project. The company was formerly known as Superior Lake Resources Limited and changed its name to Frontier Energy Limited in January 2022. Frontier Energy Limited was incorporated in 2009 and is based in Perth, Australia.",,https://frontierhe.com,Australia,Perth,WA,0.207,230302432,1112572215,597890122,1787193,1203788,,-221864,-6273749,0.0,-20.44526,0.0,7970290,4888895,0.21978001,0.03295,2,,,,-5141168.0,-4468776.0,-5168163.0,2025,,76468247.0,76468247.0,90434907.0,5587807.0,57721.0,85511666.0,2025,-9769112.0,11500000.0,,-11981268.0,,2025,ok,,2026-09-02T10:13:38
FHS,FHS.AX,Freehill Mining Limited,ASX,EQUITY,AUD,AUD,Basic Materials,Other Industrial Metals & Mining,other-industrial-metals-mining,"Freehill Mining Limited, together with its subsidiaries, engages in the mining, exploration, evaluation, and production of mineral resources in Chile. It explores for iron ore, copper, and gold deposits. The company owns 100% interest in the Yerbas Buenas and Arenas concession blocks covering an area of approximately 1,250 hectares located north of the city of Coquimbo-La Serena; and El Dorado concession area, which consists of 8 blocks covering an area of approximately 750 hectares. Freehill Mining Limited is headquartered in Melbourne, Australia.",,https://freehillmining.com,Australia,Melbourne,VIC,0.001,4066520,4066520259,1922272037,1669573,57803,1.4,1729755,-1082373,0.22676,-0.89203,-0.78138,24545,331364,0.41625,0.01503,,691105.0,,691105.0,-1365072.0,-1461878.0,-1505954.0,2024,,11269711.0,11395555.0,12848615.0,63481.0,1517608.0,12410307.0,2024,-505313.0,2755705.0,,-2052520.0,,2024,ok,,2026-09-02T10:13:41
FIN,FIN.AX,Fin Resources Limited,ASX,EQUITY,AUD,AUD,Basic Materials,Other Industrial Metals & Mining,other-industrial-metals-mining,"Fin Resources Limited engages in the exploration and development of mineral properties in Australia and North America. The company explores for nickel, graphite, copper, cobalt, and platinum group metals. It holds interest in the Mt Tremblant Lithium project comprising 480 mineral claims covering 138 square kilometers located in Quebec, Canada; and the McKenzie Springs project covering 82 square kilometers located in Western Australia. The company was formerly known as Orca Energy Limited and changed its name to Fin Resources Limited in April 2018. Fin Resources Limited was incorporated in 1985 and is based in West Perth, Australia.",,https://www.finresources.com.au,Australia,West Perth,WA,0.005,8470647,1694129522,736522142,3965235,11991130,-0.403,,,0.0,0.0,0.0,1253444,0,0.22885999,0.0062,,,,,-3683696.0,-3683696.0,-3606080.0,2024,,2323046.0,2323046.0,3420560.0,879637.0,,2682523.0,2024,-1229443.0,448483.0,,-1837707.0,,2024,ok,,2026-09-02T10:13:43
FL1,FL1.AX,First Lithium Limited,ASX,EQUITY,AUD,AUD,Basic Materials,Other Industrial Metals & Mining,other-industrial-metals-mining,"First Lithium Limited engages in the exploration and development of minerals properties in Mali. The company holds 100% interests in the Mali Lithium Project that includes two lithium bearing permits, including Faraba and Gouna covering an area of 17,500 hectares located in Mali. First Lithium Limited is based in Perth, Australia.",,https://www.firstlithium.com.au,Australia,Perth,WA,0.14,18229862,130213304,38625859,0,0,1.828,-270,-1905557,0.0,-4850.794,0.0,35689,1540160,0.53331,0.0,,,,,-10951872.0,-10952379.0,-10928814.0,2024,,4238683.0,4238683.0,6525558.0,2213779.0,,5669034.0,2024,-3712210.0,4160446.0,,-5468167.0,,2024,ok,,2026-09-02T10:13:45
FLG,FLG.AX,Flagship Minerals Limited,ASX,EQUITY,AUD,USD,Basic Materials,Other Industrial Metals & Mining,other-industrial-metals-mining,"Flagship Minerals Limited engages in the exploration and development of lithium, gold, and copper deposits in Chile and Thailand. It holds 100% interest in Pantanillo Gold Project located in prolific Maricunga Gold Belt in Northern Chile; Rosario Copper Project located in northern Chile; and RK Lithium Project located in Thailand. The company was formerly known as Pan Asia Metals Limited and changed its name to Flagship Minerals Limited in January 2025. Flagship Minerals Limited was incorporated in 2017 and is based in Sydney, Australia.",,https://flagshipminerals.com,Australia,Sydney,NSW,0.21,72432080,344914693,163910917,203749,228165,0.397,14815,-2538273,1.0,-222.5471,0.0,1358882,157344,0.51026,0.0274,1,,,,-2548125.0,-2746851.0,-2722842.0,2025,,13338218.0,13420939.0,15587959.0002,1381350.0,157344.0,13894436.0,2025,-230929.0,3367436.0,,-2501574.0,,2025,ok,,2026-09-02T10:13:48
FMG,FMG.AX,Fortescue Ltd,ASX,EQUITY,AUD,USD,Basic Materials,Other Industrial Metals & Mining,other-industrial-metals-mining,"Fortescue Ltd engages in the exploration, development, production, processing, and sale of iron ore in Australia, China, and internationally. The company explores for copper and lithium deposits; and rare earth elements. It owns and operates rail and port facilities; power system integrating solar and wind generation, battery energy storage systems, firming capability, and high voltage transmission infrastructures. The also company focuses on producing green energy and green hydrogen, including derivatives comprising green ammonia, as well as green technology development and manufacturing. The company was formerly known as Fortescue Metals Group Limited and changed its name to Fortescue Ltd in November 2023. Fortescue Ltd was incorporated in 1983 and is headquartered in Perth, Australia.",,https://www.fortescue.com,Australia,Perth,WA,16.86,51911352320,3078964918,1577148748,6284185,8170068,0.761,16965999616,8165000192,0.40145,0.29248,0.16916001,5073999872,5930999808,0.48714,0.22400999,17,16835000000.0,7343000000.0,9492000000.0,7279000000.0,5134000000.0,2870000000.0,2026,2703000000.0,22102000000.0,44516000000.0,31578999999.9999,5074000000.0,5931000000.0,20283000000.0,2026,-3282000000.0,-157000000.0,,3554000000.0,,2026,ok,,2026-09-02T10:13:50
FML,FML.AX,Focus Minerals Limited,ASX,EQUITY,AUD,AUD,Basic Materials,Gold,gold,"Focus Minerals Limited engages in the exploration and development of gold properties in Western Australia. The company owns 100% interest in the Coolgardie Gold Project located in the East of Perth, Western Australia. It also operates Three Mile Hill Processing plant; and open pit and underground deposits. The company was incorporated in 1978 and is headquartered in East Perth, Australia. Focus Minerals Limited operates as a subsidiary of Shandong Gold International Mining Corporation Limited.",,https://www.focusminerals.com.au,Australia,East Perth,WA,1.985,568818944,286558645,84460295,286740,264483,1.632,301263008,140980000,0.64603996,0.39523998,0.90436,129812000,4475000,0.69346,0.01181,,301263000.0,-7754000.0,309017000.0,135578000.0,89455000.0,272449000.0,2025,3034000.0,241307000.0,290852000.0,442727000.0,129812000.0,4475000.0,368075000.0,2025,-80061000.0,234000.0,,50868000.0,,2025,ok,,2026-09-02T10:13:53
FMN,FMN.AX,Famien Resources Limited,ASX,EQUITY,AUD,AUD,Basic Materials,Other Industrial Metals & Mining,other-industrial-metals-mining,"Famien Resources Limited explores for, evaluates, and invests in natural resource properties in Australia. It explores gold, nickel, copper, and PGE deposits. The company holds 100% interest in the West Yilgarn project that covers an area of 1,755 square kilometers in the West Yilgarn province. The company was formerly known as Enegex Limited and changed its name to Famien Resources Limited in May 2026. Famien Resources Limited was incorporated in 2012 and is based in Cottesloe, Australia.",,https://famienresources.com,Australia,Cottesloe,WA,0.165,49584808,300513994,174643728,93505,216379,0.53,-55304,473573,0.0,-84.034836,0.0,5249529,74206,0.39882,0.000120000004,,,,,-939885.0,-939885.0,-894570.0,2024,,1138933.0,1138933.0,2940657.0,1801724.0,,2693937.0,2024,-455684.0,2954822.0,,-818174.0,,2024,ok,,2026-09-02T10:13:55
FMR,FMR.AX,FMR Resources Limited,ASX,EQUITY,AUD,AUD,Communication Services,Internet Content & Information,internet-content-information,"FMR Resources Limited engages in the exploration and development of battery and critical minerals in Canada. The company explores for copper and rare earth deposits. It holds 100% of the Fairfield copper project consisting of approximately 93.6 sq km located in New Brunswick; the Fintry project, which comprises approximately 12 sq km located on the southern zone of the Nagagami river alkalic complex in Ontario; and Llahuin Project located in the Illapel, in the Coquimbo Region. The company was formerly known as Applyflow Limited and changed its name to FMR Resources Limited in June 2024. FMR Resources Limited was incorporated in 2003 and is based in South Perth, Australia.",,https://fmrresources.com.au,Australia,South Perth,WA,0.405,27161588,67065650,37039609,163709,144630,1.231,70387,,0.0,-26.234652,0.0,4540459,34517,0.28136,0.02237,,2052107.0,,2052107.0,-1239464.0,-1267517.0,-538263.0,2023,,927669.0,927669.0,5409879.0,4285215.0,,4840385.0,2024,-1799.0,2700000.0,,-1603430.0,,2024,ok,,2026-09-02T10:13:58
FNR,FNR.AX,Far Northern Resources Limited,ASX,EQUITY,AUD,AUD,Basic Materials,Gold,gold,"Far Northern Resources Limited engages in the exploration of gold, copper, and base metal properties in Australia. It holds 100% interest in Bridge Creek project located in Northern Territory; the Empire project located in North Queensland; and Rocks Reef Project located in North Queensland. The company was incorporated in 2017 and is based in Fortitude Valley, Australia.",,https://www.farnorthernresources.com,Australia,Fortitude Valley,QLD,0.14,10004559,71461135,14710275,17330,10849,1.309,,-436512,0.0,0.0,0.0,1931841,8047,0.78848,0.01434,,,,,-969109.0,-1082127.0,-1077519.0,2024,,3054223.0,3568728.0,9423685.0,3564201.0,90038.0,9222177.0,2024,,4165000.0,,-1013598.0,,2024,ok,,2026-09-02T10:14:00
FRB,FRB.AX,Firebird Metals Limited,ASX,EQUITY,AUD,AUD,Basic Materials,Other Industrial Metals & Mining,other-industrial-metals-mining,"Firebird Metals Limited engages in the exploration, development, and evaluation of mineral resources in Australia and China. The company primarily explores for manganese deposits. Its flagship project is the 100% owned Oakover project located east of Newman in the East Pilbara Manganese province of Western Australia. Firebird Metals Limited was incorporated in 2016 and is based in Peppermint Grove, Australia.",,https://firebirdmetals.com.au,Australia,Peppermint Grove,WA,0.165,30089634,182361401,112454227,196713,219896,1.391,11538,-3377877,1.0,-30.89326,0.0,5160554,281212,0.38715,0.11753,,110000.0,,110000.0,-5081597.0,-5092271.0,-4655088.0,2024,,6155301.0,6155301.0,12883944.0,5067332.0,56386.0,12638355.0,2024,-1746741.0,8000000.0,,-3911130.0,,2024,ok,,2026-09-02T10:14:03
FRS,FRS.AX,Forrestania Resources Limited,ASX,EQUITY,AUD,AUD,Basic Materials,Other Precious Metals & Mining,other-precious-metals-mining,"Forrestania Resources Limited operates as a gold exploration and development company in Western Australia. It also explores for copper and lithium. The company is expanding across the Southern Cross, Eastern Goldfields, and Forrestania regions. Its projects include the Forrestania project located in southern Forrestania Greenstone Belt. The company's projects near Coolgardie and Menzies provide additional exposure to gold and base metals within proven mineralised corridors of the Eastern Goldfields. Forrestania Resources Limited was incorporated in 2021 and is based in Subiaco, Australia.",,https://forrestaniaresources.com.au,Australia,Subiaco,WA,0.355,578552064,1629724221,370593816,5173922,9822945,1.75,4204593,-8823508,1.0,-2.07347,-2.3431,9145733,0,0.34809,0.00093000004,1,,,,-5899577.0,-5979592.0,-5931979.0,2024,,5674734.0,5812390.0,6288969.0,459039.0,,6110585.0,2024,-1950047.0,1634837.0,,-3103639.0,,2024,ok,,2026-09-02T10:14:06
FUL,FUL.AX,Fulcrum Lithium Ltd,ASX,EQUITY,AUD,AUD,Basic Materials,Other Industrial Metals & Mining,other-industrial-metals-mining,"Fulcrum Lithium Ltd engages in the identification and exploration of mineral resource properties in the United States. Its projects include the Alkali Flats Project, which comprises 793 lode claims covering an area of 66 square kilometers in the Clayton Valley, Nevada; and the Dry Canyon Lithium Project, which comprises 202 lode claims covering approximately 17 square kilometers. The company was incorporated in 2023 and is headquartered in Sydney, Australia.",,https://www.fulcrumlithium.com,Australia,Sydney,NSW,0.08,10728000,134100005,45509519,15116,3285,,,-932924,0.0,0.0,0.0,4055764,0,0.69558,0.0,,,,,,,,,,,,,,,,,,,,,,,ok,,2026-09-02T10:14:08
FUN,FUN.AX,Fortuna Metals Limited,ASX,EQUITY,AUD,AUD,Basic Materials,Other Industrial Metals & Mining,other-industrial-metals-mining,"Fortuna Metals Limited explores and evaluates mineral projects in Malawi and Australia. It explores for neodymium, praseodymium, rutile, graphite, gold, rare earth elements (REE), and other base metals deposits. The company was formerly known as Lanthanein Resources Limited and changed its name Fortuna Metals Limited in August 2025. Fortuna Metals Limited was incorporated in 2001 and is based in Perth, Australia.",,https://fortunametals.limited,Australia,Perth,WA,0.092,38797528,421712271,161936706,344038,153782,0.344,71190,1176368,-2.49545,-38.8648,0.0,6991419,0,0.39478,0.02846,,,,,-851004.0,-861350.0,664325.0,2024,,11461311.0,11471657.0,16509685.0,2793474.0,,16344483.0,2024,-3750636.0,4399272.0,,-4294126.0,,2024,ok,,2026-09-02T10:14:11
FXG,FXG.AX,Felix Gold Limited,ASX,EQUITY,AUD,AUD,Basic Materials,Gold,gold,"Felix Gold Limited engages in the exploration of mineral projects in Alaska. It primarily explores for antimony, gold, and precious metal deposits. Felix Gold Limited was incorporated in 2020 and is headquartered in Brisbane, Australia.",,https://www.felixgold.investorportal.com.au,Australia,Brisbane,QLD,0.225,116178120,516347203,390204561,808192,1780138,0.51,,-3659357,0.0,0.0,0.0,17194464,0,0.28818,0.14753,,,,,-1551439.0,-1562136.0,-1562136.0,2024,,19078115.0,19139901.0,20756560.0,1602733.0,730000.0,19804747.0,2024,-2114431.0,2925549.0,,-3132343.0,,2024,ok,,2026-09-02T10:14:13
G11,G11.AX,G11 Resources Limited,ASX,EQUITY,AUD,AUD,Basic Materials,Other Industrial Metals & Mining,other-industrial-metals-mining,"G11 Resources Limited engages in mineral exploration activities in Australia. The company primarily explores for copper, gold, nickel, and base metal deposits. The company was formerly known as Odin Metals Limited and changed its name to G11 Resources Limited in December 2023. G11 Resources Limited was incorporated in 2010 and is based in Melbourne, Australia.",,https://www.g11resources.com.au,Australia,Melbourne,VIC,0.2,28996470,144982353,73413921,35203,35711,1.077,7500,,1.0,-55.199398,0.0,4746967,0,0.50115,0.099,,,,,-1071516.0,-1071516.0,-1055797.0,2024,,7295324.0,7332939.0,8478991.0,1090392.0,,8122242.0,2024,-1590336.0,4310000.0,,-2210545.0,,2024,ok,,2026-09-02T10:14:16
G50,G50.AX,G50 Corp Limited,ASX,EQUITY,AUD,AUD,Basic Materials,Other Precious Metals & Mining,other-precious-metals-mining,"G50 Corp Limited engages in the exploration and development of precious metal properties in the United States. The company primarily explores for gold and silver deposits. Its flagship property is the Golconda project located in the Wallapai gold district, Arizona. The company was formerly known as Gold 50 Limited and changed its name to G50 Corp Limited in May 2024. G50 Corp Limited was incorporated in 2020 and is based in North Sydney, Australia.",,https://www.g50corp.com,Australia,North Sydney,NSW,0.5,124607888,249215770,129894283,480906,634696,1.513,,-5851003,0.0,0.0,0.0,7621494,225191,0.32580003,0.01654,1,,,,-1763081.0,-1871645.0,-1886955.0,2024,,9657154.0,9789050.0,11239669.0,1404443.0,363787.0,10525331.0,2024,-593976.0,2684101.0,,-1857574.0,,2024,ok,,2026-09-02T10:14:18
G6M,G6M.AX,Group 6 Metals Limited,ASX,EQUITY,AUD,AUD,Basic Materials,Other Industrial Metals & Mining,other-industrial-metals-mining,"Group 6 Metals Limited operates as resources exploration and development company in Tasmania and Europe. It explores for tungsten concentrate. The company focuses on the Dolphin Tungsten mine located in King Island, Tasmania. The company was formerly known as King Island Scheelite Limited and changed its name to Group 6 Metals Limited in November 2021. Group 6 Metals Limited was incorporated in 1966 and is based in King Island, Australia.",,https://g6m.com.au,Australia,King Island,TAS,3.59,889071680,247652282,67468507,17121,28608,-0.029,38974000,5890000,0.19944,0.23381001,-0.22399999,3598000,22070000,0.88667,0.08999,,12383000.0,28368000.0,-15985000.0,-113958000.0,-35388000.0,-133577000.0,2024,43000.0,25563000.0,30605000.0,37136000.0,809000.0,71708000.0,-57408000.0,2024,-4484000.0,4312000.0,,-32235000.0,,2024,ok,,2026-09-02T10:14:21
G88,G88.AX,Golden Mile Resources Limited,ASX,EQUITY,AUD,AUD,Basic Materials,Other Industrial Metals & Mining,other-industrial-metals-mining,"Golden Mile Resources Limited engages in the acquisition, exploration, and development of mineral properties in Western Australia and the United States. The company explores for gold, nickel, cobalt, copper, base metal, zinc, lithium, molybdenum, bismuth, silver, and lead deposits. Golden Mile Resources Limited was incorporated in 2016 and is based in Melbourne, Australia.",,https://www.goldenmileresources.com.au,Australia,Melbourne,VIC,0.008,5968414,746051700,395688076,2127025,711376,1.339,-4290,-2004898,0.0,-5354.409,0.0,132568,0,0.36,0.0,,,,,-1623982.0,-1623982.0,-1550318.0,2024,,5300717.0,5300717.0,6398445.0,1058758.0,,6233845.0,2024,-1501247.0,1063834.0,,-2702521.0,,2024,ok,,2026-09-02T10:14:24
GA8,GA8.AX,GoldArc Resources Limited,ASX,EQUITY,AUD,AUD,Basic Materials,Gold,gold,"GoldArc Resources Limited, together with its subsidiaries, engages in the exploration of gold properties in Australia. Its flagship project is the Mt Stirling project located in Leonora, Western Australia. The company was formerly known as Asra Minerals Limited and changed its name to GoldArc Resources Limited in September 2025. The company was incorporated in 1981 and is based in West Perth, Australia.",,https://www.goldarcres.com.au,Australia,West Perth,WA,0.054,37886936,701609931,398948624,749759,958902,0.39,1458998,-1994504,1.0,2.0899699,-0.88574,1220725,170469,0.30336002,0.02507,,20247.0,110645.0,20247.0,-1009316.0,-2874912.0,-1292292.0,2024,,19741461.0,20292302.0,21077526.0,1184354.0,170469.0,20350538.0,2025,-5389180.0,5868207.0,,-7104845.0,,2025,ok,,2026-09-02T10:14:27
GAL,GAL.AX,Galileo Mining Ltd,ASX,EQUITY,AUD,AUD,Basic Materials,Other Industrial Metals & Mining,other-industrial-metals-mining,"Galileo Mining Ltd engages in the exploration of mineral deposits in Western Australia. The company explores for palladium, platinum, rhodium, cobalt, nickel, lithium, and copper deposits. It holds 100% interest in the Norseman project that covers an area of 278 square kilometers located to the town of Norseman; and 67% interest Fraser Range Project covering an area of 602 square kilometers located in the Albany-Fraser Orogen. Galileo Mining Ltd was incorporated in 2003 and is based in West Perth, Australia.",,https://www.galileomining.com.au,Australia,West Perth,WA,0.12,23714990,197624927,103672060,131420,77509,0.354,,-2049267,0.0,0.0,0.0,9096301,99920,0.47964,0.0,,5001300.0,,5001300.0,2963832.0,2881597.0,3374077.0,2024,,34520065.0,34595991.0,48267987.0,13617755.0,55049.0,47396767.0,2024,-5975155.0,20512677.0,,-5998813.0,,2024,ok,,2026-09-02T10:14:29
GBE,GBE.AX,Globe Metals & Mining Limited,ASX,EQUITY,AUD,AUD,Basic Materials,Other Industrial Metals & Mining,other-industrial-metals-mining,"Globe Metals & Mining Limited engages in the exploration, development, and investment of mineral resource properties in Australia and Africa. The company primarily explores for niobium and tantalum deposits. It primarily holds a 100% interest in the Kanyika project located in Malawi. Globe Metals & Mining Limited was formerly known as Globe Uranium Limited and changed its name to Globe Metals & Mining Limited in June 2008. The company was incorporated in 2005 and is based in West Perth, Australia. Globe Metals & Mining Limited is a subsidiary of Apollo Metals Investment Co., Limited.",,https://www.globemm.com,Australia,West Perth,WA,0.062,59582816,961013203,146670245,167367,664499,1.011,61000,-2612000,1.0,-23.38,0.0,5757000,0,0.82168996,0.0,,,,,-3363000.0,-3125000.0,-3433000.0,2024,,31715000.0,31715000.0,33015000.0,1147000.0,825000.0,32740000.0,2024,-1265000.0,4982000.0,,-4094000.0,,2024,ok,,2026-09-02T10:14:32
GBM,GBM.AX,GBM Resources Limited,ASX,EQUITY,AUD,AUD,Basic Materials,Gold,gold,"GBM Resources Limited operates as a mineral exploration and development company in Australia. It operates through two segments, Mineral Exploration and Mineral Production. The company explores for gold, silver, and copper deposits. Its flagship project is the Drummond Basin Gold project comprising the Twin Hills Gold project; Yandan Gold project; Mt Coolon Gold project; and White Dam Gold project resources located approximately 50 kilometers west of Broken Hill within the Curnamona province of South Australia. The company is also involved in production of minerals. GBM Resources Limited was incorporated in 2007 and is headquartered in Milton, Australia.",,https://www.gbmr.com.au,Australia,Milton,QLD,0.022,107984792,4908399700,2512658415,11215662,10691363,1.395,887142,-8128616,1.0,-3.56107,0.0,33385784,106335,0.45481,0.11975,1,1626372.0,,1626372.0,-2121539.0,-1907485.0,-5926950.0,2023,126167.0,42240930.0,43129199.0,61135279.0,1600808.0,6023043.0,39392613.0,2023,-3387435.0,3827724.0,,-5540125.0,,2024,ok,,2026-09-02T10:14:34
GBR,GBR.AX,Great Boulder Resources Limited,ASX,EQUITY,AUD,AUD,Basic Materials,Other Industrial Metals & Mining,other-industrial-metals-mining,"Great Boulder Resources Limited operates as a mineral exploration company in Australia. The company primarily explores for gold,lead, zinc, and base metals. Its flagship project includes the Side Well Gold project that covers an area of approximately 150 square kilometers located in the Meekatharra in Western Australia. The company was incorporated in 2016 and is based in West Perth, Australia.",,https://www.greatboulder.com.au,Australia,West Perth,WA,0.091,179372992,1971131864,664088942,4320724,6039478,0.873,114767,-2589957,0.93419,-115.59287,0.0,12001450,133504,0.37495,0.21240999,,,,,-15325704.0,-6513576.0,-15438907.0,2024,,17587449.0,17996073.0,22414010.0,2927558.0,170660.0,21453780.0,2024,-5371381.0,6046638.0,,-7353130.0,,2024,ok,,2026-09-02T10:14:37
GCM,GCM.AX,GCM Corporation Limited,ASX,EQUITY,AUD,AUD,Utilities,Utilities - Renewable,utilities-renewable,"GCM Corporation Limited manufactures and produces high-performing thermal management and cooling products in Australia, Canada, and Internationally. It offers products VHD heat sinks, for the technology, electronics, industrial sectors, such as data centres, computing, AI servers, consumer electronics, and electric vehicle infrastructure. The company also engages in the exploration and development of mineral properties. The company explores for graphite, topaz, tungsten, nickel, copper, base metal, and rare earth elements deposits. Its flagship property is the 80% owned McIntosh Graphite project located in Western Australia. The company was formerly known as Green Critical Minerals Limited and changed its name to GCM Corporation Limited in July 2026. GCM Corporation Limited was incorporated in 2006 and is based in Subiaco, Australia.",,https://www.gcmcorporation.com,Australia,Subiaco,WA,0.105,20283386,193175109,156482297,373512,198884,-0.751,,-5673798,0.0,0.0,0.0,10431757,236198,0.23853001,0.0,,,,,-1213923.0,-1303185.0,-1314533.0,2024,,11405213.0,11711588.0,12283557.0,373442.0,142016.0,11775534.0,2024,-2354668.0,1501064.0,,-3350274.0,,2024,ok,,2026-09-02T10:14:40
GCR,GCR.AX,Golden Cross Resources Limited,ASX,EQUITY,AUD,AUD,Basic Materials,Other Precious Metals & Mining,other-precious-metals-mining,"Golden Cross Resources Limited engages in the exploration, evaluation, and development of gold and copper properties in Australia. It explores for copper, gold, silver, molybdenum, lead, zinc, iron oxide, phosphate, uranium, rare earth, and other base metal deposits. The company's flagship project is the 100% owned Copper Hill project located near Molong in Central Tablelands of New South Wales. The company was incorporated in 1994 and is based in Sydney, Australia. Golden Cross Resources Limited is a subsidiary of Hq Mining Resources Holding Pty. Ltd.",,https://www.goldencross.com.au,Australia,Sydney,NSW,0.002,2194512,1097256110,228832762,0,0,-1.003,,-473000,0.0,0.0,0.0,33000,9578000,0.79144996,0.0,,,,,-639000.0,-639000.0,-1168000.0,2025,,13203000.0,13203000.0,13373000.0,81000.0,9061000.0,3580000.0,2025,-304000.0,1238000.0,,-503000.0,,2025,ok,,2026-09-02T10:14:42
GDM,GDM.AX,Great Divide Mining Ltd,ASX,EQUITY,AUD,AUD,Basic Materials,Gold,gold,"Great Divide Mining Ltd engages in the exploration and development of mineral resource properties in Australia. The company primarily explores for gold, antimony, copper, and lithium and rare earth metal deposits. Great Divide Mining Ltd was incorporated in 2021 and is headquartered in Brisbane, Australia.",,https://greatdividemining.com.au,Australia,Brisbane,QLD,0.33,22921466,69458986,23960952,28190,18215,1.228,-19215,-1807922,0.0,-20.72009,0.0,658096,268735,0.5712,0.0,,50162.0,,50162.0,-1221675.0,-1247855.0,-1169201.0,2024,,2175922.0,2206886.0,3850979.0,1469710.0,24531.0,3582115.0,2024,-1692874.0,5000000.0,,-2995748.0,,2024,ok,,2026-09-02T10:14:45
GDR,GDR.AX,Golden Dragon Mining Ltd,ASX,EQUITY,AUD,AUD,Basic Materials,Other Industrial Metals & Mining,other-industrial-metals-mining,"Golden Dragon Mining Ltd engages in the acquisition and exploration of mineral resources in Australia. The company explores gold, nickel, copper, base metals, platinum, and critical mineral deposits. The company's flagship project is the Cue Project which covers approximately 600 square kilometers located in the Murchison region of Western Australia. Golden Dragon Mining Ltd was incorporated in 2022 and is based in Melbourne, Australia.",,https://goldendragonmining.com.au,Australia,Melbourne,VIC,0.195,10782131,55292983,18675693,38768,46751,,,,0.0,0.0,0.0,3947465,30523,0.74001,0.087299995,,,,,,,,,,,,,,,,,,,,,,,ok,,2026-09-02T10:14:47
GED,GED.AX,Golden Deeps Limited,ASX,EQUITY,AUD,AUD,Basic Materials,Other Industrial Metals & Mining,other-industrial-metals-mining,"Golden Deeps Limited, together with its subsidiaries, engages in the exploration and development of mineral properties in Namibia and Canada. It explores for gold, silver, copper, vanadium, lead, zinc, and cobalt deposits, as well as rare metals, germanium, gallium, and gallium. The company was formerly known as Golden Deeps NL. Golden Deeps Limited was incorporated in 1991 and is based in West Perth, Australia.",,https://www.goldendeeps.com,Australia,West Perth,WA,0.058,13224413,228007126,150473303,332684,1006367,0.263,123231,-851561,1.0,-6.173,0.0,5078388,0,0.34005,0.0,,,,,-1179303.0,-1190239.0,-949661.0,2024,,7436385.0,7436385.0,11559359.0,3996428.0,,11710335.0,2024,-1379073.0,600.0,,-1968449.0,,2024,ok,,2026-09-02T10:14:50
GEN,GEN.AX,Genmin Limited,ASX,EQUITY,AUD,USD,Basic Materials,Other Industrial Metals & Mining,other-industrial-metals-mining,"Genmin Limited, a mineral exploration and project development company, produces iron ore in Africa. Its flagship property comprises 100% owned project, the Baniaka iron ore located in south-east Gabon, west Central Africa. Genmin Limited was incorporated in 2010 and is based in West Perth, Australia.",,https://www.genmingroup.com,Australia,West Perth,WA,0.007,24216754,3459536102,1823026962,3479695,2046316,0.271,13000,-10833000,1.0,-324.23077,0.0,9364000,16215000,0.39097,0.14987999,,,,,-11248000.0,-11141000.0,-14151000.0,2025,170000.0,47284000.0,47284000.0,57661000.0,9364000.0,16215000.0,35541000.0,2025,-1527000.0,11634000.0,,-8777000.0,,2025,ok,,2026-09-02T10:14:52
GES,GES.AX,Genesis Resources Limited,ASX,EQUITY,AUD,AUD,Basic Materials,Other Industrial Metals & Mining,other-industrial-metals-mining,"Genesis Resources Limited engages in the exploration and evaluation of mineral properties in Australia and Macedonia. The company explores for copper, iron, gold, manganese, silver, and other base metals. The company was incorporated in 2005 and is based in Kew, Australia.",,https://www.genesisresourcesltd.com.au,Australia,Kew,VIC,0.013,10176937,782841294,177744116,446401,2494194,0.358,2299,-1253311,1.0,-165244.5,0.0,52005,15587808,0.819,0.0,,6845.0,,6845.0,-1053610.0,-1066887.0,-2143695.0,2023,,22968965.0,23374709.0,23304852.0,59951.0,13057818.0,4751522.0,2024,-951512.0,,,-2015963.0,,2024,ok,,2026-09-02T10:14:55
GG1,GG1.AX,Green & Gold Minerals Limited,ASX,EQUITY,AUD,AUD,Basic Materials,Gold,gold,"Green & Gold Minerals Limited engages in the exploration and development of mineral properties in Australia. It explores gold and silver deposits. The company's holds interest in the Mt Wandoo project located in Northwest Queensland. Green & Gold Minerals Limited was incorporated in 2015 and is based in Brisbane, Australia.",,https://greengoldminerals.com.au,Australia,Brisbane,QLD,0.14,8937933,63842375,23853364,45735,19060,,,,0.0,0.0,0.0,2768489,0,0.57495,0.0,,,,,,-114616.0,-105717.0,2025,,,,0.0,,,0.0,2025,,662030.0,,,,2025,ok,,2026-09-02T10:14:58
GG8,GG8.AX,Gorilla Gold Mines Ltd,ASX,EQUITY,AUD,AUD,Basic Materials,Gold,gold,"Gorilla Gold Mines Ltd engages in the exploration and development of mineral properties in Australia. It explores for gold, lithium, rare earth elements, copper, tungsten, and nickel deposits. The company was formerly known as Labyrinth Resources Limited and changed its name to Gorilla Gold Mines Ltd in February 2025. Gorilla Gold Mines Ltd was incorporated in 1970 and is based in Subiaco, Australia.",,https://gorillagold8.com,Australia,Subiaco,WA,0.32,234448976,732653065,410669565,829894,1424016,0.911,,-2776045,0.0,0.0,0.0,37229960,111976,0.45383,0.20959,1,,,,-3490591.0,-1236404.0,-3267097.0,2024,,3965272.0,3965272.0,25207265.0,287071.0,,5029129.0,2024,-1863213.0,1563395.0,,-2322728.0,,2024,ok,,2026-09-02T10:15:00
GGP,GGP.AX,Greatland Resources Limited,ASX,EQUITY,AUD,AUD,Basic Materials,Gold,gold,"Greatland Resources Limited operates as a gold and copper mining company. The company's flagship project is Havieron Project, a gold-copper deposit located in Western Australia. Greatland Resources Limited was incorporated in 2023 and is based in Subiaco, Australia.",560,https://www.greatland.com.au,Australia,Subiaco,WA,10.92,7367368192,674667361,510887353,1875354,1715735,,2259372032,1303796992,0.55417997,0.5439,0.38165,1288937984,22184000,0.24011,0.33753,12,0.0,,,-26766260.181625,-28193037.147121,-28138161.109987,2024,,82840000.0,714000.0,0.0,4808000.0,41802000.0,0.0,2024,-26314005.944551,376563.151371,-12199000.0,-49397894.806739,,2024,ok,,2026-09-02T10:15:03
GGR,GGR.AX,Golden Globe Resources Ltd,ASX,EQUITY,AUD,AUD,Basic Materials,Other Precious Metals & Mining,other-precious-metals-mining,"Golden Globe Resources Ltd operates as a minerals exploration company in Australia. It primarily explores copper and gold deposits. The company's properties hold 100% interest in the Dooloo Creek Project comprises two granted exploration permits covering 77.94 square kilometers located in Southeast Queensland, Australia; and Alma Prospect comprises one exploration license for minerals covering 294.6 square kilometers located in Mount Morgan. The company was formerly known as Reckon Health Care Holdings Limited and changed its name to Golden Globe Resources Ltd in July 2017. The company was incorporated in 2014 and is based in Orange, Australia.",,https://www.goldengloberesources.com,Australia,Orange,NSW,0.15,21003632,140024210,51453296,9301,7581,,70598,,1.0,-14.520439,0.0,6440390,0,0.77642995,0.01888,,,,,-1665839.0,-1665846.0,-1808853.0,2025,,2008110.0,2008110.0,2553383.0,261652.0,389856.0,1175148.0,2025,-63828.0,820000.0,,-546494.0,,2025,ok,,2026-09-02T10:15:05
GHM,GHM.AX,Golden Horse Minerals Limited,ASX,EQUITY,AUD,AUD,Basic Materials,Gold,gold,"Golden Horse Minerals Limited operates as a gold exploration company that is engaged in the acquisition, exploration, and development of mineral projects in Western Australia. It primarily explores for gold, nickel, and lithium exploration. Its flagship project is the Hopes Hill project located in Perth, Western Australia. The company was formerly known as Altan Rio Minerals Limited and changed its name to Golden Horse Minerals Limited in July 2023. Golden Horse Minerals Limited is based in Vancouver, Canada.",,https://goldenhorseminerals.com,Canada,Vancouver,BC,0.54,95941112,177668726,180533491,349261,459905,,,-6444919,0.0,0.0,0.0,43664500,0,0.32139,0.19590001,2,4059767.0,2310590.0,1749177.0,-938124.0,-380225.0,-961840.0,2023,,7247217.0,7247217.0,9624012.0,1933580.0,313797.0,8440561.0,2023,-718671.0,2362449.0,236585.0,-482086.0,,2023,ok,,2026-09-02T10:15:07
GIB,GIB.AX,Gibb River Diamonds Limited,ASX,EQUITY,AUD,AUD,Basic Materials,Other Precious Metals & Mining,other-precious-metals-mining,"Gibb River Diamonds Limited engages in the mineral exploration business. The company explores for diamond, gold, uranium, phosphate, zinc, and lead deposits. It holds 100% interests in the Ellendale Diamond project and the Edjudina Gold project located in Western Australia; the Erongo and Kunene projects that consist of six exclusive prospecting licenses (EPLs) covering an area of approximately 1,828 square kilometers located in Namibia; and the Highland Plains Phosphate project, including one granted exploration lease covering an area of approximately 36.9 square kilometers located in the Northern Territory, Australia. The company was formerly known as POZ Minerals Limited and changed its name to Gibb River Diamonds Limited in November 2018. Gibb River Diamonds Limited was incorporated in 2008 and is based in West Perth, Australia.",,https://www.gibbriverdiamonds.com,Australia,West Perth,WA,0.033,7078811,214509445,113020736,70117,80502,-0.339,743,-985420,1.0,-606.72845,0.0,269455,0,0.47312,0.0,,,,,-1441694.0,-1506160.0,-1586093.0,2024,,202043.0,417259.0,2047098.0,1737232.0,28267.0,1683173.0,2024,-9822.0,,,-1167442.0,,2024,ok,,2026-09-02T10:15:10
GL1,GL1.AX,Global Lithium Resources Limited,ASX,EQUITY,AUD,AUD,Basic Materials,Other Industrial Metals & Mining,other-industrial-metals-mining,"Global Lithium Resources Limited engages in the evaluation, exploration, and development of lithium resources in Australia. The company primarily holds 100% interests in the Manna lithium project located in the Goldfields region, Western Australia; and the Marble Bar lithium project situated in the Pilbara region, Western Australia. Global Lithium Resources Limited was incorporated in 2018 and is based in West Perth, Australia.",,https://globallithium.com.au,Australia,West Perth,WA,0.7,194246384,277494839,150087669,544222,352916,0.645,2429564,102626,1.0,0.20632,-0.01657,21977900,1273517,0.45137,0.00527,3,588861.0,,588861.0,-3998181.0,-6111240.0,-4369519.0,2024,,139600144.0,139968968.0,194510359.0,51615842.0,823657.0,166278971.0,2024,-205224.0,35251.0,,-34353861.0,,2024,ok,,2026-09-02T10:15:13
GLN,GLN.AX,Galan Lithium Limited,ASX,EQUITY,AUD,AUD,Basic Materials,Other Industrial Metals & Mining,other-industrial-metals-mining,"Galan Lithium Limited engages in the exploration, evaluation, and development of lithium properties. Its flagship properties are the 100% owned Hombre Muerto West (HMW) project located in the Hombre Muerto basin Argentina; and the Candelas project that comprises 14 exploration permits covering an area of approximately 24,000 hectares situated in Argentina. Galan Lithium Limited was formerly known as Dempsey Minerals Limited and changed its name to Galan Lithium Limited in August 2018. Galan Lithium Limited was incorporated in 2011 and is based in West Perth, Australia.",,https://galanlithium.com.au,Australia,West Perth,WA,0.41,519690016,1267536631,770446010,4164726,4496874,0.888,6140,-8965193,1.0,-1467.0391,0.0,14907460,362188,0.32909,0.03921,1,,,,-9015141.0,-9270314.0,-9505462.0,2024,15283512.0,167869388.0,176579129.0,174260361.0,4334457.0,605717.0,159842363.0,2024,-74748326.0,38698400.0,,-77523941.0,,2024,ok,,2026-09-02T10:15:15
GMD,GMD.AX,Genesis Minerals Limited,ASX,EQUITY,AUD,AUD,Basic Materials,Gold,gold,"Genesis Minerals Limited engages in the gold mining, project development, and exploration activities in Western Australia. Its flagship project is the Tower Hill project located in Leonora district. The company also offers mining services, such as open pit mining, mobile fleet and asset management, development, rehabilitation, and ancillary services. Genesis Minerals Limited was incorporated in 2007 and is based in Perth, Australia.",799,https://www.genesisminerals.com.au,Australia,Perth,WA,7.93,9306177536,1173540674,1089771823,7160604,8535898,1.229,1742345984,945051008,0.48716998,0.47082,0.34537998,488335008,302843008,0.06696,0.59248,11,1742346000.0,725386000.0,1016960000.0,963611000.0,787074000.0,601763000.0,2026,61198000.0,2215337000.0,2670200000.0,2892927000.0,488335000.0,302843000.0,2077627000.0,2026,-326793000.0,538000.0,,608454000.0,,2026,ok,,2026-09-02T10:15:17
GML,GML.AX,Gateway Mining Limited,ASX,EQUITY,AUD,AUD,Basic Materials,Gold,gold,"Gateway Mining Limited acquires, explores, and develops mineral resource properties in Western Australia. The company explores for gold and base metal deposits. Its flagship project is the 100% owned Yandal gold project, which covers an area of 1,780 square kilometers located in the eastern flank of the Yandal Greenstone Belt in the northeastern Yilgarn of Western Australia. Gateway Mining Limited was incorporated in 1957 and is based in Mount Pleasant, Australia.",,https://www.gatewaymining.com.au,Australia,Mount Pleasant,WA,0.086,199762096,2322814859,1393456634,1623170,1950702,1.643,-3960747,-5717788,0.0,-67.18852,0.0,19385146,163631,0.43682,0.02249,,,,,-1623487.0,-1685865.0,-1666569.0,2024,,26257894.0,26483309.0,28380165.0,1402795.0,120567.0,26243073.0,2024,-2170613.0,2547878.0,,-3237363.0,,2024,ok,,2026-09-02T10:15:20
GMN,GMN.AX,Gold Mountain Limited,ASX,EQUITY,AUD,AUD,Basic Materials,Gold,gold,"Gold Mountain Limited engages in the acquisition, exploration, and development of mineral properties in Australia and Brazil. The company explores for gold, lithium, copper, niobium, rare earth elements, molybdenum, and other precious and base metal deposits. Its flagship property is the Down Under Rare Earths Project located in Jequié Region, Brazil. The company was formerly known as Commissioners Gold Limited and changed its name to Gold Mountain Limited in December 2014. Gold Mountain Limited was incorporated in 2005 and is based in Cottesloe, Australia.",,https://goldmountainltd.com.au,Australia,Cottesloe,WA,0.067,20406146,304569330,129812071,75170,40516,1.333,76924,-1581997,1.0,-50.77863,0.0,1447301,0,0.27308,0.0,,,,,-1541504.0,-1550248.0,-3953446.0,2024,,14709925.0,15344061.0,15855109.0,865503.0,,15667105.0,2024,-3830330.0,4919038.0,,-5355108.0,,2024,ok,,2026-09-02T10:15:22
GNG,GNG.AX,GR Engineering Services Limited,ASX,EQUITY,AUD,AUD,Basic Materials,Other Industrial Metals & Mining,other-industrial-metals-mining,"GR Engineering Services Limited provides engineering, process control, automation, and construction services to the mining and mineral processing industries in Australia and internationally. The company operates through Mineral Processing and Oil & Gas segments. It also offers feasibility studies, such as scoping, pre-feasibility, and definitive level studies, as well as study work and services that include front end engineering design, operations and process optimization, due diligence reviews, asset management system development and monitoring, risk evaluation and hazard/operability studies, technology evaluation and trade-off studies, and refurbishment assessments. In addition, the company provides design and construction of minerals processing facilities and related infrastructure for green fields or brownfield projects, including plant modifications, and upgrades, and expansions; plant evaluation and condition reports; plant operations, and maintenance support and optimization; and plant relocation, refurbishment, and recommissioning, as well as offers owners representatives and teams for project management and delivery. Further, it provides project management services comprising project studies, engineering and procurement, construction and commissioning, operations and technical support, and infrastructure development services. Additionally, the company offers design and construction services comprising of civil, structural, mechanical, piping, electrical, instrumentation/control design, site structural, electrical construction, and installation works; and consulting services. GR Engineering Services Limited was founded in 1986 and is based in Ascot, Australia.",,https://www.gres.com.au,Australia,Ascot,WA,6.29,1083641856,172280116,82247578,259849,326664,0.492,493163776,58166308,0.54414004,0.10873,0.07915,87936704,10158121,0.51701,0.04093,1,493163782.0,224812160.0,268351622.0,61476587.0,53929437.0,39032701.0,2026,,16886232.0,49244664.0,261776775.0,87936702.0,10158121.0,76596548.0,2026,-3241502.0,,,59419999.0,,2026,ok,,2026-09-02T10:15:24
GNM,GNM.AX,Great Northern Minerals Limited,ASX,EQUITY,AUD,AUD,Basic Materials,Gold,gold,"Great Northern Minerals Limited engages in the exploration and development of mineral properties in Australia and Finland. It explores for lithium, gold, and copper deposits. The company holds interests in the Finland lithium properties comprising the Sukula project that covers approximately 174.3 square kilometers and the Kuusisuo project that consists of approximately 362 square kilometers. It also holds interests in the Douglas Creek project situated in north Queensland Australia. The company was formerly known as Greenpower Energy Limited and changed its name to Great Northern Minerals Limited in October 2019. Great Northern Minerals Limited was incorporated in 1899 and is based in Perth, Australia.",,https://www.greatnorthernminerals.com.au,Australia,Perth,WA,0.038,18765860,493838444,341251901,472921,327768,2.023,,-4927228,0.0,0.0,0.0,2821131,0,0.27694,0.0,,,,,-607459.0,-1132894.0,-615539.0,2025,,20924.0,66227.0,1408522.0,1292724.0,11670.0,1351213.0,2025,-11608.0,2000.0,,-744321.0,,2024,ok,,2026-09-02T10:15:27
GPR,GPR.AX,Geopacific Resources Limited,ASX,EQUITY,AUD,AUD,Basic Materials,Gold,gold,"Geopacific Resources Limited engages in the exploration and development of gold deposits in Papua New Guinea. The company holds a 100% interest in the Woodlark gold project covering an area of approximately 529 square kilometers, located in Woodlark Island, Papua New Guinea. Geopacific Resources Limited was incorporated in 1986 and is headquartered in Claremont, Australia.",,https://geopacific.com.au,Australia,Claremont,WA,0.035,112202840,3205795329,1116931151,408963,564270,0.282,1127223,-4670753,1.0,-2.3446898,0.0,9630616,77890,0.61621,0.18855,,,,,-4448409.0,-6630564.0,-4835685.0,2025,21703724.0,75253706.0,113810779.0,98927109.0,9630616.0,77890.0,92901341.0,2023,-12920670.0,38582359.0,,-16182375.0,,2025,ok,,2026-09-02T10:15:29
GR8,GR8.AX,Great Dirt Resources Ltd,ASX,EQUITY,AUD,AUD,Basic Materials,Other Industrial Metals & Mining,other-industrial-metals-mining,"Great Dirt Resources Ltd primarily focuses on the exploration of battery-grade manganese and lithium in Australia. It holds interests in the Doherty and Basin Manganese projects covering an area of 168 square kilometers located on the north of Tamworth in northern New South Wales; Nullagine project that consists of 68 and 29 blocks covering an area of 311 square kilometers situated in the Shire of East Pilbara, Western Australia; and Pilbara project, which includes 21 contiguous blocks covering an area of 67 square kilometers located in the Pilbara region, Western Australia. The company was incorporated in 2023 and is based in Perth, Australia.",,https://greatdirt.com.au,Australia,Perth,WA,0.72,35527236,49343383,27858055,12211,13993,2.311,,-449942,0.0,0.0,0.0,2550875,19717,0.26610002,0.02711,,,,,-360816.0,-543344.0,-428424.0,2025,,1554255.0,1569115.0,4273274.0,2669691.0,38117.0,4163000.0,2025,-501686.0,33751.0,,-822379.0,,2025,ok,,2026-09-02T10:15:32
GRE,GRE.AX,GreenTech Metals Limited,ASX,EQUITY,AUD,AUD,Basic Materials,Other Industrial Metals & Mining,other-industrial-metals-mining,"GreenTech Metals Limited engages in the exploration, development, and evaluation of mineral properties in Western Australia. The company explores for nickel, copper, zinc, gold, lithium, cobalt, platinum group element, and base metal deposits. GreenTech Metals Limited was incorporated in 2021 and is based in West Perth, Australia.",,https://greentechmetals.com,Australia,West Perth,WA,0.056,20972166,374502954,124914547,658101,813700,1.045,2017,6390725,1.0,-3492.824,0.0,3002566,0,0.27433002,0.0035100002,,,,,-4978460.0,-5019324.0,-4986847.0,2024,,15736172.0,15736172.0,17715304.0,1822018.0,,17257572.0,2024,-2477631.0,4301766.0,,-4307129.0,,2024,ok,,2026-09-02T10:15:34
GRR,GRR.AX,Grange Resources Limited,ASX,EQUITY,AUD,AUD,Basic Materials,Steel,steel,"Grange Resources Limited owns and operates integrated iron ore mining and pellet production business in Australia, China, South Korea, Indonesia, and internationally. The company is involved in the mining, processing, sale of iron ore, exploration, evaluation, and development of mineral resources. It owns interest in the Savage River project located in 100km southwest of the city of Burnie; the Pellet Plant project situated in Port Latta located to the 70Km northwest of Burnie; and the Southdown magnetite project located 90km from Albany Western Australia Great Southern region. Grange Resources Limited was incorporated in 1985 and is based in Burnie, Australia.",,https://www.grangeresources.com.au,Australia,Burnie,TAS,0.132,152768720,1157338698,557675225,923927,516014,0.931,477854016,106411000,0.13557,0.16046,0.09752,275148992,176000,0.52807,0.13583,,477854000.0,364506000.0,113348000.0,117046000.0,55078000.0,46600000.0,2025,38769000.0,807331000.0,1890665000.0,1395487000.0,94549000.0,176000.0,1108155000.0,2025,-154429000.0,,,-21915000.0,,2025,ok,,2026-09-02T10:15:37
GRS,GRS.AX,Gwardar Resources Limited,ASX,EQUITY,AUD,,Basic Materials,Gold,gold,"Gwardar Resources Limited focuses on acquiring, exploring, and developing mineral resource projects in Australia. The company operates the Doolgunna Project, which comprises copper-gold mineralization in the Murchison region of Western Australia, and the Kurnalpi Project, a gold and nickel province in the Eastern Goldfields of Western Australia. The company was incorporated in 2025 and is based in Perth, Australia.",,https://www.gwardar.com.au,Australia,Perth,WA,0.49,16170049,33000100,,80505,13508,,,,0.0,0.0,0.0,,,0.82677,0.068390004,,,,,,,,,,,,,,,,,,,,,,,ok,,2026-09-02T10:15:39
GRX,GRX.AX,GreenX Metals Limited,ASX,EQUITY,AUD,AUD,Basic Materials,Copper,copper,"GreenX Metals Limited engages in the exploration and evaluation of mineral properties in Greenland and Germany. The company explores for copper, antimony, and gold. It holds interests in the Tannenberg Project that covers an area of 1,900 square kilometers located in Germany; and Eleonore North Gold Project located in Eastern Greenland. The company also holds interests in the Arctic rift copper project, which covers approximately 5,774 square kilometers located in North Eastern Greenland. The company was incorporated in 1957 and is based in Perth, Australia. GreenX Metals Limited operates as a subsidiary of BNP Paribas Nominees PTY Ltd Acf Clearstream.",,https://greenxmetals.com,Australia,Perth,WA,1.04,324746752,312256505,220469989,79638,137505,0.989,272350,-8410929,1.0,-95.22394,0.0,2529370,729881,0.08606,0.16806999,1,244867.0,,,-3223901.0,-3223901.0,-6014885.0,2025,,10681130.0,2299986.0,18285943.0,6826337.0,0.0,14328365.0,2025,-787493.0,4628036.0,,-4344760.0,,2025,ok,,2026-09-02T10:15:42
GSM,GSM.AX,Golden State Mining Limited,ASX,EQUITY,AUD,AUD,Basic Materials,Gold,gold,"Golden State Mining Limited, through its subsidiaries, engages in the acquisition, exploration, evaluation, and investment of mineral properties in Australia. The company explores for gold, lithium, nickel, copper, base metal, and rare earth element deposits. Golden State Mining Limited was incorporated in 2017 and is based in Ardross, Australia.",,https://goldenstatemining.com.au,Australia,Ardross,WA,0.012,5789583,482465280,266024586,356625,234586,0.757,,-1077082,0.0,0.0,0.0,1511618,0,0.43545,0.01036,,,,,-2780637.0,-2801037.0,-2701661.0,2024,,16147.0,83683.0,1937047.0,1890756.0,,1508689.0,2024,-682.0,2765050.0,,-2776354.0,,2024,ok,,2026-09-02T10:15:45
GSN,GSN.AX,Great Southern Mining Limited,ASX,EQUITY,AUD,AUD,Basic Materials,Other Precious Metals & Mining,other-precious-metals-mining,"Great Southern Mining Limited primarily engages in the exploration and evaluation of mineral properties in Australia. The company explores for gold, silver, nickel, copper, and other minerals. It holds a portfolio of projects located in Western Australia and Queensland. The company was incorporated in 2011 and is based in Balcatta, Australia.",,https://gsml.com.au,Australia,Balcatta,WA,0.026,30404772,1169414290,485832443,1734741,1272530,0.888,2434670,-2027681,1.0,-0.5375,0.17424999,3012434,49072,0.51213,0.04202,,,,,-1969646.0,-1860357.0,-1991711.0,2024,,12428984.0,13008138.0,13720315.0,1110589.0,155038.0,13251223.0,2024,-1463868.0,2248938.0,,-2767602.0,,2024,ok,,2026-09-02T10:15:47
GT1,GT1.AX,Green Technology Metals Limited,ASX,EQUITY,AUD,AUD,Basic Materials,Other Industrial Metals & Mining,other-industrial-metals-mining,"Green Technology Metals Limited engages in the mineral exploration and development business in Canada. Its flagship project is the Seymour project that covers an area of approximately 15,140 hectares located in Thunder Bay. The company was incorporated in 2021 and is headquartered in Subiaco, Australia.",,https://www.greentm.com.au,Australia,Subiaco,WA,0.017,20417466,1201027348,501260121,2149966,1319721,-0.174,283063,-4409264,1.0,-51.08438,0.0,1655683,92655,0.17825001,0.11135,1,,,,-4943673.0,-8056132.0,-7170198.0,2024,,96319225.0,96915055.0,104167846.0,6407949.0,522190.0,95132970.0,2024,-27790406.0,14606742.0,,-33421417.0,,2024,ok,,2026-09-02T10:15:49
GT3,GT3.AX,Green360 Technologies LImited,ASX,EQUITY,AUD,AUD,Industrials,Conglomerates,conglomerates,"Green360 Technologies Limited operates as a hydrous kaolin producer and exploration company in Australia, New Zealand, Asia, and internationally. The company also explores for silica sand deposits. Its products are used in adhesive, ink, paint, paper and board, pharmaceutical, and rubber applications. In addition, the company provides low carbon cement. The company was formerly known as Suvo Strategic Minerals Limited and changed its name to Green360 Technologies Limited in March 2025. Green360 Technologies LImited is based in Pittong, Australia.",,https://g360tech.au,Australia,Pittong,VIC,0.028,37067340,1323833588,915053505,1028990,426527,0.967,12698224,-3836396,0.06537,-0.4001,-0.34076,2649418,1304747,0.25154,0.09466,,12252427.0,11982037.0,270390.0,-6977760.0,-7801401.0,-7635544.0,2024,,10229091.0,12105910.0,19115073.0,3126425.0,1653762.0,12026994.0,2024,-1420441.0,4507250.0,,-4343790.0,,2024,ok,,2026-09-02T10:15:52
GTE,GTE.AX,Great Western Exploration Limited,ASX,EQUITY,AUD,AUD,Basic Materials,Other Industrial Metals & Mining,other-industrial-metals-mining,"Great Western Exploration Limited, together with its subsidiaries, engages in the exploration of mineral properties in Australia. It operates through Mineral Exploration, and Finance and Administration segments. The company primarily explores for gold, copper, and base metal deposits. It owns 100% interest in the Yerrida North Project located in the western portion of the Yerrida basin; Lake Way Potash project located in the 50km south-east from Wiluna; and Fairbairn Copper project located in 900km north-east of Perth and 120km north-east from Sandfire resources. The company was incorporated in 2007 and is based in Perth, Australia.",,https://greatwesternexploration.com.au,Australia,Perth,WA,0.011,8553504,777591259,365988114,737229,368159,0.686,203481,-679358,1.0,-30.557209,0.0,1278824,0,0.3466,0.0,,,,,-5893227.0,-5912103.0,-5727631.0,2025,,9511328.0,9581690.0,13557692.0,2696301.0,,13200295.0,2025,-3721599.0,6080000.0,,-4374899.0,,2025,ok,,2026-09-02T10:15:55
GUL,GUL.AX,Gullewa Limited,ASX,EQUITY,AUD,AUD,Basic Materials,Gold,gold,"Gullewa Limited engages in the exploration, evaluation, and mining of mineral properties in Australia. The company operates in three segments: Exploration and Evaluation; Property Holding; and Investments. It explores for gold and base metal deposits. The company is also involved in land subdivision activity; acquires investment properties for development; and invests in shares of listed and unlisted entities, as well as involves in mineral royalties. Gullewa Limited was incorporated in 1953 and is based in Sydney, Australia.",,https://gullewa.com.au,Australia,Sydney,NSW,0.072,15697596,218022172,69693276,109471,168711,0.52,4508331,2615550,1.0,0.63019,0.36358002,11279745,0,0.70108,0.0,,,,,-1703690.0,-1711025.0,2194157.0,2024,,35368.0,37709.0,19937129.0,8551017.0,,19452140.0,2024,-1980.0,252000.0,,2159907.0,,2024,ok,,2026-09-02T10:15:57
GW1,GW1.AX,Greenwing Resources Ltd,ASX,EQUITY,AUD,AUD,Basic Materials,Other Industrial Metals & Mining,other-industrial-metals-mining,"Greenwing Resources Ltd engages in the exploration, development, and maintenance of its graphite mines, polymetallic projects, and lithium assets in Madagascar, Australia, and Argentina. The company operates through the Graphite Mining and Exploration  Lithium segments. It primarily explores for lithium and graphite. The company was formerly known as Bass Metals Limited and changed its name to Greenwing Resources Ltd in July 2021. Greenwing Resources Ltd was incorporated in 2004 and is based in Brisbane, Australia.",,https://www.greenwingresources.com,Australia,Brisbane,QLD,0.1,51704492,517044933,253059329,968547,1037387,-0.437,,-1748539,0.0,0.0,0.0,925214,309497,0.29931,0.0,,,,,-1269846.0,-1439300.0,-1991322.0,2024,,11060829.0,13606441.0,24892743.0,708672.0,465902.0,16481969.0,2024,-795873.0,2261382.0,,-1683499.0,,2024,ok,,2026-09-02T10:16:00
GWR,GWR.AX,GWR Group Limited,ASX,EQUITY,AUD,AUD,Basic Materials,Steel,steel,"GWR Group Limited explores for, evaluates, and develops mining projects in Australia. The company explores for magnesite, tungsten, and gold deposits. It holds a 70% interest in the Prospect Ridge Magnesite project located in Northwest Tasmania. The company was formerly known as Golden West Resources Limited and changed its name to GWR Group Limited in December 2013. GWR Group Limited was incorporated in 2002 and is based in West Perth, Australia.",,https://www.gwrgroup.com.au,Australia,West Perth,WA,0.155,50450044,325484155,222071831,513638,453497,0.915,1584074,-881833,1.0,-1.09315,-0.39736998,36130556,0,0.34108,0.0,,,,,-2490965.0,-2527567.0,-21120153.0,2024,,1307894.0,3359494.0,41759361.0,27016412.0,571625.0,39439267.0,2024,-3150.0,2000000.0,,-3128596.0,,2024,ok,,2026-09-02T10:16:03
HAR,HAR.AX,Haranga Resources Limited,ASX,EQUITY,AUD,AUD,Basic Materials,Other Precious Metals & Mining,other-precious-metals-mining,"Haranga Resources Limited engages in the exploration of gold and uranium projects in Senegal. The company holds interest in the Saraya uranium project that covers an area of approximately 1,650 square kilometers located in East Senegal; Lincoln Comet Project located in the California; and Ibel South Gold Project located in Senegal. Haranga Resources Limited was incorporated in 2009 and is headquartered in Victoria Park, Australia.",,https://haranga.com,Australia,Victoria Park,WA,0.079,35789920,453036975,312129420,892949,633146,0.131,18967,-7086949,1.0,-325.03964,0.0,12387469,1986455,0.43298998,0.0,1,,,,-2899342.0,-2899342.0,-2576908.0,2024,,2213370.0,2300619.0,2265364.0,10069.0,350000.0,1889001.0,2024,-73903.0,2671840.0,,-2268271.0,,2022,ok,,2026-09-02T10:16:05
HAS,HAS.AX,Hastings Technology Metals Limited,ASX,EQUITY,AUD,AUD,Basic Materials,Other Industrial Metals & Mining,other-industrial-metals-mining,"Hastings Technology Metals Limited, together with its subsidiaries, engages in the exploration and evaluation of mineral deposits in Australia. The company explores for rare earth, neodymium, praseodymium, and niobium minerals. Its flagship property is the 100% owned Yangibana project that consists of 22 tenements/exploration licenses and 13 mining leases covering an area of 590 square kilometers located in the Gascoyne region of Western Australia. The company was formerly known as Hastings Rare Metals Limited and changed its name to Hastings Technology Metals Limited in October 2015. Hastings Technology Metals Limited was incorporated in 2006 and is based in Perth, Australia.",,https://hastingstechmetals.com,Australia,Perth,WA,0.28,65608792,234317116,190446184,265550,109378,0.496,-1977439,-6817973,0.0,-33.913612,0.0,4925067,5611110,0.14633,0.014579999,2,,,,1942126.0,-6280144.0,-33791694.0,2024,213269625.0,371852013.0,377128005.0,480003285.0,17890044.0,169302981.0,296416650.0,2024,-89391515.0,17158082.0,,-99041955.0,,2024,ok,,2026-09-02T10:16:08
HAV,HAV.AX,Havilah Resources Limited,ASX,EQUITY,AUD,AUD,Basic Materials,Gold,gold,"Havilah Resources Limited, together with its subsidiaries, engages in the exploration and evaluation of mineral exploration tenements and mining leases in Australia. The company explores for copper, gold, cobalt, uranium, tungsten, molybdenum, and iron ore deposits, as well as rare earth elements. Its flagship properties are the Grants and Maldorky iron ore, the Kalkaroo gold-copper-cobalt, and the Mutooroo copper-cobalt projects located in northeastern South Australia. Havilah Resources Limited was founded in 1996 and is based in Kent Town, Australia.",,https://www.havilah-resources.com.au,Australia,Kent Town,SA,0.77,272520256,353922407,215011401,334992,185741,0.476,,-1851101,0.0,0.0,0.0,731518,74381,0.466,0.07896,,,,,-3044543.0,-2696424.0,-3283491.0,2025,,29717836.0,34029820.0,55324171.0,541332.0,109024.0,53550161.0,2025,-5446443.0,4071075.0,,-4775395.0,,2025,ok,,2026-09-02T10:16:10
HAW,HAW.AX,Hawthorn Resources Limited,ASX,EQUITY,AUD,AUD,Basic Materials,Gold,gold,"Hawthorn Resources Limited engages in the exploration and development of mineral resources in Australia. The company explores for iron ore, gold, magnetite, lithium, nickel, copper, and other base metals. It holds a 70% interest in the Trouser Legs Mining Joint Venture Project, and a 37% interest in the Mt Bevan critical minerals project and 28% interest in the Mt Bevan magnetite project located in Central Yilgarn, Western Australia. The company also holds a 34% stake in a joint venture for the exploration and extraction of other critical minerals, including lithium, alongside Legacy Iron Ore Limited and Hancock Magnetite Holdings Pty Ltd. Hawthorn Resources Limited was incorporated in 1985 and is based in Melbourne, Australia.",,https://hawthornresources.com,Australia,Melbourne,VIC,0.084,28141312,335015613,99312028,39399,14445,-0.143,607470,-160102,1.0,-1.09943,-0.83788,11336973,0,0.71883005,0.0,,5647473.0,,5647473.0,-1192972.0,-1192972.0,-536992.0,2022,,2263488.0,2263488.0,15533098.0,13114088.0,,13893951.0,2024,-523952.0,,,-939381.0,,2024,ok,,2026-09-02T10:16:12
HCH,HCH.AX,Hot Chili Limited,ASX,EQUITY,AUD,AUD,Basic Materials,Copper,copper,"Hot Chili Limited, together with its subsidiaries, operates as a mineral exploration company in Chile. The company explores for copper, gold, silver, and molybdenum deposits. Its flagship property is the Costa Fuego copper-gold project, which consists of the Productora, Cortadera, and San Antonio properties located south of the regional township of Vallenar in the Atacama region of Chile. Hot Chili Limited was incorporated in 2008 and is based in Applecross, Australia.",,https://www.hotchili.net.au,Australia,Applecross,WA,1.59,322613664,202901656,130912774,652721,337280,1.191,,-9074649,0.0,0.0,0.0,4624046,335693,0.25386,0.03192,,,,,-11356124.0,-12007599.0,-11137547.0,2025,,236356757.0,237852307.0,244804549.0,5189090.0,415299.0,217784746.0,2025,-23993752.0,31900000.0,,-30968145.0,,2025,ok,,2026-09-02T10:16:15
HFR,HFR.AX,Highfield Resources Limited,ASX,EQUITY,AUD,AUD,Basic Materials,Agricultural Inputs,agricultural-inputs,"Highfield Resources Limited, together with its subsidiaries, engages in the exploration and development of potash mines in Spain. Its potash projects are located in the Ebro potash producing basin in Northern Spain. The company's flagship property includes the Muga-Vipasca project that targets sylvinite beds in the Muga Project area, which covers an area of approximately 40 square kilometers located in the Provinces of Navarra and Aragón. It also holds interest in the Pintanos tenement area comprising three permits of Molineras 1, Molineras 2, and Puntarrón covering an area of 65 square kilometers; and the Sierra del Perdón tenement area includes three permits of Quiñones, Adiós, and Ampliación de Adiós covering an area of approximately 125 square kilometers located to southeast of Pamplona.Highfield Resources Limited was incorporated in 2011 and is headquartered in Pamplona, Spain.",16,https://www.highfieldresources.com.au,Spain,Pamplona,,0.02,9481541,474077043,283706666,731315,99119,1.667,80062,-9148702,1.0,-60.97712,0.0,3473945,45630476,0.15219,0.27212,,,,,-19784214.0,-10858406.0,-69796058.0,2025,,162353740.0,163105687.0,167713856.0,3473945.0,45630476.0,91870822.0,2025,-4009485.0,8001281.0,,-12626697.0,,2025,ok,,2026-09-02T10:16:18
HGODB,HGODB.AX,Kantra Copper Ltd,ASX,EQUITY,AUD,AUD,Basic Materials,Copper,copper,"Kantra Copper Ltd engages in the operation, exploration, and development of mineral properties in Australia. It primarily explores for copper, gold, and silver deposits. The company's project is the Kanmantoo Copper mine located approximately 55 kilometres from Adelaide, South Australia; and owns an 80% interest in the Mutooroo Copper Project in South Australia's Curnamona Province. The company was formerly know as Hillgrove Resources Limited and change its name to Kantra Copper Ltd in August 2026. Kantra Copper Ltd was incorporated in 2000 and is headquartered in Unley, Australia.",,https://kantra.com,Australia,Unley,SA,1.08,254831424,235955001,2605731684,687626,386207,1.332,203032000,46151000,0.35761002,0.17139,0.0922,32535000,4099000,0.27025998,0.08331,,167632000.0,686000.0,166946000.0,26510000.0,13835000.0,92000.0,2025,846000.0,112563000.0,273369000.0,150244000.0,20953000.0,4590000.0,96029000.0,2025,-40311000.0,42950000.0,,-19909000.0,,2025,ok,,2026-09-02T10:16:20
HIO,HIO.AX,Hawsons Iron Limited,ASX,EQUITY,AUD,AUD,Basic Materials,Other Industrial Metals & Mining,other-industrial-metals-mining,"Hawsons Iron Limited engages in mineral exploration and development activities in Australia. Its flagship project is the 100% owned Hawsons Iron project located in Broken Hill, New South Wales. The company was formerly known as Carpentaria Resources Limited and changed its name to Hawsons Iron Limited in August 2021. Hawsons Iron Limited was incorporated in 2000 and is based in Brisbane, Australia.",,https://hawsons.com.au,Australia,Brisbane,QLD,0.01,13781353,1378135247,1047476456,1236187,244001,,7467,-1549756,1.0,-119.98848,0.0,498102,133551,0.12785,0.0,,,,,-1927293.0,-2080622.0,-2038347.0,2025,,60472169.0,60472169.0,61151954.0,202450.0,1132310.0,59415591.0,2025,-1464146.0,250000.0,,-3410795.0,,2025,ok,,2026-09-02T10:16:23
HLX,HLX.AX,Helix Resources Limited,ASX,EQUITY,AUD,AUD,Basic Materials,Other Industrial Metals & Mining,other-industrial-metals-mining,"Helix Resources Limited engages in the mineral exploration business in Australia. It explores for copper, gold, iron ore, nickel, cobalt, and other base metals. The company was incorporated in 1985 and is based in Perth, Australia.",,https://www.helixresources.com.au,Australia,Perth,WA,0.025,4811119,192444755,104704814,316984,284143,2.324,35951,-888058,1.0,-23.293402,0.0,748924,164768,0.42317,0.0,,,,,-1159603.0,-1294728.0,-1180933.0,2024,,18209456.0,18523435.0,21876749.0,2744903.0,336938.0,21267342.0,2024,-4548626.0,2828669.0,,-5608830.0,,2024,ok,,2026-09-02T10:16:25
HMG,HMG.AX,Hamelin Gold Limited,ASX,EQUITY,AUD,AUD,Basic Materials,Gold,gold,"Hamelin Gold Limited operates as a mineral exploration company in the Western Tanami and Yilgarn regions of Western Australia. The company holds 100% interest in the West Tanami Gold Project covering 2,277 square kilometers of gold province located in Western Australia. Hamelin Gold Limited was incorporated in 2021 and is based in Subiaco, Australia.",,https://hamelingold.com.au,Australia,Subiaco,WA,0.23,57012276,247879463,82565675,326653,788651,1.161,2939,-1201049,1.0,-4109.3164,0.0,3634851,0,0.47939998,0.03644,,,,,-1499042.0,-1645676.0,-1327136.0,2024,,18711225.0,18966152.0,23751073.0,4910670.0,,23261947.0,2024,-3310666.0,4750000.0,,-3872041.0,,2024,ok,,2026-09-02T10:16:28
HMX,HMX.AX,Hammer Metals Limited,ASX,EQUITY,AUD,AUD,Basic Materials,Other Precious Metals & Mining,other-precious-metals-mining,"Hammer Metals Limited engages in the exploration and extraction of mineral resources in Australia. It explores for iron oxide, copper, cobalt, rhenum, and gold deposits, as well as for molybdenum ores. The company holds 100% interests in the Mount Isa project that comprise Kalman, Elaine, Overlander, Jubilee, Lakeview, and Southern exploration deposits covering an area of approximately 3000 square kilometers within the Mount Isa mining district, as well as a 51% interest in the Jubilee deposit. It also holds a 100% interest in the Bronzewing South gold project covering approximately 290 square kilometers of tenements located in the Yandal greenstone Belt of Western Australia. The company was formerly known as Midas Resources Limited and changed its name to Hammer Metals Limited in April 2014. Hammer Metals Limited was incorporated in 2000 and is based in West Perth, Australia.",,https://hammermetals.com.au,Australia,West Perth,WA,0.081,72313456,892758700,573582830,4333865,2841643,2.054,141033,-1431505,1.0,-32.37778,0.0,1530850,1052590,0.36016,0.0,,,,,-2818990.0,-2311396.0,-2923316.0,2025,,28047841.0,28267565.0,34386435.0,2583350.0,141289.0,33369648.0,2025,-3456506.0,220000.0,,-4013195.0,,2025,ok,,2026-09-02T10:16:30
HOR,HOR.AX,Horseshoe Metals Limited,ASX,EQUITY,AUD,AUD,Basic Materials,Other Industrial Metals & Mining,other-industrial-metals-mining,"Horseshoe Metals Limited engages in the development, exploration, and evaluation of mineral properties in Australia. It primarily explores for copper and gold deposits. The company owns 100% interests in the Horseshoe Lights Copper-Gold Project that comprises of tenements covering an area of approximately 340 square kilometers located in Bryah Basin region of Western Australia. Horseshoe Metals Limited was incorporated in 2006 and is based in West Perth, Australia.",,https://www.horseshoemetals.com.au,Australia,West Perth,WA,0.03,22500272,750009075,378541696,190880,162953,0.494,250119,-1478529,1.0,-7.6549296,0.0,52617,2219901,0.46339,0.0,,250000.0,,250000.0,-1478529.0,-1493357.0,-1676199.0,2025,,9789953.0,10064992.0,10115317.0,27617.0,1703999.0,-1357614.0,2025,-583416.0,851000.0,,-1129898.0,,2025,ok,,2026-09-02T10:16:33
HRE,HRE.AX,Heavy Rare Earths Limited,ASX,EQUITY,AUD,AUD,Energy,Uranium,uranium,"Heavy Rare Earths Limited engages in the exploration and development of uranium projects in Western Australia and South Australia. It explores for uranium, rare earth, and scandium deposits. Heavy Rare Earths Limited was incorporated in 2021 and is headquartered in Melbourne, Australia.",,https://hreltd.com.au,Australia,Melbourne,VIC,0.044,10517491,239033882,99479722,286237,660268,0.602,89735,,1.0,-37.148067,0.0,1326010,0,0.44612,0.0,,312168.0,,312168.0,-1343394.0,-1343394.0,-1308284.0,2024,,3362524.0,3362524.0,1020641.0,957586.0,,730530.0,2023,-2430815.0,150.0,,-1166616.0,,2023,ok,,2026-09-02T10:16:35
HRN,HRN.AX,Horizon Gold Limited,ASX,EQUITY,AUD,AUD,Basic Materials,Gold,gold,"Horizon Gold Limited engages in the exploration and evaluation of gold deposits in Australia. Its flagship project is the 100% owned Gum Creek gold project covering an area of approximately 663 square kilometers, located in the Yilgarn Craton in Western Australia. The company was incorporated in 2016 and is based in West Perth, Australia. Horizon Gold Limited is a subsidiary of Zeta Resources Limited.",1,https://www.horizongold.com.au,Australia,West Perth,WA,1.12,218167616,194792509,50681093,46611,67688,0.574,,-1234000,0.0,0.0,0.0,4412000,0,0.70036006,0.12514,3,,,,-1097000.0,-1202000.0,-1705000.0,2024,,41748000.0,41748000.0,44104000.0,219000.0,41000.0,31956000.0,2024,-1832000.0,1839000.0,,-2587000.0,,2024,ok,,2026-09-02T10:16:37
HTM,HTM.AX,High-Tech Metals Limited,ASX,EQUITY,AUD,AUD,Basic Materials,Other Industrial Metals & Mining,other-industrial-metals-mining,"High-Tech Metals Limited engages in the acquisition, exploration, and evaluation of mineral resource properties in Australia and Canada. It explores cobalt, copper, gold, and nickel deposits. The company holds 100% interest in the Werner Lake cobalt project, which consists of the Werner Lake Old Mine deposit and the Wener Lake West Cobalt deposit located in north-western Ontario, Canada. It also holds 100% interest in Mt Fisher project and 51% Mt Eureka gold project, which covers an area of 1,150 square kilometers located in the Northern Goldfields of Western Australia. High-Tech Metals Limited was incorporated in 2022 and is based in Subiaco, Australia.",,https://hightechmetals.com.au,Australia,Subiaco,WA,0.25,26319956,105279825,43768840,84054,25988,0.316,-21542,-972803,0.0,-119.862976,0.0,990512,12103,0.30207002,0.0,,,,,-661900.0,-822086.0,-737581.0,2024,,1995942.0,2093394.0,3745187.0,206921.0,113737.0,3474916.0,2024,-829542.0,4768000.0,,-1737076.0,,2024,ok,,2026-09-02T10:16:40
HVY,HVY.AX,Heavy Minerals Limited,ASX,EQUITY,AUD,AUD,Basic Materials,Other Industrial Metals & Mining,other-industrial-metals-mining,"Heavy Minerals Limited engages in the exploration and development of industrial mineral resource projects in Australia, Mauritius, and Mozambique. It explores for industrial garnet, ilmenite, zircon, leucoxene, rutile, and other mineral deposits. The company's primary project is 100% owned the Port Gregory Garnet project that covers an area of 227.28 square kilometers located near the North of Geraldton, Western Australia. It also holds interests in Red Hill Prospect, located in Geraldton. Heavy Minerals Limited was incorporated in 2021 and is based in Belmont, Australia.",,https://www.heavyminerals.com,Australia,Belmont,WA,0.345,25320790,73393592,43351908,43572,88997,0.673,40647,-1630161,1.0,-34.682518,0.0,38365,2826123,0.43205002,0.0,,,,,-1049211.0,-1175001.0,-1146912.0,2024,,4001313.0,4086928.0,4402088.0,47484.0,853395.0,3256097.0,2024,-766117.0,438076.0,,-1382781.0,,2024,ok,,2026-09-02T10:16:42
HWK,HWK.AX,Hawk Resources Limited,ASX,EQUITY,AUD,AUD,Basic Materials,Other Industrial Metals & Mining,other-industrial-metals-mining,"Hawk Resources Limited engages in the exploration of critical and precious metals in Australia and Brazil. It explores for copper, gold, lithium, zinc, lead, and silver deposits. The company holds an interest in the Cactus project, which covers an area of 27 square kilometers located southwest of Salt Lake City in western Utah. In addition, it holds a 100% interest in the Brazil Lithium project, covering an area of 472 square kilometers located in Minas Gerais, eastern Brazil. The company was formerly known as Alderan Resources Limited and changed its name to Hawk Resources Limited in November 2024. The company was incorporated in 2013 and is based in Melbourne, Australia.",,https://hawkresources.com.au,Australia,Melbourne,VIC,0.035,24149408,689983131,183240424,2357678,2896189,0.279,,-1603503,0.0,0.0,0.0,1010055,0,0.17345,0.04631,,,,,-6338573.0,-6372032.0,-6362945.0,2024,,4805625.0,5247620.0,5042840.0,119404.0,,4807544.0,2024,-4278182.0,1727154.0,,-1752372.0,,2022,ok,,2026-09-02T10:16:45
HZR,HZR.AX,Hazer Group Limited,ASX,EQUITY,AUD,AUD,Basic Materials,Chemicals,chemicals,"Hazer Group Limited operates as a clean technology development company in Australia. The company commercializes the Hazer Process, a low emission hydrogen and graphite production process technology. It company enables the conversion of natural gas and similar feedstocks into hydrogen and graphite using iron ore as a process catalyst. The company serves the industrial hydrogen, hydrogen mobility, and synthetic graphite markets. The company was incorporated in 2010 and is based in Perth, Australia.",,https://hazergroup.com.au,Australia,Perth,WA,0.33,88389792,267847838,239822919,169060,104609,0.495,2872002,-10753729,1.0,-3.42634,0.0,10681433,104423,0.12217,0.014989999,1,19571.0,,19571.0,-10208759.0,-13609708.0,-10377975.0,2026,,69114.0,69114.0,13550954.0,10669237.0,104423.0,10351029.0,2026,-156651.0,3684247.0,,-5400298.0,,2026,ok,,2026-09-02T10:16:47
I88,I88.AX,Infini Resources Limited,ASX,EQUITY,AUD,AUD,Basic Materials,Other Industrial Metals & Mining,other-industrial-metals-mining,"Infini Resources Limited engages in the exploration of mineral properties in Australia and Canada. The company explores for lithium, uranium, and niobium deposits. Its flagship property is the Portland Creek project covering approximately 149 square kilometers located in Precambrian Long-Range Complex of the Humber TectonicStratigraphic zone. The company was incorporated in 2021 and is based in Perth, Australia.",,https://www.infiniresources.com.au,Australia,Perth,WA,0.12,12984868,108207236,69279280,119561,78895,1.688,2550160,1298575,1.0,-0.80342,-1.73271,11956233,41499,0.35252,0.011879999,,,,,-1489751.0,-1556702.0,-1530521.0,2024,,6024274.0,6052679.0,8267372.0,2017483.0,150820.0,7747350.0,2024,-1971553.0,5850000.0,,-3039474.0,,2024,ok,,2026-09-02T10:16:49
IBR,IBR.AX,Iron Bear Resources Ltd,ASX,EQUITY,AUD,AUD,Basic Materials,Other Industrial Metals & Mining,other-industrial-metals-mining,"Iron Bear Resources Ltd, together with its subsidiaries, engages in the investment, exploration, and evaluation of mineral properties in Australia. The company explores for nickel, lithium, iron, copper, platinum group elements, and gold deposits. Its flagship project is the Iron Bear iron ore project located in the Labrador Trough, Canada. The company was formerly known as Cyclone Metals Limited and changed its name to Iron Bear Resources Ltd in January 2026. Iron Bear Resources Ltd was incorporated in 2000 and is based in West Leederville, Australia.",,https://www.ironbearresources.com,Australia,West Leederville,WA,0.049,54206412,1106253248,725250722,1522554,896076,2.215,8539,-4247470,1.0,-522.6421,854.8092,15221372,303890,0.25676,0.00169,,20000.0,,20000.0,-4714802.0,-2252123.0,-5262018.0,2024,,6520475.0,8201763.0,12111976.0,115524.0,2274384.0,8311046.0,2024,-1678569.0,1340000.0,,-2546525.0,,2024,ok,,2026-09-02T10:16:52
ICL,ICL.AX,Iceni Gold Limited,ASX,EQUITY,AUD,AUD,Basic Materials,Gold,gold,"Iceni Gold Limited focuses on acquiring, exploring, and developing gold projects in Western Australia. Its principal property consists of the 14 Mile Well project that includes 5 granted exploration licenses, 143 granted prospecting licenses, 7 prospecting licenses, and 2 mining leases covering an area of approximately 600 square kilometres located in the Eastern Goldfields region, Western Australia. Iceni Gold Limited was incorporated in 2020 and is based in West Perth, Australia.",,https://www.icenigold.com.au,Australia,West Perth,WA,0.021,9154052,435907235,178718672,273860,512805,1.404,504643,-2250986,1.0,-0.98165,0.0,1568953,14506,0.43578,0.0,,,,,-188994.0,-1142210.0,-230024.0,2024,,24714142.0,25203323.0,28315114.0,3295678.0,247115.0,27456664.0,2024,-2609958.0,4208000.0,,-3112191.0,,2024,ok,,2026-09-02T10:16:54
IDA,IDA.AX,Indiana Resources Limited,ASX,EQUITY,AUD,AUD,Basic Materials,Other Precious Metals & Mining,other-precious-metals-mining,"Indiana Resources Limited engages in the exploration of rare earth elements, gold, and base metals in Australia. It primarily holds 100% interests in the Gawler Craton gold project that covers an area of 5,713 square kilometers located in South Australia. The company was formerly known as IMX Resources Limited and changed its name to Indiana Resources Limited in June 2016. The company was incorporated in 1985 and is based in Adelaide, Australia.",,https://indianaresources.com.au,Australia,Adelaide,SA,0.022,14173114,644232458,463783487,1090006,672941,0.275,-91480000,45400000,0.0,-3.44877,0.0,33766000,0,0.31577998,0.021540001,,,,,-4344000.0,-4403000.0,-4174000.0,2024,,6418000.0,6551000.0,8170000.0,1394000.0,32000.0,6875000.0,2024,-527000.0,4918000.0,,-4725000.0,,2024,ok,,2026-09-02T10:16:57
IGO,IGO.AX,IGO Limited,ASX,EQUITY,AUD,AUD,Basic Materials,Other Industrial Metals & Mining,other-industrial-metals-mining,"IGO Limited, together with its subsidiaries, discovers, develops, and delivers battery minerals in Australia. It operates through Nova Operation, Forrestania Operation, Cosmos Project, Lithium Business, and Growth segments. The company explores for nickel, lithium, copper, cobalt, and silver deposits. It is also involved in exploration, business development, and project evaluation activities, as well as sale of concentrates. In addition, the company offers shipping and insurance services. The company was formerly known as Independence Group NL and changed its name to IGO Limited in January 2020. IGO Limited was incorporated in 2000 and is headquartered in Perth, Australia.",358,https://www.igo.com.au,Australia,Perth,WA,8.265,6258819072,757267813,671255664,3421645,2773659,0.594,462900000,51800000,0.58695,-0.11979,0.31389,485600000,16800000,0.11066,0.52996,14,512500000.0,,512500000.0,-811100000.0,-390800000.0,-954600000.0,2025,1000000.0,271300000.0,2180400000.0,2356300000.0,279700000.0,31400000.0,2092400000.0,2025,-5300000.0,,,37600000.0,,2025,ok,,2026-09-02T10:16:59
ILT,ILT.AX,Iltani Resources Limited,ASX,EQUITY,AUD,AUD,Basic Materials,Other Precious Metals & Mining,other-precious-metals-mining,"Iltani Resources Limited engages in the exploration and development of metal projects in Australia. It explores for silver, lead, zinc, tin, indium, copper, gold, and antimony deposits. The company holds interest in the Herberton project covering an area of 340 square kilometers located in Northern Queensland; and the Mount Read Volcanics project located in Western Tasmania. It also holds interest in the Northern Base Metal project covering an area of 207 square kilometers located in Northern QLD. Iltani Resources Limited was incorporated in 2021 and is based in Melbourne, Australia.",,https://iltaniresources.com.au,Australia,Melbourne,VIC,0.46,36673216,79724380,47775533,51261,55344,1.58,150000,-1526241,1.0,-6.04876,0.0,8637504,0,0.39744,0.0678,,,,,-685655.0,-685655.0,-589905.0,2024,,2290204.0,2290204.0,5075674.0,2375908.0,,4554645.0,2024,-1817405.0,5506000.0,,-2250694.0,,2024,ok,,2026-09-02T10:17:01
ILU,ILU.AX,Iluka Resources Limited,ASX,EQUITY,AUD,AUD,Basic Materials,Other Industrial Metals & Mining,other-industrial-metals-mining,"Iluka Resources Limited engages in the exploration, project development, mining, processing, marketing, and rehabilitation of mineral sands in Australia, China, rest of Asia, Europe, the Americas, and internationally. The company operates through Mineral Sands, Rare Earths, and Idle segments. It produces zircon; titanium dioxide products of rutile and synthetic rutile; and ilmenite, as well as activated carbon, gypsum, and iron concentrate products. The company also engages in the exploration of rare earths elements, such as neodymium, praseodymium, didymium, dysprosium, terbium, samarium, europium, gadolinium, holmium, erbium, thulium, ytterbium, lutetium, yttrium, lanthanum, cerium, monazite, and xenotime. Its products are used in technology, construction, medical, lifestyle, defense, and industrial applications. The company was formerly known as Westralian Sands Limited and changed its name to Iluka Resources Limited in May 1999. Iluka Resources Limited was incorporated in 1954 and is headquartered in Perth, Australia.",1000,https://www.iluka.com,Australia,Perth,WA,6.74,2906254336,431194999,413675694,2438228,2251102,0.786,893500032,157700000,0.37191,-0.07611,-0.45249,50600000,1282700032,0.01021,0.54906,10,1015400000.0,408800000.0,606600000.0,-175800000.0,152200000.0,-288400000.0,2025,1439000000.0,2001800000.0,4649500000.0,4220100000.0,45700000.0,1137500000.0,2068800000.0,2025,-862100000.0,-500000.0,,-919600000.0,,2025,ok,,2026-09-02T10:17:04
IMA,IMA.AX,Image Resources NL,ASX,EQUITY,AUD,AUD,Basic Materials,Other Industrial Metals & Mining,other-industrial-metals-mining,"Image Resources NL engages in the production and exploration of mineral sands in Western Australia. The company was incorporated in 1994 and is headquartered in West Perth, Australia.",,https://www.imageres.com.au,Australia,West Perth,WA,0.018,20071972,1115109592,581160428,768344,237967,0.174,80734000,13203000,0.0020299999,-0.12587,-1.0282199,7687000,20002000,0.55769,0.060879998,1,80734000.0,43330000.0,37404000.0,-33634000.0,-14134000.0,-83012000.0,2025,,90962000.0,138654000.0,117170000.0,7687000.0,20002000.0,14627000.0,2025,-43875000.0,3529000.0,,-36593000.0,,2025,ok,,2026-09-02T10:17:07
IMD,IMD.AX,Imdex Limited,ASX,EQUITY,AUD,AUD,Industrials,Farm & Heavy Construction Machinery,farm-heavy-construction-machinery,"Imdex Limited, a mining-tech company, provides drilling products, rock knowledge and geophysical sensors, and data and analytics for the minerals industry in the Asia-Pacific, the Middle East, Africa, Europe, and the Americas. The company offers directional drilling solutions, solids removal units, and drilling fluids; and rock knowledge, bench characterization, geoscience, structural geology, and survey technology products. It also provides software products, such as aiSIRIS, a cloud-based mineral-interpretation AI system for portable infrared spectrometer data; Datarock, a production-ready, explainable AI that provides automated, explainable logging and domaining workflows; and EarthNET, a web-based, cloud-native, AI-driven geoscience platform to ingest and integrate large earth data. In addition, the company offers HUB-IQ, a cloud-based portal integrated with industry software for validating field data transmitted from the drill rig; ioGAS, an exploratory data-analysis software application for detecting patterns, anomalies, and relationships in geoscience data; Krux, a drilling analytics software; and REFLEX XRF CONNECT, a systematic data capture application. The company was formerly known as Pilbara Gold NL and changed its name to Imdex Limited in July 1985. Imdex Limited was incorporated in 1980 and is headquartered in Balcatta, Australia.",1057,https://www.imdex.com,Australia,Balcatta,WA,3.39,1763758848,520282860,505535930,1492587,2818490,1.187,520086016,129123000,0.73598,0.14653,0.15275,40770000,284471008,0.06311,0.64231,9,520086000.0,136714000.0,383372000.0,195320000.0,66478000.0,79442000.0,2026,14228000.0,146772000.0,367764000.0,1132047000.0,40770000.0,284471000.0,683926000.0,2026,-69334000.0,215824000.0,,56673000.0,,2026,ok,,2026-09-02T10:17:09
IMI,IMI.AX,Infinity Mining Limited,ASX,EQUITY,AUD,AUD,Basic Materials,Other Industrial Metals & Mining,other-industrial-metals-mining,"Infinity Mining Limited engages in the exploration and evaluation of mineral properties in Australia. It operates in two segments, Exploration and Evaluation Assets, and Development Assets. The company explores for gold, copper, zinc, nickel, and lithium deposits. Infinity Mining Limited was incorporated in 2015 and is headquartered in Fortitude Valley, Australia.",,https://infinitymining.com.au,Australia,Fortitude Valley,QLD,0.008,4479185,559898076,228539197,739759,428924,0.497,,-3840786,0.0,0.0,0.0,383339,216996,0.66300005,0.0,,,,,-5720317.0,-5167600.0,-5736717.0,2026,,3738641.0,3793474.0,4608065.0,383339.0,216996.0,4251867.0,2026,-475278.0,1374160.0,,-1365185.0,,2026,ok,,2026-09-02T10:17:12
IND,IND.AX,Industrial Minerals Ltd,ASX,EQUITY,AUD,AUD,Basic Materials,Other Industrial Metals & Mining,other-industrial-metals-mining,"Industrial Minerals Ltd engages in the evaluation and exploration of mineral projects in Western Australia. The company explores quartz and silica sands. Its flagship project is the 80% owned Pippingarra Project located in the south-east of Port Hedland, in the Pilbara region of Western Australia. The company was incorporated in 2021 and is based in Peppermint Grove, Australia.",,https://www.industmin.com,Australia,Peppermint Grove,WA,0.12,17530384,146086546,49077048,60169,50452,-0.156,,-569664,0.0,0.0,0.0,517312,64106,0.31937,0.0,,,,,-1645093.0,-1681446.0,-1675989.0,2024,,2820441.0,2951939.0,3292018.0,358951.0,105398.0,2801981.0,2024,-1602999.0,1628000.0,,-2417605.0,,2024,ok,,2026-09-02T10:17:14
INF,INF.AX,Infinity Metals Limited,ASX,EQUITY,AUD,AUD,Basic Materials,Other Precious Metals & Mining,other-precious-metals-mining,"Infinity Metals Limited engages in the exploration and evaluation of lithium properties in Australia and Spain. It also explores in gold and silver deposits. The company holds 75% interest in the San José Lithium project located in the Extremadura region of Spain; and 100% interest in the Gold-Silver Projects located in the Lachlan Fold Belt in Eastern Victoria, Australia. It produces battery grade lithium products. The company was formerly known as Infinity Lithium Corporation Limited and changed its name to Infinity Metals Limited in August 2025. Infinity Metals Limited was incorporated in 2010 and is based in Subiaco, Australia.",,https://www.infinitylithium.com,Australia,Subiaco,WA,0.007,4952247,707463960,403574404,1200495,2350122,0.356,-76289,-1311964,0.0,-21.213612,0.0,2246680,0,0.18368,0.0,,,,,-4280000.0,-4286000.0,-3675000.0,2024,,17851000.0,17865000.0,56124000.0,13118000.0,,23985000.0,2024,-2825000.0,3341000.0,,-5224000.0,,2024,ok,,2026-09-02T10:17:17
INR,INR.AX,ioneer Ltd,ASX,EQUITY,AUD,USD,Basic Materials,Other Industrial Metals & Mining,other-industrial-metals-mining,"ioneer Ltd operates as a mineral exploration and development company in North America. It engages in the development of the Rhyolite Ridge lithium-boron project located in Nevada, the United States. The company was formerly known as Global Geoscience Limited and changed its name to ioneer Ltd in November 2018. The company was incorporated in 2001 and is based in North Sydney, Australia.",,https://www.ioneer.com,Australia,North Sydney,NSW,0.11,338209728,3074633957,2464718819,6555484,2307304,0.854,656000,-7858000,1.0,-6.0841,0.0,58840000,297000,0.25147,0.111269996,3,0.0,277000.0,-277000.0,-9552000.0,-10159000.0,-9554000.0,2025,,203733000.0,204471000.0,233541000.0,25059000.0,373000.0,230298000.0,2025,-2000.0,16412000.0,,-6805000.0,,2024,ok,,2026-09-02T10:17:20
ION,ION.AX,Iondrive Limited,ASX,EQUITY,AUD,AUD,Basic Materials,Gold,gold,"Iondrive Limited engages in the development and commercialization of battery technology; and lithium exploration. It also explores for gold, silver, copper, palladium, and rare earth elements. The company was formerly known as Southern Gold Limited and changed its name to Iondrive Limited in November 2023. Iondrive Limited was incorporated in 2004 and is based in Adelaide, Australia.",,https://iondrive.com.au,Australia,Adelaide,SA,0.074,95931208,1296367634,730325999,4314361,3835916,0.975,1384852,-5832444,1.0,-1.5545,0.0,8421443,0,0.38487998,0.19038,,,,,-6050089.0,-6736280.0,-6119130.0,2024,,73988.0,399372.0,4994309.0,2759282.0,19816.0,4036080.0,2024,-201372.0,1067143.0,,-3648451.0,,2024,ok,,2026-09-02T10:17:22
IPT,IPT.AX,Impact Minerals Limited,ASX,EQUITY,AUD,AUD,Basic Materials,Other Industrial Metals & Mining,other-industrial-metals-mining,"Impact Minerals Limited operates as an exploration company in Australia. It primarily explores for nickel, gold, copper, silver, lead, zinc, and platinum group elements deposits. The company's flagship project is the Lake Hope High Purity Alumina project that covers an area of approximately 238 square kilometers located in the southern Western Australia. Impact Minerals Limited was incorporated in 2006 and is based in West Perth, Australia.",,https://www.impactminerals.com.au,Australia,West Perth,WA,0.031,16020298,516783796,334965983,506865,835910,1.647,-505037,-2968396,0.0,-55.85356,0.0,3382424,278358,0.261,0.06156,,,,,-6600042.0,-6178271.0,-6752567.0,2024,,10188831.0,10286264.0,15885764.0,3422215.0,401502.0,14984501.0,2024,-3335661.0,3724996.0,,-4738034.0,,2024,ok,,2026-09-02T10:17:25
IPX,IPX.AX,IperionX Limited,ASX,EQUITY,AUD,USD,Basic Materials,Other Industrial Metals & Mining,other-industrial-metals-mining,"IperionX Limited engages in the development of its mineral properties in the United States. It holds a 100% interest in the critical minerals Titan project, which has resources of titanium, zircon, and rare earth mineral resources in Tennessee, the United States. The company also engages in the production of angular and spherical titanium metal powders. It serves automotive and transport, consumer electronics, aerospace and defense, energy, medical, luxury goods, and industrial markets. The company was formerly known as Hyperion Metals Limited and changed its name to IperionX Limited in February 2022. IperionX Limited was incorporated in 2017 and is headquartered in Charlotte, North Carolina.",,https://iperionx.com,United States,Charlotte,NC,2.86,1035703424,362134070,273234721,1852859,2486594,1.284,,-52644744,0.0,0.0,0.0,65826832,4458746,0.20514,0.32644,2,0.0,,,-21720910.0,-22617268.0,-21843646.0,2024,,13887873.0,15105570.0,55435894.0,33157356.0,1490673.0,51339595.0,2024,-8069652.0,48331724.0,-18607063.0,-26676715.0,,2024,ok,,2026-09-02T10:17:27
IRD,IRD.AX,Iron Road Limited,ASX,EQUITY,AUD,AUD,Basic Materials,Steel,steel,"Iron Road Limited explores for and evaluates iron ore properties in Australia. Its flagship project is the 100% owned Central Eyre iron project located in the Eyre Peninsula of South Australia. The company was incorporated in 2007 and is based in Adelaide, Australia. Iron Road Limited operates as a subsidiary of Sentient Executive GP IV, Limited.",,https://www.ironroadlimited.com.au,Australia,Adelaide,SA,0.008,6721542,840192775,268340560,516498,1303756,-0.125,134242,-2033613,1.0,-17.931269,0.0,1773433,0,0.09116,0.59152,,,,,5181756.0,-2541476.0,5045807.0,2025,,133003182.0,133631786.0,138558789.0,3552822.0,,137452559.0,2025,-527674.0,924200.0,,4050797.0,,2025,ok,,2026-09-02T10:17:30
ITM,ITM.AX,iTech Minerals Ltd,ASX,EQUITY,AUD,AUD,Basic Materials,Other Industrial Metals & Mining,other-industrial-metals-mining,"iTech Minerals Ltd, together with its subsidiaries, engages in the exploration and development of mineral properties in Australia. It explores for gold, antimony, graphite, lithium, rare earth elements, copper, silver, base metals, kaolin, and halloysite deposits. The company was incorporated in 2021 and is based in Forestville, Australia.",,https://www.itechminerals.com.au,Australia,Forestville,SA,0.051,12183155,238885388,205379323,756696,568843,0.673,1901000,782784,1.0,-0.59686,-0.57403,4016194,177691,0.13808,0.0,,,,,-1207163.0,-1392668.0,-1218038.0,2025,,20534481.0,20534481.0,22650684.0,1797490.0,16493.0,22280810.0,2025,-2698306.0,3440080.0,,-3109673.0,,2025,ok,,2026-09-02T10:17:32
IVR,IVR.AX,Investigator Silver Limited,ASX,EQUITY,AUD,AUD,Basic Materials,Other Precious Metals & Mining,other-precious-metals-mining,"Investigator Silver Limited, together with its subsidiaries, engages in the exploration of mineral properties in Australia. The company explores for silver, lead, zinc, copper, and gold deposits. Its flagship is 100% owned Paris Silver project, which is located to the north of the town of Kimba in South Australia. The company was formerly known as Investigator Resources Limited and changed its name Investigator Silver Limited in November 2025. Investigator Silver Limited was incorporated in 2005 and is based in Unley, Australia.",,https://investres.com.au,Australia,Unley,SA,0.052,136388608,2622857752,1815898846,9720970,9041303,1.453,1461856,-495265,1.0,-0.19214001,-1.18039,12038316,118740,0.08239,0.10746,1,,,,-2131425.0,-2158291.0,-1982744.0,2024,,30768062.0,30768062.0,35569818.0,4529044.0,120014.0,33967095.0,2024,-4199634.0,5721667.0,,-5367829.0,,2024,ok,,2026-09-02T10:17:35
IXR,IXR.AX,Ionic Rare Earths Limited,ASX,EQUITY,AUD,AUD,Basic Materials,Other Industrial Metals & Mining,other-industrial-metals-mining,"Ionic Rare Earths Limited engages in the mining, refining, and recycling of magnet and heavy rare earth elements in Australia, Uganda, and United Kingdom. Its flagship project is the Makuutu rare earths project that comprises six licenses covering an area of approximately 300 square kilometers located in Uganda. The company refines and recycles magnet and heavy rare earth elements for energy transition, manufacturing, and defense sectors. The company was incorporated in 1998 and is based in Melbourne, Australia.",,https://ionicre.com.au,Australia,Melbourne,VIC,0.365,93461848,256059851,184198013,370877,609031,0.41,1620346,-10077816,1.0,-12.71,0.0,12412742,347848,0.14698,0.06928,1,,,,-10183835.0,-13476027.0,-11341449.0,2025,,1682465.0,4581860.0,32562342.0,595231.0,1118386.0,29592136.0,2025,-37660.0,3650191.0,,-5928712.0,,2025,ok,,2026-09-02T10:17:37
JAL,JAL.AX,Jameson Resources Limited,ASX,EQUITY,AUD,AUD,Basic Materials,Coking Coal,coking-coal,"Jameson Resources Limited engages in the exploration and evaluation of coal projects in Canada. Its flagship project is the Crown Mountain Hard Coking Coal Project located in the Elk Valley, British Columbia. Jameson Resources Limited was incorporated in 2007 and is based in Sydney, Australia.",,https://jamesonresources.com.au,Australia,Sydney,NSW,0.045,35691644,793147596,498130755,92664,109491,0.724,23035,-1191018,1.0,-37.05851,0.0,1758645,0,0.32239,0.09716,,,,,-1231015.0,-1233909.0,-1247207.0,2024,,43139333.0,43139333.0,46686476.0,1975774.0,,34388373.0,2024,-3629270.0,3589924.0,,-4730651.0,,2024,ok,,2026-09-02T10:17:39
JAV,JAV.AX,Javelin Minerals Limited,ASX,EQUITY,AUD,AUD,Basic Materials,Other Industrial Metals & Mining,other-industrial-metals-mining,"Javelin Minerals Limited operates as an exploration company in Australia. It explores for gold, nickel, and copper deposits. The company holds Coogee Gold Project that covers an area of approximately 17 square kilometers located in Kalgoorlie, Western Australia; and Eureka Gold Project located in Kalgoorlie, Western Australia. The company was formerly known as Victory Mines Limited and changed its name to Javelin Minerals Limited in December 2021. Javelin Minerals Limited is based in West Perth, Australia.",,https://www.javelinminerals.com.au,Australia,West Perth,WA,0.084,24272928,288963422,168832074,356230,499800,0.775,10000,-1699829,1.0,-38.201622,0.0,4166935,0,0.35739,0.04815,,,,,-3799143.0,-3799143.0,-3792484.0,2024,,5873559.0,5873559.0,6615081.0,663738.0,,6344672.0,2024,-1057625.0,1980316.0,,-1607328.0,,2024,ok,,2026-09-02T10:17:42
JGH,JGH.AX,Jade Gas Holdings Limited,ASX,EQUITY,AUD,AUD,Energy,Oil & Gas E&P,oil-gas-e-p,"Jade Gas Holdings Limited engages in the exploration and appraisal of coal bed methane projects in Mongolia. The company's flagship property is the Tavan Tolgoi coal bed methane project, which is located in the South Gobi region of Mongolia. Jade Gas Holdings Limited is based in Kent Town, Australia.",,https://jadegas.com.au,Australia,Kent Town,SA,0.072,159660736,2217510355,906015384,9206645,9288878,-0.282,155483,-3942706,1.0,-14.494599,0.0,1814279,11949423,0.53825,0.0,,25740.0,,25740.0,-3686998.0,-4091176.0,-4539780.0,2022,,30316333.0,31137005.0,33580381.0,1944188.0,11949423.0,21090536.0,2025,-5627536.0,5122000.0,,-7718158.0,,2025,ok,,2026-09-02T10:17:44
JHX,JHX.AX,James Hardie Industries plc,ASX,EQUITY,AUD,USD,Basic Materials,Building Materials,building-materials,"James Hardie Industries plc engages in the manufacture and sale of fiber cement, fiber gypsum, and cement bonded boards in the United States, Australia, Europe, and New Zealand. It operates through four segments: Siding & Trim, Deck, Rail & Accessories, Australia & New Zealand, and Europe. The Siding & Trim segment manufactures fiber cement and PVC siding and trim products, mouldings, interior linings, and accessories under brands such as Hardie, AZEK Exteriors, and Versatex are used in both residential new construction and repair and remodel applications. The Deck, Rail & Accessories segment produces decking, railing, cladding, pergolas, cabanas, and related accessories, including wood-alternative decking and railing solutions offered under the TimberTech, ULTRALOX, and INTEX brands, as well as functional and decorative outdoor accessories, including drink rails, structural mounting posts, lighting systems and gate kits; and adjustable louvered pergola systems through StruXure. The Australia & New Zealand segment manufactures and sells fiber cement products for residential and commercial applications, including exterior cladding, interior wall linings, flooring, eaves and soffits, and façade systems, primarily under the Hardie brand. The Europe segment produces fiber gypsum products and cement-bonded boards under the fermacell brand, and fiber cement products under the Hardie brand, serving residential and commercial repair, remodel, and new construction markets. The company offers its products through a network of specialty building products distributors, lumberyards, and home improvement retailers to builder's merchants, remodelers, DIY stores, and professional contractors. James Hardie Industries plc was founded in 1888 and is headquartered in Dublin, Ireland.",7500,https://www.jameshardie.com,Ireland,Dublin,,39.835,23125112832,580522488,548042255,1953060,1281986,1.03,5410500096,1445400064,0.36766997,0.16133,0.02693,289900000,4521999872,0.00084,0.44833001,17,4835800000.0,3106200000.0,1729600000.0,931300000.0,722500000.0,104000000.0,2026,555100000.0,3318800000.0,5109500000.0,13688600000.0,269200000.0,4785700000.0,6425500000.0,2026,-390000000.0,0.0,589800000.0,199800000.0,,2026,ok,,2026-09-02T10:17:47
JLL,JLL.AX,Jindalee Lithium Limited,ASX,EQUITY,AUD,AUD,Basic Materials,Other Industrial Metals & Mining,other-industrial-metals-mining,"Jindalee Lithium Limited explores and develops mineral properties in the United States and Australia. The company explores for lithium deposits. Its flagship property is 100% owned McDermitt lithium project located west of the town of McDermitt, straddling the Oregon and Nevada border. The company was formerly known as Jindalee Resources Limited and changed its name to Jindalee Lithium Limited in December 2023. Jindalee Lithium Limited was incorporated in 1994 and is based in West Perth, Australia.",,https://www.jindaleelithium.com,Australia,West Perth,WA,0.33,41658696,126238473,64152207,174467,82692,0.565,32084,-4663050,1.0,-5.69615,0.0,6508598,0,0.37463,0.00634,2,,,,-4622646.0,-4124545.0,-4687923.0,2024,,16872635.0,16979171.0,20421816.0,298197.0,58987.0,18762407.0,2024,-4326291.0,4055244.0,,-6616800.0,,2024,ok,,2026-09-02T10:17:50
JMS,JMS.AX,Jupiter Mines Limited,ASX,EQUITY,AUD,AUD,Basic Materials,Other Industrial Metals & Mining,other-industrial-metals-mining,"Jupiter Mines Limited operates as an independent mining company in Australia. It explores for manganese deposits. The company's flagship project is the Tshipi Manganese mine located in the Northern Cape of South Africa. Jupiter Mines Limited was incorporated in 2003 and is based in Perth, Australia.",,https://www.jupitermines.com,Australia,Perth,WA,0.257,505223584,1965850551,1261916074,1435622,1841470,,9264793,3096135,1.0,0.37432,4.05327,9274119,186138,0.35403,0.25534,1,,,,44002168.0,-9530492.0,39949703.0,2025,,295416.0,359172.0,602412291.0,13157448.0,299144.0,565248831.0,2025,-6168.0,,,752952.0,,2025,ok,,2026-09-02T10:17:52
JNO,JNO.AX,Juno Minerals Limited,ASX,EQUITY,AUD,AUD,Basic Materials,Other Industrial Metals & Mining,other-industrial-metals-mining,"Juno Minerals Limited, an independent mining company, engages in the evaluation and development of mineral properties in Australia. The company explores for iron ore and lithium deposits. It holds interests in the Central Yilgarn Iron Project comprising the Mount Mason DSO hematite and Mount Ida magnetite projects covering approximately 490 square kilometers located near the northwest of the town of Menzies, Western Australia. The company was incorporated in 2020 and is based in North Perth, Australia.",,https://www.junominerals.com.au,Australia,North Perth,WA,0.026,5440163,209237049,59929676,56798,78075,0.978,205509,-1250004,1.0,-2.8329,0.0,5578182,0,0.71668,0.0,,,,,-642464.0,-1184500.0,-654588.0,2024,,23473919.0,23473919.0,25736455.0,2138176.0,,25524639.0,2024,-2564304.0,3638981.0,,-3005501.0,,2024,ok,,2026-09-02T10:17:55
KAL,KAL.AX,Kalgoorlie Gold Mining Limited,ASX,EQUITY,AUD,AUD,Basic Materials,Gold,gold,"Kalgoorlie Gold Mining Limited, a mineral exploration company, engages in the exploration of gold tenements in the Kalgoorlie region of Western Australia. The company explores for gold and nickel deposits. Its flagship project, the Pinjin gold project, focuses on gold discovery in the southern part of the Laverton Tectonic Zone. The company was incorporated in 2020 and is based in West Perth, Australia.",,https://www.kalgoldmining.com.au,Australia,West Perth,WA,0.024,10940884,455870177,279054862,612349,680682,0.2,76097,-850095,1.0,-16.84213,0.0,3982072,164465,0.22513,0.18541999,,,,,-7441785.0,-7516502.0,-7507026.0,2024,,10100549.0,10198962.0,10726314.0,603182.0,134181.0,10352575.0,2024,-1424559.0,1450000.0,,-2212988.0,,2024,ok,,2026-09-02T10:17:57
KAO,KAO.AX,Kaoko Metals Limited,ASX,EQUITY,AUD,,Basic Materials,Copper,copper,"Kaoko Metals Limited engages in the exploration and evaluation of mineral resources in Namibia. It primarily explores copper, gold, tungsten, and silver deposits. The company holds interest in the Chalkos copper-silver project and Karibib coppergoldtungsten project located in Namibia. The company was incorporated in 2025 and is based in West Perth, Australia.",,https://www.kaokometals.com.au,Australia,West Perth,WA,1.695,102742432,60615000,12236862,111543,99518,,,,0.0,0.0,0.0,,,0.41693002,0.01402,,,,,,,,,,,,,,,,,,,,,,,ok,,2026-09-02T10:18:00
KAU,KAU.AX,Kaiser Reef Limited,ASX,EQUITY,AUD,AUD,Basic Materials,Gold,gold,"Kaiser Reef Limited engages in the exploration, development, mining, production, and sale of gold in Australia. The company was incorporated in 2019 and is based in Subiaco, Australia.",,https://www.kaiserreef.com.au,Australia,Subiaco,WA,0.23,139224144,605322399,352400983,1292605,1585564,1.207,120939488,33058692,0.26099002,0.19593,-0.04281,43109912,14280730,0.41384998,0.050359998,1,23736414.0,,23736414.0,-1740403.0,-5594799.0,-5534228.0,2024,297781.0,24255013.0,24255013.0,30236182.0,1112332.0,599816.0,24095966.0,2024,-5331413.0,3475000.0,,-4863656.0,,2024,ok,,2026-09-02T10:18:02
KCC,KCC.AX,Kincora Copper Limited,ASX,EQUITY,AUD,CAD,Basic Materials,Copper,copper,"Kincora Copper Limited, an exploration stage company, engages in acquisition, exploration, and evaluation of mineral properties in Mongolia and Australia. The company primarily explores for copper, gold, lead, zinc, silver deposits, and base metals. The company's Flagship The Fairholme project comprising an area of 169 square kilometers located in the southern sector of the Junee-Narromine volcanic belt of the Macquarie Arc, Australia; The Trundle project covering an area of 167 square kilometers located in the Junee-Narromine volcanic belt of the Macquarie Arc, Australia; and The Bronze Fox project covering an area of 175 square kilometers located approximately 450km south of the capital Ulaanbataar. The company was formerly known as Brazilian Diamonds Limited and changed its name to Kincora Copper Limited in January 2011. Kincora Copper Limited was incorporated in 1983 and is headquartered in Vancouver, Canada.",,https://kincoracopper.com,Canada,Vancouver,BC,0.855,41054864,48017386,34386691,21421,14025,3.113,,,0.0,0.0,0.0,7690000,0,0.5822,0.24234,,0.0,,,-3317000.0,-3317000.0,-3444000.0,2025,,16407000.0,17839000.0,20365000.0,3215000.0,,20013000.0,2025,-115000.0,3893000.0,-1628000.0,-1743000.0,,2025,ok,,2026-09-02T10:18:05
KCN,KCN.AX,Kingsgate Consolidated Limited,ASX,EQUITY,AUD,AUD,Basic Materials,Gold,gold,"Kingsgate Consolidated Limited engages in the exploration, development, and mining of mineral properties. It primarily explores for gold and silver deposits. The company's flagship asset is the Chatree Gold Mine located in central Thailand. Kingsgate Consolidated Limited was incorporated in 1970 and is based in Sydney, Australia.",,https://www.kingsgate.com.au,Australia,Sydney,NSW,5.17,1375469056,266048161,258306188,1597439,1181544,1.317,483928992,177668992,0.34748,0.33245,0.23782,84700000,103808000,0.09568,0.36435002,3,133091000.0,122648000.0,10443000.0,217790000.0,119652000.0,199761000.0,2024,,305589000.0,348519000.0,391475000.0,3890000.0,59405000.0,247686000.0,2024,-19331000.0,67305000.0,,-7653000.0,,2024,ok,,2026-09-02T10:18:07
KFM,KFM.AX,Kingfisher Mining Limited,ASX,EQUITY,AUD,AUD,Basic Materials,Other Precious Metals & Mining,other-precious-metals-mining,"Kingfisher Mining Limited engages in the exploration and development of natural resources in Australia. It primarily explores for copper, gold, and lithium deposits, as well as base metals and rare earth elements. The company was incorporated in 2018 and is based in Perth, Australia.",,https://www.kingfishermining.com.au,Australia,Perth,WA,0.09,9366526,104072502,52514985,93666,63259,0.541,,-648331,0.0,0.0,0.0,2411712,19199,0.42301,0.0,,67099.0,,67099.0,-2034937.0,-2721220.0,-2012906.0,2023,,2361245.0,2361245.0,4037167.0,1472384.0,30049.0,3949512.0,2025,-809347.0,4738518.0,,-1363395.0,,2025,ok,,2026-09-02T10:18:10
KGL,KGL.AX,KGL Resources Limited,ASX,EQUITY,AUD,AUD,Basic Materials,Other Industrial Metals & Mining,other-industrial-metals-mining,"KGL Resources Limited develops, explores, and evaluates mineral properties in Australia. The company explores for copper, silver, gold, lead, and zinc deposits. It's flagship project owned 100% interests in the Jervois project covering an area of approximately 252 square kilometers for exploration leases and 37.9 square kilometers for exploration licenses located in the Northern Territory, Australia. The company was formerly known as Kentor Gold Limited and changed its name to KGL Resources Limited in August 2013. KGL Resources Limited was incorporated in 1998 and is based in Brisbane, Australia.",16,https://www.kglresources.com.au,Australia,Brisbane,QLD,0.17,386136416,2271390766,511092016,1292785,1561129,1.467,,-3732626,0.0,0.0,0.0,10666643,7554,0.33645,0.08883,2,,,,-3194352.0,-3295159.0,-2671410.0,2024,,116411984.0,117015377.0,124211521.0,6329796.0,159608.0,121212266.0,2024,-13748969.0,13524346.0,,-15950326.0,,2024,ok,,2026-09-02T10:18:13
KLI,KLI.AX,Killi Resources Limited,ASX,EQUITY,AUD,AUD,Basic Materials,Other Industrial Metals & Mining,other-industrial-metals-mining,"Killi Resources Limited, together with its subsidiaries, engages in the identification, assessment, exploration, and development of mineral properties in Australia. It explores for gold, copper, silver, molybdenum, zinc, lead, malachite, azurite, bornite, chalcocite, base metal, and rare earth elements deposits. The company holds 100% interests in the Ravenswood North project, which consists of six granted EPMs covering an area of 660 square kilometers located in Queensland; and the Mt Rawdon West project, which consists of one granted tenement covering an area of 305 square kilometers located inland from Bundaberg in Queensland. It also holds copper rights to the Balfour project. Killi Resources Limited was incorporated in 2021 and is headquartered in Perth, Australia.",,https://killi.com.au,Australia,Perth,WA,0.275,99195168,360709700,84280078,673265,829786,-1.793,-6170,-1178567,0.0,-331.71066,0.0,1788526,0,0.40715,0.05041,,141843.0,,141843.0,-1445303.0,-1457220.0,-1361693.0,2023,,1401507.0,1404891.0,2930239.0,1262167.0,,2753587.0,2024,-15254.0,740000.0,,-1270230.0,,2023,ok,,2026-09-02T10:18:15
KM1,KM1.AX,Kali Metals Limited,ASX,EQUITY,AUD,AUD,Basic Materials,Other Industrial Metals & Mining,other-industrial-metals-mining,"Kali Metals Limited explores mineral properties in Australia. The company explores for gold, lithium, cesium, and tantalum pegmatite deposits, as well as other critical minerals. Kali Metals Limited was incorporated in 2021 and is based in West Perth, Australia.",,https://kalimetals.com.au,Australia,West Perth,WA,0.105,20944026,199466909,74001881,275921,613522,0.799,116727,-2285640,1.0,-35.03181,0.0,2958091,133135,0.37162998,0.18002,,,,,-1013741.0,-2868316.0,-1042908.0,2024,,13590070.0,13614467.0,23598728.0,9511924.0,263125.0,21896690.0,2024,-269465.0,13652072.0,,-2326205.0,,2024,ok,,2026-09-02T10:18:18
KNB,KNB.AX,Koonenberry Gold Limited,ASX,EQUITY,AUD,AUD,Basic Materials,Gold,gold,"Koonenberry Gold Limited, together with its subsidiaries, engages in the exploration of gold and mineral properties primarily in Australia. The company was formerly known as Koonenberry Gold Pty Ltd. Koonenberry Gold Limited was incorporated in 2017 and is based in Adelaide, Australia.",,https://koonenberrygold.com.au,Australia,Adelaide,SA,0.026,32067424,1233362466,637960197,1542718,1630398,0.632,121009,-2021805,1.0,-7.21981,0.0,6237338,86193,0.22129999,0.1476,,,,,-2060207.0,-2330822.0,-2138061.0,2025,,13132019.0,13456234.0,22067328.0,8675686.0,111503.0,21412137.0,2025,-2476646.0,11500000.0,,-3944907.0,,2025,ok,,2026-09-02T10:18:21
KNG,KNG.AX,Kingsland Minerals Ltd,ASX,EQUITY,AUD,AUD,Basic Materials,Other Industrial Metals & Mining,other-industrial-metals-mining,"Kingsland Minerals Ltd engages in the exploration and development of mineral properties in Australia. It explores for graphite, gold, uranium, copper, nickel, lithium, gallium, rutile, and base metal deposits. Kingsland Minerals Ltd was incorporated in 2021 and is based in West Perth, Australia.",,https://www.kingslandminerals.com.au,Australia,West Perth,WA,0.05,4530992,90619846,56223271,56163,23377,-0.31,26211,-2204104,1.0,-54.37247,0.0,1667557,35850,0.37765,0.19222,,,,,-3471048.0,-3523720.0,-3401291.0,2024,,6408487.0,6504050.0,7927677.0,1346536.0,102725.0,7421495.0,2024,-2707383.0,6250.0,,-3851801.0,,2024,ok,,2026-09-02T10:18:23
KNI,KNI.AX,Kuniko Limited,ASX,EQUITY,AUD,AUD,Basic Materials,Other Industrial Metals & Mining,other-industrial-metals-mining,"Kuniko Limited engages in mineral exploration activities in Australia and Norway. The company explores for nickel, copper, zinc, and cobalt deposits. Its flagship asset is the Ertelien Project located in southern Norway in Ringerike Municipality. The company was formerly known as Koppar Resources Europe Pty Ltd. Kuniko Limited was incorporated in 2017 and is headquartered in Perth, Australia.",,https://kuniko.eu,Australia,Perth,WA,0.031,7928785,255767278,115352203,815000,913586,1.112,46435,-2327991,1.0,-21.22272,0.0,1437025,1150000,0.27179,0.00789,,,,,-2945388.0,-2757386.0,-3220267.0,2025,,12360252.0,12360252.0,13966634.0,1437025.0,1150000.0,12015815.0,2025,-516090.0,2195241.0,,-2508828.0,,2025,ok,,2026-09-02T10:18:26
KOB,KOB.AX,Koba Resources Limited,ASX,EQUITY,AUD,,Basic Materials,Other Precious Metals & Mining,other-precious-metals-mining,"Koba Resources Limited operates as a mineral exploration company in Australia and Canada. The company explores for cobalt, copper, gold, and uranium deposits. The company's flagship project is the Yarramba uranium project, which covers approximately 4,900 square kilometres located in south Australia. The company was incorporated in 2021 and is based in Subiaco, Australia.",,https://kobaresources.com,Australia,Subiaco,WA,0.041,11712535,285671584,,363233,380741,,,,0.0,0.0,0.0,,,0.3836,0.0,,,,,-6969379.0,-6975531.0,-6875548.0,2024,,9808668.0,9808668.0,14702238.0,4572075.0,,17933184.0,2024,-2304021.0,2112000.0,,-3293793.0,,2024,ok,,2026-09-02T10:18:28
KP2,KP2.AX,Kore Potash plc,ASX,EQUITY,AUD,USD,Basic Materials,Other Industrial Metals & Mining,other-industrial-metals-mining,"Kore Potash plc, together with its subsidiaries, engages in the exploration and development of potash minerals in the Republic of Congo. It holds interest in the Sintoukola Potash project that includes the Kola sylvinite and carnallite deposits, as well as DX sylvinite and Dougou carnallite deposits located in Pointe Noire. Kore Potash plc was incorporated in 2017 and is headquartered in London, the United Kingdom.",22,https://korepotash.com,United Kingdom,London,,0.06,319403072,5175938315,2047445919,82553,35247,1.299,,-1388493,0.0,0.0,0.0,10555176,0,0.0,0.00753,,0.0,,,-980814.0,-1388966.0,-984554.0,2025,,199193350.0,838914.0,209966765.0,10555176.0,,210078200.0,2025,-11523403.0,22650721.0,-1838111.0,-13361514.0,,2025,ok,,2026-09-02T10:18:30
KRM,KRM.AX,Kingsrose Mining Limited,ASX,EQUITY,AUD,AUD,Basic Materials,Other Industrial Metals & Mining,other-industrial-metals-mining,"Kingsrose Mining Limited, together with its subsidiaries, operates as a mineral exploration company in Norway and Finland. It explores for platinum group elements, nickel, copper, gold, cobalt, and palladium deposits. Kingsrose Mining Limited was incorporated in 2005 and is based in Nedlands, Australia.",13,https://www.kingsrose.com,Australia,Nedlands,WA,0.026,19591690,753526519,488634194,435426,310105,0.54,,-5352378,0.0,0.0,0.0,22475002,1390667,0.36301,0.0,,,,,-3496356.0,-5401668.0,-2945689.0,2024,,11520106.0,11772883.0,40507711.0,28866934.0,64750.0,36985815.0,2024,-4047908.0,207000.0,,-4809486.0,,2024,ok,,2026-09-02T10:18:33
KRR,KRR.AX,King River Resources Limited,ASX,EQUITY,AUD,AUD,Basic Materials,Other Industrial Metals & Mining,other-industrial-metals-mining,"King River Resources Limited, together with its subsidiaries, engages in the exploration and development of mineral resources in Australia. It primarily explores for gold and copper deposits. The company owns 100% interest in tenements covering approximately 200 square kilometers in the East Kimberley region in Western Australia; and 100% interest in tenements covering approximately 7,437 square kilometers in the Tennant Creek region of the Northern Territory. The company was formerly known as King River Copper Limited. King River Resources Limited was incorporated in 2002 and is based in Perth, Australia.",,https://kingriverresources.com.au,Australia,Perth,WA,0.087,135597072,1558587035,1107174320,2975815,2269450,0.204,18626632,17552164,1.0,0.96088,0.57368,2562113,33571,0.25651,0.00879,,,,,-6094380.0,-5454421.0,-6142989.0,2025,,7838336.0,7925142.0,21372694.0,4216029.0,45053.0,21228735.0,2025,-2722629.0,-408896.0,,-3250635.0,,2025,ok,,2026-09-02T10:18:36
KSN,KSN.AX,Kingston Resources Limited,ASX,EQUITY,AUD,AUD,Basic Materials,Gold,gold,"Kingston Resources Limited engages in the productions, mining, and exploration of mineral properties in Australia and Papua New Guinea. It explores for gold, copper, zinc, lead, and silver deposits. The company's property is the Mineral Hill Mine project located in the Cobar Basin of New South Wales. Kingston Resources Limited was incorporated in 1985 and is based in North Sydney, Australia.",,https://kingstonresources.com.au,Australia,North Sydney,NSW,0.035,42481900,1213768631,673769327,2891628,1837007,1.445,68915112,14793644,0.49503,-0.015800001,0.50138,25207188,4489305,0.48296002,0.0789,,39277245.0,21696786.0,17580459.0,7335338.0,1565714.0,-720353.0,2024,,102449820.0,117881270.0,121617399.0,8357776.0,9722775.0,90781524.0,2024,-23413923.0,14532104.0,,-17534818.0,,2024,ok,,2026-09-02T10:18:39
KTA,KTA.AX,Krakatoa Resources Limited,ASX,EQUITY,AUD,AUD,Basic Materials,Gold,gold,"Krakatoa Resources Limited, together with its subsidiaries, acquires, explores, and develops resource-based projects in Australia. It explores for gold, copper, lithium, rare earth, critical element, base metal, platinum group element, tantalum, rubidium, niobium, tin, tungsten, and specialty metal deposits. The company was incorporated in 2012 and is headquartered in Perth, Australia.",,https://www.ktaresources.com,Australia,Perth,WA,0.007,14085827,2012261009,937751553,3041545,280314,0.666,277313,-5256902,1.0,-16.19924,0.0,338192,42341,0.28375998,0.01039,,,,,-3139251.0,-3240832.0,-3206442.0,2024,,230576.0,380470.0,1793065.0,1314206.0,67966.0,1615410.0,2024,-78351.0,3574768.0,,-2906794.0,,2023,ok,,2026-09-02T10:18:42
KZR,KZR.AX,Kalamazoo Resources Limited,ASX,EQUITY,AUD,AUD,Basic Materials,Gold,gold,"Kalamazoo Resources Limited explores for and develops mineral projects in Australia. The company primarily explores for gold, lithium, and base metal deposits. It holds interest in the Ashburton project covering an area of 222 square kilometers located in Paraburdoo, Western Australia; the Mallina West Gold project covering an area of 118 square kilometers located in Pilbara, Western Australia; the Snake Well North project covers an area of 112 square kilometers located in Murchison, Western Australia; and the Pear Creek project located in Pilbara, Western Australia. Kalamazoo Resources Limited was incorporated in 2011 and is based in West Perth, Australia.",,https://www.kzr.com.au,Australia,West Perth,WA,0.16,60763080,379769242,131885628,608499,880457,1.977,38772,-1472490,1.0,-0.36134,47.16499,223581,189926,0.18981001,0.17537001,,,,,-2740779.0,-2459973.0,4613969.0,2024,,19790075.0,20536952.0,27069555.0,1384357.0,1290362.0,22114946.0,2024,-1940783.0,1401000.0,,-3440845.0,,2024,ok,,2026-09-02T10:18:44
L1M,L1M.AX,Lightning Minerals Ltd,ASX,EQUITY,AUD,AUD,Basic Materials,Other Industrial Metals & Mining,other-industrial-metals-mining,"Lightning Minerals Ltd engages in the exploration of minerals that include lithium, gold, base metals, nickel, copper, and PGEs. The company holds 100% interests in the Dundas, Mt Jewell, Mailman Hill, and Mt Bartle projects. Lightning Minerals Ltd was incorporated in 2021 and is based in Perth, Australia.",,https://lightningminerals.com.au,Australia,Perth,WA,0.012,4561273,380106097,130782651,1017039,636262,2.011,,-3216955,0.0,0.0,0.0,1081417,55887,0.43715,0.0,,,,,-3244171.0,-1766836.0,-3316853.0,2024,,4048345.0,4150888.0,7599018.0,3123338.0,23466.0,7376866.0,2024,-1924847.0,1494750.0,,-3043161.0,,2024,ok,,2026-09-02T10:18:47
LAC,LAC.AX,Lac Gold Limited,ASX,EQUITY,AUD,,Basic Materials,Gold,gold,"Lac Gold Limited, together with its subsidiary, operates as a gold exploration company in Australia and Canada. It holds 100% interest in the Pickle Lake Gold project, which primarily consists of the Kasagiminnis, Dorothy, and Dobie gold deposits located in the Uchi Geological sub-province of north-western Ontario, Canada. The company was formerly known as Ardiden Limited and changed its name to Lac Gold Limited in May 2026. Lac Gold Limited and is based in West Perth, Australia.",,https://lacgold.com,Australia,West Perth,WA,0.355,76291768,214906395,,213599,330111,,,,0.0,0.0,0.0,,,0.61692,0.04958,,1250.0,,1250.0,-2001948.0,-2074415.0,-10194062.0,2022,,18641575.0,18743977.0,31804250.0,10834903.0,58198.0,31687974.0,2024,-851012.0,6500000.0,,1352321.0,,2024,ok,,2026-09-02T10:18:49
LAT,LAT.AX,Latitude 66 Limited,ASX,EQUITY,AUD,AUD,Basic Materials,Gold,gold,"Latitude 66 Limited engages in exploration, development, and evaluation of gold and critical mineral projects in Finland and Australia. The company also explores cobalt deposits. Its flagship project is the Kuusamo Schist Belt Project covering an area of 1,000 square kilo meters located in Finland. The company is also advancing a portfolio of assets with primary focus on the Laverton Gold Project in Western Australia. Latitude 66 Limited is based in West Perth, Australia.",,https://lat66.com,Australia,West Perth,WA,0.135,24576206,182045972,99491966,136189,399374,3.473,85679,-11699059,1.0,-106.90502,0.0,4547654,46281,0.44179,0.08801,,,,,-2220474.0,-2212881.0,-2316784.0,2024,,23725150.0,24571774.0,30004956.0,5608815.0,46478.0,28067165.0,2024,-3701268.0,9000000.0,,-6018261.0,,2024,ok,,2026-09-02T10:18:51
LCL,LCL.AX,LCL Resources Limited,ASX,EQUITY,AUD,AUD,Basic Materials,Other Precious Metals & Mining,other-precious-metals-mining,"LCL Resources Limited operates as a mineral exploration and mining company in Papua New Guinea and Colombia. It primarily explores for gold, copper, and nickel. The company was formerly known as Los Cerros Limited and changed its name to LCL Resources Limited in June 2023. LCL Resources Limited was incorporated in 2006 and is based in Mount Hawthorn, Australia.",,https://www.lclresources.au,Australia,Mount Hawthorn,WA,0.007,8438551,1205507151,840151590,622555,302360,1.415,84,-1046411,1.0,-12707.214,0.0,1441011,0,0.36332,0.03808,,84.0,,84.0,-1112284.0,-1090265.0,-1571226.0,2025,,4297685.0,4297685.0,16295812.0,1441011.0,,15756483.0,2025,-2835306.0,40000.0,,-3942498.0,,2025,ok,,2026-09-02T10:18:54
LCY,LCY.AX,Legacy Iron Ore Limited,ASX,EQUITY,AUD,AUD,Basic Materials,Gold,gold,"Legacy Iron Ore Limited engages in the exploration, evaluation, and development of mineral properties in Australia. The company operates through Iron ore exploration and development in Australia; Gold exploration and development in Australia; and Base metals and other critical minerals (OCM) exploration and development in Australia segments. It primarily explores for tungsten, nickel, copper, lithium, magnetite, and rare earth metals. The company's flagship property is the Mount Bevan project located in Yilgarn region of Western Australia. Legacy Iron Ore Limited was incorporated in 2007 and is based in Perth, Australia. Legacy Iron Ore Limited operates as a subsidiary of NMDC Limited.",,https://www.legacyiron.com.au,Australia,Perth,WA,0.005,48810212,9762042584,462232716,451667,504903,0.007,88605680,-2592824,1.0,-0.03794,-0.0062800003,9670841,88157,0.95224,0.0,,88605680.0,1967008.0,86638672.0,1668333.0,-4857231.0,-556379.0,2026,,24806649.0,24854569.0,37893670.0,3539091.0,88157.0,28865069.0,2026,-2725017.0,22533438.0,,1166933.0,,2026,ok,,2026-09-02T10:18:57
LDR,LDR.AX,Lode Resources Ltd,ASX,EQUITY,AUD,AUD,Basic Materials,Other Precious Metals & Mining,other-precious-metals-mining,"Lode Resources Ltd engages in identifying and evaluating mineral resource deposits in Australia. It explores for gold, silver, copper, precious and base metals, antimony, lead, and zinc. The company's flagship project owned 100% interests in the Montezuma Antimony project located in Tasmania's West Coast mining province. The company was incorporated in 2019 and is based in Sydney, Australia.",,https://www.loderesources.com,Australia,Sydney,NSW,0.12,24355312,202960949,113969058,301729,626889,1.151,6777509,5115088,1.0,0.87246,0.76043,3423467,55433,0.37717,0.07757,,,,,-1129274.0,-1307626.0,-1167379.0,2024,150035.0,5202393.0,5232320.0,7964423.0,2277317.0,37584.0,7784423.0,2023,-1404212.0,6122541.0,,-2462683.0,,2024,ok,,2026-09-02T10:18:59
LEG,LEG.AX,Legend Mining Limited,ASX,EQUITY,AUD,AUD,Basic Materials,Other Industrial Metals & Mining,other-industrial-metals-mining,"Legend Mining Limited engages in the exploration of nickel and copper deposits in Australia. It also explores for cobalt, zinc, silver, and gold deposits. The company holds interests in the Rockford project consisting of two granted exploration licenses that cover a total area of 378 square kilometers located in the Fraser Range district of Western Australia and Pinnacle Well project consisting of four granted exploration licenses that cover a total area of 128 square kilometers located in the northern goldfields of Western Australia. Legend Mining Limited was formerly known as Legend Mining NL and changed its name to Legend Mining Limited in March 2000. Legend Mining Limited was incorporated in 1993 and is headquartered in West Perth, Australia.",5,https://legendmining.com.au,Australia,West Perth,WA,0.009,26230294,2914477185,1078245130,723846,457511,,-49917,1638689,0.0,-1.15926,0.0,9739602,61785,0.61355,0.0,,,,,-14826184.0,-15746683.0,-14942264.0,2025,,36476566.0,37324840.0,49552614.0,11100653.0,73884.0,48804127.0,2024,-6102727.0,6000000.0,,-1959877.0,,2023,ok,,2026-09-02T10:19:02
LEL,LEL.AX,LE Minerals Limited,ASX,EQUITY,AUD,AUD,Basic Materials,Other Industrial Metals & Mining,other-industrial-metals-mining,"LE Minerals Limited, a battery minerals company, engages in the exploration, evaluation, and development of lithium and graphite mineral properties in Australia and Argentina. Its flagship projects are the Solaroz Lithium Brine project that consists of 8 mineral concessions covering an area of approximately 12,000 hectares located in Argentina; and the Burke Graphite project located in the Cloncurry region in North Central Queensland, Australia. The company was formerly known as Lithium Energy Limited and changed its name to LE Minerals Limited in May 2026. LE Minerals Limited was incorporated in 2021 and is headquartered in West Perth, Australia.",,https://lithiumenergy.com.au,Australia,Perth,WA,0.325,36400508,112001569,63409688,134568,85008,0.126,,-4331604,0.0,0.0,0.0,68416864,0,0.44813,0.00086000003,,,,,-4728909.0,-4116178.0,-5030718.0,2024,,3821773.0,3821773.0,32547770.0,3515174.0,,29181087.0,2024,-5313046.0,1200000.0,,-9926576.0,,2024,ok,,2026-09-02T10:19:04
LEX,LEX.AX,Lefroy Exploration Limited,ASX,EQUITY,AUD,AUD,Basic Materials,Other Industrial Metals & Mining,other-industrial-metals-mining,"Lefroy Exploration Limited engages in the exploration and evaluation of mineral properties in Western Australia. The company explores for gold, copper, and nickel deposits. Its flagship project is the 100% owned Lefroy Gold project, which covers an area of approximately 635 square kilometers located to the southeast of Kalgoorlie. The company was formerly known as U.S. Masters Holdings Limited and changed its name to Lefroy Exploration Limited in September 2016. Lefroy Exploration Limited was incorporated in 1990 and is headquartered in Road Town, British Virgin Islands.",,https://www.lefroyex.com,British Virgin Islands,Road Town,,0.17,47127424,277220138,155925107,229540,272384,0.407,0,-1080000,0.0,-38.5,0.0,1847000,2075000,0.37874,0.20882,,,,,-3083000.0,-3292000.0,-3187000.0,2024,,22730000.0,22795000.0,24992000.0,1348000.0,175000.0,24019000.0,2024,-3045000.0,6285000.0,,-5878000.0,,2024,ok,,2026-09-02T10:19:07
LFT,LFT.AX,Li-FT Power Ltd.,ASX,EQUITY,AUD,CAD,Basic Materials,Other Industrial Metals & Mining,other-industrial-metals-mining,"Li-FT Power Ltd., a mineral exploration company, engages in the acquisition, exploration, and development of lithium pegmatite projects in Canada. Its flagship project is the 100% owned Yellowknife Lithium project that consists of 14 mineral leases covering an area of 8,150 hectares located in Northwest Territories, Canada. The company was incorporated in 2021 and is headquartered in Vancouver, Canada.",,https://www.li-ft.com,Canada,Vancouver,BC,2.65,250835808,94655017,81813171,53159,84371,0.765,,-3546461,0.0,0.0,0.0,22204000,213000,0.19283001,0.06301,,0.0,174000.0,-174000.0,-9799000.0,-8959000.0,-9056000.0,2024,,262135000.0,262135000.0,284025000.0,21011000.0,131000.0,259608000.0,2024,-440000.0,31387000.0,-3903000.0,-4343000.0,,2024,ok,,2026-09-02T10:19:10
LGM,LGM.AX,Legacy Minerals Holdings Limited,ASX,EQUITY,AUD,AUD,Basic Materials,Other Industrial Metals & Mining,other-industrial-metals-mining,"Legacy Minerals Holdings Limited engages in the acquisition and exploration of gold and copper projects in Australia. The company also explores for silver, zinc, lead, nickel, cobalt, platinum group elements, and base metal deposits. The company was founded in 2017 and is based in Bathurst, Australia.",,https://legacyminerals.com.au,Australia,Bathurst,NSW,0.12,24013828,200115229,120642150,309681,189176,0.371,71651,-2103060,1.0,-11.63334,0.0,5315005,27059,0.34187,0.0126,,,,,-1020615.0,-1087155.0,-479246.0,2024,,5328216.0,5471335.0,9121351.0,3011349.0,,7332821.0,2024,-3548271.0,3002782.0,,-4279879.0,,2024,ok,,2026-09-02T10:19:12
LIB,LIB.AX,Liberty Metals Ltd,ASX,EQUITY,AUD,AUD,Basic Materials,Other Industrial Metals & Mining,other-industrial-metals-mining,"Liberty Metals Ltd engages in the exploration of mineral properties in Australia. It explores for uranium, zinc, lead, cobalt, and copper deposits, as well as rare earth elements. The company's flagship project is the Gorge Creek Project located in Northwest Queensland. The company was formerly known as Traka Resources Limited and changed its name to Liberty Metals Ltd in October 2025. Liberty Metals Ltd was incorporated in 2003 and is based in Subiaco, Australia.",,https://www.libertymetals.com.au,Australia,Subiaco,WA,0.004,40564876,10141218833,7066006122,18700689,54154465,1.055,,-2328490,0.0,0.0,0.0,2244722,0,0.0077100005,0.0,,,,,-1309843.0,-1313536.0,-1286820.0,2025,,1562.0,232224.0,90127.0,83454.0,,-94016.0,2025,-13037.0,645263.0,,-1174037.0,,2023,ok,,2026-09-02T10:19:15
LIN,LIN.AX,Lindian Resources Limited,ASX,EQUITY,AUD,AUD,Basic Materials,Other Industrial Metals & Mining,other-industrial-metals-mining,"Lindian Resources Limited, together with its subsidiaries, engages in the exploration of mineral properties in Tanzania, Guinea, Malawi, Australia, and Singapore. The company explores for gold, bauxite, and rare earth element deposits. Its flagship property is the Kangankunde Rare Earths project located in Malawi. The company is based in Perth, Australia.",,https://www.lindianresources.com.au,Australia,Perth,WA,0.765,1414788224,1849396405,954187524,9095143,8157074,-0.334,,-13167986,0.0,0.0,0.0,56968112,452322,0.28506002,0.25661,1,8980.0,,8980.0,-9690582.0,-9947801.0,-9223468.0,2023,,72636751.0,72793559.0,76551078.0,3490719.0,198147.0,58165859.0,2025,-4895701.0,1200000.0,,-10962271.0,,2025,ok,,2026-09-02T10:19:17
LIT,LIT.AX,Livium Ltd,ASX,EQUITY,AUD,AUD,Industrials,Waste Management,waste-management,"Livium Ltd, together with its subsidiaries, engages in mineral exploration and technology development activities. The company operates through Battery Recycling, Lithium Chemicals, and Battery Materials segments. The company researches and develops processing technologies for mixed-battery recycling, as well as sells recovered energy metals; and researches, develops, and produces battery materials, including lithium ferro phosphate and lithium manganese ferro phosphate. The company also researches and develops a suite of extraction and refining technologies for the recovery of lithium chemicals from various materials, including lithium micas and spodumene; and offers end-of-life solutions for batteries. The company was formerly known as Lithium Australia Limited and changed its name to Livium Ltd in October 2024. The company was incorporated in 2007 and is based in Kew, Australia.",,https://liviumcorp.com,Australia,Kew,VIC,0.007,15150570,2164367119,1522595261,2284170,1634962,,6129366,-7222808,0.45571998,-1.2206501,-0.64312,3229458,4043233,0.15384,0.005,,6908312.0,2678049.0,4230263.0,-4546591.0,-7878749.0,-4567505.0,2025,,2776978.0,8246421.0,19841934.0,3757848.0,5816641.0,6658879.0,2025,-3264389.0,6261993.0,,-8614993.0,,2025,ok,,2026-09-02T10:19:20
LKE,LKE.AX,Lake Resources NL,ASX,EQUITY,AUD,AUD,Basic Materials,Other Industrial Metals & Mining,other-industrial-metals-mining,"Lake Resources NL engages in the exploration and development of lithium brine and mineral properties primarily in Argentina, Australia, and the United States. Its flagship project is the Kachi lithium brine project located in the Catamarca province of Argentina. Lake Resources NL was incorporated in 1997 and is based in Sydney, Australia.",,https://lakeresources.com.au,Australia,Sydney,NSW,0.047,117431736,2498547689,2126045195,10732266,12299468,0.369,1804793,-23531460,1.0,-18.13474,0.0,15325898,927635,0.15147,0.0083,,,,,-19837373.0,-28033346.0,-19545920.0,2025,,145040845.0,146468255.0,162984909.0,12370731.0,1520339.0,144028413.0,2025,-5122019.0,4750000.0,,-30889268.0,,2025,ok,,2026-09-02T10:19:22
LKY,LKY.AX,Locksley Resources Limited,ASX,EQUITY,AUD,AUD,Basic Materials,Other Precious Metals & Mining,other-precious-metals-mining,"Locksley Resources Limited engages in the acquisition, exploration, and development of mineral resources projects in Australia and the United States. The company primarily explores for copper, antimony, and gold deposits, as well as rare earth elements. It holds interests in the Tottenham project, which comprises four granted exploration licenses covering an area of approximately 470 square kilometers located in the Cobar-Girilambone District in Central New South Wales; and the Mojave project that includes 297 claims covering an area of approximately 20 square kilometers located in California. It also holds 100% interest in the Iron Duke Copper Gold Project located in New South Wales, Australia. The company has a strategic collaboration with Columbia University to develop methods for recovering and processing rare earth elements and critical metals for its Mojave Project. The company was incorporated in 2018 and is based in Northbridge, Australia.",,https://locksleyresources.com.au,Australia,Northbridge,WA,0.052,19537742,375725799,327367044,4651221,2314109,1.673,57369,-9231340,1.0,-121.78218,0.0,19470404,127273,0.12153,0.067490004,,32986.0,,32986.0,-2073902.0,-2133496.0,-2133853.0,2024,,6144392.0,6213291.0,8630247.0,2302591.0,1805.0,8456020.0,2024,-77609.0,2950057.0,,-2108609.0,,2024,ok,,2026-09-02T10:19:25
LLM,LLM.AX,Loyal Metals Limited,ASX,EQUITY,AUD,AUD,Basic Materials,Other Industrial Metals & Mining,other-industrial-metals-mining,"Loyal Metals Limited engages in the exploration and evaluation of mineral properties. The company holds interests in the Trieste lithium project covering an area of approximately 250 km2 located in James Bay Lithium District, Canada; the Hidden Lake lithium project situated on the east of Yellowknife, the capital of the Northwest Territories, Canada; and the Highway Reward Copper Gold Mine located in Queensland, Australia. The company was formerly known as Loyal Lithium Limited and changed its name to Loyal Metals Limited in June 2025. Loyal Metals Limited was incorporated in 2020 and is based in Peppermint Grove, Australia.",,https://loyallithium.com,Australia,Peppermint Grove,WA,0.447,78542600,175710515,63854708,327782,135230,0.493,244000,2223000,0.0,-22.315569,0.0,5612000,0,0.47049,0.22214001,,537000.0,,537000.0,-6709000.0,-7258000.0,-6711000.0,2024,,16668000.0,16668000.0,26575000.0,5612000.0,,24018000.0,2025,-916000.0,5540000.0,,-2359000.0,,2025,ok,,2026-09-02T10:19:27
LM1,LM1.AX,Leeuwin Metals Ltd,ASX,EQUITY,AUD,AUD,Basic Materials,Other Industrial Metals & Mining,other-industrial-metals-mining,"Leeuwin Metals Ltd engages in the acquisition, exploration, and development of mineral properties in Canada and Australia. The company explores for nickel and lithium deposits. Its flagship project is the Marda Gold Project located in Western Australia. The company was incorporated in 2021 and is based in Subiaco, Australia.",,https://www.leeuwinmetals.com,Australia,Subiaco,WA,0.23,29865170,129848558,63618731,258081,530045,-0.038,30482,-1449992,1.0,-13.949301,0.0,6092852,16646,0.62706,0.03285,,,,,-6681222.0,-6701781.0,-6117406.0,2024,,1469397.0,1491261.0,3556698.0,2041456.0,,3293819.0,2024,-3596258.0,8850080.0,,-3999511.0,,2024,ok,,2026-09-02T10:19:30
LM8,LM8.AX,Lunnon Metals Limited,ASX,EQUITY,AUD,AUD,Basic Materials,Other Industrial Metals & Mining,other-industrial-metals-mining,"Lunnon Metals Limited focuses on the exploration and development of nickel and gold in Australia. It holds 100% interest in the Kambalda Gold and Nickel project, which comprises the Foster and Baker area that consists of 19 contiguous mining leases and the Silver Lake and Fisher area, which includes 20 contiguous mining leases covering an area of approximately 47 square kilometers located within the Kambalda Nickel District, Eastern Goldfields, Western Australia. The company was formerly known as ACH Nickel Pty Ltd and changed its name to Lunnon Metals Limited in February 2021. Lunnon Metals Limited was incorporated in 2014 and is based in West Perth, Australia.",16,https://lunnonmetals.com.au,Australia,West Perth,WA,0.34,77321480,227416106,92960366,149530,213009,-0.113,197022,-10292080,1.0,-27.423168,0.0,9748292,8845,0.56703,0.050679997,1,,,,-25147009.0,-25298027.0,-24106445.0,2024,,24581398.0,24934830.0,47148852.0,21901989.0,82173.0,46358630.0,2024,-3904079.0,18503740.0,,-15189643.0,,2024,ok,,2026-09-02T10:19:32
LMG,LMG.AX,Latrobe Magnesium Limited,ASX,EQUITY,AUD,AUD,Basic Materials,Other Industrial Metals & Mining,other-industrial-metals-mining,"Latrobe Magnesium Limited engages in the construction and commissioning of a production plant for the extraction of magnesium metal and by-products from magnesium rich waste feedstocks. It holds interests in the Latrobe magnesium project located in the Latrobe Valley in Victoria. The company was formerly known as Rambora Technologies Ltd. Latrobe Magnesium Limited was incorporated in 1986 and is based in Hazelwood, Australia.",,https://www.latrobemagnesium.com,Australia,Hazelwood,VIC,0.008,27318810,3414851094,2520426061,5902279,7634389,0.443,,-3273841,0.0,0.0,0.0,4518597,3179820,0.18346001,0.00514,1,,,,-2448557.0,-5241630.0,-2659085.0,2025,,75332006.0,83737115.0,92504173.0,2424479.0,7793880.0,48666480.0,2025,-6185021.0,9113801.0,,1912117.0,,2025,ok,,2026-09-02T10:19:35
LML,LML.AX,Lincoln Minerals Limited,ASX,EQUITY,AUD,AUD,Basic Materials,Other Industrial Metals & Mining,other-industrial-metals-mining,"Lincoln Minerals Limited engages in the exploration and development of mineral properties in Australia. It primarily explores for graphite, copper, silver, cobalt, iron ore, uranium, manganese, magnetite, hematite-goethite, zinc, lead, and base metal deposits. The company's flagship project includes the Kookaburra Gully graphite project located on the Eyre Peninsula of South Australia. Lincoln Minerals Limited was incorporated in 1974 and is based in Adelaide, Australia.",,https://lincolnminerals.com.au,Australia,Adelaide,SA,0.007,20324104,2903443339,1340417954,2675598,5580226,3.327,601717,-242735,1.0,-2.75182,-2.7762399,1516935,0,0.479,0.0,,,,,-2686328.0,-2689895.0,-2690210.0,2024,,5845479.0,6219592.0,8532826.0,2573340.0,,8186946.0,2024,-1085946.0,4130000.0,,-2429980.0,,2024,ok,,2026-09-02T10:19:37
LMS,LMS.AX,Litchfield Minerals Limited,ASX,EQUITY,AUD,AUD,Basic Materials,Other Precious Metals & Mining,other-precious-metals-mining,"Litchfield Minerals Limited engages in the exploration and evaluation of mineral properties in Australia. It explores copper, gold, manganese, uranium, rare earth elements (REE), tungsten, vanadium, phosphate, base metals, and garnet. Litchfield Minerals Limited was incorporated in 2016 and is headquartered in Brisbane, Australia.",,https://litchfieldminerals.com.au,Australia,Brisbane,QLD,0.19,12452801,65541059,38830798,199693,96518,1.299,90909,-665835,1.0,-3.86921,0.0,6097791,0,0.36499,0.0,,,,,-582290.0,-582730.0,-582730.0,2024,,1905455.0,1905895.0,5894915.0,3823818.0,52425.0,4658178.0,2024,-1085174.0,4883171.0,,-1525121.0,,2024,ok,,2026-09-02T10:19:40
LNQ,LNQ.AX,LinQ Minerals Limited,ASX,EQUITY,AUD,AUD,Basic Materials,Other Industrial Metals & Mining,other-industrial-metals-mining,"LinQ Minerals Limited engages in the exploration of mineral properties in Australia. The company holds 100% interest in the Gilmore gold-copper project located in New South Wales, Australia. The company was formerly known as XAVIERLINQ PTY LTD. LinQ Minerals Limited was incorporated in 2023 and is based in West Perth, Australia.",,https://www.linqminerals.com,Australia,West Perth,WA,0.36,73830016,205083369,56772852,128431,95140,,136975,-2808839,1.0,-17.07193,0.0,6237710,11125,0.65457,0.02103,1,,,,-680647.0,-715354.0,-839770.0,2025,,2405994.0,2405994.0,12218080.0,9666070.0,22233.0,10526806.0,2025,,9879412.0,,-544214.0,,2025,ok,,2026-09-02T10:19:43
LOT,LOT.AX,Lotus Resources Limited,ASX,EQUITY,AUD,AUD,Basic Materials,Other Industrial Metals & Mining,other-industrial-metals-mining,"Lotus Resources Limited engages in the exploration and development of uranium projects in Africa. The company owns an 85% interest in the Kayelekera uranium project located in Malawi; and owns 100% interest in the Letlhakane uranium project situated in Botswana. The company was formerly known as Hylea Metals Limited and changed its name to Lotus Resources Limited in August 2019. Lotus Resources Limited was incorporated in 2006 and is headquartered in Perth, Australia.",,https://lotusresources.com.au,Australia,Perth,WA,0.24,131228264,546784472,215256656,7292764,9999785,1.328,196559,-40470064,0.0,-10.4392395,0.0,56163664,4377610,0.07214,0.5236,5,,,,-18494774.0,-18971782.0,-13760170.0,2025,3924442.0,166458065.0,691500711.0,279435025.0,54092246.0,455457.0,237316184.0,2025,-63396517.0,132266000.0,,-73713402.0,,2025,ok,,2026-09-02T10:19:45
LPM,LPM.AX,Lithium Plus Minerals Ltd,ASX,EQUITY,AUD,AUD,Basic Materials,Other Industrial Metals & Mining,other-industrial-metals-mining,"Lithium Plus Minerals Ltd engages in the acquisition, exploration, and development of lithium properties in Australia. The company was incorporated in 2021 and is based in Sydney, Australia.",,https://lithiumplus.com.au,Australia,Sydney,NSW,0.13,20064200,154340000,60668028,140758,195032,-0.949,1665966,-1999630,1.0,-0.61614,-0.06158,1794940,188423,0.27557,0.0,,,,,-1904687.0,-2419788.0,-2087215.0,2024,,15664059.0,15984468.0,22703077.0,2700910.0,165565.0,22017286.0,2024,-6828799.0,8000000.0,,-9054511.0,,2024,ok,,2026-09-02T10:19:48
LRD,LRD.AX,Lord Resources Limited,ASX,EQUITY,AUD,AUD,Basic Materials,Other Industrial Metals & Mining,other-industrial-metals-mining,"Lord Resources Limited engages in acquiring and exploring of mineral interests in Western Australia. It explores for gold, lithium, copper, nickel, precious metals, and energy. The company was formerly known as ENEABBA GAS LIMITED. Lord Resources Limited was incorporated in 2003 and is based in Mount Hawthorn, Australia.",,https://www.lordresources.com,Australia,Mount Hawthorn,WA,0.013,2303626,177202026,124658987,265159,166231,0.48,372385,-2511866,1.0,-5.3307896,0.0,890329,74327,0.36696997,0.0,,,,,-2130828.0,-2176117.0,-2131840.0,2024,,1580702.0,1678352.0,3514856.0,1880662.0,107035.0,3349437.0,2024,-90776.0,1500000.0,,-2161585.0,,2023,ok,,2026-09-02T10:19:50
LRM,LRM.AX,Lion Rock Minerals Ltd,ASX,EQUITY,AUD,AUD,Basic Materials,Other Precious Metals & Mining,other-precious-metals-mining,"Lion Rock Minerals Ltd engages in the exploration, evaluation, and development of mineral properties. It primarily explores for gold, copper, zircon, rutile, uranium, kaolin, nickel, titanium, and rare earth elements deposits. The company was formerly known as Peak Minerals Limited and changed its name to Lion Rock Minerals Ltd in August 2025. Lion Rock Minerals Ltd was incorporated in 1996 and is based in Subiaco, Australia.",,https://lionrockminerals.com.au,Australia,Subiaco,WA,0.02,73278336,3663917147,1501043649,1239393,1043829,0.008,9909,-7443641,1.0,-2906.0693,0.0,8542928,296620,0.47419998,0.00801,,,,,-5530376.0,-5531495.0,-5145575.0,2025,,5749.0,5749.0,1058148.0,934180.0,5863.0,778791.0,2025,-4698.0,3749590.0,,-2706096.0,,2025,ok,,2026-09-02T10:19:53
LRV,LRV.AX,Larvotto Resources Limited,ASX,EQUITY,AUD,AUD,Basic Materials,Other Precious Metals & Mining,other-precious-metals-mining,"Larvotto Resources Limited engages in the exploration, evaluation, and development of mineral resources in Australia and New Zealand. It operates through Hillgrove Project and Exploration segments. The company explores for gold, antimony, copper, cobalt, rare earths, platinum group elements (PGE), lithium, chromium, nickel, and base metal deposits. Its flagship property includes its 100% owned in the Hillgrove Project, which comprises four exploration licenses and 48 granted mining leases covering an area of approximately 254 square kilometers located in New South Wales. Larvotto Resources Limited was incorporated in 2020 and is headquartered in Nedlands, Australia.",,https://www.larvottoresources.com,Australia,Nedlands,WA,1.1,571313472,519375876,365534311,1718707,2213931,-0.032,2505867,-19478622,1.0,22.28331,0.0,70292704,147324272,0.29266,0.088479996,1,,,,-17234705.0,-20224870.0,-19112068.0,2025,,77037133.0,77037133.0,263615639.0,179443442.0,147324274.0,100897769.0,2025,-50924315.0,87019505.0,,-64810432.0,,2025,ok,,2026-09-02T10:19:56
LSA,LSA.AX,Lachlan Star Limited,ASX,EQUITY,AUD,AUD,Basic Materials,Other Industrial Metals & Mining,other-industrial-metals-mining,"Lachlan Star Limited engages in the exploration of mineral properties in Australia. It explores for gold, silver, copper, nickel, cobalt, and PGE deposits. The company was incorporated in 1970 and is based in West Perth, Australia.",,https://lachlanstar.com,Australia,West Perth,WA,0.142,52761032,371556528,178644669,348904,509607,0.897,,-1246821,0.0,0.0,0.0,1337667,41655,0.44096002,0.00784,,,,,-1728594.0,-1801195.0,-1779323.0,2024,,10184976.0,10215887.0,12064564.0,1614668.0,183818.0,11603373.0,2024,-963474.0,237500.0,,-1753091.0,,2024,ok,,2026-09-02T10:19:58
LSR,LSR.AX,Lodestar Minerals Limited,ASX,EQUITY,AUD,AUD,Basic Materials,Gold,gold,"Lodestar Minerals Limited engages in the exploration and evaluation of mineral properties in Australia. The company explores for copper, lithium, nickel, zinc, lead, silver, and gold deposits. Its flagship property is the 100% owned Earaheedy project that covers an area of approximately 1,420 square kilometers located in Western Australia. The company also operates the Darwin and Three Saints Projects in Chile, Ned's Creek Project, and Nicanor Project. Lodestar Minerals Limited was incorporated in 2007 and is headquartered in Fremantle, Australia.",,https://www.lodestarminerals.com.au,Australia,Fremantle,WA,0.009,13407333,1489703673,1051682805,8756246,8000754,0.442,,-9205322,0.0,0.0,0.0,2921055,21633,0.08914,0.00257,,38750.0,,38750.0,-4537706.0,-3630607.0,-4614689.0,2023,,218416.0,481303.0,1153955.0,192131.0,364198.0,-167206.0,2024,-45345.0,1017500.0,,-2656461.0,,2024,ok,,2026-09-02T10:20:01
LTR,LTR.AX,Liontown Limited,ASX,EQUITY,AUD,AUD,Basic Materials,Other Industrial Metals & Mining,other-industrial-metals-mining,"Liontown Limited engages in the exploration, evaluation, and development of mineral properties in Australia. The company explores for lithium and nickel deposits. Its flagship property is the Kathleen Valley lithium project located in Perth, Western Australia. The company was formerly known as Liontown Resources Limited and change its name to Liontown Limited in November 2025. The company was incorporated in 2006 and is headquartered in West Perth, Australia.",296,https://www.liontown.com,Australia,West Perth,WA,1.252,3980246784,3179110946,2162240519,36169153,50840936,1.331,639136000,147492000,0.14706,0.27085,0.14481,560601984,504836000,0.33372003,0.21819,11,297565000.0,284055000.0,13510000.0,1333000.0,-185925000.0,-193277000.0,2025,361868000.0,1343560000.0,1519129000.0,1563541000.0,155575000.0,831099000.0,580574000.0,2025,-330689000.0,389943000.0,,-329976000.0,,2025,ok,,2026-09-02T10:20:04
LU7,LU7.AX,Lithium Universe Limited,ASX,EQUITY,AUD,AUD,Basic Materials,Other Industrial Metals & Mining,other-industrial-metals-mining,"Lithium Universe Limited focuses on operating as a mineral exploration and development company. Its flagship project is the Bécancour project located in the Québec, Canada. The company was formerly known as Mogul Games Group Ltd and changed its name to Lithium Universe Limited in July 2023. The company was incorporated in 2011 and is based in Osborne Park, Australia.",,https://www.lithiumuniverse.com,Australia,Osborne Park,WA,0.006,11151151,1858525232,907559023,1547532,1593376,-0.293,14235,-3735126,1.0,-305.92792,0.0,2060168,11690,0.37737998,0.0,,261774.0,-53.0,53.0,-9691558.0,-9694453.0,-9675666.0,2021,,16571.0,32511.0,2182573.0,2060168.0,11690.0,-1172697.0,2025,-13255.0,4365604.0,,-2674956.0,,2025,ok,,2026-09-02T10:20:06
LUX,LUX.AX,Lux Copper Corp. Ltd,ASX,EQUITY,AUD,,Basic Materials,Copper,copper,"Lux Copper Corp. Ltd operates as a mineral exploration company in the United States. The company explores for copper, zinc, lead, and barium deposits. It holds interest in the Ambler Project which consists of 368 claims covering an area of approximately 236 square kilometers located in the Amber Mining District, Northwest Arctic Borough, Alaska; and Baird Project which consists of 41 claims covering an area of approximately 2,600 hectares located in the eastern Baird Mountains, Alaska. The company was incorporated in 2024 and is based in Subiaco, Australia.",,https://luxcopper.com.au,Australia,Subiaco,WA,0.32,38691988,120912468,,510033,313317,,,,0.0,0.0,0.0,,,0.50526,0.021710001,,,,,,,,,,,,,,,,,,,,,,,ok,,2026-09-02T10:20:09
LYC,LYC.AX,Lynas Rare Earths Limited,ASX,EQUITY,AUD,AUD,Basic Materials,Other Industrial Metals & Mining,other-industrial-metals-mining,"Lynas Rare Earths Limited, together with its subsidiaries, engages in the exploration, development, mining, extraction, and processing of rare earth minerals in Australia and Malaysia. The company holds interests in the Mt Weld rare earths mine located in Laverton Western Australia; a rare earths processing facility in Kalgoorlie, Western Australia; and an advanced materials plant in Gebeng Industrial Estate, Malaysia. It also offers light rare earths, including lanthanum, cerium, praseodymium, and neodymium; heavy rare earth comprising of samarium, europium, gadolinium, terbium, and dysprosium; and SEGH, a mixed heavy rare earth compound containing mixed samarium, europium, gadolinium, holmium, dysprosium, and terbium. In addition, the company develops and operates advanced material processing and concentration plants; and develops processing opportunities, as well as offers corporate services. The company was formerly known as Lynas Corporation Limited and changed its name to Lynas Corporation Limited in November 2020. Lynas Rare Earths Limited was incorporated in 1983 and is headquartered in Perth, Australia.",1156,https://www.lynasrareearths.com,Australia,Perth,WA,15.145,15248514048,1006502578,893059672,3899773,3800552,0.69,977945024,278582016,0.4013,0.28147,0.22737,1209099008,338336000,0.11271,0.64139,14,977945000.0,487181000.0,490764000.0,409532000.0,250771000.0,222352000.0,2026,201915000.0,2609621000.0,3390334000.0,4328387000.0,504128000.0,338336000.0,3490391000.0,2026,-178268000.0,932573000.0,,140542000.0,,2026,ok,,2026-09-02T10:20:11
M24,M24.AX,Mamba Exploration Limited,ASX,EQUITY,AUD,AUD,Basic Materials,Other Industrial Metals & Mining,other-industrial-metals-mining,"Mamba Exploration Limited operates as an exploration and development company in Australia. It primarily explores for gold, copper, nickel, manganese, cobalt, silver, and base metal deposits. The company holds a 100% interest Calyerup Creek project comprising two granted exploration licences that covers approximately 45 square kilometers located in Western Australia; and 100% in Ashburton Project comprising three granted exploration licences which covers 204 blocks or approximately 610 square kilometers located in Western Australia; and Kimberley projects comprises of 4 sub-projects located in the Kimberley region of Western Australia. Mamba Exploration Limited was incorporated in 2020 and is based in Subiaco, Australia.",,https://www.mambaexploration.com.au,Australia,Subiaco,WA,0.02,9750641,487532065,152482554,315288,802072,2.229,50616,-985656,1.0,-17.23181,0.0,250052,28754,0.56428003,0.0,,,,,-1221337.0,-1309168.0,-1254061.0,2024,,6268424.0,6371510.0,7391375.0,825974.0,14113.0,7058772.0,2024,-1687169.0,2554240.0,,-2517538.0,,2024,ok,,2026-09-02T10:20:14
M2M,M2M.AX,Mt Malcolm Mines NL,ASX,EQUITY,AUD,AUD,Basic Materials,Gold,gold,"Mt Malcolm Mines NL engages in exploration and mining activities in Australia. It primarily explores for gold, lithium, and base metal. The company's flagship project is the Malcolm Gold Project located in Leonora. Mt Malcolm Mines NL was incorporated in 2020 and is based in Perth, Australia.",,https://www.mtmalcolm.com.au,Australia,Perth,WA,0.007,5422412,774630248,261107200,1204011,552957,1.193,1057634,-429572,0.86286,-0.47685,-0.54383,1491305,265671,0.48472,0.0,,,,,-1089096.0,-1182986.0,-1178930.0,2024,,8596125.0,8828165.0,9368334.0,640346.0,254066.0,8139520.0,2024,-1644391.0,1290000.0,,-2525863.0,,2024,ok,,2026-09-02T10:20:16
M2R,M2R.AX,Miramar Resources Limited,ASX,EQUITY,AUD,AUD,Basic Materials,Other Industrial Metals & Mining,other-industrial-metals-mining,"Miramar Resources Limited engages in the exploration and evaluation of mining tenements in Australia. It primarily explores for gold, nickel, copper, cobalt, and platinum group element deposits. The company's flagship project is the Gidji JV Project located within the Eastern Goldfields region near Kalgoorlie in Western Australia. Miramar Resources Limited was incorporated in 2019 and is based in South Perth, Australia.",,https://www.miramarresources.com.au,Australia,South Perth,WA,0.002,4219180,2109589909,651084154,3189095,6344005,1.605,,-811969,0.0,0.0,0.0,727636,15206,0.63313,0.0,,,,,-1851889.0,-1900548.0,-1905698.0,2024,,8832210.0,8993445.0,9359769.0,392075.0,22016.0,8964664.0,2024,-1088232.0,2162175.0,,-1885732.0,,2024,ok,,2026-09-02T10:20:19
M3M,M3M.AX,M3 Mining Limited,ASX,EQUITY,AUD,AUD,Basic Materials,Other Precious Metals & Mining,other-precious-metals-mining,"M3 Mining Limited engages in the exploration and evaluation of mineral resources in Australia. It primarily explores for copper and gold deposits. The company holds 100% interest in the Edjudina located approximately 150 km north east of the of Kalgoorlie in Western Australia; and the Victoria Bore project located in south east of Exmouth in Western Australia. M3 Mining Limited was incorporated in 2020 and is headquartered in Perth, Australia.",,https://m3mining.com.au,Australia,Perth,WA,0.024,5011329,208805374,157779605,132545,9469,0.622,-34852,-2180396,0.0,-173.53322,0.0,1837839,0,0.22734,0.0,,,,,-2188374.0,-2200349.0,-2113417.0,2024,,106970.0,138626.0,2115938.0,1948985.0,,1824825.0,2024,-28130.0,904390.0,,-1736361.0,,2023,ok,,2026-09-02T10:20:22
M4M,M4M.AX,Macro Metals Limited,ASX,EQUITY,AUD,AUD,Basic Materials,Steel,steel,"Macro Metals Limited, together with its subsidiaries, operates as a mining and mining services company in Australia and the Republic of Nigeria. The company explores for iron, copper, lead, zinc, silver, and gold deposits. Its flagship properties is the Catho Well iron ore project located in Australia. The company was formerly known as Kogi Iron Limited and changed its name to Macro Metals Limited in December 2022. Macro Metals Limited is based in West Perth, Australia.",,https://macrometals.com.au,Australia,West Perth,WA,0.007,32029416,4575630643,2769319778,3335724,3500048,2.384,285198,-4457443,0.65226996,-9.11627,0.0,1962905,205505,0.45356998,0.0,,,,,-13935003.0,-13966675.0,-13950630.0,2024,,5452830.0,5481599.0,9408600.0,3821255.0,,8648391.0,2024,-66181.0,5774555.0,,-2123774.0,,2024,ok,,2026-09-02T10:20:24
M79,M79.AX,Mammoth Minerals Limited,ASX,EQUITY,AUD,AUD,Basic Materials,Other Precious Metals & Mining,other-precious-metals-mining,"Mammoth Minerals Limited engages in the acquisition and exploration of resource projects in Australia, Peru, and Canada. It primarily explores for copper, zinc, lithium, gold, silver, lead deposits. The company was formerly known as Firetail Resources Limited and changed its name to Mammoth Minerals Limited in August 2025. Mammoth Minerals Limited was incorporated in 2021 and is based in Claremont, Australia.",,https://www.firetailresources.com.au,Australia,Claremont,WA,0.041,22915432,558912975,408889554,548733,523731,0.678,1093008,-1039210,1.0,-86.4645,-2.06758,5716245,0,0.33166,0.05863,,,,,-2721678.0,-3004625.0,-2701964.0,2024,,17037673.0,17094513.0,22137357.0,4698763.0,63428.0,20543314.0,2024,-4450965.0,5514600.0,,-5340555.0,,2024,ok,,2026-09-02T10:20:27
M96,M96.AX,Maverick Minerals Australia Ltd,ASX,EQUITY,AUD,AUD,Basic Materials,Other Industrial Metals & Mining,other-industrial-metals-mining,"Maverick Minerals Australia Ltd, together with its subsidiaries, operates as a kaolin and silica exploration company in Australia. The company explores for kaolin, high-purity alumina, quartz, lithium, and rare earth element deposits. Its flagship property, the Viper Project, contains niobium, rare earth elements (REE), and IOCG mineralization and is located approximately 490 km south of Halls Creek. The company was formerly known as Corella Resources Limited and changed its name to Maverick Minerals Australia Ltd in June 2026. Maverick Minerals Australia Ltd is based in Subiaco, Australia.",,https://www.maverickmineralsaus.com.au,Australia,Subiaco,WA,0.009,16623957,1847106420,853836726,1776111,2374349,-0.224,1007,-729094,1.0,-724.86597,0.0,932956,2557,0.32028,0.0,,,,,-1263373.0,-1263373.0,-1238078.0,2024,,2936084.0,2936084.0,3703729.0,711172.0,5232.0,3517980.0,2024,-644001.0,47.0,,-1712718.0,,2024,ok,,2026-09-02T10:20:29
MAG,MAG.AX,Magmatic Resources Limited,ASX,EQUITY,AUD,AUD,Basic Materials,Gold,gold,"Magmatic Resources Limited engages in the development and exploration of mineral properties in Australia. The company explores for gold and copper deposits. The company was incorporated in 2016 and is headquartered in Orange, Australia.",,https://magmaticresources.com,Australia,Orange,NSW,0.021,10546852,502231042,241176369,442548,544974,0.633,486248,-2886529,1.0,-34.27263,0.0,6226791,506954,0.52793,0.0,,,,,-3202048.0,-3519072.0,-3381360.0,2024,,2069150.0,2069150.0,10411911.0,6335389.0,580429.0,9302361.0,2024,-2090.0,6719210.0,,-3037026.0,,2024,ok,,2026-09-02T10:20:31
MAH,MAH.AX,Macmahon Holdings Limited,ASX,EQUITY,AUD,AUD,Basic Materials,Other Industrial Metals & Mining,other-industrial-metals-mining,"Macmahon Holdings Limited engages in the process of surface mining, underground mining and mining support, and civil infrastructure services to mining companies in Australia and Southeast Asia. The company operates in four segments: Surface Mining, Underground Mining, International Mining, and Civil Infrastructure. It offers surface mining services, such as bulk and selective mining, mine planning and analysis, drill and blast, crushing and screening, fixed plant maintenance, water management, equipment operation and maintenance, technology, safety solutions; and underground mining services, including mine development and production, raise and production drilling, cable bolting, shotcreting, remote shaft lining, paste fill, shaft sinking and fit out; and engineering services, including shaft lining and maintenance, ore pass liners, winder refurbishment, conveying, crushing, materials handling, emergency egress systems, pump stations and rising mains, and site workshops and infrastructure. It provides mining support services comprising topsoil and overburden stripping, bulk earthworks, road design and construction, mine infrastructure and services, and train loading facilities; tailings storage facilities, camps and remote village accommodation, bridgeworks, rail and airport infrastructure, site infrastructure including workshops, buildings and site facilities, balance of plant works for renewable energy projects, including solar, wind, and battery installations; water infrastructure, such as dams, creek diversions, flood levies, and drainage structures; and revegetation, non-process infrastructure, and rehabilitation monitoring and maintenance. In addition, the company offers advisory and operational improvement solutions, which includes operator coaching and skills development, cultural change programs, and mental health program. The company was incorporated in 1963 and is headquartered in Perth, Australia.",8796,https://www.macmahon.com.au,Australia,Perth,WA,0.99,2133435904,2154985818,1131988512,4045974,5138763,1.049,2619243008,315284992,0.69609,0.06883,0.03861,309652992,420737984,0.49617,0.20196,2,2619243000.0,796027000.0,1823216000.0,382098000.0,175761000.0,101135000.0,2026,,654382000.0,1711657000.0,1759469000.0,309653000.0,420738000.0,740112000.0,2026,-145790000.0,-2762000.0,,154968000.0,,2026,ok,,2026-09-02T10:20:34
MAN,MAN.AX,Mandrake Resources Limited,ASX,EQUITY,AUD,AUD,Basic Materials,Other Industrial Metals & Mining,other-industrial-metals-mining,"Mandrake Resources Limited engages in the exploration and evaluation of mineral resources. It explores for gold, lithium, silver, platinum group elements, and copper deposits. The company holds 100% interest Utah Lithium project that consists of over 93,755 acres covering an area of approximately 379 square kilometers located in the Lisbon Valley, Paradox Basin in southeast Utah; Jimperding Project comprising an area of 142 square kilometers located in the Western Australia; and Berinka Pine Creek Gold-Copper Project located in the Northern Territory, Australia. The company was formerly known as Bronson Group Limited and changed its name to Mandrake Resources Limited in August 2019. Mandrake Resources Limited was incorporated in 1986 and is based in West Perth, Australia.",,https://www.mandrakeresources.com.au,Australia,West Perth,WA,0.02,12545198,627259920,489181194,730145,1050332,1.056,664418,,1.0,-5.09894,0.0,11958794,0,0.254,0.02446,,,,,-1288129.0,-1288129.0,-623711.0,2025,,10607711.0,10607711.0,23975425.0,13249647.0,,23873198.0,2025,-1733829.0,3936356.0,,-1668378.0,,2025,ok,,2026-09-02T10:20:36
MAT,MAT.AX,Matsa Resources Limited,ASX,EQUITY,AUD,AUD,Basic Materials,Gold,gold,"Matsa Resources Limited engages in the exploration of mineral resources in Australia and Thailand. It primarily explores for gold, copper, silver, lead, lithium, tin, rare earth elements, and base metals. The company's flagship project is the Lake Carey Gold project that comprises approximately 450 square kilometers of prospective tenements within the Laverton Tectonic Zone of the Kurnalpi Terrane, Western Australia. Matsa Resources Limited was incorporated in 2003 and is headquartered in Perth, Australia.",21,https://www.matsa.com.au,Australia,Perth,WA,0.047,45646032,971192178,543672502,1436850,204936,0.699,11731223,-26240492,-1.96534,-2.2356598,-1.9311,3295286,10095378,0.36315,0.17475,,,,,-4281256.0,-4683560.0,-4603386.0,2024,,21431761.0,24053509.0,23276380.0,1037840.0,5583410.0,12988535.0,2024,-535910.0,4149533.0,,-3973195.0,,2024,ok,,2026-09-02T10:20:39
MBG,MBG.AX,MB Gold Limited,ASX,EQUITY,AUD,,Basic Materials,Gold,gold,"MB Gold Limited, through its subsidiary, engages in the exploration and evaluation of gold and other minerals in Australia. The company focuses on exploration in its Marble Bar Gold Project covering an area of 515 square kilometers located in the Pilbara region of Western Australia. MB Gold Limited was incorporated in 2025 and is based in West Perth, Australia.",,https://www.mbgold.com.au,Australia,West Perth,WA,0.175,,,6515601,11827,2586,,,,0.0,0.0,0.0,,,0.85852,0.0,,,,,,,,,,,,,,,,,,,,,,,ok,,2026-09-02T10:20:41
MBK,MBK.AX,Metal Bank Limited,ASX,EQUITY,AUD,AUD,Basic Materials,Gold,gold,"Metal Bank Limited engages in the exploration of mineral properties in Australia. The company primarily explores for gold, copper, and cobalt. Metal Bank Limited was incorporated in 2007 and is based in Sydney, Australia.",,https://metalbank.com.au,Australia,Sydney,NSW,0.013,11854152,911857863,454655758,322566,140204,1.262,-123,-974223,0.0,-1061.3383,0.0,1974212,0,0.39156,4.0000003e-05,,,,,-2226716.0,-2236716.0,-2223688.0,2024,,15419103.0,15419103.0,16273171.0,793410.0,,15643013.0,2024,-1829335.0,2714357.0,,-2593827.0,,2024,ok,,2026-09-02T10:20:44
MC2,MC2.AX,Marimaca Copper Corp.,ASX,EQUITY,AUD,USD,Basic Materials,Copper,copper,"Marimaca Copper Corp. engages in the exploration and development of base metal projects in Chile. It explores for copper, gold, and other mineral deposits. The company's flagship project is the 100% owned Marimaca copper project located in the northern Chile near Antofagasta. The company was formerly known as Coro Mining Corp. and changed its name to Marimaca Copper Corp. in May 2020. Marimaca Copper Corp. was incorporated in 2004 and is based in Vancouver, Canada.",46,https://marimaca.com,Canada,Vancouver,BC,8.53,1152888576,135156928,104137061,9433,4802,0.805,,-34181000,0.0,0.0,0.0,140044992,877000,0.0,0.11721,,0.0,205000.0,-205000.0,-28945000.0,-29150000.0,-26283000.0,2025,,94140000.0,95180000.0,178530000.0,66782000.0,934000.0,172937000.0,2025,-16414000.0,66923000.0,-18812000.0,-35226000.0,,2025,ok,,2026-09-02T10:20:46
MCO,MCO.AX,Myeco Group Ltd,ASX,EQUITY,AUD,AUD,Consumer Cyclical,Packaging & Containers,packaging-containers,"Myeco Group Ltd, together with its subsidiaries, develops, manufactures, and sells sustainable packaging and materials in Oceanic, Asia, the United States, Europe, and Africa. The company supplies packaging products, proprietary biodegradable and compostable resins, packaging products, and cast films to blue-chip companies. It manufactures and distributes polyethylene films, renewable resource based finished products and resins. The company was formerly known as SECOS Group Limited and changed its name to Myeco Group Ltd in November 2024. Myeco Group Ltd is based in Notting Hill, Australia.",,https://myeco.group,Australia,Notting Hill,VIC,0.022,13279421,603610027,286026907,358089,67322,1.03,15730000,-3932000,0.25054002,-0.21858,-0.24997,2574000,1806000,0.52373004,0.0,,15696000.0,11897000.0,3799000.0,-3528000.0,-5818000.0,-4958000.0,2025,335000.0,4212000.0,9945000.0,14584000.0,3618000.0,1952000.0,9488000.0,2023,-203000.0,3717000.0,,-3320000.0,,2025,ok,,2026-09-02T10:20:49
MDI,MDI.AX,Middle Island Resources Limited,ASX,EQUITY,AUD,AUD,Basic Materials,Gold,gold,"Middle Island Resources Limited engages in the identification, acquisition, and exploration of mineral assets in Australia. It explores for copper and gold. The company's flagship project is the Barkly project that comprises 16 exploration licenses covering an area of approximately 6,918 square kilometers located in the Barkly region of the Northern Territory. Middle Island Resources Limited was incorporated in 2010 and is headquartered in West Perth, Australia.",,https://www.middleisland.com.au,Australia,West Perth,WA,0.014,13906506,993321763,775992894,1506570,618299,1.26,102347,-2201166,1.0,-2.06896,0.0,4708430,0,0.22465,0.00201,,,,,-637224.67935,-647741.489829,-1646829.055946,2024,,207844.2777,253465.177039,1306536.830987,539312.802798,13949.0,3935677.435348,2024,-4172.327995,366878.679631,,-592559.364066,,2024,ok,,2026-09-02T10:20:51
MDX,MDX.AX,Mindax Limited,ASX,EQUITY,AUD,AUD,Basic Materials,Gold,gold,"Mindax Limited engages in the exploration and development of mineral properties in Australia. The company operates in two segments, Gold and Iron Ore. Its flagship property is the 65% owned Mt Forrest Iron project, including seven mining leases covering an area of approximately 53 square kilometers situated in the Yilgarn province of Western Australia's Mid-West region. The company was incorporated in 2003 and is based in West Perth, Australia.",,https://mindax.com.au,Australia,West Perth,WA,0.042,99255176,2363218532,1215012628,188727,409511,0.55,0,-3022886,0.0,0.0,0.0,146176,30200,0.47689,0.0,,,,,-2541455.0,-2642241.0,-2282161.0,2024,,26139932.0,26139932.0,26727681.0,520043.0,108648.0,17684798.0,2024,-2544131.0,100000.0,,-4375381.0,,2024,ok,,2026-09-02T10:20:54
MEG,MEG.AX,Megado Minerals Limited,ASX,EQUITY,AUD,AUD,Basic Materials,Other Industrial Metals & Mining,other-industrial-metals-mining,"Megado Minerals Limited operates as a mineral exploration company in Australia, the United States, Canada, and Ethiopia. It explores rare earth elements and lithium. Megado Minerals Limited was formerly known as Megado Gold Limited and changed its name to Megado Minerals Limited in July 2022. The company was incorporated in 2019 and is based in Perth, Australia.",,https://megadominerals.com,Australia,Perth,WA,0.017,12251616,720683262,432065412,358158,4240,0.347,,,0.0,0.0,0.0,1999444,0,0.35696,0.0111,,,,,-4150471.0,-4150471.0,-4140886.0,2024,,2964333.0,2964333.0,6813178.0,2119152.0,,6706772.0,2024,-317327.0,1982732.0,,-947351.0,,2024,ok,,2026-09-02T10:20:56
MEI,MEI.AX,Meteoric Resources Limited,ASX,EQUITY,AUD,AUD,Basic Materials,Other Industrial Metals & Mining,other-industrial-metals-mining,"Meteoric Resources Limited, together with its subsidiaries, explores and develops mineral tenements in Brazil. The company explores for rare earth minerals, bauxite, clay, uranium, zirconium, and leucite. Its flagship property is the Caldeira rare earth ionic clay project comprising 77 mining and exploration licenses covering an area of approximately 193 square kilometers located between the cities of Caldas, Poços de Caldas, and Andrades in the southwest region of the state of Minas Gerais in Brazil. The company was formerly known as Meteoric Resources NL and changed its name to Meteoric Resources Limited in July 2026. Meteoric Resources Limited was incorporated in 2004 and is headquartered in West Perth, Australia.",,https://www.meteoric.com.au,Australia,West Perth,WA,0.2,581323776,2906618799,2189180543,8133632,8456530,1.906,408,-33877816,1.0,-35299.273,0.0,32386896,227425,0.17277001,0.017,5,,,,-41083427.0,-41153533.0,-36467526.0,2025,515320.0,2481445.0,2674718.0,17012430.0,10965524.0,322931.0,8433784.0,2024,-1175019.0,30920047.0,,-33264388.0,,2025,ok,,2026-09-02T10:20:59
MEK,MEK.AX,Meeka Metals Limited,ASX,EQUITY,AUD,AUD,Basic Materials,Gold,gold,"Meeka Metals Limited engages in the exploration and development of gold properties in Western Australia. The company flagship property is the 100% owned Murchison Gold project located in the prolific Murchison Gold Fields, Western Australia. The company was formerly known as Meeka Gold Limited and changed its name to Meeka Metals Limited in July 2022. Meeka Metals Limited is based in West Perth, Australia.",109,https://meekametals.com.au,Australia,West Perth,WA,0.115,356723456,3101943073,2453237456,15854340,17376289,0.734,65497256,51583252,0.60798,0.5414,0.44546002,37290000,6473000,0.16521,0.13028,1,,,,-2713845.0,-2834702.0,-2941613.0,2024,2694506.0,32206439.0,32278563.0,35448357.0,2950008.0,2226485.0,27917105.0,2024,-5502603.0,5300000.0,,-7025824.0,,2024,ok,,2026-09-02T10:21:01
MEX,MEX.AX,Minerals Exploration Limited,ASX,EQUITY,AUD,AUD,Basic Materials,Gold,gold,"Minerals Exploration Limited, an exploration company, engages in the exploration and development of uranium, vanadium, lithium, and other mineral properties. It holds 100% interest in the East Canyon project that comprises 231 contiguous claims, which covers an area of approximately 4,620 acres/18.7 square kilometers located in the Dry Valley/East Canyon mining district of south-eastern Utah, the United States; South Pass Wyoming Lithium Project in Wyoming, the United States; and the Frome Downs and Yankaninna projects in the South Australia. The company was formerly known as Uvre Limited and changed its name to Minerals Exploration Limited in November 2025. The company was incorporated in 2021 and is based in West Perth, Australia.",,https://mineralsexploration.com.au,Australia,West Perth,WA,0.062,11901427,191958501,68312272,71699,96933,0.597,,,0.0,0.0,0.0,4546070,0,0.47229,0.0,,,,,-1242386.0,-1339590.0,-1245546.0,2024,,2116743.0,2116743.0,5585186.0,3375114.0,,5456992.0,2024,-162146.0,1250000.0,,-1480505.0,,2024,ok,,2026-09-02T10:21:03
MGA,MGA.AX,MetalsGrove Mining Limited,ASX,EQUITY,AUD,AUD,Basic Materials,Other Industrial Metals & Mining,other-industrial-metals-mining,"MetalsGrove Mining Limited operates as an exploration and development company in Australia. It primarily explores for copper, gold, and zinc ores. MetalsGrove Mining Limited was incorporated in 2021 and is based in West Perth, Australia.",,https://metalsgrove.com.au,Australia,WEST PERTH,WA,0.091,13782253,151453330,47305907,49371,31585,-0.615,81294,-1216021,1.0,-35.820877,0.0,3230557,0,0.6532,0.0,,,,,-2507931.0,-2511984.0,-2413561.0,2025,,2544352.0,2544352.0,4073619.0,1384870.0,,3949934.0,2025,-397685.0,2108400.0,,-1302171.0,,2025,ok,,2026-09-02T10:21:06
MGL,MGL.AX,Magontec Limited,ASX,EQUITY,AUD,AUD,Basic Materials,Other Industrial Metals & Mining,other-industrial-metals-mining,"Magontec Limited, together with its subsidiaries, researches, develops, manufactures, and sells generic and specialist magnesium alloys in Australia, Europe, China, North America, and internationally. The company manufactures and distributes magnesium and titanium cathodic corrosion protection (CCP) products, such as HyTonic anodes, Correx impressed current systems, CorroScout measuring systems, and S-Patron intelligent measuring and control systems. Its CCP products are used in water storage vessels. Additionally, the company recycles magnesium alloys scrap. The company serves automotive, aerospace, power tools, die casting, defense, steel, HVAC, and plumbing industries. Magontec Limited was formerly known as Advanced Magnesium Limited and changed its name to Magontec Limited in November 2011. The company was founded in 1953 and is headquartered in Sydney, Australia.",,https://magontec.com,Australia,Sydney,NSW,0.205,11876636,57934806,35301853,11724,16638,,74124000,75000,0.19951999,0.02895,-0.00452,6710000,7541000,0.36924,0.32616,,64117000.0,52153000.0,11964000.0,-5140000.0,-4954000.0,-5397000.0,2025,555000.0,15165000.0,64401000.0,72728000.0,7147000.0,8196000.0,46717000.0,2025,-2615000.0,,,-6131000.0,,2025,ok,,2026-09-02T10:21:09
MGT,MGT.AX,Magnetite Mines Limited,ASX,EQUITY,AUD,AUD,Basic Materials,Other Industrial Metals & Mining,other-industrial-metals-mining,"Magnetite Mines Limited engages in the exploration of mineral properties in South Australia. The company's flagship project is the Razorback Iron Ore project that includes the Razorback and Iron Peak deposits located in Adelaide, South Australia. The company was formerly known as Royal Resources Limited and changed its name to Magnetite Mines Limited in December 2015. Magnetite Mines Limited was incorporated in 2004 and is based in Adelaide, Australia.",,https://magnetitemines.com,Australia,Adelaide,SA,0.019,4330550,227923708,162618540,373158,155181,0.064,301,-3593430,1.0,-12074.928,0.0,2817909,2608847,0.17382999,0.0,,,,,-4376750.0,-5122502.0,-4847855.0,2024,,36557238.0,37329057.0,38226143.0,1212955.0,117334.0,36843875.0,2024,-3588299.0,6501346.0,,-7254186.0,,2024,ok,,2026-09-02T10:21:12
MGU,MGU.AX,Magnum Mining and Exploration Limited,ASX,EQUITY,AUD,AUD,Basic Materials,Other Industrial Metals & Mining,other-industrial-metals-mining,"Magnum Mining and Exploration Limited engages in the exploration and evaluation of mineral properties in Australia and the United States. Its project includes the Buena Vista magnetite iron ore project located in Nevada, United States. Magnum Mining and Exploration Limited was incorporated in 1986 and is based in Melbourne, Australia.",,https://www.mmel.com.au,Australia,Melbourne,VIC,0.007,22491260,3213037149,2126786254,6835484,5238011,1.356,,-2848521,0.0,0.0,0.0,5897006,0,0.35869998,0.0,,2973.0,,2973.0,-9418940.0,-9419149.0,-9433222.0,2025,,6267865.0,6268999.0,12328796.0,5862821.0,287051.0,11223767.0,2025,-1144471.0,9392773.0,,-3229877.0,,2025,ok,,2026-09-02T10:21:15
MGX,MGX.AX,MGX Resources Limited,ASX,EQUITY,AUD,AUD,Basic Materials,Steel,steel,"MGX Resources Limited, together with its subsidiaries, engages in the mining, processing, shipment, export, and sale of hematite iron ore in Australia and China. Its flagship project is the Koolan Island mine site located in the Kimberley region of Western Australia. The company is also involved in treasury management, mineral resources acquisition, and investment activities. The company was formerly known as Mount Gibson Iron Limited and changed its name to MGX Resources Limited in November 2025. The company was incorporated in 1996 and is based in West Perth, Australia.",172,https://www.mgx.com.au,Australia,West Perth,WA,0.36,424954336,1180428735,378823190,556434,460514,0.883,204048000,-2777000,0.02369,-0.16665001,-0.14786,393092000,575000,0.19847,0.5437,,667818000.0,457198000.0,210620000.0,90769000.0,156725000.0,6430000.0,2024,9342000.0,122395000.0,2167009000.0,664298000.0,36258000.0,11851000.0,546173000.0,2024,-60894000.0,677000.0,,267316000.0,,2024,ok,,2026-09-02T10:21:17
MHK,MHK.AX,Metal Hawk Limited,ASX,EQUITY,AUD,AUD,Basic Materials,Other Industrial Metals & Mining,other-industrial-metals-mining,"Metal Hawk Limited engages in the exploration and evaluation of mineral resource projects in Australia. It primarily explores for gold, lithium, nickel sulphide, and base metals deposits. The company hold interest in the flagship project the Leinster South that covers an area of approximately 430 kilometer square located in south of Leinster, West Australian goldfields. Metal Hawk Limited was incorporated in 2018 and is based in West Perth, Australia.",,https://www.metalhawk.com.au,Australia,West Perth,WA,0.095,11722293,123392563,76713156,320691,1668462,1.136,3040044,5624619,1.0,-0.40495,0.32342997,2559478,251455,0.42966,0.0,,,,,-4209283.0,-4337569.0,-4266040.0,2024,,7872179.0,8006494.0,10177435.0,2148364.0,51976.0,10060245.0,2024,-2060383.0,4927131.0,,-3402964.0,,2024,ok,,2026-09-02T10:21:20
MHM,MHM.AX,Mount Hope Mining Limited,ASX,EQUITY,AUD,AUD,Basic Materials,Other Precious Metals & Mining,other-precious-metals-mining,"Mount Hope Mining Limited engages in the mineral exploration and evaluation business in Australia. It primarily explores gold and copper deposits in Australia. The company holds 100% interest in its flagship project, the Mount Hope project, covering an area of 417 square kilometers located in the Cobar basin, central New South Wales. Mount Hope Mining Limited was incorporated in 2024 and is based in Nedlands, Australia.",,https://www.mounthopemining.com.au,Australia,Nedlands,WA,0.2,11850000,59250000,29151000,151598,141786,,133258,,1.0,-16.35043,0.0,3778237,0,0.51462,0.05313,,,,,,,,,,,,,,,,,,,,,,,ok,,2026-09-02T10:21:22
MI6,MI6.AX,Minerals 260 Limited,ASX,EQUITY,AUD,AUD,Basic Materials,Other Precious Metals & Mining,other-precious-metals-mining,"Minerals 260 Limited engages in the exploration and evaluation of mineral resources in Australia. The company explores for gold, palladium, nickel, copper, and rare earths elements, as well as precious and battery-related metals. The company holds 100% interest in the Bullabulling Gold Project located in south-west of Kalgoorlie, Western Australian in the Eastern Goldfields; and the Moora project covering an area of 371 square kilometers located in Julimar Mineral Province, Western Australia. The company was incorporated in 2021 and is based in West Perth, Australia.",,https://minerals260.com.au,Australia,West Perth,WA,0.822,1874337664,2271924590,1746579714,12602505,12385871,1.699,,-35151244,0.0,0.0,0.0,31170464,446165,0.19262,0.32217997,4,,,,-7512556.0,-8298542.0,-7709410.0,2024,,679649.0,781635.0,12045600.0,11102890.0,624385.0,10867935.0,2024,-101511.0,30000000.0,,-5917180.0,,2024,ok,,2026-09-02T10:21:24
MIN,MIN.AX,Mineral Resources Limited,ASX,EQUITY,AUD,AUD,Basic Materials,Other Industrial Metals & Mining,other-industrial-metals-mining,"Mineral Resources Limited, together with subsidiaries, provides mining services in Australia, China, and internationally. It operates through Mining Services, Iron Ore, Lithium, Energy, and Other segments. The company offers mining services contractors, and trades in mining services; pit-to-ship solutions to the resources sectors; design and construction of mineral processing facilities; transport and logistics services comprising supply chain, road haulage, autonomous road train, and transshipping services; manufacturing of equipment and parts for the mining industry; rehabilitation services; and engineering and construction services. It also provides iron ore with the transformational Onslow Iron project in the West Pilbara region; produces and supplies battery-grade lithium products; develops and mines lithium from its mines that sells spodumene concentrate; and develops, mines, and exports iron ore. In addition, the company engages in exploration and drilling services for the energy sector; manganese projects and the Lucky Bay garnet mines; gas production; and energy solutions for natural gas to power operations; explores renewable energy sources, such as solar, wind, and geothermal; conventional gas and geothermal energy solutions; and power. Further, it provides crushing, processing, haulage, port materials handling, transhipping, mobile mining asset maintenance, camp and accommodation, and domestic air transportation services. Mineral Resources Limited was founded in 1992 and is headquartered in Osborne Park, Australia.",7266,https://www.mineralresources.com.au,Australia,Osborne Park,WA,62.46,12400635904,198537253,171923026,1050655,1082484,1.1,6461000192,2440000000,0.89955,0.25843,0.16422,1595000064,5829000192,0.13093,0.4013,14,5259000000.0,1402000000.0,3857000000.0,977000000.0,614000000.0,125000000.0,2024,,8814000000.0,10601000000.0,12232000000.0,908000000.0,5336000000.0,3545000000.0,2024,-3764000000.0,-2800000.0,,-2315000000.0,,2024,ok,,2026-09-02T10:21:27
MIO,MIO.AX,Macarthur Minerals Limited,ASX,EQUITY,AUD,AUD,Basic Materials,Other Industrial Metals & Mining,other-industrial-metals-mining,"Macarthur Minerals Limited, together with its subsidiaries, engages in the exploration and evaluation of mineral resource properties in Australia and the United States. It explores for gold, lithium, iron ore, cobalt, and nickel projects. The company was formerly known as MacArthur Diamonds Ltd. and changed its name to Macarthur Minerals Limited in July 2005. Macarthur Minerals Limited was incorporated in 2002 and is headquartered in Brisbane, Australia.",,https://macarthurminerals.com,Australia,Brisbane,QLD,0.025,9347087,373883483,,79427,27404,,12627,-1535577,1.0,-48.99813,0.0,796015,149285,0.61354,0.03879,,0.0,70514.0,-70514.0,-1745597.0,-1765715.0,-1822189.0,2024,,52875400.0,53947071.0,53884557.0,796015.0,149285.0,52377661.0,2026,-282953.0,2788413.0,-1744652.0,-2025692.0,,2026,ok,,2026-09-02T10:21:29
MKR,MKR.AX,Manuka Resources Limited,ASX,EQUITY,AUD,AUD,Basic Materials,Other Precious Metals & Mining,other-precious-metals-mining,"Manuka Resources Limited engages in the exploration and development of gold, silver, iron, titanium, and vanadium properties in Australia and New Zealand. It operates through Exploration and Operations segments. The company holds interest in the Mt Boppy gold project, which comprises three granted mining leases, four gold leases, and one exploration license covering an area approximately 210 square kilometers located in east of Cobar in the Central West region of New South Wales, Australia; and the Wonawinta silver project located in the east of Cobar Basin, Australia. It also holds 100% interests in the Taranaki VTM iron sands project in New Zealand. Manuka Resources Limited was incorporated in 2016 and is based in Sydney, Australia.",,https://www.manukaresources.com.au,Australia,Sydney,NSW,0.083,131705864,1586817694,1048475737,6777168,17825245,1.383,,-13518954,0.0,0.0,0.0,2471929,24209624,0.26173002,0.03991,1,15195323.0,21938371.0,-6743048.0,-10218201.0,-12379252.0,-18234635.0,2024,,52448121.0,63847024.0,61137606.0,2125350.0,28530547.0,17010151.0,2024,-1422717.0,10689622.0,,-8652198.0,,2024,ok,,2026-09-02T10:21:33
ML8,ML8.AX,Moonlight Resources Limited,ASX,EQUITY,AUD,AUD,Basic Materials,Gold,gold,"Moonlight Resources Limited engages in the exploration of mineral resources in Australia. The company primarily explores gold, copper, uranium, and rare earth elements. Its flagship project is the 100% owned Clermont Project located in Queensland. The company was incorporated in 2024 and is based in Sydney, Australia.",,https://www.ml8.com.au,Australia,Sydney,NSW,0.145,14055405,96933835,31481456,16717,16653,,37096,-1460711,1.0,-36.32277,0.0,6135228,0,0.84521,0.014450001,,,,,,,,,,,,,,,,,,,,,,,ok,,2026-09-02T10:21:35
MLG,MLG.AX,MLG Oz Limited,ASX,EQUITY,AUD,AUD,Basic Materials,Other Industrial Metals & Mining,other-industrial-metals-mining,"MLG Oz Limited provides mine site and supply chain solutions in Western Australia and the Northern Territory. The company offers mine site and bulk haulage services, consisting of general site haulage and bulk haulage, crusher feed, road, vehicle, tailing handling and management, screening, and site maintenance services. It provides crushing and screening services comprising primary, secondary, and tertiary crushing; blast hole stemming production; building, owning, and operation of fixed plant turnkey solutions; concrete aggregate production; road base production; run-of-mine management; bulk material screening and handling services; contract crushing services, including mobile, track-mounted crushing and screening plants; and magnetic mill ball separation. In addition, the company offers civil and mining work, which include bulk earthworks; construction of water dams, pipeline bund walls and scour pits; clearing and topsoil stripping; site rehabilitation and mechanical seeding; haul road construction; civil works including concrete; design and construction of drainage culverts, floodways and bunds; road maintenance services, including grading, watering, and signage installation; and tailings storage facilities construction services, such as linings. Further, it is involved in providing joint venture mining services, such as drill and blast operations, excavation, haulage, ore processing, site rehabilitation, and environmental management, as well as mine planning and designing. The company was founded in 2001 and is headquartered in Kalgoorlie, Australia.",,https://www.mlgoz.com.au,Australia,Kalgoorlie,WA,0.825,132278152,160337151,58635220,122362,51608,0.783,567011008,71320000,0.35195,0.05274,0.025510002,9793000,96270000,0.59119,0.056649998,1,540394000.0,-54000.0,540448000.0,59651000.0,18304000.0,12133000.0,2025,13831000.0,216954000.0,384574000.0,319264000.0,9241000.0,75636000.0,145178000.0,2025,-23944000.0,-204551.0,,33901000.0,,2025,ok,,2026-09-02T10:21:38
MLS,MLS.AX,Metals Australia Ltd,ASX,EQUITY,AUD,AUD,Basic Materials,Other Industrial Metals & Mining,other-industrial-metals-mining,"Metals Australia Ltd engages in the exploration and development of mineral deposits and investment in Australia and Canada. The company primarily explores for lithium, gold, silver, copper, zinc, cobalt, graphite, titanium, vanadium, iron, and other base metal deposits. Its holds 100% interest in its flagship project Lac Rainy graphite project located in Quebec, Canada. The company was incorporated in 1981 and is headquartered in West Perth, Australia.",,https://www.metalsaustralia.com.au,Australia,West Perth,WA,0.02,14634391,731719524,401201815,346078,209317,0.147,1383167,,1.0,-7.4336605,-1.63368,5616918,0,0.45008,0.0,,,,,-1314584.0,-1314584.0,-537683.0,2024,,19476558.0,19476558.0,37169501.0,17352223.0,,34600281.0,2024,-1710103.0,3467633.0,,-1862023.0,,2024,ok,,2026-09-02T10:21:41
MLX,MLX.AX,Metals X Limited,ASX,EQUITY,AUD,AUD,Basic Materials,Other Industrial Metals & Mining,other-industrial-metals-mining,"Metals X Limited engages in the production of tin in Australia. The company holds a 50% interest in the Renison tin project located on the Northwest Tasmania. It offers tin-in-concentrate, as well as invests in companies undertaking exploration and development of tin, gold, and base metals projects. Metals X Limited was incorporated in 2004 and is based in South Perth, Australia.",,https://www.metalsx.com.au,Australia,South Perth,WA,1.83,1622098304,886392538,629400749,3034599,2136038,0.891,342188992,209248992,0.54460996,0.59442,0.45461,373998016,1100000,0.09847999,0.54328996,3,284999000.0,147858000.0,137141000.0,149673000.0,122077000.0,104605000.0,2025,19343000.0,184284000.0,252375000.0,618509000.0,293606000.0,3285000.0,532533000.0,2025,-37349000.0,-8308000.0,,90974000.0,,2025,ok,,2026-09-02T10:21:43
MM1,MM1.AX,Midas Minerals Limited,ASX,EQUITY,AUD,AUD,Basic Materials,Other Precious Metals & Mining,other-precious-metals-mining,"Midas Minerals Limited, a junior mineral exploration company, engages in the exploration for mineral resources in Western Australia, Namibia, and Canada. It explores for copper, silver, gold, lithium, nickel, and base metals, as well as platinum group elements. The company was formerly known as Cowan Lithium Limited and changed its name to Midas Minerals Limited in March 2021. Midas Minerals Limited was incorporated in 2018 and is based in West Perth, Australia.",,https://www.midasminerals.com,Australia,West Perth,WA,1.315,323624704,246102427,149132686,589908,834173,0.128,,-2742089,0.0,0.0,0.0,8783150,0,0.27499,0.16024,1,,,,-3002117.0,-3074806.0,-2774613.0,2025,,11670043.0,11670043.0,20913338.0,8783150.0,,20537092.0,2025,-3220261.0,18123650.0,,-4904291.0,,2025,ok,,2026-09-02T10:21:45
MM8,MM8.AX,Medallion Metals Limited,ASX,EQUITY,AUD,AUD,Basic Materials,Other Precious Metals & Mining,other-precious-metals-mining,"Medallion Metals Limited engages in mineral exploration activities in Australia. It primarily explores for gold, silver, copper, lead, and zinc deposits. The company's flagship property is the 100% owned Ravensthorpe gold project covering an area of approximately 600 square kilometers located in Perth, Western Australia. Medallion Metals Limited was incorporated in 2015 and is based in West Perth, Australia.",,https://medallionmetals.com.au,Australia,West Perth,WA,0.512,475270336,928262354,489651540,1003367,1699073,0.223,373301,-11884067,1.0,-1222.9937,0.0,62695616,3312824,0.30938998,0.13444,2,1111527.0,,1111527.0,-5852597.0,-5945411.0,-6126739.0,2025,1000000.0,19119975.0,19548561.0,28929587.0,9464054.0,2916410.0,23930360.0,2025,-4526482.0,17326354.0,,-9543813.0,,2025,ok,,2026-09-02T10:21:48
MMA,MMA.AX,Maronan Metals Limited,ASX,EQUITY,AUD,AUD,Basic Materials,Other Precious Metals & Mining,other-precious-metals-mining,"Maronan Metals Limited engages in the exploration, evaluation, and development of mineral resource properties in Australia. It explores for lead, silver, copper, gold, zinc, and other mineral deposits. The company holds 100% interests in the Maronan project located in Carpentaria Province of Northwest Queensland. Maronan Metals Limited was incorporated in 2012 and is based in Cloncurry, Australia.",,https://www.maronanmetals.com.au,Australia,Cloncurry,QLD,0.465,146135328,314269541,145771404,441171,308063,0.798,-36656,-7021994,0.0,-360.91653,0.0,15815326,18622,0.42668998,0.01334,2,,,,-4541361.0,-5346789.0,-4543321.0,2024,,5839701.0,5955365.0,16187201.0,10146100.0,93364.0,15162586.0,2024,-13414.0,9067262.0,,-4504460.0,,2024,ok,,2026-09-02T10:21:51
MMI,MMI.AX,Metro Mining Limited,ASX,EQUITY,AUD,AUD,Basic Materials,Other Industrial Metals & Mining,other-industrial-metals-mining,"Metro Mining Limited, together with its subsidiaries, operates as an exploration and mining company in Australia. The company explores bauxite. Its flagship project is the Bauxite Hills Mine property that covers an area of approximately 825 square kilometers located on Western Cape York in Far North Queensland. The company sells bauxite to its customers in China and United Arab Emirates. The company was formerly known as MetroCoal Limited and changed its name to Metro Mining Limited in December 2014. Metro Mining Limited was incorporated in 2006 and is headquartered in Brisbane, Australia.",,https://www.metromining.com.au,Australia,Brisbane,QLD,1.34,412945728,308168437,251850125,715568,460009,0.687,378361984,68227000,0.19285999,0.17055,0.37618,57463000,89972000,0.17559999,0.21921,2,378362000.0,283117000.0,95245000.0,156227000.0,53423000.0,142334000.0,2025,883000.0,192488000.0,248219000.0,361371000.0,62765000.0,89972000.0,186871000.0,2025,-11642000.0,104306000.0,,63413000.0,,2025,ok,,2026-09-02T10:21:53
MML,MML.AX,McLaren Minerals Limited,ASX,EQUITY,AUD,AUD,Basic Materials,Other Industrial Metals & Mining,other-industrial-metals-mining,"McLaren Minerals Limited engages in the mineral exploration and evaluation activities in Australia. It primarily explores silica sand and titanium deposits. The company's flagship project is the McLaren Minerals Titanium project located on the western side of the Eucla Basin, Western Australia. The company was formerly known as Allup Silica Limited and changed its name to McLaren Minerals Limited in December 2024. McLaren Minerals Limited was incorporated in 2013 and is based in Perth, Australia.",,https://mclarenminerals.com.au,Australia,Perth,WA,0.014,7076456,505461159,252564100,1202382,1054998,0.591,7953,-1954443,1.0,-378.2625,0.0,2890510,0,0.36736,0.0,,,,,-1451969.0,-1499186.0,-1423813.0,2024,,1760298.0,1807849.0,3101289.0,1179810.0,123861.0,2860505.0,2024,-827408.0,5545800.0,,-1955892.0,,2024,ok,,2026-09-02T10:21:56
MNB,MNB.AX,Minbos Resources Limited,ASX,EQUITY,AUD,AUD,Basic Materials,Agricultural Inputs,agricultural-inputs,"Minbos Resources Limited, together with its subsidiaries, engages in the exploration and development of mineral properties in Africa. The company explores for phosphate and ammonia deposits. It also develops the Cabinda Phosphate Project and Capanda Green Ammonia Project located in Angola and Congo. The company was incorporated in 2009 and is based in West Perth, Australia.",,https://minbos.com,Australia,West Perth,WA,0.018,24050038,1336113237,902963448,3772404,1217267,-0.27,214573,-8151397,1.0,-37.40868,0.0,2290068,751035,0.19982,0.0,,43329.0,,43329.0,-8322641.0,-8576167.0,-7795829.0,2025,21552355.0,30490042.0,31114029.0,36782196.0,2290068.0,751035.0,32001786.0,2025,-9296959.0,7834057.0,,-18572758.0,,2025,ok,,2026-09-02T10:21:59
MOH,MOH.AX,Moho Resources Limited,ASX,EQUITY,AUD,AUD,Basic Materials,Other Precious Metals & Mining,other-precious-metals-mining,"Moho Resources Limited engages in the exploration and development of mineral resources in Australia. It explores for gold, nickel, critical minerals, and copper deposits. Moho Resources Limited was incorporated in 2012 and is based in Nedlands, Australia.",,https://www.mohoresources.com.au,Australia,Nedlands,WA,0.005,5265460,1053092049,660901831,1168000,658342,1.476,32943,-509985,1.0,-25.82095,0.0,2147494,0,0.35432,0.0,,,,,-5816160.0,-5899874.0,-5914537.0,2024,,4101632.0,4239732.0,5144461.0,1001142.0,44957.0,4259819.0,2024,-819996.0,1696218.0,,-1975851.0,,2025,ok,,2026-09-02T10:22:01
MOM,MOM.AX,Moab Minerals Limited,ASX,EQUITY,AUD,AUD,Basic Materials,Other Industrial Metals & Mining,other-industrial-metals-mining,"Moab Minerals Limited evaluates and explores mineral projects in Tanzania, Ghana, and the United States. It explores uranium, vanadium, lithium, gold, copper, cobalt, and base metal deposits. The company was formerly known as Delecta Limited and changed its name to Moab Minerals Limited in September 2022. Moab Minerals Limited is based in North Perth, Australia.",,https://www.moabminerals.com.au,Australia,North Perth,WA,0.002,4031404,2015702328,986525033,1443535,813,0.091,,-1325600,0.0,0.0,0.0,404771,1723575,0.50608003,0.02481,,15619000.0,11318000.0,4301000.0,-1303571.0,-1306033.0,-1287967.0,2022,,2166684.0,2166684.0,7030928.0,1817898.0,543000.0,6821657.0,2024,-767900.0,4002000.0,,-1641101.0,,2024,ok,,2026-09-02T10:22:04
MPK,MPK.AX,Many Peaks Minerals Limited,ASX,EQUITY,AUD,AUD,Basic Materials,Other Precious Metals & Mining,other-precious-metals-mining,"Many Peaks Minerals Limited engages in the exploration of mineral properties in Africa. It explores for gold, copper, and lithium deposits. It holds 65% interest in the Ferké Gold Project covering an area of 520 square kilometers, located on the eastern margin of the Daloa greenstone belt. The company was formerly known as Many Peaks Gold Limited and changed its name to Many Peaks Minerals Limited in November 2023. Many Peaks Minerals Limited was incorporated in 2020 and is based in West Perth, Australia.",,https://manypeaks.com.au,Australia,West Perth,WA,0.875,148968944,170250227,93859930,65822,79590,1.157,,-3912786,0.0,0.0,0.0,12974072,36388,0.32579,0.083629996,4,21017.0,,21017.0,-3399988.0,-3399988.0,-4109846.0,2024,,1820010.0,1820869.0,7565707.0,5629900.0,,7282186.0,2024,-1751491.0,5014000.0,,-2353263.0,,2024,ok,,2026-09-02T10:22:06
MQR,MQR.AX,Marquee Resources Limited,ASX,EQUITY,AUD,AUD,Basic Materials,Other Industrial Metals & Mining,other-industrial-metals-mining,"Marquee Resources Limited engages in the exploration, evaluation, and development of mineral properties in the United States and Australia. The company primarily explores for antimony, gold, rare earth element, lithium, copper, and nickel deposits. Its flagship property is the West Spargoville project that consists of 80 square kilometers prospective tenure located in the Southern Yilgarn Lithium Belt, in Western Australia. Marquee Resources Limited was incorporated in 2016 and is based in Subiaco, Australia.",,https://www.marqueeresources.com.au,Australia,Subiaco,WA,0.005,5678983,1135796641,646479041,1614389,749296,0.611,-259,-1856800,0.0,-110.13095,0.0,1037415,102578,0.24937001,0.010140001,,,,,-6979652.0,-6934696.0,-7046307.0,2024,,11714081.0,11714081.0,14640672.0,1970124.0,56807.0,14219241.0,2024,-2742235.0,1985306.0,,-4230527.0,,2024,ok,,2026-09-02T10:22:08
MRD,MRD.AX,Mount Ridley Mines Limited,ASX,EQUITY,AUD,AUD,Basic Materials,Other Industrial Metals & Mining,other-industrial-metals-mining,"Mount Ridley Mines Limited explores for mineral properties in Australia. The company explores for nickel, iron, copper sulphide, and gold deposits, as well as platinum-group elements and rare earth elements. It holds an interest in the Mount Ridley project located in Western Australia, and the Weld Range West project covering an area of 52 square kilometers located in Western Australia. The company was incorporated in 2000 and is based in Nedlands, Australia.",,https://mtridleymines.com.au,Australia,Nedlands,WA,0.04,53134344,1328358598,872321028,2878794,6678373,0.259,445499,-1187108,1.0,-63.13817,0.0,1832515,0,0.31524,0.0,,,,,-3022566.0,-3107406.0,-1985352.0,2024,,2009398.0,2243266.0,3964157.0,1391551.0,24167.0,3802048.0,2024,-242046.0,5783234.0,,-2047813.0,,2023,ok,,2026-09-02T10:22:11
MRQ,MRQ.AX,MRG Metals Ltd,ASX,EQUITY,AUD,AUD,Basic Materials,Other Industrial Metals & Mining,other-industrial-metals-mining,"MRG Metals Ltd, together with its subsidiaries, explores and develops mineral projects in Mozambique, Zimbabwe, and Western Australia. It explores for heavy mineral sands, rare earths, uranium, carbonatite, and lithium deposits. The company's flagship project is the Corridor Sands project comprising Corridor Central covering an area of 179 square kilometers and Corridor South covering an area of 208 square kilometers located in Mozambique. MRG Metals Ltd was incorporated in 2011 and is based in Ballarat, Australia.",,https://mrgmetals.com.au,Australia,Ballarat,VIC,0.002,6696302,3348151150,2203911191,2666170,7953356,0.045,-3363,,0.0,-437.88354,0.0,1050105,0,0.27073,0.0,,,,,-875691.0,-875691.0,-847054.0,2024,,6445121.0,6523487.0,7207679.0,359546.0,,6984143.0,2024,-591265.0,1040000.0,,-1322181.0,,2024,ok,,2026-09-02T10:22:13
MRR,MRR.AX,MinRex Resources Limited,ASX,EQUITY,AUD,AUD,Basic Materials,Other Industrial Metals & Mining,other-industrial-metals-mining,"MinRex Resources Limited engages in the exploration and development of mineral properties. It focuses on the exploration of gold, silver, arsenic, copper, lead, and antimony. The company's projects include Mt Pleasant Project, which covers an area of 71km located in South of Mudgee; Sofala Gold Project located in the East Lachlan Fold Belt; Sunny Corner Project located in New South Wales. The company was formerly known as MinRex Resources NL and changed its name to MinRex Resources Limited in January 2016. MinRex Resources Limited was incorporated in 2011 and is based in West Perth, Australia.",,https://www.minrex.com.au,Australia,West Perth,WA,0.015,32147298,2143153314,950137808,1489649,1725152,1.091,9785,-2364312,1.0,-8.08353,0.0,8050507,0,0.17091998,0.05282,,,,,-4227819.0,-4969679.0,-4302926.0,2024,,4782311.0,4782311.0,23009066.0,1735223.0,71730.0,14534865.0,2024,-150000.0,1264015.0,,-2126132.0,,2024,ok,,2026-09-02T10:22:16
MRT,MRT.AX,Maritana Minerals Limited,ASX,EQUITY,AUD,AUD,Basic Materials,Gold,gold,"Maritana Minerals Limited engages in the exploration, development, and production of gold and other mineral resources in Australia. It primarily explores for gold, nickel, cobalt, silver, and zinc deposits. The company was formerly known as Horizon Minerals Limited and changed its name to Maritana Minerals Limited in April 2026. Maritana Minerals Limited was incorporated in 1974 and is based in West Perth, Australia.",,https://maritanaminerals.com.au,Australia,West Perth,WA,0.765,284942976,372474492,133121115,589585,758917,1.159,97633112,27577314,0.07422,0.28941,-0.03681,37493440,748108,0.15609999,0.17027001,1,36854662.0,30577671.0,6276991.0,-10528923.0,-19040274.0,-23847246.0,2025,,156310655.0,179812183.0,195011145.0,15700998.0,8105831.0,84074480.0,2025,-10037089.0,35443595.0,,-25204975.0,,2025,ok,,2026-09-02T10:22:18
MRZ,MRZ.AX,Mont Royal Resources Limited,ASX,EQUITY,AUD,AUD,Basic Materials,Other Industrial Metals & Mining,other-industrial-metals-mining,"Mont Royal Resources Limited engages in the development and exploration of minerals properties in Canada. The flagship property includes 100% interest in the Ashram rare earth and fluorspar deposit in Québec, Canada. Mont Royal Resources Limited is based in Sydney, Australia.",,https://www.montroyalres.com,Australia,Sydney,NSW,0.09,17324378,192493084,147938635,276607,226772,,34265,-5371389,1.0,-93.02403,0.0,4794187,38719,0.23767,0.010679999,,0.0,36279.0,-36279.0,-6103141.0,-5888199.0,-6556423.0,2025,,59431544.0,59431544.0,73811172.0,10165403.0,61753.0,68126063.0,2025,-2994812.0,9557688.0,-2005856.0,-5000668.0,,2025,ok,,2026-09-02T10:22:20
MSV,MSV.AX,Mitchell Services Limited,ASX,EQUITY,AUD,AUD,Basic Materials,Other Industrial Metals & Mining,other-industrial-metals-mining,"Mitchell Services Limited, together with its subsidiaries, provides exploration, and mine site and geotechnical drilling services to the exploration, mining, and energy industries in Australia. The company provides drilling services, such as greenfield exploration, project feasibility, mine site exploration and resource definition, development, and production, as well as decarbonisation solutions. It also offers surface drilling services, including diamond coring, directional, mud rotary, mine services, mineral performance drilling (MPD), geotechnical, water bores, and reverse circulation services. In addition, it provides underground drilling services comprising diamond coring, directional, underground in seam, mine services, and geotechnical. The company was formerly known as Drill Torque Limited and changed its name to Mitchell Services Limited in December 2013. Mitchell Services Limited was founded in 1969 and is headquartered in Seventeen Mile Rocks, Australia.",567,https://www.mitchellservices.com.au,Australia,Seventeen Mile Rocks,QLD,0.49,104100760,212450530,134512859,359461,496971,0.502,199803760,32947028,0.39113998,0.099180005,0.04474,15531580,10201396,0.39486,0.05331,1,196650587.0,20543850.0,176106737.0,25845132.0,537366.0,536874.0,2025,3072676.0,60111004.0,217374568.0,111271295.0,1345083.0,10767711.0,61035549.0,2025,-19974783.0,10497738.0,,-2052637.0,,2025,ok,,2026-09-02T10:22:23
MTH,MTH.AX,Mithril Silver and Gold Limited,ASX,EQUITY,AUD,AUD,Basic Materials,Other Industrial Metals & Mining,other-industrial-metals-mining,"Mithril Silver and Gold Limited engages in the exploration and development of mineral properties in Mexico and Australia. The company explores for gold and silver deposits. It's flagship project owned 100% interests in the Copalquin Gold Silver project covering an area of 70 square kilometers located in the Durango State, Mexico. The company was formerly known as Mithril Resources Limited and changed its name to Mithril Silver and Gold Limited in September 2024. Mithril Silver and Gold Limited was incorporated in 2002 and is based in Melbourne, Australia.",,https://mithrilsilvergold.com,Australia,Melbourne,VIC,0.25,46871940,187487758,157592044,271848,455048,1.135,,-4803101,0.0,0.0,0.0,10906737,0,0.38771,0.32729,,,,,-1484941.0,-1670809.0,-1600354.0,2024,,30811554.0,30811554.0,32923660.0,1496392.0,34739.0,32476915.0,2024,-2059479.0,3370488.0,,-3406741.0,,2024,ok,,2026-09-02T10:22:26
MTL,MTL.AX,Mantle Minerals Limited,ASX,EQUITY,AUD,AUD,Basic Materials,Other Industrial Metals & Mining,other-industrial-metals-mining,"Mantle Minerals Limited operates as a mineral exploration and development company in Australia. The company explores for gold and nickel deposits. It holds interests in the Yule River project covering an area of 141 square kilometres located on southwest of Port Hedland in the Pilbara region, Western Australia; and the Pardoo Project covering an area of 89 square kilometres situated on northeast of Port Hedland in the Pilbara region, Western Australia. Mantle Minerals Limited was formerly known as Caeneus Minerals Ltd and changed its name to Mantle Minerals Limited in December 2022. The company was incorporated in 1998 and is based in Nedlands, Australia.",,https://mantleminerals.com.au,Australia,Nedlands,WA,0.001,7233115,7233114834,5001843570,4064795,4637863,-0.073,,-947167,0.0,0.0,0.0,5743221,0,0.33223,0.0,,,,,-2661730.0,-2673914.0,-2589220.0,2024,,30142.0,58424.0,905442.0,777050.0,3143.0,33989.0,2024,-1386619.0,100000.0,,-2223413.0,,2024,ok,,2026-09-02T10:22:28
MTM,MTM.AX,Metallium Limited,ASX,EQUITY,AUD,AUD,Basic Materials,Other Industrial Metals & Mining,other-industrial-metals-mining,"Metallium Limited, through its subsidiaries, explores for mineral tenements in Western Australia and Québec, Canada. It operates through two segments: mineral exploration and metal recovery technology. The company explores for gold, niobium, base metals, lithium, nickel, cobalt, graphite, and rare earth elements. Metallium Limited was formerly known as MTM Critical Metals Limited and changed its name to Metallium Limited in July 2025. The company was incorporated in 2020 and is based in Subiaco, Australia.",,https://metalliuminc.com,Australia,Subiaco,WA,0.38,285831168,752187269,564363160,4130031,3480307,1.068,436194,-50398896,1.0,-53.905907,0.0,29818250,6027136,0.23985,0.01039,1,,,,-3590413.0,-3633654.0,-3912962.0,2024,,8208404.0,8238125.0,18712880.0,2493068.0,4913.0,18291580.0,2024,-2490370.0,5000000.0,,-4521628.0,,2024,ok,,2026-09-02T10:22:31
MVL,MVL.AX,Marvel Gold Limited,ASX,EQUITY,AUD,AUD,Basic Materials,Gold,gold,"Marvel Gold Limited engages in the acquisition, exploration, and development of gold projects. The company holds 100% interest in the Hanang gold project, which is located in central Tanzania. Marvel Gold Limited was incorporated in 2016 and is based in West Perth, Australia.",,https://marvelgold.com.au,Australia,West Perth,WA,0.013,18488524,1422194038,747416171,495141,112135,0.301,82950,-2077174,1.0,-16.28801,0.0,3732339,0,0.51155996,0.00354,,,,,-3822294.0,-3822294.0,-3180815.0,2025,,485455.0,485455.0,4327425.0,3732339.0,,3728676.0,2025,-2285.0,4485001.0,,-1683155.0,,2025,ok,,2026-09-02T10:22:34
MYE,MYE.AX,Mastermyne Group Limited,ASX,EQUITY,AUD,AUD,Basic Materials,Other Industrial Metals & Mining,other-industrial-metals-mining,"Mastermyne Group Limited provides mine operation, contracting, training, and related services in the mining and supporting industries in Australia. It offers various contracting services, which includes mine development and support services, such as roadway construction, ventilation, conveyors, longwall relocations, application of polymeric strata support, chemical application, cavity fill, strata consolidation, ventilation control devices, production and ancillary equipment services, and industrial products. The company also provides chemical products, services, and consumables to the underground long wall coal mining operations in the coalfields and supporting coal mining industries. The company operates under the Mastermyne, Wilson Mining, and MyneSight brand names. The company was formerly known as Metarock Group Limited and changed its name to Mastermyne Group Limited in November 2024. Mastermyne Group Limited was founded in 1996 and is headquartered in Mackay, Australia.",689,https://www.mastermyne.com.au,Australia,Mackay,QLD,0.62,191441104,308775979,58570294,440400,483161,0.614,237748992,12751000,0.8084,0.08201,0.00842,47224000,3340000,0.80954003,0.0,1,213821000.0,,213821000.0,11734000.0,3467000.0,1714000.0,2025,2668000.0,15455000.0,54480000.0,107477000.0,30423000.0,5136000.0,73975000.0,2025,-3833000.0,761000.0,,13074000.0,,2025,ok,,2026-09-02T10:22:36
NAG,NAG.AX,Nagambie Resources Limited,ASX,EQUITY,AUD,AUD,Basic Materials,Gold,gold,"Nagambie Resources Limited explores for and develops gold and related minerals, and construction materials in Australia. The company's flagship property includes 100% owned the Antimony-Gold project located at the Nagambie Mine. It is also involved in the investigation and development of waste handling assets, as well as property owning activities. The company was formerly known as Nagambie Mining Limited and changed its name to Nagambie Resources Limited in November 2015. The company was incorporated in 2004 and is headquartered in Nagambie, Australia.",,https://www.nagambieresources.com.au,Australia,Nagambie,VIC,0.01,12642945,1264294534,498157529,1062171,545350,0.648,268540,-1059020,0.98293996,-5.5694704,0.0,716736,5901816,0.48151,0.0,,17835.0,109753.0,-91918.0,-1014275.0,-1519918.0,-1846226.0,2025,,22884054.0,23466375.0,23810083.0,69324.0,5727452.0,13915893.0,2025,-1290574.0,1117728.0,,-1678394.0,,2025,ok,,2026-09-02T10:22:39
NC1,NC1.AX,NICO Resources Limited,ASX,EQUITY,AUD,AUD,Basic Materials,Other Industrial Metals & Mining,other-industrial-metals-mining,"NICO Resources Limited engages in the acquisition, exploration, and development of mineral properties in Australia. Its flagship project is the Wingellina nickel-cobalt project located in Western Australia. The company was incorporated in 2021 and is based in Perth, Australia.",,https://nicoresources.com.au,Australia,Perth,WA,0.12,16415316,136794309,71318335,226136,485017,1.772,,-590987,0.0,0.0,0.0,2686068,0,0.45606998,0.0,,,,,-3427360.0,-4628424.0,-3617753.0,2024,,13251523.0,13381119.0,18348769.0,4590815.0,158415.0,17615407.0,2024,-4227883.0,6863608.0,,-6554149.0,,2024,ok,,2026-09-02T10:22:41
NEM,NEM.AX,Newmont Corporation,ASX,EQUITY,AUD,USD,Basic Materials,Gold,gold,"Newmont Corporation operates as a gold producer. It also explores for copper, silver, lead, zinc, and other metals. It has operations and/or assets in the United States, Papua New Guinea, Australia, Ghana, Suriname, Argentina, Dominican Republic, Chile, Peru, Ecuador, Mexico, and Canada. The company was founded in 1916 and is headquartered in Denver, Colorado.",17500,https://www.newmont.com,United States,Denver,CO,169.785,178901155840,1053692271,1051342537,348905,385388,0.5,25767000064,17057999872,0.68041,0.51569,0.33363998,9009000448,5598000128,0.0,0.09503,10,22669000000.0,10606000000.0,12063000000.0,14092000000.0,11023000000.0,7085000000.0,2025,4577000000.0,33310000000.0,53537000000.0,57121000000.0,7647000000.0,5589000000.0,33867000000.0,2025,-3035000000.0,-2303000000.0,10334000000.0,7299000000.0,,2025,ok,,2026-09-02T10:22:44
NES,NES.AX,Nelson Resources Limited,ASX,EQUITY,AUD,AUD,Basic Materials,Gold,gold,"Nelson Resources Limited engages in the exploration and development of natural resources in Australia. The company primarily explores for gold deposit. Its flagship property is the Woodline Project that covers an area of approximately 1185 square kilometers located at the boundary between the Proterozoic Albany-Fraser Orogen and the Archean Yilgarn-Craton. The company was formerly known as Mongolian Resource Corporation Limited and changed its name to Nelson Resources Limited in November 2016. Nelson Resources Limited was incorporated in 2007 and is based in Perth, Australia.",,https://nelsonresources.com.au,Australia,Perth,WA,0.003,8214783,2738260995,1303357468,3042545,5170177,1.395,10958,-908552,0.0,-112.80307,0.0,4139145,0,0.47825,0.0,,,,,-6385336.0,-6409593.0,-6400075.0,2024,,1112208.0,1112208.0,1244358.0,100967.0,249684.0,1035871.0,2024,-588899.0,1393763.0,,-811629.0,,2024,ok,,2026-09-02T10:22:47
NFL,NFL.AX,Norfolk Metals Limited,ASX,EQUITY,AUD,AUD,Basic Materials,Other Precious Metals & Mining,other-precious-metals-mining,"Norfolk Metals Limited explores for copper, gold, and uranium properties in Australia. The company holds interest in the Roger River Gold project, which comprises 2 granted exploration license covering an area of 74 square kilometers located in Tasmania; and the Orroroo Uranium project consist of 3 granted exploration license covering an area of 723 square kilometers located in South Australia; and Carmen Copper Project comprises of 22 contiguous licences covering an area of 46.6 square kilometers located in Atacama Region in Chile. Norfolk Metals Limited was incorporated in 2021 and is based in Cottesloe, Australia.",,https://www.norfolkmetals.com.au,Australia,Cottesloe,WA,0.11,11088126,100801141,60718825,0,0,0.637,,-1474771,0.0,0.0,0.0,2134565,0,0.27669,0.0,,,,,-684170.0,-764698.0,-687234.0,2025,,4090592.0,4090592.0,6533815.0,2103456.0,,6160450.0,2025,-1535682.0,1070000.0,,-1979624.0,,2025,ok,,2026-09-02T10:22:49
NFM,NFM.AX,New Frontier Minerals Limited,ASX,EQUITY,AUD,AUD,Basic Materials,Other Industrial Metals & Mining,other-industrial-metals-mining,"New Frontier Minerals Limited engages in the exploration and examination of mineral properties primarily in Australia and Zambia. It primarily explores for copper, cobalt, silver, gold, lead, niobium, uranium, and zinc deposits, as well as rare earth elements. The company holds interest in Harts Range project located in north-east from Alice Springs and NWQ Copper Project located in north of Mt Isa in Queensland. It also holds option to acquire 90% of Pomme REE Project, consists of 43 mineral claims, covering approximately nine square miles located in northwest of Montreal in Quebec. The company was formerly known as Castillo Copper Limited and changed its name to New Frontier Minerals Limited in December 2024. New Frontier Minerals Limited was incorporated in 2009 and is based in Subiaco, Australia.",,https://www.newfrontierminerals.com,Australia,Subiaco,WA,0.006,10429779,1738296401,1307324851,1591676,672847,0.386,23338,469506,1.0,-14.892309,0.0,3046918,66289,0.24431999,0.0,,,,,-1778303.0,-1778303.0,-1461849.0,2024,,8493010.0,8493010.0,11099060.0,1118294.0,,10610574.0,2024,-617285.0,1742319.0,,-1778598.0,,2024,ok,,2026-09-02T10:22:52
NGX,NGX.AX,NGX Limited,ASX,EQUITY,AUD,AUD,Basic Materials,Other Industrial Metals & Mining,other-industrial-metals-mining,"NGX Limited, together with its subsidiaries, focuses on the exploration and development of resource projects in Malawi and Namibia. The company explores for graphite and uranium deposits. NGX Limited was incorporated in 2021 and is based in Perth, Australia.",,https://www.ngxlimited.com,Australia,Perth,WA,0.079,7158335,90611840,73698234,32733,51473,0.408,26797,-2427694,1.0,-91.670105,0.0,2671449,0,0.18989,0.00132,,,,,-2688858.0,-2717657.0,-2386436.0,2024,,6706629.0,6735428.0,12820504.0,5982951.0,34850.0,12681015.0,2024,-170653.0,9561184.0,,-2717252.0,,2024,ok,,2026-09-02T10:22:54
NH3,NH3.AX,NH3 Clean Energy Limited,ASX,EQUITY,AUD,AUD,Basic Materials,Other Industrial Metals & Mining,other-industrial-metals-mining,"NH3 Clean Energy Limited, together with its subsidiaries, explores for and develops clean energy and energy materials projects in Australia and the United States. It operates through two segments, Mineral Exploration in Australia; and WAH2 Project. It explores for graphite, gold, nickel, copper, and base metal deposits, as well as platinum group metals. Its flagship project is the WAH2 low-emissions ammonia project located in Australia. The company was formerly known as Hexagon Energy Materials Limited and changed its name to NH3 Clean Energy Limited in December 2024. NH3 Clean Energy Limited was incorporated in 2001 and is based in West Perth, Australia.",,https://nh3cleanenergy.com,Australia,West Perth,WA,0.087,66307500,762155222,545456760,555525,622166,1.649,100,-2067770,1.0,-3.5794601,0.0,2669804,0,0.2077,0.03715,,,,,-1489625.0,-2200324.0,-1555503.0,2024,,3033879.0,3033879.0,4057129.0,980515.0,1000000.0,1300194.0,2024,-227236.0,1738702.0,,-1554459.0,,2024,ok,,2026-09-02T10:22:57
NIC,NIC.AX,Nickel Industries Limited,ASX,EQUITY,AUD,USD,Basic Materials,Other Industrial Metals & Mining,other-industrial-metals-mining,"Nickel Industries Limited engages in nickel ore mining, nickel pig iron, cobalt, and nickel matte production activities. It also produces mixed hydroxide precipitate for use in the electric vehicle supply chain. The company was formerly known as Nickel Mines Limited and changed its name to Nickel Industries Limited in June 2022. The company was incorporated in 2007 and is based in Sydney, Australia.",,https://www.nickelindustries.com,Australia,Sydney,NSW,0.82,3560387584,4341935875,831501718,8001206,6537399,,292889376,113436704,0.4074,0.33685002,0.42326,49820012,65000000,0.5076,0.23527001,8,1649099517.0,1368137145.0,280962372.0,249129372.0,116230625.0,-57061395.0,2025,12110379.0,1561444916.0,2069749682.0,4264418345.9999,323327295.0,1226113016.0,2043062787.0,2025,-35943896.0,828929850.0,,151974867.0,,2025,ok,,2026-09-02T10:22:59
NIM,NIM.AX,Nimy Resources Limited,ASX,EQUITY,AUD,AUD,Basic Materials,Other Industrial Metals & Mining,other-industrial-metals-mining,"Nimy Resources Limited, an exploration company, engages in the exploration and development activities of Mons project in Australia. The company explores for gallium, copper, silver, bismuth, cobalt, molybdenum, palladium, nickel, lithium, rare earths, gold, and iron deposits, as well as other precious and base metals. It also holds a 100% interest in the Mons Project comprising various tenements that covers an area of approximately 3,004 square kilometers located within the Archean Murchison Domain of the Youanmi Terrane of the Yilgarn Craton. Nimy Resources Limited was incorporated in 2012 and is based in Perth, Australia.",,https://www.nimy.com.au,Australia,Perth,WA,0.046,16420166,356960124,224503732,506813,271733,-0.908,-2503,-3730341,0.0,-1618.7517,0.0,6158871,0,0.34203,0.0,2,,,,-2289488.0,-4543560.0,-2431485.0,2024,,196289.0,354831.0,1007579.0,524070.0,13343.0,145225.0,2024,-31675.0,3361018.0,,-2301264.0,,2024,ok,,2026-09-02T10:23:02
NME,NME.AX,Nex Metals Explorations Limited,ASX,EQUITY,AUD,AUD,Basic Materials,Gold,gold,"Nex Metals Explorations Limited engages in the exploration of mineral properties in Australia. The company primarily explores for gold, copper, and nickel deposits. It holds interests in the Kookynie gold project and the Yundamindra gold project located in the Eastern Goldfields, Western Australia. The company also holds interests in the Kookynie Tailings Research Project located in Cosmopolitan tenement. Nex Metals Explorations Limited was incorporated in 2007 and is based in Osborne Park, Australia.",,https://www.nexmetals.com,Australia,Osborne Park,WA,0.017,5810322,341783653,159222197,27934,49103,0.651,-5000,-1758215,0.0,357.89603,0.0,16499,419285,0.52511,0.0,,,,,-568584.0,-805392.0,-579112.0,2024,,610287.0,855416.0,909676.0,292286.0,517663.0,-1319940.0,2024,-14599.0,200000.0,,-438242.0,,2024,ok,,2026-09-02T10:23:05
NMG,NMG.AX,New Murchison Gold Limited,ASX,EQUITY,AUD,AUD,Basic Materials,Other Industrial Metals & Mining,other-industrial-metals-mining,"New Murchison Gold Limited engages in the mineral exploration activities in Australia. The company primarily explores for gold. Its flagship property is the Garden Gully property consisting of 677 square kilometers tenure package located in the Abbotts Greenstone Belt north of Meekatharra. The company was formerly known as Ora Gold Limited and changed its name to New Murchison Gold Limited in November 2024. New Murchison Gold Limited was incorporated in 2003 and is based in West Perth, Australia.",,https://www.newmurchgold.com.au,Australia,West Perth,WA,0.074,804765120,10875204844,5454935705,20320360,25745524,0.532,219291904,149480816,0.70859003,0.70105004,0.57797,155648992,370000,0.49706,0.06537,,17959900.0,7386794.0,10573106.0,4947415.0,5098408.0,4792852.0,2025,239306.0,37701984.0,40113352.0,77109914.0,19747642.0,479432.0,58239254.0,2025,-17997648.0,40208961.0,,-21793234.0,,2025,ok,,2026-09-02T10:23:08
NMR,NMR.AX,Native Mineral Resources Holdings Limited,ASX,EQUITY,AUD,AUD,Basic Materials,Other Industrial Metals & Mining,other-industrial-metals-mining,"Native Mineral Resources Holdings Limited engages in the exploration, development, and evaluation of mineral properties in Australia. The company explores for copper, zinc, gold, lead, and base metal deposits. Its flagship project is the 100% owned Charters Towers Gold Project, which comprises 17 granted mining leases, 1 mineral development license, 6 exploration permits for minerals (EPM), and 1 EPM application covering an area of 400 square kilometers located in the Ravenswood-Charters Towers region in northern Queensland. Native Mineral Resources Holdings Limited was incorporated in 2020 and is based in Port Macquarie, Australia.",,https://nmresources.com.au,Australia,Port Macquarie,NSW,0.066,74693040,1131712817,450306699,1877035,2583911,0.792,10696537,-28546562,0.90005994,-1.69561,0.0,11254,17521530,0.53597,0.01129,,30667.0,146982.0,-116315.0,-3671520.0,-3699134.0,-3739852.0,2022,,90636.0,198850.0,159622.0,10459.0,1127967.0,-1734317.0,2024,-42040.0,1639459.0,,-2912055.0,,2024,ok,,2026-09-02T10:23:10
NMT,NMT.AX,Neometals Ltd,ASX,EQUITY,AUD,AUD,Industrials,Waste Management,waste-management,"Neometals Ltd engages in the development and commercialisation of sustainable processing solutions that recycle and recover critical materials from waste streams in Australia. The company operates through three segments: Lithium, Titanium/Vanadium, and Other. Its projects include the Barrambie Gold project covering an area of 505 square kilometers located in Sandstone, Western Australia; Lithium Chemicals project; Vanadium Recovery project, which produces vanadium pentoxide from steelmaking by-products. Neometals Ltd was incorporated in 2001 and is based in West Perth, Australia.",,https://www.neometals.com.au,Australia,West Perth,WA,0.037,32408204,875897398,591691276,1894377,2519247,1.31,,-10715472,0.0,0.0,0.0,6240772,4250721,0.26266,0.0,1,,,,-17268504.0,-12386408.0,-31015739.0,2025,,2436270.0,4506857.0,24287219.0,4130844.0,4502936.0,18640903.0,2025,-1884409.0,13277403.0,,-13391294.0,,2025,ok,,2026-09-02T10:23:13
NNL,NNL.AX,Nordic Resources Limited,ASX,EQUITY,AUD,AUD,Basic Materials,Other Industrial Metals & Mining,other-industrial-metals-mining,"Nordic Resources Limited engages in the exploration of mineral properties. It explores for copper, nickel, cobalt, and gold minerals. The company's flagship project is the Kopsa Gold-Copper Project located in Finland. The company was formerly known as Nordic Nickel Limited and changed its name to Nordic Resources Limited in December 2024. Nordic Resources Limited was incorporated in 2021 and is based in Perth, Australia.",,https://www.nordicresources.com,Australia,Perth,WA,0.19,72465616,381397969,168006951,338555,378154,1.243,,,0.0,0.0,0.0,10507974,0,0.61186004,0.01603,,,,,-1911803.0,-1911803.0,-1877071.0,2024,,11072161.0,11072161.0,12271685.0,1133431.0,110674.0,11892061.0,2024,-4671170.0,2052237.0,,-6214643.0,,2024,ok,,2026-09-02T10:23:15
NPM,NPM.AX,NewPeak Metals Limited,ASX,EQUITY,AUD,AUD,Basic Materials,Gold,gold,"NewPeak Metals Limited, a mineral resource company, explores for and evaluates properties in Australia, New Zealand, the Americas, and Europe. It also explores for gold, uranium, rare earth elements, scandium, and vanadium deposits. The company was formerly known as Dark Horse Resources Limited and changed its name to NewPeak Metals Limited in September 2020. NewPeak Metals Limited was incorporated in 1995 and is based in Brisbane, Australia.",,https://newpeak.com.au,Australia,Brisbane,QLD,0.01,6099125,609912557,56471120,2505978,3851119,0.532,,-1878765,0.0,0.0,0.0,2514548,0,0.52615,0.0,,25000.0,,25000.0,-12694056.0,-2545631.0,-14742464.0,2023,,2589560.0,2589560.0,4516300.0,36797.0,470416.0,2299267.0,2024,-312103.0,964663.0,,-1147120.0,,2024,ok,,2026-09-02T10:23:18
NRX,NRX.AX,Noronex Limited,ASX,EQUITY,AUD,AUD,Basic Materials,Copper,copper,"Noronex Limited engages in the mineral exploration in Australia, Namibia, and Canada. It primarily explores for uranium and copper deposits. The company's flagship project is the Witvlei Copper project in Namibia. The company was formerly known as Lustrum Minerals Limited and changed its name to Noronex Limited in November 2020. Noronex Limited was incorporated in 2015 and is based in Subiaco, Australia.",,https://noronexlimited.com.au,Australia,Subiaco,WA,0.013,8419331,647640849,312447456,1382813,231827,0.818,608800,-605803,1.0,-1.4066701,-2.35373,1144246,0,0.48719,0.0,,,,,-2567279.0,-2567279.0,-2506514.0,2024,,2545043.0,2545043.0,3810106.0,913582.0,,3018567.0,2024,-80000.0,2673553.0,,-2363088.0,,2022,ok,,2026-09-02T10:23:21
NRZ,NRZ.AX,NeuRizer Ltd.,ASX,EQUITY,AUD,AUD,Basic Materials,Agricultural Inputs,agricultural-inputs,"NeuRizer Ltd. manufactures and sells urea fertilizers in Australia. It operates NeuRizer Urea project that deliver nitrogen-based fertilizers for agricultural markets. The company was formerly known as Leigh Creek Energy Limited and changed its name to NeuRizer Ltd. in March 2022. NeuRizer Ltd. is based in Adelaide, Australia.",10,https://neurizer.com.au,Australia,Adelaide,SA,0.001,3402758,3402758410,2924419991,0,0,-0.36,,-3596873,0.0,0.0,0.0,128454,1723222,0.18355,0.0,,,,,-2557407.0,-2796932.0,-5603806.0,2024,,128134543.0,128982312.0,129318860.0,568722.0,2107616.0,73018511.0,2024,-2533078.0,2721157.0,,-6093429.0,,2024,ok,,2026-09-02T10:23:23
NSM,NSM.AX,North Stawell Minerals Limited,ASX,EQUITY,AUD,AUD,Basic Materials,Gold,gold,"North Stawell Minerals Limited, a junior exploration company, engages in the exploration and evaluation of gold deposits. It holds a portfolio of projects located in Victoria, Australia. The company was incorporated in 2019 and is headquartered in Stawell, Australia.",,https://northstawellminerals.com,Australia,Stawell,VIC,0.022,8225167,373871248,156135205,48033,51412,1.411,,-1065477,0.0,0.0,0.0,1613979,14826,0.58101004,0.02954,,,,,-694505.0,-792063.0,-697035.0,2025,,13124796.0,13496547.0,14316507.0,1051950.0,,14064589.0,2025,-1005289.0,2328706.0,,-1761049.0,,2025,ok,,2026-09-02T10:23:26
NST,NST.AX,Northern Star Resources Limited,ASX,EQUITY,AUD,AUD,Basic Materials,Gold,gold,"Northern Star Resources Limited engages in the exploration, development, mining, and processing of gold deposits in Western Australia and Alaska. It also sells refined gold. The company was incorporated in 2000 and is headquartered in Subiaco, Australia.",10062,https://www.nsrltd.com,Australia,Subiaco,WA,22.455,31993999360,1424805062,1370917362,5986034,7558954,1.374,7623099904,4147599872,0.37769002,0.33625,0.21832001,1018099968,1724700032,0.0369,0.61789,15,7623100000.0,3158000000.0,4465100000.0,4124500000.0,2495800000.0,1664300000.0,2026,2511600000.0,17512900000.0,19215600000.0,21493800000.0,1018100000.0,1724700000.0,15681900000.0,2026,-2712700000.0,-3000000.0,,470600000.0,,2026,ok,,2026-09-02T10:23:29
NTM,NTM.AX,NT Minerals Limited,ASX,EQUITY,AUD,AUD,Basic Materials,Copper,copper,"NT Minerals Limited engages in the exploration and development mineral projects in the Northern Territory and Western Australia. The company explores for copper, iron, and gold deposits, as well as bulk commodities and strategic minerals. It holds interests in the Millers Creek project that consists of an area of approximately 1,110 square kilometers located in the Gawler Craton region in South Australia. The company was formerly known as Redbank Copper Limited and changed its name to NT Minerals Limited in June 2022. NT Minerals Limited was incorporated in 1993 and is based in Jolimont, Australia.",,https://ntminerals.com.au,Australia,Jolimont,WA,0.003,3632708,1210902915,606880323,0,0,0.463,-199731,-1433529,0.0,-4144.222,0.0,2005238,19116,0.56776,0.03079,,,,,-8637187.0,-1944500.0,-9213146.0,2025,,1655020.0,4255434.0,6270315.0,16020.0,537717.0,3743312.0,2025,-559731.0,308935.0,,-896328.0,,2025,ok,,2026-09-02T10:23:31
NTU,NTU.AX,Northern Minerals Limited,ASX,EQUITY,AUD,AUD,Basic Materials,Other Industrial Metals & Mining,other-industrial-metals-mining,"Northern Minerals Limited operates in the mineral exploration industry in Australia. The explores for other heavy rare earths. Its flagship project includes the 100% owned Browns Range Heavy Rare Earth project located near the southeast of Halls Creek in northern Western Australia. The company was formerly known as Northern Uranium Limited and changed its name to Northern Minerals Limited in February 2011. Northern Minerals Limited was incorporated in 2006 and is based in West Perth, Australia.",,https://northernminerals.com.au,Australia,West Perth,WA,0.026,248261184,9548507513,5177200774,19624901,11470077,0.397,1483270,-28272766,1.0,-396.67273,0.0,48963328,781916,0.47444,0.00413,1,6538.0,,6538.0,-28670218.0,-34006603.0,-31588360.0,2023,,4026546.0,17917472.0,13941530.0,8253482.0,15402882.0,-14006140.0,2024,-376606.0,25000000.0,,-26495884.0,,2024,ok,,2026-09-02T10:23:33
NUF,NUF.AX,Nufarm Limited,ASX,EQUITY,AUD,AUD,Basic Materials,Agricultural Inputs,agricultural-inputs,"Nufarm Limited, together with its subsidiaries, develops, manufactures, and sells crop protection solutions and seed technologies in Europe, the Middle East, Africa, North America, and the Asia Pacific. The company operates through Crop Protection and Seed Technologies segments. The company offers herbicides, insecticides, and fungicides that help growers protect crops against weeds, pests, and diseases. It also operates base seeds, bioenergy, omega-3 and seed treatment platforms, as well as sells seeds and oil-based products. It also focuses on crops, such as cereals; corn; soybean; pasture, turf, and ornamentals; and trees, nuts, vines, and vegetables. In addition, the company provides seed treatment products for the protection and treatment of damage caused by insects, fungus, and disease. Further, it distributes sunflower, sorghum, carinata, energy cane and canola seeds. The company was founded in 1916 and is headquartered in Laverton North, Australia.",3068,https://www.nufarm.com,Australia,Laverton North,VIC,3.295,1266128768,384257570,378891018,1581386,982534,0.247,3346814976,231426000,0.29434,-0.32032,-0.046869997,423913984,1030121024,0.01685,0.82822996,8,3443379000.0,2543392000.0,899987000.0,138684000.0,-300027000.0,-165319000.0,2025,150732000.0,723095000.0,1548279000.0,4543143000.0,474718000.0,1298919000.0,2110477000.0,2025,-238363000.0,,,-75598000.0,,2025,ok,,2026-09-02T10:23:36
NVA,NVA.AX,Nova Minerals Corp,ASX,EQUITY,AUD,AUD,Basic Materials,Other Industrial Metals & Mining,other-industrial-metals-mining,"Nova Minerals Corp, is a mining exploration and development company, focused on gold, antimony, and critical minerals. Its flagship project is the Estelle Gold and Critical Minerals project covering 514 square kilometers located in Alaska. Nova Minerals Corp is based in Greenwood Village, Colorado.",,https://novamineralscorp.com,United States,Greenwood Village,CO,0.59,270321824,458172602,244528395,282763,210904,0.789,-1655963,-15076300,0.0,-43039.7,0.0,59176088,6092146,0.24,0.16079001,,0.0,,,-10741213.0,-6490415.0,-11015635.0,2025,,102380425.0,104675250.0,112542132.0,9083315.0,7058247.0,102162911.0,2025,-5748353.0,8472091.0,-3666768.0,-13388732.0,,2025,ok,,2026-09-02T10:23:39
NVO,NVO.AX,Novo Resources Corp.,ASX,EQUITY,AUD,CAD,Basic Materials,Gold,gold,"Novo Resources Corp., together with its subsidiaries, evaluates, acquires, explores, and develops mineral properties in Australia. The company explores for gold and copper deposits. Its flagship project is the Becher Project which covers an area of approximately 20 square kilometers located in the northern sector of Egina Gold Camp, Western Australia. The company was formerly known as Galliard Resources Corp. and changed its name to Novo Resources Corp. in June 2011. Novo Resources Corp. was incorporated in 2009 and is headquartered in West Perth, Australia.",,https://novoresources.com,Australia,West Perth,WA,0.071,30714780,432602519,386616871,122201,79002,0.773,,-12853000,0.0,0.0,0.0,9579000,253000,,,,0.0,115679000.0,-23636000.0,-20700000.0,-22843000.0,-22388000.0,2025,90000.0,31792000.0,31792000.0,61347000.0,7622000.0,308000.0,46205000.0,2023,-1693000.0,0.0,-12148000.0,-12148000.0,,2023,ok,,2026-09-02T10:23:42
NWM,NWM.AX,Norwest Minerals Limited,ASX,EQUITY,AUD,AUD,Basic Materials,Gold,gold,"Norwest Minerals Limited engages in the mining and exploration of natural resources in Western Australia. It explores for gold, copper, lead, zinc, silver, nickel, base metals, and rare earth elements. The company was incorporated in 2017 and is based in West Perth, Australia.",,https://norwestminerals.com.au,Australia,West Perth,WA,0.009,10690592,1187843549,321475777,793684,661831,2.19,48888,,1.0,-12.514549,0.0,1641837,0,0.61627996,0.0,,,,,-1041288.0,-1041288.0,-1040692.0,2024,,21422225.0,21422225.0,21749310.0,244707.0,375000.0,20755111.0,2024,-2255862.0,1572745.0,,-3254413.0,,2024,ok,,2026-09-02T10:23:44
NXM,NXM.AX,Nexus Minerals Limited,ASX,EQUITY,AUD,AUD,Basic Materials,Gold,gold,"Nexus Minerals Limited engages in the exploration of mineral properties in Australia. It explores for gold, copper, caesium, tantalum, and tin deposits. Nexus Minerals Limited was incorporated in 2006 and is based in West Perth, Australia.",,https://www.nexus-minerals.com,Australia,West Perth,WA,0.064,38640616,603759613,435057102,596286,587044,1.263,25274,-5570402,1.0,-120.64058,0.0,7980731,162075,0.24160999,0.17385,,583012.0,,583012.0,-5092463.0,-5534119.0,-5231303.0,2025,,1451439.0,1969985.0,13310013.0,11207140.0,129297.0,12335950.0,2025,-19937.0,12259153.0,,-4729671.0,,2025,ok,,2026-09-02T10:23:47
NYM,NYM.AX,Narryer Metals Limited,ASX,EQUITY,AUD,AUD,Basic Materials,Other Industrial Metals & Mining,other-industrial-metals-mining,"Narryer Metals Limited, together with its subsidiaries, engages in the identification, assessment, acquisition, exploration, and development of mineral resources in Australia and Canada. It explores for critical minerals, lithium, nickel, copper, platinum group element, rare earth element, cesium, tantalum, beryllium, scandium, cobalt, patriot battery metals, gallium, vanadium, magnetite, sulphur, and potassium deposits. Narryer Metals Limited was incorporated in 2021 and is based in Perth, Australia.",,https://www.narryer.com.au,Australia,Perth,WA,0.057,12041524,211254803,107403554,275323,187286,2.15,,-1616996,0.0,0.0,0.0,773414,0,0.46172002,0.03638,,,,,-3898081.0,-3898081.0,-3813500.0,2024,,1152487.0,1152487.0,2101859.0,687377.0,,1479567.0,2024,-182727.0,2416620.0,,-2679030.0,,2024,ok,,2026-09-02T10:23:49
OB1,OB1.AX,Orbminco Limited,ASX,EQUITY,AUD,AUD,Basic Materials,Other Industrial Metals & Mining,other-industrial-metals-mining,"Orbminco Limited, together with its subsidiaries, operates as an exploration company in Australia and Mongolia. The company explores for gold, platinum-group elements, nickel, copper, and lithium deposits. It holds interest in the Bronze Fox project that covers 175 square kilometers located in the Southern Gobi porphyry belt of southern Mongolia; and 100% interest in the Mt Cattlin lithium project located in Ravensthorpe east-southeast of Perth in Western Australia. The company also holds 80% interest in Mount Venn Project located in Western Australia. The company was formerly known as Woomera Mining Limited and changed its name to Orbminco Limited in December 2024. The company was incorporated in 1996 and is based in Adelaide, Australia.",,https://www.orbminco.com.au,Australia,Adelaide,SA,0.013,7683044,591003402,191774021,439224,1131678,1.324,139751,-1032895,1.0,-16.443039,0.0,155873,4682,0.45321998,0.0,,,,,-4040197.0,-4180977.0,-4147885.0,2024,,6960583.0,7117611.0,7663628.0,610730.0,81076.0,7423873.0,2024,-1987258.0,2357500.0,,-2962156.0,,2024,ok,,2026-09-02T10:23:52
OBM,OBM.AX,Ora Banda Mining Limited,ASX,EQUITY,AUD,AUD,Basic Materials,Gold,gold,"Ora Banda Mining Limited engages in mineral exploration, mining operations, mine development, and the sale of gold and gold-bearing ore in Australia. The company primarily explores for gold, nickel, and copper. The company holds 100% interest in the Davyhurst Gold Project that is located in the north-west of Kalgoorlie. The company was formerly known as Eastern Goldfields Limited and changed its name to Ora Banda Mining Limited in June 2019. Ora Banda Mining Limited was incorporated in 2002 and is based in Subiaco, Australia.",,https://www.orabandamining.com.au,Australia,Subiaco,WA,1.505,2910671872,1934001244,1385921030,8426102,10754644,1.384,807499008,402731008,0.45836,0.36879003,0.26773,267704000,31772000,0.28049,0.42308998,5,807499000.0,321991000.0,485508000.0,434332000.0,313321000.0,216195000.0,2026,64096000.0,395070000.0,543894000.0,817352000.0,267704000.0,31772000.0,537018000.0,2026,-213805000.0,30000000.0,,212890000.0,,2026,ok,,2026-09-02T10:23:55
OBT,OBT.AX,Orbit Resources Limited,ASX,EQUITY,AUD,AUD,Basic Materials,Other Precious Metals & Mining,other-precious-metals-mining,"Orbit Resources Limited engages in the development and exploration of critical minerals and metals in Australia. It primarily explores for gold, silver, copper, base metals, and rare earth metal deposits. The company was formerly known as Godolphin Resources Limited and change its name to Orbit Resources Limited in August 2026. Orbit Resources Limited was incorporated in 2019 and is based in Orange, Australia.",,https://www.godolphinresources.com.au,Australia,Orange,NSW,0.018,15274478,848582148,546630367,2347475,2924083,1.111,115044,-3024878,1.0,-31.081388,0.0,2505141,0,0.26591,0.01605,,,,,-3123524.0,-3762644.0,-3212600.0,2024,,6984875.0,7076752.0,8956954.0,1576814.0,33758.0,8606848.0,2024,-24972.0,3372854.0,,-2686368.0,,2024,ok,,2026-09-02T10:23:57
OCN,OCN.AX,Oceana Metals Limited,ASX,EQUITY,AUD,AUD,Basic Materials,Other Industrial Metals & Mining,other-industrial-metals-mining,"Oceana Metals Limited engages in lithium pegmatite discovery and exploration in Brazil and Australia. The company holds 100% interests in the Solonopole lithium project that consists of 10 exploration permits covering approximately 124 square kilometers located in Brazil; and the Napperby lithium project, which include a granted exploration license covering an area of approximately 650 square kilometers and an exploration license application covering an area of approximately 512 square kilometres located in Northern Territory, Australia. It also holds a 100% interest in the Bangemall base metals project covering an area of approximately 93 square kilometers situated in Bangemall Basin, Western Australia. The company was formerly known as Oceana Lithium Limited and changed its name to Oceana Metals Limited in December 2025. Oceana Metals Limited was incorporated in 2021 and is based in West Perth, Australia.",,https://oceanametals.com,Australia,West Perth,WA,0.395,92982016,235397510,82732052,388458,356609,1.147,2391,-1035164,0.0,-55.37889,0.0,2523255,0,0.40963,0.0,,,,,-2889524.0,-2893337.0,-2858779.0,2024,,5459546.0,5469398.0,7753768.0,2148930.0,,7464313.0,2024,-2222853.0,4128000.0,,-4352208.0,,2024,ok,,2026-09-02T10:24:00
OCT,OCT.AX,Octava Minerals Limited,ASX,EQUITY,AUD,AUD,Basic Materials,Other Precious Metals & Mining,other-precious-metals-mining,"Octava Minerals Limited engages in the exploration of mineral properties in Western Australia. The company explores for copper, zinc, silver, lithium, antimony, nickel, rare earth elements (REE), and platinum group elements (PGM) deposits. The company was formerly known as 8 AU limited and changed its name to Octava Minerals Limited in February 2022. Octava Minerals Limited was incorporated in 2020 and is based in Nedlands, Australia.",,https://octavaminerals.com,Australia,Nedlands,WA,0.022,2629346,119515720,56976637,330830,185027,0.035,-10193,-1098493,0.0,-53.39298,0.0,1738721,0,0.50428003,0.0,,200000.0,,200000.0,-948794.0,-948794.0,-2440330.0,2024,,2406569.0,2406569.0,3858355.0,1119101.0,,3783985.0,2025,-996485.0,1157158.0,,-1868316.0,,2025,ok,,2026-09-02T10:24:02
OD6,OD6.AX,OD6 Metals Limited,ASX,EQUITY,AUD,AUD,Basic Materials,Other Industrial Metals & Mining,other-industrial-metals-mining,"OD6 Metals Limited, a mineral exploration company, engages in the exploration and development mineral sector in Australia. The company explores rare earth elements, copper, and zinc deposits. Its flagship is the Splinter Rock project comprising six granted exploration licenses that covers an area of 2,579 square kilometers tenement package located in the Goldfields-Esperance region of Western Australia. The company was incorporated in 2021 and is headquartered in Subiaco, Australia.",,https://www.od6metals.com.au,Australia,Subiaco,WA,0.12,35383480,294862352,151250763,1029028,701624,1.738,,-1553335,0.0,0.0,0.0,2044923,0,0.24378,0.01846,,,,,-1606605.0,-1642000.0,-440848.0,2024,,7224745.0,7224745.0,9703046.0,2325889.0,,9230858.0,2024,-2837846.0,1792000.0,,-2813979.0,,2024,ok,,2026-09-02T10:24:05
ODE,ODE.AX,Odessa Minerals Limited,ASX,EQUITY,AUD,AUD,Basic Materials,Other Precious Metals & Mining,other-precious-metals-mining,"Odessa Minerals Limited operates as a mineral exploration company primarily in Western Australia. It primarily explores lithium and rare earth elements. The company holds interest in the Lyndon project covering an area of 811 square kilometers; and lockier range REE/lithium project covering an area of 125 square kilometers in Gascoyne. The company was formerly known as Fargo Enterprises Limited and changed its name to Odessa Minerals Limited in January 2022. Odessa Minerals Limited was incorporated in 1935 and is based in West Perth, Australia.",,https://www.odessaminerals.com.au,Australia,West Perth,WA,0.021,37040184,1763818250,1026118905,2280453,2395258,-0.076,-3206,-1587426,0.0,-32.907738,0.0,2745919,0,0.44629002,0.01269,,,,,-910440.0,-914139.0,-796410.0,2024,,4329096.0,4329096.0,6684086.0,2267543.0,,6536725.0,2024,-1464186.0,2249999.0,,-2249767.0,,2024,ok,,2026-09-02T10:24:07
ODY,ODY.AX,Odyssey Gold Limited,ASX,EQUITY,AUD,AUD,Basic Materials,Gold,gold,"Odyssey Gold Limited engages in the exploration and development of mineral resource properties in Western Australia. It primarily explores for gold deposit. It holds an agreement to acquire 80% interests in the Tuckanarra and Stakewell gold projects located between Meekatharra and Mount Magnet. The company was formerly known as Odyssey Energy Limited and changed its name to Odyssey Gold Limited in November 2020. Odyssey Gold Limited was incorporated in 2005 and is based in Perth, Australia.",,https://odysseygold.com.au,Australia,Perth,WA,0.034,48035912,1412820913,899834371,3296505,3431527,1.034,,-4106935,0.0,0.0,0.0,1509584,0,0.22065,0.14082,,,,,-2173938.0,-2238782.0,-2042458.0,2024,,9009979.0,9204852.0,11989820.0,2942793.0,,11824878.0,2024,-1000000.0,3200000.0,,-3004525.0,,2024,ok,,2026-09-02T10:24:10
OKJ,OKJ.AX,Oakajee Corporation Limited,ASX,EQUITY,AUD,AUD,Basic Materials,Other Industrial Metals & Mining,other-industrial-metals-mining,"Oakajee Corporation Limited engages in the exploration and development of mineral properties in Australia. The company holds interests in the Paynes Find gold project that covers an area of 112 square kilometers located in Western Australia; and the Birrindudu nickel project covering an area of 1,116 square kilometers located in the Northern Territory. The company was formerly known as Australian Stone Creations Limited and changed its name to Oakajee Corporation Limited in January 2008. Oakajee Corporation Limited was incorporated in 2006 and is based in Nedlands, Australia.",,https://www.oakajeecorp.com.au,Australia,Nedlands,WA,0.04,3657841,91446030,30606986,14899,6150,-0.177,8254,-535534,1.0,-122.314064,0.0,77408,0,0.64941,0.0,,,,,-697162.0,-713085.0,-675299.0,2024,,92455.0,145020.0,1555360.0,682537.0,,1390752.0,2024,-60500.0,,,-611005.0,,2022,ok,,2026-09-02T10:24:13
OLY,OLY.AX,Olympio Metals Limited,ASX,EQUITY,AUD,AUD,Basic Materials,Other Industrial Metals & Mining,other-industrial-metals-mining,"Olympio Metals Limited engages in the exploration of mineral resources in Australia, the United States, and Canada. The company explores for gold, silver, copper, antimony, lithium, lead, zinc, and rare earth minerals. Its flagship project is the Bousquet Gold Project located on the Cadillac-Lake Larder Fault Zone in Quebec, Canada. Olympio Metals Limited is based in West Perth, Australia.",,https://olympiometals.com.au,Australia,West Perth,WA,0.037,7015158,189598860,127185317,189950,93770,0.901,524146,-3525929,1.0,-4.41818,0.0,1926372,0,0.36326998,0.0,,,,,-4305274.0,-4305274.0,-3394775.0,2026,,339794.0,339794.0,3163116.0,1916372.0,373388.0,2797191.0,2026,-197207.0,4446340.0,,-3734774.0,,2026,ok,,2026-09-02T10:24:15
OM1,OM1.AX,Omnia Metals Group Ltd,ASX,EQUITY,AUD,AUD,Basic Materials,Other Industrial Metals & Mining,other-industrial-metals-mining,"Omnia Metals Group Ltd, together with its subsidiaries, engages in the exploration, evaluation, and development of mineral resources in Australia and Canada. It explores for copper, gold, nickel, platinum, palladium, and lithium deposits. The company owns 100% interest in Ord Basin project that covers an area of 1,305 square kilometers located in the East Kimberley region of Western Australia; and the Albany Fraser (Salt Creek) project, which covers an area totaling 223 square kilometers located northeast of Kalgoorlie, Goldfields in Western Australia. It also holds 25% interest in the Lac des Montagnes Project, which consists of 1,117 mineral claims covering an area of approximately 600 square kilometers located in the James Bay region of Quebec, Canada. Omnia Metals Group Ltd was incorporated in 2021 and is based in Subiaco, Australia.",,https://omniametals.com.au,Australia,Subiaco,WA,0.014,5696542,406895879,203540657,340443,160546,1.064,-4751,-836004,0.0,-210.35812,0.0,1707753,99000,0.29658002,0.0,,,,,-1916451.0,-2001137.0,-1978787.0,2024,,7495169.0,7565376.0,8140736.0,592596.0,31005.0,7862098.0,2024,-1526916.0,2268815.0,,-3179630.0,,2024,ok,,2026-09-02T10:24:18
OMH,OMH.AX,OM Holdings Limited,ASX,EQUITY,AUD,USD,Basic Materials,Other Industrial Metals & Mining,other-industrial-metals-mining,"OM Holdings Limited, an investment holding company, engages in mining, smelting, trading, and marketing manganese ores and ferroalloys worldwide. It operates through Mining, Smelting, and Marketing and Trading segments. The company produces and markets ferrosilicon, manganese ferroalloys, silicon metal, and manganese sinter ore. OM Holdings Limited was founded in 1993 and is based in Hamilton, Bermuda.",,https://www.omholdingsltd.com,Bermuda,Hamilton,,0.2,153251408,766257000,346865427,63624,49883,0.223,592262016,37442000,0.11942001,0.0013799999,0.064569995,38153000,184462000,0.5448,0.00201,,636305000.0,574099000.0,62206000.0,46715000.0,-31190000.0,2349000.0,2025,4421000.0,398156000.0,637494000.0,835438000.0001,23875000.0,215778000.0,419659000.0001,2025,-5594000.0,8885000.0,,-23418000.0,,2025,ok,,2026-09-02T10:24:20
OMX,OMX.AX,Orange Minerals NL,ASX,EQUITY,AUD,AUD,Basic Materials,Other Precious Metals & Mining,other-precious-metals-mining,"Orange Minerals NL operates as a gold and copper exploration company in Australia. It also explores for silver and other base metals. The company was incorporated in 2021 and is based in West Perth, Australia.",,https://www.orangeminerals.com.au,Australia,West Perth,WA,0.07,15170482,216721175,91089343,49392,71742,0.928,33574,-1038313,1.0,-31.668999,0.0,985441,0,0.64038,0.0,,,,,-903326.0,-945266.0,-1142483.0,2024,,5374839.0,5374839.0,6608138.0,934565.0,70153.0,6310702.0,2024,-1162625.0,8244000.0,,-1872691.0,,2024,ok,,2026-09-02T10:24:23
OR3,OR3.AX,Ore Resources Limited,ASX,EQUITY,AUD,AUD,Basic Materials,Other Industrial Metals & Mining,other-industrial-metals-mining,"Ore Resources Limited explores for and develops mineral properties in Australia and the United States. It primarily explores for lithium, cobalt, nickel, zinc, gold, copper, REE, and base and precious metal deposits. The company was formerly known as Future Battery Minerals Limited and changed its name to Ore Resources Limited in November 2025. Ore Resources Limited was incorporated in 2011 and is based in West Perth, Australia.",,https://oreresources.com.au,Australia,West Perth,WA,0.081,67023532,827450985,570011518,815530,2605303,1.458,-25873,-6884066,0.0,231.66069,0.0,10690201,68832,0.33560002,0.0018099999,,,,,-15240623.0,-15985326.0,-15364144.0,2024,,26240274.0,26414695.0,32482100.0,5260825.0,202930.0,29402963.0,2024,-7565249.0,13580041.0,,-9240303.0,,2024,ok,,2026-09-02T10:24:25
ORA,ORA.AX,Orora Limited,ASX,EQUITY,AUD,AUD,Consumer Cyclical,Packaging & Containers,packaging-containers,"Orora Limited designs, manufactures, and supplies packaging products and services in Australasia, Europe, and internationally. It also provides aluminum cans, such as aluminium cans including classic cans, sleek cans and can ends; glass bottles, including beer, wine, cider and alcoholic ready-to-drink styles, carbonated soft drinks, juices, olive oil, spirits, as well as custom designs and innovative glass bottle sleeving; and saverglass which offers glass for wines and spirits. Orora Limited was incorporated in 1949 and is headquartered in Hawthorn, Australia.",4512,https://www.ororagroup.com,Australia,Hawthorn,VIC,1.5,1834338432,1225343000,1218854659,4580813,5929655,0.397,2225900032,389000000,0.21506001,0.10662,-0.27701,513100000,1159900032,0.04586,0.84793997,13,2090200000.0,1607500000.0,482700000.0,299500000.0,87200000.0,973100000.0,2025,70100000.0,1908000000.0,2694100000.0,4848100000.0,257400000.0,653300000.0,2896600000.0,2025,-266600000.0,1319500000.0,,106100000.0,,2025,ok,,2026-09-02T10:24:28
ORD,ORD.AX,Ordell Minerals Limited,ASX,EQUITY,AUD,AUD,Basic Materials,Gold,gold,"Ordell Minerals Limited engages in the evaluation, acquisition, exploration, and evaluation of mineral properties in Australia. It explores gold, lithium, and nickel deposits. The company holds 80.3% interest in its flagship Barimaia Project, located in the Murchison region of Western Australia. Ordell Minerals Limited was incorporated in 2022 and is based in West Perth, Australia.",,https://www.ordellminerals.com.au,Australia,West Perth,WA,0.475,35926332,75634383,45640176,94610,95643,1.888,78009,-4185429,1.0,-26.42586,0.0,4087537,127571,0.26384002,0.07633,,,,,-182299.0,-182299.0,-182204.0,2024,,,,603522.0,295087.0,,395167.0,2024,,375000.0,,-297771.0,,2024,ok,,2026-09-02T10:24:31
ORE,ORE.AX,Orezone Gold Corporation,ASX,EQUITY,AUD,USD,Basic Materials,Gold,gold,"Orezone Gold Corporation engages in the mining, exploration, and development of gold properties. Its flagship property is the 90% owned Bomboré gold project, which covers an area of approximately 12,963 hectares comprising one industrial operating permit and four mining exploration permits located in Burkina Faso, West Africa. Orezone Gold Corporation was incorporated in 2008 and is headquartered in Vancouver, Canada.",,https://www.orezone.com,Canada,Vancouver,BC,2.6,1737067648,668102990,465400543,268474,233245,1.305,656968000,312640992,0.51984,0.35869,0.17929001,96674000,101373000,,,1,376624000.0,206675000.0,169949000.0,172187000.0,151015000.0,64899000.0,2025,29961000.0,335786000.0,444895000.0,666857000.0,97952000.0,119043000.0,400013000.0,2025,-139802000.0,82582000.0,99476000.0,-40326000.0,,2025,ok,,2026-09-02T10:24:33
ORI,ORI.AX,Orica Limited,ASX,EQUITY,AUD,AUD,Basic Materials,Specialty Chemicals,specialty-chemicals,"Orica Limited manufactures, distributes, and sells commercial blasting systems, explosives, mining and tunnelling support systems, and various chemical products and services in Australia, Canada, the United States, and internationally. It provides 4D bulk explosives systems, packaged explosives, initiating systems, boosters, and seismic explosive ranges; technical services; and supplementary services. The company also offers automation solutions, including Avatel, a machine equipped with underground development charging system; and secondary breakage and hang up blasting, a tele-remote blasting solution. In addition, it provides specialty mining chemical products, such as cyanide, emulsifiers, and sodium cyanide, as well as PRO services; end-to-end benchmarks and insights at various stages of the blasting process; and nitrogen fertilizers, which includes urea ammonium nitrate and ammonia. Further, the company offers resources to explore the use of chemical energy in blasting, blasting fundamentals, and properties of explosives and blast design principles; training courses; initiating systems; and geotechnical deformation and convergence monitoring solutions. Additionally, it provides digital solutions, including BlastIQ, OREPro 3D, CHAMP NAVIGATOR, CHAMPORI, CHAMP MAGSHOT, CHAMP OSA, FRAGTrack, GroundProbe, 3vGeomatics, MEASURAND, NAVSTAR, rst, SYSCOM Instruments, NEXT GEN SHOTPlus, RHINO, DRILLMax, WIREBmr, ENVIRO Track, Integrated Extraction Simulator, Advanced Vibration Management, Axis mining technology, SHOTPlus, OREPro 3D Predict, and Design for Outcome. The company serves surface coal, surface metal, iron ore, quarrying, underground mining and construction, construction, civil infrastructure, oil and gas, and agriculture markets. The company was formerly known as ICI Australia Limited and changed its name to Orica Limited in February 1998. Orica Limited was founded in 1874 and is headquartered in East Melbourne, Australia.",14000,https://www.orica.com,Australia,East Melbourne,VIC,22.48,10420435968,463542526,462197191,1301596,1225820,0.669,8115700224,1374099968,0.43113,0.048639998,0.03089,768700032,3240800000,0.0057,0.44544998,15,8144500000.0,3707900000.0,4436600000.0,1119100000.0,894500000.0,162300000.0,2025,,3722500000.0,7804700000.0,9949000000.0,746700000.0,3004800000.0,4176100000.0,2025,-414500000.0,430800000.0,,534700000.0,,2025,ok,,2026-09-02T10:24:36
ORN,ORN.AX,Orion Minerals Limited,ASX,EQUITY,AUD,AUD,Basic Materials,Other Industrial Metals & Mining,other-industrial-metals-mining,"Orion Minerals Limited engages in the exploration, evaluation, and development of mineral properties in Australia and South Africa. It primarily explores for copper, zinc, nickel, cobalt, platinum group elements, gold, silver, tungsten, rare earth elements, base metals, and lithium deposits. The company's flagship projects include the Prieska Copper Zinc mine project located in the Northern Cape province of South Africa; and the Okiep Copper project located in the north of Cape Town, South Africa. Orion Minerals Limited was incorporated in 2001 and is headquartered in Melbourne, Australia.",,https://orionminerals.com.au,Australia,Melbourne,VIC,0.023,205950752,8954380361,5540434908,1239955,1037629,0.863,345000,-12868000,1.0,-191.16129,0.0,5743000,40093000,0.27602,0.24785,,,,,-4984000.0,-12069000.0,-5389000.0,2024,,74096000.0,75007000.0,136601000.0,8270000.0,25856000.0,102183000.0,2024,-16896000.0,2862000.0,,-28964000.0,,2024,ok,,2026-09-02T10:24:39
ORP,ORP.AX,Orpheus Uranium Limited,ASX,EQUITY,AUD,AUD,Basic Materials,Other Industrial Metals & Mining,other-industrial-metals-mining,"Orpheus Uranium Limited, through its subsidiaries, engages in the exploration and development of mineral properties. It explores for uranium, copper, gold, nickel, lithium, and zinc deposits. The company was formerly known as Argonaut Resources NL and changed its name to Orpheus Uranium Limited in February 2024. Orpheus Uranium Limited was incorporated in 1985 and is based in Unley, Australia.",,https://www.orpheusuranium.com,Australia,Unley,SA,0.137,54710072,399343628,215647600,402770,523924,1.64,,-2004382,0.0,0.0,0.0,2477012,52780,0.49141,0.0,,4200.0,,4200.0,-2200481.0,-3973797.0,-2228732.0,2024,,2499241.0,2536394.0,8145534.0,3674560.0,134416.0,7479486.0,2024,-1065044.0,7385248.0,,-3557892.0,,2024,ok,,2026-09-02T10:24:41
OSM,OSM.AX,Osmond Resources Limited,ASX,EQUITY,AUD,AUD,Basic Materials,Other Precious Metals & Mining,other-precious-metals-mining,"Osmond Resources Limited operates as an early-stage mineral exploration and development company in Australia. The company primarily explores for gold, uranium, nickel, copper, platinum group, and rare earth elements. Its flagship project is Orion EU Critical Minerals Project, covering an area of 228 square kilometers, located in Southern Spain. Osmond Resources Limited was incorporated in 2021 and is based in Melbourne, Australia.",,https://osmondresources.com.au,Australia,Melbourne,VIC,0.64,89228744,139419916,80444239,91211,42107,1.194,12857,-13093118,1.0,-523.01074,0.0,2367491,0,0.41688,0.0,,157679.0,,157679.0,-14014125.0,-14014125.0,-13839916.0,2024,,8882582.0,8882582.0,13565050.0,4298898.0,,13406575.0,2025,-375255.0,2742645.0,,-1622606.0,,2025,ok,,2026-09-02T10:24:44
OZM,OZM.AX,OzAurum Resources Limited,ASX,EQUITY,AUD,AUD,Basic Materials,Gold,gold,"OzAurum Resources Limited, together with its subsidiaries, engages in the exploration and development of gold properties in Australia and Brazil. It also explores for lithium, niobium, and rare earth elements deposits. OzAurum Resources Limited was incorporated in 2020 and is based in West Kalgoorlie, Australia.",,https://ozaurumresources.com,Australia,West Kalgoorlie,WA,0.085,24667160,290201873,113148833,242453,231614,1.061,,-1887138,0.0,0.0,0.0,830729,118057,0.49816,0.0,,,,,-2117533.0,-2285618.0,-2279302.0,2025,,1689661.0,2100721.0,3719993.0,1903317.0,137383.0,3276832.0,2025,-41284.0,2901437.0,,-1859161.0,,2025,ok,,2026-09-02T10:24:47
OZZ,OZZ.AX,Ozz Resources Limited,ASX,EQUITY,AUD,AUD,Basic Materials,Gold,gold,"Ozz Resources Limited is engaged in the exploration of gold and base metals in Western Australia. Ozz Resources Limited was incorporated in 2020 and is based in Perth, Australia.",,https://www.ozzresources.com.au,Australia,Perth,WA,0.033,9054790,274387575,57370523,178169,276403,1.105,1031,-662641,1.0,-1447.7692,0.0,37387,8540,0.49752998,0.0,,,,,-748299.0,-817185.0,-749557.0,2024,,478.0,6298.0,759327.0,724135.0,12385.0,708424.0,2024,-78809.0,2078689.0,,-814206.0,,2022,ok,,2026-09-02T10:24:49
PAT,PAT.AX,Patriot Resources Limited,ASX,EQUITY,AUD,AUD,Basic Materials,Other Industrial Metals & Mining,other-industrial-metals-mining,"Patriot Resources Limited engages in exploration and development of lithium projects in the United States, Zambia, and Canada. The company explores for copper, gold, silver, and cobalt deposits. It holds a 90% in interest in a strategic licence within the Zambian Copperbelt. The company was formerly known as Patriot Lithium Limited and changed its name to Patriot Resources Limited in April 2025. Patriot Resources Limited was incorporated in 2021 and is based in Subiaco, Australia.",,https://www.patriotresources.com.au,Australia,Subiaco,WA,0.05,17258080,345161594,148587974,735479,1423846,2.303,-5402,-2473530,0.0,-898.1155,0.0,2196301,0,0.30545,0.0,,,,,-6694699.0,-6757528.0,-6749037.0,2024,,1973567.0,1973567.0,4499100.0,2339242.0,12395.0,4330507.0,2024,-245563.0,2544750.0,,-5175373.0,,2023,ok,,2026-09-02T10:24:52
PBL,PBL.AX,Parabellum Resources Limited,ASX,EQUITY,AUD,AUD,Basic Materials,Other Industrial Metals & Mining,other-industrial-metals-mining,"Parabellum Resources Limited, a minerals exploration company, engages in the acquisition, exploration, and development of mineral resource projects in Australia. It explores for gold, copper, nickel, and cobalt deposits. Parabellum Resources Limited was incorporated in 2020 and is based in West Perth, Australia.",,https://www.parabellumresources.com.au,Australia,West Perth,WA,0.06,3738000,62300001,31632826,57374,88407,0.458,,917003,0.0,0.0,0.0,841472,0,0.53139,0.015269999,,,,,-475096.0,-475096.0,-431624.0,2026,,1363814.0,1363814.0,2270124.0,841472.0,2127629.0,2206610.0,2026,-171170.0,3900000.0,,-588847.0,,2026,ok,,2026-09-02T10:24:54
PC2,PC2.AX,PC Gold Limited,ASX,EQUITY,AUD,AUD,Basic Materials,Gold,gold,"PC Gold Limited engages in the development and exploration of mineral deposits in Australia. It primarily explores gold. The company owns 100% interest in the Spring Hill gold project located in the Pine Creek region of the Northern Territory, Australia. PC Gold Limited was incorporated in 2015 and is based in Peppermint Grove, Australia.",,https://www.pcgold.com.au,Australia,Peppermint Grove,WA,1.06,332363200,313550220,145444672,251800,262433,,70273,-2371106,1.0,-25.07304,0.0,8353808,46921,0.56544995,0.10193,2,,,,,,,,,,,,,,,,,,,,,,ok,,2026-09-02T10:24:57
PDIDB,PDIDB.AX,PDI Gold Limited,ASX,EQUITY,AUD,AUD,Basic Materials,Gold,gold,"PDI Gold Limited explores for, identifies, and develops economic reserves in West Africa. Its flagship property is the Kiniéro Gold project, which covers an area of 398 square kilometers located in Guinea, West Africa. It also has interests in the Bankan Gold Project, which covers an area of 356 square kilometers in Guinea; and the Nampala Gold Mine in Mali. The company was formerly known as Predictive Discovery Limited and changed its name to PDI Gold Limited in August 2026. The company was incorporated in 2007 and is based in South Perth, Australia.",,https://pdigold.com,Australia,South Perth,WA,4.105,4056448768,988172677,349396691,3340539,2095344,0.674,,-26830508,0.0,0.0,0.0,32539932,314812,0.20813,0.5554,,,,,-9936431.0,-10525895.0,-8674871.0,2024,,122889743.0,124018902.0,176590026.0,29434172.0,159327.0,169945940.0,2024,-36251069.0,51951100.0,,-41419430.0,,2024,ok,,2026-09-02T10:24:59
PEC,PEC.AX,Perpetual Resources Limited,ASX,EQUITY,AUD,AUD,Basic Materials,Other Industrial Metals & Mining,other-industrial-metals-mining,"Perpetual Resources Limited engages in the exploration and evaluation of mineral resources in Brazil and Western Australia. It also explores for lithium, niobium, tantalum, tin, silica sand, and rare earth elements. Perpetual Resources Limited was incorporated in 2011 and is based in Subiaco, Australia.",,https://www.perpetualresources.co,Australia,Subiaco,WA,0.014,15175079,1083934159,576670760,2639338,1122225,1.069,,-1308071,0.0,0.0,0.0,1002415,0,0.32880002,0.0,,,,,-5670774.0,-5676637.0,-5438159.0,2024,,1760131.0,1760131.0,2718674.0,909618.0,,2226280.0,2024,-1251739.0,1750018.0,,-2009857.0,,2024,ok,,2026-09-02T10:25:02
PFE,PFE.AX,Pantera Minerals Limited,ASX,EQUITY,AUD,AUD,Basic Materials,Other Industrial Metals & Mining,other-industrial-metals-mining,"Pantera Minerals Limited, a lithium brine company, engages in the exploration of lithium brine deposits. The company owns 100% interests in the Pantera Lithium Brine project located in southwest Arkansas in the United States. The company was formerly known as Pantera Lithium Limited and changed its name to Pantera Minerals Limited in November 2025. Pantera Lithium Limited was incorporated in 2020 and is based in West Perth, Australia.",,https://panterali.com,Australia,West Perth,WA,0.016,7884449,492778054,267681392,1027720,954541,1.18,3033627,-1027252,1.0,0.61681,7.53752,1428910,206641,0.47428,0.0,,,,,-6956467.0,-7371622.0,-7067770.0,2024,,10715050.0,10916377.0,14245080.0,2639091.0,432248.0,13067965.0,2024,-1690178.0,7545561.0,,-3972682.0,,2024,ok,,2026-09-02T10:25:04
PGD,PGD.AX,Peregrine Gold Limited,ASX,EQUITY,AUD,AUD,Basic Materials,Gold,gold,"Peregrine Gold Limited, together with its subsidiaries, engages in the exploration of minerals in Australia. It explores for gold, lithium, iron, silver, base metal, and precious metal deposits. Peregrine Gold Limited was incorporated in 2020 and is based in Perth, Australia.",,https://www.peregrinegold.com.au,Australia,Perth,WA,0.16,15809378,98808615,59347418,163879,84673,0.769,318955,-3350766,0.98087996,-134.72885,0.0,3187171,278529,0.41222998,0.0,,,,,-3786738.0,-3955863.0,-3923049.0,2024,,4399636.0,4542134.0,6444423.0,1911475.0,153005.0,5989035.0,2024,-100000.0,2197105.0,,-3730036.0,,2024,ok,,2026-09-02T10:25:07
PGL,PGL.AX,Pilbara Gold Limited,ASX,EQUITY,AUD,AUD,Basic Materials,Gold,gold,"Pilbara Gold Limited, together with its subsidiaries, operates as a resource exploration company in Australia. The company primarily explores for gold, nickel, rare earth element, and lithium properties. Its flagship project is the 100% owned Mt York Gold Project located in the Pilbara, Western Australia. The company was formerly known as Kairos Minerals Limited and changed its name to Pilbara Gold Limited in April 2026. Kairos Minerals Limited was incorporated in 1983 and is based in West Perth, Australia.",,https://pilbaragold.com.au,Australia,West Perth,WA,0.52,121688336,234016028,171377723,283484,379053,1.101,,-2003041,0.0,0.0,0.0,25054448,54750,0.14533,0.108789995,,,,,-1174779.0,-1416069.0,-1326815.0,2024,145969.0,32084661.0,32638227.0,36933434.0,4703805.0,142622.0,36478239.0,2024,-4052188.0,6552280.0,,-5229465.0,,2024,ok,,2026-09-02T10:25:10
PGM,PGM.AX,Platina Resources Limited,ASX,EQUITY,AUD,AUD,Basic Materials,Other Precious Metals & Mining,other-precious-metals-mining,"Platina Resources Limited acquires, explores for, and develops precious metals and other mineral deposits in Australia. It explores for platinum group metals, zinc and gold, and base metals. Platina Resources Limited was incorporated in 2006 and is headquartered in Mount Hawthorn, Australia.",,https://www.platinaresources.com.au,Australia,Mount Hawthorn,WA,0.025,17263892,690555638,387171026,459709,592215,1.458,578545,-4766701,1.0,-8.24233,0.0,11294117,0,0.38651,0.0,,,,,-4557414.0,-4560311.0,-3921735.0,2025,,2235573.0,2278948.0,15368347.0,11402405.0,,14976420.0,2025,-1662296.0,2230000.0,,-2244095.0,,2025,ok,,2026-09-02T10:25:13
PHO,PHO.AX,PhosCo Ltd,ASX,EQUITY,AUD,AUD,Basic Materials,Other Industrial Metals & Mining,other-industrial-metals-mining,"PhosCo Ltd, together with its subsidiaries, engages in the exploration, development, and realization of mineral resource projects in North Africa. It explores for zinc, gold, base and precious metals, and lead deposits. The company holds 100% interest in the Gasaat Phosphate project that covering approximately 112 square kilometers located in Tunisia; the Sekarna Phosphate project that covering 60 square kilometers located 10 kilometers to the southwest of Sekarna; and the Green Shift project. It also holds a portfolio of exploration permits and applications in Northern and Central Tunisia. The company was formerly known as Celamin Holdings Limited and changed its name to PhosCo Ltd in January 2022. PhosCo Ltd was incorporated in 2009 and is based in South Melbourne, Australia.",,https://www.phosco.com.au,Australia,Melbourne,VIC,0.145,78415512,540796676,233469716,173081,160414,-0.323,,-4691290,0.0,0.0,0.0,2260858,7246730,0.49043998,0.19302,1,,,,-1275039.0,-1537905.0,-1734903.0,2024,,61087.0,61087.0,784668.0,548154.0,6517492.0,-2369574.0,2024,-54171.0,1000000.0,,-1543021.0,,2024,ok,,2026-09-02T10:25:16
PIM,PIM.AX,Pinnacle Minerals Limited,ASX,EQUITY,AUD,AUD,Basic Materials,Other Industrial Metals & Mining,other-industrial-metals-mining,"Pinnacle Minerals Limited operates in the mineral exploration and evaluation industry in Australia and Canada. It explores for heavy minerals sands, rare earth elements (REE), lithium, and uranium. The company's flagship property is the 75% owned Adina East Lithium Project, consisting of 147 claims covering approximately an area of 72.7 square kilometers, located in James Bay, Quebec. The company was incorporated in 2021 and is headquartered in Mount Hawthorn, Australia.",,https://www.pinnacleminerals.com.au,Australia,Mount Hawthorn,WA,0.038,4387609,115463413,89983562,113503,84079,-0.252,24419,,1.0,-75.16112,0.0,2802995,0,0.25114,0.0165,,,,,-3382916.0,-3382916.0,-3300413.0,2024,,2705803.0,2705803.0,4326281.0,1526259.0,,4025169.0,2024,-717215.0,82399.0,,-1624277.0,,2024,ok,,2026-09-02T10:25:19
PKO,PKO.AX,Peako Limited,ASX,EQUITY,AUD,AUD,Basic Materials,Other Precious Metals & Mining,other-precious-metals-mining,"Peako Limited explores for and develops of natural resources in Australia and Saudi Arabia. It primarily explores for gold, lithium, and rare earth elements deposits. The company's flagship project is the Eastman PGE project located in the Central Zone of the Halls Creek Orogen. The company was formerly known as Peak Oil & Gas Limited and changed its name to Peako Limited in November 2015. Peako Limited is based in Melbourne, Australia.",,https://peako.com.au,Australia,Melbourne,VIC,0.01,17064918,1706491960,792810180,4081490,12995965,2.259,,-1295338,0.0,0.0,0.0,1056878,0,0.49762002,0.00103,,,,,-975519.0,-995399.0,-946425.0,2024,,30401.0,30401.0,177284.0,82161.0,,82887.0,2024,-2118391.0,391591.0,,-914123.0,,2023,ok,,2026-09-02T10:25:21
PL3,PL3.AX,Patagonia Lithium Limited,ASX,EQUITY,AUD,AUD,Basic Materials,Other Industrial Metals & Mining,other-industrial-metals-mining,"Patagonia Lithium Limited engages in the exploration and development of mineral properties in Argentina and Brazil. It explores lithium, borates, niobium, spodumene, and rare earth metals. The company's flagship project is the Formentera project covering an area of approximately 1,752 hectares located in Paso Salar, Jujuy Province. Patagonia Lithium Limited was incorporated in 2021 and is based in Melbourne, Australia.",,https://www.patagonialithium.com.au,Australia,Melbourne,VIC,0.18,58991796,327732207,44486927,553331,1492663,-1.523,13440,-1215146,1.0,-42.36994,0.0,1498789,0,0.52074003,0.0436,,,,,-1374644.0,-1229972.0,-1436563.0,2025,,10362619.0,10376905.0,12831720.0,1498789.0,867210.0,12644343.0,2025,-2264830.0,6252581.0,,-3830926.0,,2025,ok,,2026-09-02T10:25:23
PL9,PL9.AX,Prairie Lithium Limited,ASX,EQUITY,AUD,AUD,Basic Materials,Other Industrial Metals & Mining,other-industrial-metals-mining,"Prairie Lithium Limited operates as a mineral exploration company in the United States and Canada. The company explores primarily for lithium deposits. It owns 100% interest in the Big Sandy Lithium project that comprises 331 bureau of land management (BLM) claims covering an area of approximately 25 square kilometers located in Arizona, the United States; and the Pairie Lithium project located in the southeast Saskatchewan. The company was formerly known as Arizona Lithium Limited and changed its name to Prairie Lithium Limited in September 2025. Prairie Lithium Limited was incorporated in 1969 and is based in West Perth, Australia.",,https://www.prairielithium.com,Australia,West Perth,WA,0.006,34681888,5780314446,4457889998,4671625,3200177,1.421,14240984,11266959,1.0,0.83043,-0.00182,8748016,19704,0.22931999,0.00022,,1357820.0,,1357820.0,-21808595.0,-23134076.0,-22817088.0,2024,4977496.0,77743686.0,80133556.0,98408031.0,19626645.0,2251265.0,83082700.0,2024,-4931875.0,26666669.0,,-13623845.0,,2024,ok,,2026-09-02T10:25:26
PLA,PLA.AX,Pacific Lime and Cement Limited,ASX,EQUITY,AUD,AUD,Basic Materials,Other Industrial Metals & Mining,other-industrial-metals-mining,"Pacific Lime and Cement Limited, an investment holding company, engages in the exploration and evaluation of mineral resources. It operates through Cement and Lime, Iron and Industrial Sands, Coal and Power, and Renewables segments. The Cement and Lime segment includes limestone; and the Central Cement and Lime Project. The Iron and Industrial Sands segment consisting of construction sands, magnetite sand, and heavy mineral sands located in Papua New Guinea. The Coal and Power segment operates the Depot Creek coal resource in the Gulf Project of Papua New Guinea. The Renewables segment invests in forestry carbon credit projects. It also engages in the steel and power generation activities. The company was formerly known as Mayur Resources Limited and changed its name to Pacific Lime and Cement Limited in July 2025. Pacific Lime and Cement Limited was founded in 2011 and is based in Brisbane, Australia.",,https://www.placltd.com,Australia,Brisbane,QLD,0.38,327073088,860718662,400729739,794348,686054,0.077,1521290,-15744889,0.16145,-13.294001,0.0,55011920,13519065,0.39898998,0.080290005,2,,,,-13408797.0,-13458081.0,271245.0,2025,,71135359.0,71135359.0,171762622.0,39200071.0,8472028.0,154914024.0,2025,-16034141.0,101240500.0,,-22683876.0,,2025,ok,,2026-09-02T10:25:28
PLC,PLC.AX,PLC Resources Limited,ASX,EQUITY,AUD,AUD,Basic Materials,Other Industrial Metals & Mining,other-industrial-metals-mining,"PLC Resources Limited engages in mineral exploration activities in Western Australia. It primarily explores gold and copper deposits. The company's project include 100% owned the Yalgoo Gold Project which covers an area of 226 square kilometers located in the northern YalgooSingleton Greenstone Belt; and the Abbotts North Project located in the Abbotts Greenstone Belt. The company was formerly known as Premier1 Lithium Limited and changed its name to PLC Resources Limited in May 2026. PLC Resources Limited was incorporated in 2019 and is based in Perth, Australia.",,https://plcresources.au,Australia,Perth,WA,0.007,8214441,1173491614,688379860,1298940,433703,1.522,,-1097879,0.0,0.0,0.0,1415002,20096,0.21123,0.0,,501595.0,,501595.0,-3710786.0,-4242788.0,-3788038.0,2024,,1873837.0,1960447.0,2832402.0,730659.0,43407.0,2531690.0,2025,-1473326.0,1547892.0,,-1905322.0,,2025,ok,,2026-09-02T10:25:31
PLG,PLG.AX,Pearl Gull Iron Limited,ASX,EQUITY,AUD,AUD,Basic Materials,Steel,steel,"Pearl Gull Iron Limited, a mineral exploration company, focused on exploration and development of iron ore properties in Australia. The company holds interests in the Switch Pit, North Bay, and Magazine Pit projects located at Cockatoo Island, Western Australia. Pearl Gull Iron Limited was incorporated in 2017 and is based in Subiaco, Australia.",,https://pearlgulliron.com.au,Australia,Subiaco,WA,0.031,6340795,204541790,124326636,0,0,0.144,3133181,-714296,1.0,-0.18924,0.62652,2051322,0,0.56517,0.0,,,,,-917000.0,-980000.0,-1200000.0,2024,,9227000.0,9259000.0,10169000.0,899000.0,,2534000.0,2024,,2032000.0,,-901000.0,,2023,ok,,2026-09-02T10:25:33
PLS,PLS.AX,PLS Group Limited,ASX,EQUITY,AUD,AUD,Basic Materials,Other Industrial Metals & Mining,other-industrial-metals-mining,"PLS Group Limited engages in the exploration, development, and operation of mineral resources in Australia. The company primarily explores for lithium. Its flagship projects is the 100% owned Pilgangoora project located in the Pilbara region of Western Australia. The company was formerly known as Pilbara Minerals Limited and changed its name to PLS Group Limited in November 2025. The company was incorporated in 2005 and is based in West Perth, Australia.",1175,https://www.pls.com,Australia,West Perth,WA,5.23,16859541504,3223621586,3001698480,24299230,26629505,0.727,1934018048,1060846976,0.51912,0.55322,0.27185,2289977088,1232209024,0.06684,0.5353,17,1539710000.0,659020000.0,880690000.0,1153316000.0,445904000.0,525761000.0,2026,,3396682000.0,4113657000.0,6257957000.0,2289977000.0,1232209000.0,4077938000.0,2026,-344332000.0,204000.0,,1020354000.0,,2026,ok,,2026-09-02T10:25:36
PM1,PM1.AX,Palisade Metals Ltd,ASX,EQUITY,AUD,AUD,Basic Materials,Gold,gold,"Palisade Metals Ltd engages in the exploration and evaluation of mining and exploration tenements in the United States and Australia. The company explores for lithium, diamond, pegmatite, rubidium, and spodumene deposits. Its flagship project is the Beecher Lithium-Rubidium project located in the Black Hills of South Dakota, the United States. The company was formerly known as IRIS Metals Limited and changed its name to Palisade Metals Ltd in August 2026. The company was incorporated in 2020 and is headquartered in West Perth, Australia.",,https://irismetals.com,Australia,West Perth,WA,0.054,,,145105075,419066,105809,-1.368,18378,-8056235,1.0,46.7623,0.0,4590574,0,0.48321,0.0,,,,,-22170997.0,-22026425.0,-22284951.0,2026,,27454255.0,27454255.0,32769860.0,4590574.0,145060.0,32361288.0,2026,-5205639.0,10141507.0,,-8902966.0,,2026,ok,,2026-09-02T10:25:38
PMM,PMM.AX,Pioneer Minerals Limited,ASX,EQUITY,AUD,AUD,Basic Materials,Other Industrial Metals & Mining,other-industrial-metals-mining,"Pioneer Minerals Limited, a mineral company, engages in the exploration and development of mineral projects in Australia, Canada, the United States, Namibia, and Brazil. It also explores for rare earth elements and lithium. The company holds an interest in Warmbad Uranium Project, located in Namibia, covering an area of 271 square kilometers; Skull Creek Uranium Project, located in the United States, covering an area of 15.5 square kilometers; and a 90% interest in Root Lake Project covering an area of 1,972 hectares located in Ontario and Quebec, Canada. The company was formerly known as Pioneer Lithium Limited and changed its name to Pioneer Minerals Limited in November 2025. The company was incorporated in 2022 and is based in Perth, Australia.",,https://pioneerminerals.com.au,Australia,Perth,WA,0.16,11983364,74896027,26196584,95114,20179,0.486,,-1146306,0.0,0.0,0.0,108383,66864,0.5355,0.0,,,,,-1938429.0,-2012998.0,-2003145.0,2024,,2226978.0,2278338.0,4189588.0,1855760.0,126201.0,3943337.0,2024,-1315758.0,5203999.0,,-2687924.0,,2024,ok,,2026-09-02T10:25:41
PMT,PMT.AX,PMET Resources Inc.,ASX,EQUITY,AUD,CAD,Basic Materials,Other Industrial Metals & Mining,other-industrial-metals-mining,"PMET Resources Inc. engages in the identification, acquisition of exploration, development, and evaluation of mineral properties in the United States and Canada. The company explores for gold, copper, silver, lithium, caesium, and tantalum deposits. Its flagship property is the Shaakichiuwaanaan project, comprising 463 claims totaling 23,710 hectares located in the Eeyou Istchee James Bay region of Québec, Canada. The company was formerly known as Patriot Battery Metals Inc. and changed its name to PMET Resources Inc. in September 2025. PMET Resources Inc. was incorporated in 2007 and is headquartered in Montreal, Canada.",33,https://www.pmet.ca,Canada,Montreal,QC,0.48,892525376,1859428010,1669840730,3112294,2150359,0.525,,-21977000,0.0,0.0,0.0,179568000,239000,0.04375,0.06746,5,0.0,,,-7024000.0,-22321000.0,-11057000.0,2026,0.0,297223000.0,315546000.0,491931000.0,174227000.0,267000.0,425369000.0,2025,-592000.0,138088000.0,-7540000.0,-8132000.0,,2026,ok,,2026-09-02T10:25:43
PNN,PNN.AX,Power Minerals Limited,ASX,EQUITY,AUD,AUD,Basic Materials,Other Industrial Metals & Mining,other-industrial-metals-mining,"Power Minerals Limited engages in the exploration and development of mineral resources in Australia, Argentina, and Brazil. The company primarily explores for lithium, niobium, rare earth, copper, nickel, cobalt, platinum group elements, gold, kaolin, and halloysite deposits. It holds 100% interest in the Salta Lithium Brine project that consists of seven granted mining leases covering an area of 147 square kilometers located in Salta Province, North-West Argentina; and Santa Anna Niobium-REE-Gallium Project covering an area of 17.2 square kilometers located in Brazil. The company was formerly known as PepinNini Minerals Limited and changed its name to Power Minerals Limited in June 2022. Power Minerals Limited was incorporated in 2002 and is based in Mount Hawthorn, Australia.",,https://www.powerminerals.com.au,Australia,Mount Hawthorn,WA,0.16,70034248,437714045,236295703,3000837,3993651,-0.026,23042,-3903319,0.0,-177.23756,0.0,3748606,0,0.14104,0.0,1,48700.0,,48700.0,-3382006.0,-4202684.0,-3718708.0,2024,,33562798.0,33562798.0,36833303.0,473399.0,1243617.0,34837314.0,2024,-8563848.0,6802837.0,,-11006397.0,,2024,ok,,2026-09-02T10:25:46
PNR,PNR.AX,Pantoro Gold Limited,ASX,EQUITY,AUD,AUD,Basic Materials,Gold,gold,"Pantoro Gold Limited, together with its subsidiaries, engages in the gold mining, processing, and exploration activities in Western Australia. It holds 100% interest in the Norseman Gold project located in the Eastern Goldfields of Western Australia. The company was formerly known as Pantoro Limited and changed its name to Pantoro Gold Limited in April 2025. Pantoro Gold Limited was incorporated in 1986 and is based in West Perth, Australia.",,https://www.pantoro.com.au,Australia,West Perth,WA,2.605,1015238976,389727051,316858380,3815054,4707281,1.704,442470848,231827664,0.37627998,0.34892,0.24067,189384336,82642048,0.08858,0.72110003,6,357302451.0,158467723.0,198834728.0,174846875.0,81906468.0,56655846.0,2025,7329783.0,474029383.0,670651434.0,692789185.0,151645969.0,78354707.0,509303409.0,2025,-106739898.0,5955119.0,,75259127.0,,2025,ok,,2026-09-02T10:25:49
PNT,PNT.AX,Panther Metals Ltd,ASX,EQUITY,AUD,AUD,Basic Materials,Other Precious Metals & Mining,other-precious-metals-mining,"Panther Metals Ltd explores for mineral properties in Australia. The company explores for nickel, cobalt, and gold deposits. Its flagship property is the Coglia nickel-cobalt project located in Western Australia. Panther Metals Ltd was incorporated in 2016 and is based in Perth, Australia.",,https://www.panthermetals.com.au,Australia,Perth,WA,0.005,2041863,408372731,261387134,507414,57005,0.053,5485,-705851,1.0,-130.19527,0.0,893764,0,0.42238,0.0,,,,,-902792.0,-911062.0,-709495.0,2025,,7342170.0,7363356.0,9412219.0,893764.0,,9274931.0,2025,-713613.0,1502285.0,,-1305566.0,,2025,ok,,2026-09-02T10:25:51
POD,POD.AX,Podium Minerals Limited,ASX,EQUITY,AUD,AUD,Basic Materials,Other Industrial Metals & Mining,other-industrial-metals-mining,"Podium Minerals Limited operates as an exploration and resource development company in Australia. The company primarily explores for platinum, palladium, rhodium, and iridium; and nickel, copper, cobalt, and gold deposits. Its flagship project is the Parks Reef project located in the Mid-West region of Western Australia. The company was formerly known as Weld Range Metals Limited. The company was incorporated in 1986 and is headquartered in West Perth, Australia.",,https://podiumminerals.com,Australia,West Perth,WA,0.031,31023808,1000767985,45606715,1193571,1608480,1.294,,-1938807,0.0,0.67772,0.0,11603,100000,0.29408002,0.01572,1,,,,-2313946.0,-2556643.0,-2425552.0,2024,,19501032.0,19598569.0,22412033.0,2797775.0,29078.0,21896625.0,2024,-1609618.0,2260255.0,,-3291408.0,,2024,ok,,2026-09-02T10:25:54
POL,POL.AX,Polymetals Resources Ltd,ASX,EQUITY,AUD,AUD,Basic Materials,Gold,gold,"Polymetals Resources Ltd engages in the exploration and development of gold projects in West Africa. The company holds interests in the Alahiné licence covering an area of approximately 64.2 square kilometers; and the Mansala licence covering an area of approximately 48.2 square kilometers located in the Siguiri Basin. Polymetals Resources Ltd was incorporated in 2020 and is based in Alstonville, Australia.",,https://www.polymetals.com,Australia,Alstonville,NSW,0.94,289626848,308113677,187558376,766666,1249977,,100260536,-33940872,0.27986,-0.18787001,-0.46921003,19658064,27816150,0.46951,0.22228001,2,1425.0,,1425.0,-42266928.0,-45281240.0,-47848266.0,2025,,70766202.0,74098514.0,97267189.0,8375993.0,26830824.0,18792782.0,2025,-12584371.0,38483500.0,,-49427846.0,,2025,ok,,2026-09-02T10:25:57
PPG,PPG.AX,Pro-Pac Packaging Limited,ASX,EQUITY,AUD,AUD,Consumer Cyclical,Packaging & Containers,packaging-containers,"Pro-Pac Packaging Limited, together with its subsidiaries, manufactures and distributes flexible and industrial packaging products in Australia and New Zealand. It operates through Flexibles and Specialty segments. The Flexibles segment manufactures flexible packaging materials products, such as stretch and shrink wrap, agricultural silage packaging, fresh produce bags, barrier and lidding films, and distribution protective films. The Specialty segment sources and distributes specialty packaging materials and related consumer products. It offers corrugated cartons, flexible films, food processing products, fresh produce, packaging supplies and consumables, machinery and machine service, industrial and protective packaging products, stretch and pallet wrap, safety and PPE products, gloves, and washroom and janitorial products. The company provides void fill solutions; plastic bottles, lids, and closures; bags and liners; cleaning supplies; and labels and sign products. It supplies a variety of products and services to produce, food and food processing, and warehousing and logistics, as well as agricultural, industrial, and commercial markets; and retail and FMCG markets. Pro-Pac Packaging Limited was founded in 1987 and is headquartered in Reservoir, Australia.",,https://www.ppgaust.com.au,Australia,Reservoir,VIC,0.018,3270379,181687711,152243401,0,0,0.566,279166016,-21070000,0.42703998,-0.09939,-0.29951,2749000,78081000,0.67189,0.045149997,,295178000.0,167188000.0,127990000.0,-24004000.0,-19671000.0,-53764000.0,2024,,95491000.0,181119000.0,237335000.0,1081000.0,70047000.0,81091000.0,2024,-11815000.0,30174000.0,,-7231000.0,,2024,ok,,2026-09-02T10:25:59
PPK,PPK.AX,PPK Group Limited,ASX,EQUITY,AUD,AUD,Industrials,Electrical Equipment & Parts,electrical-equipment-parts,"PPK Group Limited, together with its subsidiaries, provides nanomaterials, artificial intelligence, and energy solutions primarily in Australia. The company designs and manufactures modular lithium ferro phosphate batteries and full battery energy storage systems. The company was founded in 1979 and is headquartered in Brisbane, Australia.",,https://ppkgroup.com.au,Australia,Brisbane,QLD,0.42,38141248,90812498,43852173,47468,81701,0.763,28000000,-11263000,0.29107,-0.14035,-0.27661,2652000,9221000,0.53486997,0.0036000002,,28186000.0,20165000.0,8021000.0,-12263000.0,-22719000.0,-10743000.0,2024,,19586000.0,24578000.0,122846000.0,28348000.0,10410000.0,67743000.0,2024,-8579000.0,2047000.0,,-18489000.0,,2024,ok,,2026-09-02T10:26:02
PPY,PPY.AX,Papyrus Australia Limited,ASX,EQUITY,AUD,AUD,Consumer Cyclical,Packaging & Containers,packaging-containers,"Papyrus Australia Limited develops a technology that converts banana plantation waste into fibre and biodegradable food packaging products. It offers various moulded food packaging products including trays, plates, cup holders, egg cartons, and clam shells. Papyrus Australia Limited was founded in 1995 and is based in Wayville, Australia.",,https://papyrusaustralia.com.au,Australia,Wayville,SA,0.01,6488817,648881733,331792123,399989,120202,-0.358,-116379,-1584750,0.0,-11.10521,0.0,474209,350784,0.57813,0.0141900005,,,,,-2794452.0,-2168202.0,-2830599.0,2025,,3021.0,7108.0,1004546.0,305329.0,,307713.0,2025,-102742.0,198967.0,,-522919.0,,2025,ok,,2026-09-02T10:26:04
PR1,PR1.AX,Pure Resources Limited,ASX,EQUITY,AUD,AUD,Basic Materials,Other Industrial Metals & Mining,other-industrial-metals-mining,"Pure Resources Limited engages in the acquisition, exploration, and development of mineral resource properties in Australia, Canada, Finland. It primarily explores for nickel, gold, copper, lithium, deposits. The company was incorporated in 2021 and is based in Subiaco, Australia.",,https://www.pureresources.com.au,Australia,Subiaco,WA,0.355,25404910,71563127,28998572,32561,21794,0.721,,-1509168,0.0,0.0,0.0,1583416,93281,0.53427,0.0,,,,,-850372.0,-996408.0,-901124.0,2024,,1527991.0,1619496.0,2866549.0,1244661.0,36968.0,2722296.0,2024,-397477.0,18024.0,,-1481529.0,,2024,ok,,2026-09-02T10:26:07
PRG,PRG.AX,PRL Global Ltd.,ASX,EQUITY,AUD,AUD,Industrials,Integrated Freight & Logistics,integrated-freight-logistics,"PRL Global Ltd., together with its subsidiaries, engages in the mining, processing, and sale of phosphate rock, phosphate dust, and chalk in Africa, Asia, Europe, Australia, the United States, and Oceania. The company operates in Fertiliser and Mining segments. It provides earthmoving, fuel pilotage maintenance, and stevedoring services; and manufactures, stores, and sells various fertiliser products. The company also offers shipping, investment, and marketing services, as well as engages in the trade, import, and export of commodities. The company was formerly known as CI Resources Limited and changed its name to PRL Global Ltd. in December 2023. PRL Global Ltd. was incorporated in 1987 and is headquartered in Burswood, Australia.",,https://prlgroup.com.au,Australia,Burswood,WA,1.42,157265264,110750189,44763011,2125,335,-0.148,2260841984,63847000,0.0421,0.0197,0.0060799997,77600000,134940000,0.69427,0.0,,1477722000.0,1418654000.0,59068000.0,37559000.0,12691000.0,10889000.0,2025,12995000.0,94466000.0,208226000.0,505179000.0,66625000.0,114966000.0,228757000.0,2025,-24275000.0,-3998000.0,,-4716000.0,,2025,ok,,2026-09-02T10:26:09
PRN,PRN.AX,Perenti Limited,ASX,EQUITY,AUD,AUD,Basic Materials,Other Industrial Metals & Mining,other-industrial-metals-mining,"Perenti Limited operates as a mining services company worldwide. It operates through the Contract Mining and Drilling Services segments. The company offers underground and surface contract mining, as well as technical services. It also provides drilling services, including specialized deep hole multi-intersectional directional diamond core drilling, underground diamond core drilling, drilling and blasting, and in-pit grade control services. The company was formerly known as Perenti Global Limited and changed its name to Perenti Limited in October 2022. Perenti Limited was incorporated in 1986 and is headquartered in Northbridge, Australia.",10000,https://www.perenti.com,Australia,Northbridge,WA,2.225,2079930752,934800376,850584210,2350200,2550633,0.317,3340558080,601884032,0.29518,0.12031,0.00562,322524000,571308992,0.09159,0.57089,5,3338180000.0,934347000.0,2403833000.0,560688000.0,291828000.0,18762000.0,2026,,1061053000.0,2129679000.0,3126631000.0,322524000.0,571309000.0,1772407000.0,2026,-348726000.0,-13142000.0,,95271000.0,,2026,ok,,2026-09-02T10:26:12
PRU,PRU.AX,Perseus Mining Limited,ASX,EQUITY,AUD,USD,Basic Materials,Gold,gold,"Perseus Mining Limited, together with its subsidiaries, explores, evaluates, develops, and mines for gold properties in Ghana, Côte d'Ivoire, Tanzania, and Sudan. The company's flagship assets 80% owned Nyanzaga gold project located on the north-eastern flank of the Sukumaland Archaean Greenstone Belt of the Lake Victoria Goldfield in Tanzania. Perseus Mining Limited was incorporated in 2003 and is based in Subiaco, Australia.",,https://perseusmining.com,Australia,Subiaco,WA,6.34,8414013952,1327131493,1321597355,4398215,5324336,1.029,1483907968,828004992,0.57991004,0.52432,0.28858998,924057024,2110000,0.0049799997,0.66115,7,1483908000.0,623368000.0,860540000.0,844675000.0,711699000.0,428243000.0,2026,813378000.0,1220157000.0,2146146000.0,2926704000.0,924057000.0,2110000.0,2298566999.9999,2026,-469094000.0,-99965000.0,,197326000.0,,2026,ok,,2026-09-02T10:26:14
PRX,PRX.AX,Prodigy Gold NL,ASX,EQUITY,AUD,AUD,Basic Materials,Gold,gold,"Prodigy Gold NL explores for, develops, and evaluates mineral resources in Australia. It explores for gold. It holds 100% interest in Tanami North Project covering approximately 2,415 square kilometers located in south of Lajamanu, Australia. The company was formerly known as ABM Resources NL and changed its name to Prodigy Gold NL in May 2018. Prodigy Gold NL was incorporated in 1985 and is headquartered in Darwin, Australia.",,https://www.prodigygold.com.au,Australia,Darwin,NT,0.054,18203042,337093373,133536169,202468,562142,1.543,146326,-4606874,1.0,-15.12385,0.0,3060956,0,0.49370998,0.35814,,,,,-4753200.0,-4852429.0,-4418890.0,2026,,2716469.0,3815146.0,8611285.0,3060956.0,2500000.0,6457073.0,2026,-198914.0,7133615.0,,-5101190.0,,2026,ok,,2026-09-02T10:26:17
PSC,PSC.AX,Prospect Resources Limited,ASX,EQUITY,AUD,AUD,Basic Materials,Other Industrial Metals & Mining,other-industrial-metals-mining,"Prospect Resources Limited, through its subsidiaries, engages in the exploration, evaluation, and development of mineral resources in Africa. The company primarily explores for copper and lithium deposits. Its flagship property is the 85% owned Mumbezhi Copper Project covering an area of approximately 356 square kilometers located in the central African copperbelt region of north-western Zambia. The company was formerly known as Ethan Minerals Limited. Prospect Resources Limited was incorporated in 2007 and is headquartered in West Perth, Australia.",,https://www.prospectresources.com.au,Australia,West Perth,WA,0.215,179038592,832737627,444931617,707662,1000610,0.14,,-6364000,0.0,0.0,0.0,10284000,72000,0.26443002,0.22166,1,,,,-6809000.0,-7749000.0,-7013000.0,2024,,14744000.0,15123000.0,27313000.0,8337000.0,41000.0,26270000.0,2024,-2902000.0,3405000.0,,-9322000.0,,2024,ok,,2026-09-02T10:26:19
PSL,PSL.AX,Paterson Resources Ltd,ASX,EQUITY,AUD,AUD,Basic Materials,Other Industrial Metals & Mining,other-industrial-metals-mining,"Paterson Resources Ltd, a mineral resources company, engages in the exploration and development of gold and copper projects in Australia. Its primary project is the Grace project that covers an area of approximately 345 square kilometers located in the Paterson province in Western Australia. The company was formerly known as Hardey Resources Limited and changed its name to Paterson Resources Ltd in December 2019. Paterson Resources Ltd is based in Subiaco, Australia.",,https://patersonresources.com.au,Australia,Subiaco,WA,0.039,21537410,552241268,334071482,219012,298770,0.615,,,0.0,0.0,0.0,2583423,0,0.40067002,0.0,,,,,-1661263.0,-1668073.0,-1674769.0,2024,,4580818.0,4580818.0,7751331.0,475514.0,,7035889.0,2024,-898251.0,1557130.0,,-1583673.0,,2024,ok,,2026-09-02T10:26:22
PTN,PTN.AX,Patronus Resources Limited,ASX,EQUITY,AUD,AUD,Basic Materials,Gold,gold,"Patronus Resources Limited engages in the exploration and development of mineral properties in Australia. It explores for gold, base metal, uranium, zinc, lead, copper, and silver deposits. The company was formerly known as Kin Mining NL and changed its name to Patronus Resources Limited in August 2024. Patronus Resources Limited was incorporated in 2011 and is headquartered in West Perth, Australia.",,https://www.patronusresources.com.au,Australia,West Perth,WA,0.054,79880680,1479271821,677062712,1059379,648013,0.436,-250209,-14057888,0.0,-4.6308303,0.0,74612840,158263,0.40251,0.16715999,,,,,-8621668.0,-8702094.0,43676309.0,2024,6892144.0,482811.0,3853877.0,86239173.0,16775800.0,,83996390.0,2023,-194559.0,20808665.0,,-8286004.0,,2024,ok,,2026-09-02T10:26:24
PTR,PTR.AX,PTR Minerals Ltd,ASX,EQUITY,AUD,AUD,Basic Materials,Other Precious Metals & Mining,other-precious-metals-mining,"PTR Minerals Ltd, together with its subsidiaries, engages in the mineral exploration activities. The company explores for gold, copper, iron-oxide, and rare earth minerals. It holds interest in the Muckanippie Project located in the northern Gawler Craton of South Australia; the Mabel Creek Copper-Gold project covering an area of 3,322 square kilometers located in Queensland, Australia; the Comet project covering an area of 1,915 square kilometers located in South Australia. In addition, the company owns interest in the Woomera Copper-Gold project covering 668 square kilometers located in South Australia. The company was formerly known as Petratherm Limited and change its name to PTR Minerals Ltd in November 2025. PTR Minerals Ltd was incorporated in 2003 and is based in Norwood, Australia.",,https://ptrminerals.com.au,Australia,Norwood,SA,0.11,43479124,395264770,272498134,637433,222970,-0.232,,-2831678,0.0,0.0,0.0,16680777,144228,0.21476999,0.07126,1,,,,-1108670.0,-1108670.0,-1050737.0,2024,,4520519.0,4535162.0,5768960.0,406738.0,,5470473.0,2024,-1154833.0,3100000.0,,-2101100.0,,2024,ok,,2026-09-02T10:26:27
PUR,PUR.AX,Pursuit Minerals Limited,ASX,EQUITY,AUD,AUD,Basic Materials,Other Industrial Metals & Mining,other-industrial-metals-mining,"Pursuit Minerals Limited engages in the exploration and development of mineral properties in Argentina. The company primarily explores for lithium deposits. Its flagship project is the Rio Grande Sur Project, which comprises 5 tenements covering an area of 9,260 hectares located in Rio Grande Salar in Salta Province, Argentina. Pursuit Minerals Limited is based in Melbourne, Australia.",,https://pursuitminerals.com.au,Australia,Melbourne,VIC,0.086,22532964,262011190,141376436,407240,284536,0.611,,-2761077,0.0,0.0,0.0,238144,0,0.26645002,0.0,,,,,-2278421.0,-2281421.0,-2105908.0,2024,,47344967.0,47344967.0,50459463.0,2024367.0,,50046931.0,2024,-3689093.0,5672000.0,,-5730526.0,,2024,ok,,2026-09-02T10:26:30
PVT,PVT.AX,Pivotal Metals Limited,ASX,EQUITY,AUD,AUD,Basic Materials,Other Industrial Metals & Mining,other-industrial-metals-mining,"Pivotal Metals Limited engages in the exploration for and development of mineral resources in Canada. It explores for copper, nickel, and platinum group metals. The company holds 100% interest in the Horden Lake project, located near north of Matagami in northwest Quebec; Belleterre-Angliers Greenstone Belt project covers a combined area of 157 square kilometers and located in the Archean Superior Province of the Canadian Shield. The company was formerly known as Rafaella Resources Limited and changed its name to Pivotal Metals Limited in November 2022. The company was incorporated in 2017 and is based in Brisbane, Australia.",,https://pivotalmetals.com,Australia,Brisbane,QLD,0.016,21041530,1315095494,958153251,4078170,3091176,0.832,115301,-965509,1.0,-14.63079,0.0,5477797,0,0.26422,0.0,,,,,-1730388.0,-1973153.0,-1869881.0,2024,,11431186.0,11478532.0,13350589.0,1272203.0,1049799.0,13039698.0,2024,-7294.0,2673500.0,,-5685014.0,,2024,ok,,2026-09-02T10:26:32
PWN,PWN.AX,Parkway Corporate Limited,ASX,EQUITY,AUD,AUD,Industrials,Pollution & Treatment Controls,pollution-treatment-controls,"Parkway Corporate Limited provides water treatment products and solutions in Australia. It offers analytical instruments for measuring water treatment related parameters; laboratory equipment; laboratory consumables; water treatment systems; and pump products. The company also provides instrumentation and controllers to measure, monitor, and automate water treatment operations; pipe, hose, and fittings products; valves and solenoids; filters, membranes, and related process equipment; and tanks for industrial water treatment and process related applications. In addition, it offers various water treatment chemicals; disinfection products that consist of chemical disinfection, chlorination equipment, electro-chlorination, nanobubble disinfection, ozone disinfection, and UV disinfection products, as well as related parts and accessories. Further, it is involved in the supply of heavy duty steel pallets for storage and transport of goods; and provision of analytical testing, project evaluation, process development and engineering, workshop fabrication, installation and project management, and operation and maintenance services. Additionally, the company offers product and industry based, and next generation solutions. The company was formerly known as Parkway Minerals NL and changed its name to Parkway Corporate Limited in September 2021. The company was incorporated in 2010 and is headquartered in Sunshine North, Australia.",,https://pwnps.com,Australia,Sunshine North,VIC,0.013,36093340,2776410555,1545039266,1819539,2953885,0.325,15024866,622649,0.31282,-0.03522,-0.01546,1919115,7294133,0.36315,0.0,,8898333.0,6471650.0,2426683.0,107187.0,-1185323.0,-734406.0,2024,,7660744.0,8991342.0,26915594.0,3492197.0,7912557.0,15493611.0,2024,-173617.0,5956562.0,,470827.0,,2024,ok,,2026-09-02T10:26:35
PXX,PXX.AX,PolarX Limited,ASX,EQUITY,AUD,AUD,Basic Materials,Other Industrial Metals & Mining,other-industrial-metals-mining,"PolarX Limited engages in the exploration and development of mineral properties in the United States. The company primarily explores for copper, gold, and silver deposits. Its flagship property is the Alaska Range project comprising the Stellar Gold Copper property with 231 contiguous state mining claims; Caribou Dome Copper property with 216 contiguous state mining claims; and the Senator Copper property mineral claims in Alaska. PolarX Limited is based in Subiaco, Australia.",1,https://www.polarx.com.au,Australia,Subiaco,WA,0.021,57225400,2725019256,2013194935,1605038,2510228,1.185,-5,-2146520,0.0,-25418.96,0.0,5632509,0,0.28886998,0.06881,,,,,-11766181.0,-11767219.0,-11805767.0,2024,,34100111.0,34156661.0,36333477.0,1564266.0,,35129987.0,2024,-4593631.0,7181620.0,,-5918697.0,,2024,ok,,2026-09-02T10:26:38
QEM,QEM.AX,QEM Limited,ASX,EQUITY,AUD,AUD,Energy,Oil & Gas E&P,oil-gas-e-p,"QEM Limited engages in the exploration and development of vanadium and oil shale project in Australia. Its flagship project is the Julia Creek oil shale and vanadium project comprising 4 tenements covering an area of 249.6 square kilometers located in the Julia Creek area of North Western Queensland, Australia. The company was formerly known as Queensland Energy & Minerals Pty Ltd and changed its name to QEM Limited in August 2018. QEM Limited was incorporated in 2014 and is headquartered in Surfers Paradise, Australia.",,https://www.qldem.com.au,Australia,Surfers Paradise,QLD,0.018,6522306,362350356,158544261,1162079,2914806,1.173,-2858,-2720132,0.0,-212.48293,0.0,1076211,0,0.33947,0.033150002,,,,,-1797881.0,-4893178.0,-2044866.0,2024,,531181.0,751602.0,2316157.0,1645176.0,36485.0,1564460.0,2024,-35818.0,765089.0,,-3997995.0,,2024,ok,,2026-09-02T10:26:40
QGL,QGL.AX,Quantum Graphite Limited,ASX,EQUITY,AUD,AUD,Basic Materials,Other Industrial Metals & Mining,other-industrial-metals-mining,"Quantum Graphite Limited engages in the exploration, mining, processing, and manufacture of flake graphite products in Australia. It also offers Li-ion electrical based batteries and long duration deep energy storage batteries utilizing thermal energy storage technologies. The company was formerly known as Valence Industries Limited and changed its name to Quantum Graphite Limited in November 2016. Quantum Graphite Limited was incorporated in 1986 and is headquartered in Melbourne, Australia.",,https://quantumgraphite.com,Australia,Melbourne,VIC,0.32,112832000,352600000,150017196,23130,5723,0.613,57221,-2246299,1.0,-7.87517,0.0,1702524,7526126,0.46486,0.09009,,,,,-4061994.0,-4532337.0,-4368833.0,2024,,19365665.0,19980623.0,22604589.0,1435917.0,4208345.0,13615542.0,2024,-816317.0,4317861.0,,-2207533.0,,2024,ok,,2026-09-02T10:26:43
QML,QML.AX,QMines Limited,ASX,EQUITY,AUD,AUD,Basic Materials,Copper,copper,"QMines Limited explores and develops mineral properties in Australia. The company explores for gold, copper, zinc, and silver deposits. Its flagship project is the 100% owned Mount Chalmers project, which consists of five minerals exploration permits covering an area of 334 square kilometers located North-East of Rockhampton, Queensland. QMines Limited was incorporated in 2020 and is headquartered in Mosman, Australia.",,https://qmines.com.au,Australia,Mosman,NSW,0.065,50179444,771991470,455119092,1177172,1797238,1.284,82413,-3480415,1.0,-33.08552,0.0,5842114,1611657,0.28204,0.0049900003,,,,,-3277913.0,-3160797.0,-3374951.0,2024,,20701180.0,21919124.0,21502220.0,592345.0,1364026.0,18078811.0,2024,-1493716.0,2866586.0,,-6065044.0,,2024,ok,,2026-09-02T10:26:45
QPM,QPM.AX,QPM Energy Limited,ASX,EQUITY,AUD,AUD,Energy,Oil & Gas E&P,oil-gas-e-p,"QPM Energy Limited, together with its subsidiaries, operates as an independent gas producer in Australia. It operates through the Townsville Energy Chemicals Hub (TECH) Project and QPM Energy segments. The company holds 100% interest in the Moranbah Gas Project (MGP) to manage a portfolio of gas supply sourced from the MGP, and mine waste gas produced by co-located coal mining operations; and owns the Townsville Energy Chemicals Hub (TECH) Project, which aims to develop a refinery to produce nickel, cobalt, and high-purity alumina (HPA). It also generates electricity through the operation of power stations. The company was formerly known as Queensland Pacific Metals Limited and changed its name to QPM Energy Limited in November 2024. QPM Energy Limited was incorporated in 2007 and is headquartered in Brisbane, Australia.",,https://qpmenergy.com.au,Australia,Brisbane,QLD,0.009,35621260,3957918027,3329122008,4581449,0,0.17,88571768,6876741,0.08325,-0.01568,-0.14882,35027020,114452240,0.16317,0.13984,1,75111487.0,53432721.0,21678766.0,48202610.0,-37519527.0,8194662.0,2025,12805253.0,192815650.0,216239120.0,211353029.0,9997416.0,72434293.0,41175782.0,2025,-43616526.0,37349980.0,,-14639874.0,,2025,ok,,2026-09-02T10:26:47
QXR,QXR.AX,QX Resources Limited,ASX,EQUITY,AUD,AUD,Basic Materials,Other Industrial Metals & Mining,other-industrial-metals-mining,"QX Resources Limited engages in the exploration and development of battery minerals in Australia and the United States. The company primarily explores for lithium, gold, copper, molybdenum, iron, nickel, uranium, and cobalt deposits. The company was formerly known as Hipo Resources Limited and changed its name to QX Resources Limited in October 2020. QX Resources Limited was incorporated in 2010 and is based in Perth, Australia.",,https://qxresources.com.au,Australia,Perth,WA,0.004,8634654,2158663368,1429202319,1838198,3158897,-0.443,,-2156419,0.0,0.0,0.0,1104982,0,0.29031,0.0,,,,,-1767307.0,-1753746.0,-1770603.0,2024,,,,6467950.0,540044.0,,6229559.0,2024,-338414.0,3326364.0,,-1161527.0,,2024,ok,,2026-09-02T10:26:50
R8R,R8R.AX,Regener8 Resources NL,ASX,EQUITY,AUD,AUD,Basic Materials,Gold,gold,"Regener8 Resources NL engages in the exploration of mineral tenements in Western Australia. It explores for gold, silver, zinc, lead, copper, lithium, rare earth, precious and base metal deposits. The company was incorporated in 2021 and is headquartered in Osborne Park, Australia.",,https://www.regener8resources.com.au,Australia,Osborne Park,WA,0.135,10441071,77341263,26319557,12803,25409,-0.864,22802,-506691,0.1185,-87.410225,0.0,234932,0,0.30969,0.01358,,,,,-649267.0,-650462.0,-550471.0,2024,,2834903.0,2834903.0,4693773.0,1817602.0,,4563749.0,2024,-499837.0,-265380.0,,-960308.0,,2024,ok,,2026-09-02T10:26:52
RAG,RAG.AX,Ragnar Metals Limited,ASX,EQUITY,AUD,AUD,Basic Materials,Other Industrial Metals & Mining,other-industrial-metals-mining,"Ragnar Metals Limited engages in the exploration and evaluation of mineral properties in Sweden and Western Australia. The company explores for nickel, gold, silver, copper, rare earth elements, lithium, and base metals. Ragnar Metals Limited was incorporated in 2004 and is based in West Perth, Australia.",,https://www.ragnarmetals.com.au,Australia,West Perth,WA,0.026,12700724,488489372,247472819,200710,269737,0.305,6247736,4053926,1.0,0.90804,0.75148004,179109,0,0.54928,0.0,,,,,-2427037.0,-2841448.0,3605732.0,2024,,2000347.0,2172276.0,11511710.0,9345254.0,,10900898.0,2024,-1557011.0,1895921.0,,-2236265.0,,2024,ok,,2026-09-02T10:26:54
RAN,RAN.AX,Range International Limited,ASX,EQUITY,AUD,USD,Basic Materials,Specialty Chemicals,specialty-chemicals,"Range International Limited engages in manufacturing recycled plastic products in Indonesia, Australia, New Zealand, Thailand, and the Philippines. It provides plastic pallets from mixed waste plastics. The company was founded in 2002 and is based in Sydney, Australia.",,https://www.rangeinternational.com,Australia,Sydney,NSW,0.14,2623240,18737430,10057331,11951,14964,0.972,2340263,-1034616,0.26556998,-0.64348,-0.46857,212949,252165,0.55034,0.0,,1683561.0,1207203.0,476358.0,-845470.0,-1626934.0,-1434464.0,2024,80643.0,1425756.0,7124873.0,2333216.9999,335539.0,14162.0,1055645.0,2024,-297113.0,3989000.0,,-852728.0,,2024,ok,,2026-09-02T10:26:57
RAP,RAP.AX,Raptor Metals Limited,ASX,EQUITY,AUD,AUD,Basic Materials,Other Precious Metals & Mining,other-precious-metals-mining,"Raptor Metals Limited operates as a base and precious metals exploration company in Australia. It explores for silver, copper, gold, zinc, lead, and cobalt deposits. The company's flagship project is the Arunta Project, which comprises two groups of tenements covering an area totaling 593 square kilometers located east of Barrow Creek in the Northern Territory. The company was formerly known as Eastern Metals Limited and change is name to Raptor Metals Limited in January 2026. Raptor Metals Limited was incorporated in 2020 and is based in Sydney, Australia.",,https://raptormetals.com.au,Australia,Sydney,NSW,0.022,14112516,641478017,383803263,740365,635600,1.205,431273,-1981314,1.0,1802.925,0.0,5056908,77274,0.3804,0.023529999,,,,,-1963163.0,-1972855.0,-1893266.0,2024,,875854.0,875854.0,2167998.0,1045868.0,,1949069.0,2024,-80585.0,524800.0,,-1795691.0,,2023,ok,,2026-09-02T10:27:00
RAS,RAS.AX,Ragusa Minerals Limited,ASX,EQUITY,AUD,AUD,Basic Materials,Gold,gold,"Ragusa Minerals Limited engages in the mineral exploration and project evaluation business in Australia, Zimbabwe, and the United States. The company operates through Lonely Mine Gold Project (Zimbabwe); Monte Cristo Gold Project (Alaska); and Burracoppin Halloysite & Lithium Projects (Australia) segments. It also explores for gold, lithium, halloysite, and kaolinite deposits. In addition, it provides telecommunication services. The company was formerly known as SIV Asset Management Limited and changed its name to Ragusa Minerals Limited in October 2020. The company was incorporated in 2010 and is headquartered in Perth, Australia.",,https://www.ragusaminerals.com.au,Australia,Perth,WA,0.017,3369379,198198786,114253934,102074,86915,-0.588,1332,-227609,0.0,-716.6454,0.0,311478,0,0.39247,0.0,,,,,-1832089.0,-1881315.0,-1832273.0,2025,,566731.0,566731.0,745543.0,162230.0,,500445.0,2025,-66965.0,60000.0,,-337765.0,,2025,ok,,2026-09-02T10:27:02
RAU,RAU.AX,Resouro Strategic Metals Inc.,ASX,EQUITY,AUD,CAD,Basic Materials,Gold,gold,"Resouro Strategic Metals Inc., an exploration stage company, engages in the acquisition and exploration of mineral properties in Brazil. It primarily explores for titanium, rare earth elements, and gold deposits. Its flagship project is the Tiros project that includes 28 mineral licenses covering an area of approximately 497 square kilometers located in Minas Gerais, Brazil. The company was formerly known as Resouro Gold Inc. and changed its name to Resouro Strategic Metals Inc. in October 2023. Resouro Strategic Metals Inc. is based in Vancouver, Canada.",,https://resouro.com,Canada,Vancouver,BC,0.29,34222912,118010049,39977084,81857,11287,1.897,,-3584690,0.0,0.0,0.0,348728,57000,0.41082,0.02135,,0.0,44120.0,-44120.0,-3991341.0,-4074395.0,-3870181.0,2026,,5904528.0,5991499.0,7099747.0,1091663.0,0.0,6788598.0,2026,-16225.0,2980930.0,-3711561.0,-3727786.0,,2026,ok,,2026-09-02T10:27:04
RB6,RB6.AX,Rubix Resources Limited,ASX,EQUITY,AUD,AUD,Basic Materials,Other Precious Metals & Mining,other-precious-metals-mining,"Rubix Resources Limited engages in the acquisition, exploration, and evaluation of mineral resource projects. It explores for copper, cobalt, nickel, lithium, zinc, lead, gold, and platinum group elements (PGE) deposits. The company holds interests in the Ceiling Lithium project located in James Bay, Quebec; the Paperbark copper-zinc-lead project situated near the Gulf of Carpentaria, Northwest Queensland; the Redbeds copper-cobalt project located northwest of Mount Isa, at the southeast end of the Termite Range Fault; the Lake Johnston nickel-copper-PGE-lithium property situated in the Archaean Lake Johnston greenstone belt Western Australia; and the Etheridge gold project located in the Georgetown Inlier, North Queensland. Rubix Resources Limited was incorporated in 2021 and is based in Perth, Australia.",,https://rubixresources.com.au,Australia,Perth,WA,0.14,8603000,61450000,23787910,68855,31585,0.599,0,-1416054,0.0,0.0,0.0,172754,0,0.62143004,0.0,,,,,-5449720.0,-5450703.0,-5450703.0,2024,,1896.0,3823.0,2378483.0,2346505.0,1162.0,2206854.0,2024,-201545.0,1829818.0,,-1952667.0,,2024,ok,,2026-09-02T10:27:07
RBR,RBR.AX,RBR Group Limited,ASX,EQUITY,AUD,AUD,Industrials,Specialty Business Services,specialty-business-services,"RBR Group Limited, through its subsidiaries, focuses on the provision of camp accommodation and labor services in Australia and Mozambique. The company provides local and expatriate staffing solutions; labor broking; and technical, commercial, and community training programs. It also offers leased accommodation and facilities. The company serves oil and gas, resources/mining, construction, and logistics industries. The company was formerly known as Rubicon Resources Limited and changed its name to RBR Group Limited in November 2015. RBR Group Limited was incorporated in 2005 and is based in Subiaco, Australia.",4000,https://www.rbrgroup.com.au,Australia,Subiaco,WA,0.015,2231669,148777951,70300133,203960,60968,-0.021,1029352,-1074390,0.94889,-1.12036,-1.25437,328903,1353193,0.48413,0.0,,7594531.0,4548301.0,3046230.0,-436635.0,-558358.0,-979302.0,2024,,1515467.0,2106291.0,4262175.0,250453.0,1903776.0,-288898.0,2024,-724923.0,1000000.0,,-466038.0,,2024,ok,,2026-09-02T10:27:09
RBX,RBX.AX,Resource Base Limited,ASX,EQUITY,AUD,AUD,Basic Materials,Gold,gold,"Resource Base Limited engages in the acquisition, development, and exploration of mineral properties in Australia and Canada. The company primarily explores for gold and rare earth deposits. Resource Base Limited was incorporated in 2005 and is based in Perth, Australia.",,https://www.resourcebase.com.au,Australia,Perth,WA,0.024,3340427,139184486,61922027,44331,25000,-0.145,774,229985,1.0,-45.67917,0.0,554535,0,0.4326,0.00467,,,,,-2821967.0,-2848606.0,-2808680.0,2024,,2562967.0,2565586.0,3182587.0,553281.0,56874.0,3093483.0,2024,-583402.0,2024490.0,,-1128235.0,,2024,ok,,2026-09-02T10:27:12
RC1,RC1.AX,Redcastle Resources Limited,ASX,EQUITY,AUD,AUD,Basic Materials,Gold,gold,"Redcastle Resources Limited engages in the exploration and development of gold properties in Australia. Its flagship properties are its 100% owned Queen Alexandra and Redcastle Reef prospects located in the Eastern Goldfields region of Western Australia. The company was formerly known as Transcendence Technologies Limited and changed its name to Redcastle Resources Limited in December 2021. Redcastle Resources Limited was incorporated in 2001 and is based in Subiaco, Australia.",,https://redcastle.net.au,Australia,Subiaco,WA,0.085,11460999,134835275,76948717,120060,166819,-0.177,-7580,,0.0,-328.49905,0.0,1121214,0,0.31318,0.0,,,,,-613885.0,-613885.0,-569986.0,2024,,3008238.0,3008238.0,3977475.0,910475.0,,3485045.0,2024,-977875.0,4610657.0,,-1129221.0,,2024,ok,,2026-09-02T10:27:14
RCM,RCM.AX,Rapid Critical Metals Limited,ASX,EQUITY,AUD,AUD,Basic Materials,Other Industrial Metals & Mining,other-industrial-metals-mining,"Rapid Critical Metals Limited engages in the exploration and evaluation of mineral resource properties in Africa, the United States, and internationally. It explores for nickel and copper deposits. It holds 100% interest in the Nyanga Magmatic nickel copper project with two exploration licenses covering an area of approximately 2,725 square kilometers located in Southern Gabon. The company also has an agreement to acquire 80% interest in the Bend Nickel Project that covers an area of approximately 12 square kilometers located in Zimbabwe. It holds River Gallium-Germanium project located in New England Fold Belt of New South Wales, Australia. The company was formerly known as Rapid Lithium Limited and changed its name to Rapid Critical Metals Limited in May 2025. Rapid Critical Metals Limited was incorporated in 2021 and is based in Sydney, Australia.",,https://rapidmetals.com.au,Australia,Sydney,NSW,0.031,37076832,1196026888,816186144,4187231,6046381,1.268,61445,-4476360,1.0,-32.08966,0.0,11388554,16254762,0.31338,0.19931,,,,,-9045383.0,-7141523.0,-7899813.0,2025,,21091924.0,21105300.0,35701686.0,10507144.0,16254762.0,17710728.0,2025,-9866836.0,26559997.0,,-13434343.0,,2025,ok,,2026-09-02T10:27:17
RCR,RCR.AX,Rincon Resources Limited,ASX,EQUITY,AUD,AUD,Basic Materials,Other Precious Metals & Mining,other-precious-metals-mining,"Rincon Resources Limited engages in the acquisition, exploration, and development of mineral resources in Western Australia. The company explores for gold, copper, and other critical metal deposits. The company holds a 100% interest in the West Arunta project, consisting of a single granted exploration licence and three exploration licence applications covering approximately an area of 299 square kilometers located in the West Arunta Province of Western Australia; the South Telfer project consists of six exploration licences and two prospecting licences that cover an area approximately 540 square kilometer located in the Paterson Range Region of Western Australia; and the Laverton Gold Project consists of two granted exploration licences and three exploration licence covering 150 square kilometer located in the Laverton township, Australia. Rincon Resources Limited was incorporated in 2018 and is based in Subiaco, Australia.",,https://www.rinconresources.com.au,Australia,Subiaco,WA,0.016,8355666,522229100,255135383,703615,540071,0.008,5632,-762669,1.0,-65.21307,0.0,1235107,0,0.23386998,0.0,,,,,-1475715.0,-1557361.0,-1533805.0,2024,,8055541.0,8176950.0,14339694.0,6019428.0,22652.0,13925463.0,2024,-2668363.0,10365120.0,,-3910086.0,,2024,ok,,2026-09-02T10:27:19
RDM,RDM.AX,Red Metal Limited,ASX,EQUITY,AUD,AUD,Basic Materials,Other Industrial Metals & Mining,other-industrial-metals-mining,"Red Metal Limited, together with its subsidiaries, acquires and explores for mineral properties in Australia. It explores for copper, gold, lithium, silver, lead, zinc, cobalt, nickel, and rare earth deposits. The company was incorporated in 2003 and is based in Sydney, Australia.",,https://redmetal.com.au,Australia,Sydney,NSW,0.14,54312248,387944633,272182449,391478,284132,0.435,2050621,17797468,1.0,66.541985,8.9684,4933129,179914,0.29608,0.0,,,,,-9493936.0,-9704692.0,-7878300.0,2024,,1159850.0,1743480.0,13872805.0,12205437.0,533313.0,6371243.0,2024,-15926.0,13683542.0,,-7472522.0,,2024,ok,,2026-09-02T10:27:22
RDN,RDN.AX,Raiden Resources Limited,ASX,EQUITY,AUD,AUD,Basic Materials,Other Precious Metals & Mining,other-precious-metals-mining,"Raiden Resources Limited, together with its subsidiaries, engages in the mineral exploration business in the Republic of Serbia, the Republic of Bulgaria, and Australia. The company explores for gold, copper, nickel, cobalt, and lithium deposits. Raiden Resources Limited is based in Victoria Park, Australia.",,https://raidenresources.com.au,Australia,Victoria Park,WA,0.004,13803567,3450891442,2968836416,3257345,1629326,-1.015,,-2532273,0.0,0.0,0.0,12834320,0,0.14886,0.0001,,,,,-4010237.0,-4022296.0,-3566277.0,2024,,15494515.0,15494515.0,21526582.0,5710321.0,,20727562.0,2024,-1860000.0,9782797.0,,-4803403.0,,2024,ok,,2026-09-02T10:27:25
RDS,RDS.AX,Redstone Resources Limited,ASX,EQUITY,AUD,AUD,Basic Materials,Copper,copper,"Redstone Resources Limited engages in the exploration of mineral properties in Australia and Canada. It explores for copper, nickel, and cobalt deposits. The company was incorporated in 1999 and is based in West Perth, Australia.",,https://www.redstone.com.au,Australia,West Perth,WA,0.003,3914945,1304981643,680917838,1109163,532454,1.539,,-307218,0.0,0.0,0.0,821026,0,0.36470002,0.0,,21619.0,,21619.0,-1157106.0,-1245984.0,-1159332.0,2023,,8923355.0,8930787.0,9836693.0,419837.0,,9442953.0,2024,-364249.0,1030000.0,,-650886.0,,2024,ok,,2026-09-02T10:27:27
REC,REC.AX,Recharge Metals Limited,ASX,EQUITY,AUD,AUD,Basic Materials,Other Industrial Metals & Mining,other-industrial-metals-mining,"Recharge Metals Limited focuses on the acquisition, exploration, and development of mineral properties in Australia, Canada, and the United States. The company explores for lithium, copper, gold, and uranium deposits. Recharge Metals Limited was incorporated in 2021 and is based in Perth, Australia.",,https://rechargemetals.com.au,Australia,Perth,WA,0.023,25754986,1119781941,182650479,992675,2049944,0.653,16579,-66257,1.0,14.41958,0.0,835140,0,0.29003,0.02024,,,,,-1839194.0,-1903923.0,-1865352.0,2024,,12665080.0,12780960.0,14235085.0,1445745.0,62598.0,13436567.0,2024,-1007001.0,1345582.0,,-2413706.0,,2024,ok,,2026-09-02T10:27:30
REE,REE.AX,RareX Limited,ASX,EQUITY,AUD,AUD,Basic Materials,Other Industrial Metals & Mining,other-industrial-metals-mining,"RareX Limited engages in the exploration and development of mineral properties in Australia. The company primarily explores for rare earths and gallium, niobium, and scandium in hard rock carbonatites. Its flagship project is the 100% owned Cummins Range Rare Earths project located in the Kimberley region of Western Australia. The company was incorporated in 2003 and is based in Subiaco, Australia.",,https://rarex.com.au,Australia,Subiaco,WA,0.013,15815156,1216550383,854193163,2451954,2384082,0.473,-563503,-5197368,0.0,-9.19153,0.0,1507184,0,0.13717,0.01031,,43330.0,,43330.0,-3146853.0,-6044907.0,-3281702.0,2024,,219042.0,465366.0,5480600.0,1935899.0,9426.0,4472527.0,2024,-1011.0,1834505.0,,-4181105.0,,2024,ok,,2026-09-02T10:27:33
REZ,REZ.AX,Resources & Energy Group Limited,ASX,EQUITY,AUD,AUD,Basic Materials,Gold,gold,"Resources & Energy Group Limited explores for, develops, and produces mineral deposits in Australia. It explores for gold and silver deposits. The company's flagship project is the East Menzies Gold project that consists of 50 tenements covering an area of 103 square kilometers located in the north of Kalgoorlie, Western Australia. Resources & Energy Group Limited was incorporated in 2004 and is based in Sydney, Australia.",1,https://rezgroup.com.au,Australia,Sydney,NSW,0.009,8363496,929277346,519629630,1753206,700033,1.193,153441,-1508851,-1.55582,-10.11164,-2.87207,2282131,0,0.43467999,0.01581,,,,,-1521310.0,-1523077.0,-1246084.0,2024,,10729917.0,10748073.0,11809633.0,1059716.0,,7972940.0,2024,-545807.0,1512010.0,,-1080243.0,,2024,ok,,2026-09-02T10:27:36
RGL,RGL.AX,Riversgold Limited,ASX,EQUITY,AUD,AUD,Basic Materials,Gold,gold,"Riversgold Limited engages in the exploration of mineral resource properties in Australia. The company explores for lithium, copper, gold, nickel, uranium, cobalt, iron ore and iron deposits. It holds interests in the Pilbara Lithium projects that include Tambourah project, which covers an area of 110 square kilometers situated in south of Port Hedland; and the Wodgina East project located in south of Port Hedland. In addition, the company owns interest in the Andover Lithium project situated in Western Australia; the Randalls North project covering an area of 106 square kilometers located in Western Australia; and the Onslow South project comprising of 324 square kilometers situated in Western Australia. Riversgold Limited was formerly known as Alcam Gold Pty Ltd and changed its name to Riversgold Limited in June 2017. The company was incorporated in 2017 and is headquartered in Subiaco, Australia.",,https://www.riversgold.com.au,Australia,Subiaco,WA,0.012,27622052,2301837593,1691099466,5106486,4819110,1.835,-483638,-829911,0.0,-2314.3896,0.0,523112,60671,0.23257999,0.01386,,2237.0,,2237.0,-502005.0,-1011289.0,-510854.0,2023,,658.0,96527.0,283336.0,223647.0,,49692.0,2025,-1668488.0,1844030.0,,-2224032.0,,2024,ok,,2026-09-02T10:27:38
RHI,RHI.AX,Red Hill Minerals Limited,ASX,EQUITY,AUD,AUD,Basic Materials,Other Industrial Metals & Mining,other-industrial-metals-mining,"Red Hill Minerals Limited engages in the exploration of gold and base metals in Western Australia. It primarily explores for gold, copper, uranium, and iron deposits. The company was formerly known as Red Hill Iron Limited and changed its name to Red Hill Minerals Limited in December 2022. Red Hill Minerals Limited was incorporated in 2005 and is based in West Perth, Australia.",,https://www.redhillminerals.com.au,Australia,West Perth,WA,4.6,295453472,64229019,11693672,12355,7345,0.155,22988524,20406720,1.0,0.93428004,0.70157,61273928,225326,0.83202004,0.0023,,,,,13453462.0,-2873184.0,9133780.0,2025,,24346723.0,24885111.0,98747203.0,64516134.0,328390.0,86518702.0,2025,-5007141.0,2112500.0,,-37868505.0,,2025,ok,,2026-09-02T10:27:41
RIE,RIE.AX,Riedel Resources Limited,ASX,EQUITY,AUD,AUD,Basic Materials,Gold,gold,"Riedel Resources Limited engages in the exploration and development of mineral properties in Australia, the United States, and Spain. The company explores for gold, silver, and base metal deposits. Its project is the Kingman Gold project comprising approximately 200 contiguous mining claims located near Kingman Arizona. The company was incorporated in 2010 and is based in Melbourne, Australia.",,https://www.riedelresources.com.au,Australia,Melbourne,VIC,0.017,8036153,472714889,18175829,157888,117949,1.322,170576,-290012,1.0,-0.21616,0.0,2655687,0,0.48667,0.0075499997,,,,,-6354492.0,-6379113.0,-6353051.0,2024,,6160744.0,6172968.0,6434933.0,160483.0,29354.0,3642244.0,2024,-2281060.0,575500.0,,-3071703.0,,2024,ok,,2026-09-02T10:27:43
RIL,RIL.AX,Redivium Limited,ASX,EQUITY,AUD,AUD,Basic Materials,Other Industrial Metals & Mining,other-industrial-metals-mining,"Redivium Limited engages in the battery recycling business in Australia. It also involved in mineral exploration activities. The company was formerly known as Hannans Limited and changed its name to Redivium Limited in December 2023. Redivium Limited was incorporated in 2002 and is based in Perth, Australia.",,https://redivium.com,Australia,Perth,WA,0.004,13577422,3394355462,1570255093,0,0,-0.393,477738,-2524119,-1.88983,-3.19692,0.0,39586,26841,0.54030997,0.0,,,,,-3104832.0,-3106512.0,-15588787.0,2025,,1680.0,3586.0,68460.0,39586.0,,-651602.0,2024,-3586.0,250.0,,-1690414.0,,2024,ok,,2026-09-02T10:27:46
RIM,RIM.AX,Rimfire Pacific Mining Limited,ASX,EQUITY,AUD,AUD,Basic Materials,Other Precious Metals & Mining,other-precious-metals-mining,"Rimfire Pacific Mining Limited engages in the exploration and evaluation of critical mineral deposits in Australia. It explores for gold, copper, scandium, platinum group elements, base metals, cobalt, lead, and nickel deposits. The company was incorporated in 1988 and is based in Melbourne, Australia.",,https://www.rimfire.com.au,Australia,Melbourne,VIC,0.012,35989668,2999138802,1802753318,3314680,3822974,1.126,-2046,-4528203,0.0,-205.73254,0.0,1549650,0,0.31032,0.0,,,,,-1451266.0,-1471282.0,-1460320.0,2024,,17089006.0,17364756.0,17752676.0,280826.0,,17221535.0,2024,-2005686.0,1965000.0,,-3234498.0,,2024,ok,,2026-09-02T10:27:49
RIO,RIO.AX,Rio Tinto Group,ASX,EQUITY,AUD,USD,Basic Materials,Other Industrial Metals & Mining,other-industrial-metals-mining,"Rio Tinto Group engages in exploring, mining, and processing mineral resources worldwide. The company operates through Iron Ore; Aluminium and lithium; and Copper segments. The Iron Ore segment engages in the iron ore mining, and salt and gypsum production in Western Australia. The Aluminum and lithium segment is involved in bauxite mining; alumina refining; and aluminium smelting, and recycling, as well as mining and processing of lithium. The Copper segment engages in mining and refining of copper, gold, silver, molybdenum, and other by-products and exploration activities. It also owns and operates open pit and underground mines; and refineries, smelters, processing plants and power, and shipping facilities. The company was founded in 1873 and is headquartered in London, the United Kingdom.",56890,https://www.riotinto.com,United Kingdom,London,,174.09,282933428224,371750238,1431825802,1252924,1140668,0.658,61793001472,22911000576,0.29751,0.28049,0.19584998,9507000320,22851999744,0.05294,0.64212,14,57638000000.0,24537000000.0,33101000000.0,22974000000.0,15448000000.0,9966000000.0,2025,16764000000.0,87035000000.0,162799000000.0,128102000000.0,6904000000.0,23517000000.0,62203000000.0,2025,-12335000000.0,0.0,16832000000.0,4497000000.0,,2025,ok,,2026-09-02T10:27:52
RKB,RKB.AX,Rokeby Resources Limited,ASX,EQUITY,AUD,AUD,Basic Materials,Other Industrial Metals & Mining,other-industrial-metals-mining,"Rokeby Resources Limited, a junior resource company, engages in the acquisition, exploration, evaluation, and development of mineral properties in Australia. The company explores for gold, base metals, antimony, copper, lead, zinc, and silver deposits. The company has acquired the Omeo Gold Project located near the Omeo township in north east Victoria. The company was formerly known as Inca Minerals Limited and changed its name to Rokeby Resources Limited in July 2025. The company is based in West Perth, Australia.",,https://rokebyresources.com.au,Australia,West Perth,WA,0.003,8930190,2976730079,1276510527,3056140,5476376,-0.095,11374,-1185588,1.0,-282.2111,0.0,851163,142353,0.25205,0.02464,,,,,-1764399.0,-1890845.0,-6099350.0,2024,,9632555.0,9714937.0,10594798.0,897929.0,151115.0,10283300.0,2024,-1476813.0,2199239.0,,-2686925.0,,2024,ok,,2026-09-02T10:27:54
RLC,RLC.AX,Reedy Lagoon Corporation Limited,ASX,EQUITY,AUD,AUD,Basic Materials,Other Industrial Metals & Mining,other-industrial-metals-mining,"Reedy Lagoon Corporation Limited, together with its subsidiaries, explores for mineral properties in Australia. It explores for iron ore, magnetite, and gold deposits. The company holds 100% interests in the Burracoppin gold and iron projects, located in Western Australia. Reedy Lagoon Corporation Limited was incorporated in 1986 and is based in Melbourne, Australia.",,https://www.reedylagoon.com.au,Australia,Melbourne,VIC,0.002,1553413,776706676,342473275,157696,111846,1.534,384,,1.0,-34409.5,0.0,75416,520000,0.58487,0.0,,1887.0,,1887.0,-657763.0,-657763.0,-667896.0,2024,,,,104270.0,62621.0,700000.0,-478845.0,2024,,369748.0,,-653587.0,,2024,ok,,2026-09-02T10:27:57
RLF,RLF.AX,RLF AgTech Ltd,ASX,EQUITY,AUD,AUD,Basic Materials,Agricultural Inputs,agricultural-inputs,"RLF AgTech Ltd, together with its subsidiaries, formulates, manufactures, and sells plant nutrition fertilizers and seed treatments. It operates through RLF China, RLF SE Asia, RLF Australia, and RLF LiquaForce segments. The company offers seed primers, soil and fertigation, and liquid foliar products that help farmers grow food with nutritional value while restoring soil quality. It also develops Plant Proton Delivery Technology that enables farmers to grow higher yield and nutritious produce while reducing atmospheric carbon. The company was formerly known as Rural Liquid Fertilisers Asia Ltd and changed its name to RLF AgTech Ltd in November 2021. RLF AgTech Ltd was incorporated in 2017 and is based in Kyneton, Australia.",,https://www.rlfagtech.com,Australia,Kyneton,VIC,0.027,14516740,537657047,221901210,1743984,3330748,0.326,24184000,-6365000,0.33584,-0.27469,-0.26092,8347000,5268000,0.45664,0.0208,,9753000.0,5571000.0,4182000.0,-7429000.0,-7063000.0,-8020000.0,2024,,5517000.0,6582000.0,22702000.0,4525000.0,6151000.0,3528000.0,2024,-294000.0,1837000.0,,-74000.0,,2024,ok,,2026-09-02T10:27:59
RMI,RMI.AX,Resource Minerals International Ltd,ASX,EQUITY,AUD,AUD,Basic Materials,Other Industrial Metals & Mining,other-industrial-metals-mining,"Resource Minerals International Ltd engages in the exploration and extraction of mineral properties in Tanzania and Finland. It explores for copper, gold, silver, tin, lead, nickel, lithium, platinum group elements, graphite, and cobalt deposits. The company was formerly known as Resource Mining Corporation Limited and changed its name to Resource Minerals International Ltd in August 2025. Resource Minerals International Ltd was incorporated in 1984 and is based in Perth, Australia.",,https://resmin.com.au,Australia,Perth,WA,0.165,155035632,939609864,178039835,1876562,766504,0.874,704,-1286202,1.0,-374.81775,0.0,557681,139959,0.78264,0.0,,,,,-3124152.0,-3132975.0,-3117022.0,2024,,8588954.0,8588954.0,8793669.0,157054.0,87197.0,8594085.0,2024,-1673734.0,2666344.0,,-3170471.0,,2024,ok,,2026-09-02T10:28:02
RML,RML.AX,Resolution Minerals Ltd,ASX,EQUITY,AUD,AUD,Basic Materials,Other Industrial Metals & Mining,other-industrial-metals-mining,"Resolution Minerals Ltd, a mineral exploration company, engages in the acquisition, exploration, and development of mineral properties in Australia and the United States. The company primarily explores for gold, copper, nickel, cobalt, iron ore, nickel, silver, manganese, and uranium deposits, as well as silica sands and battery metals. The company was formerly known as Northern Cobalt Limited and changed its name to Resolution Minerals Limited in November 2019. Resolution Minerals Ltd was incorporated in 2017 and is headquartered in Adelaide, Australia.",,https://www.resolutionminerals.com,Australia,Adelaide,SA,0.04,91311024,2282775590,1585080687,11775220,10440106,-0.093,0,-14484710,0.0,0.0,0.0,15205583,0,0.13892001,0.0,1,,,,-22453554.0,-22453554.0,-22448139.0,2025,,2412914.0,2412914.0,4207424.0,1171241.0,31875.0,2975478.0,2025,-218098.0,3362380.0,,-2114848.0,,2025,ok,,2026-09-02T10:28:04
RMS,RMS.AX,Ramelius Resources Limited,ASX,EQUITY,AUD,AUD,Basic Materials,Gold,gold,"Ramelius Resources Limited engages in the exploration, evaluation, mine development and operation, production, and sale of gold. The company operates through two segments: Mt Magnet, and Exploration. It holds a portfolio of projects in Australia. The company was incorporated in 1979 and is based in Perth, Australia.",380,https://www.rameliusresources.com.au,Australia,Perth,WA,3.76,7103062528,1889112324,1850732687,8415896,9355287,1.261,1032825024,737420032,0.47306,0.41164002,0.11505,608398016,79469000,0.029089998,0.55483,10,882510000.0,387489000.0,495021000.0,463432000.0,269158000.0,216582000.0,2024,4969000.0,835280000.0,1958954000.0,1593948000.0,424274000.0,10467000.0,1329128000.0,2024,-123149000.0,,,331625000.0,,2024,ok,,2026-09-02T10:28:07
RMX,RMX.AX,Red Mountain Mining Limited,ASX,EQUITY,AUD,AUD,Basic Materials,Gold,gold,"Red Mountain Mining Limited operates as a critical minerals and gold exploration and development company in the United States and Australia. The company's projects include the Utah Antimony project in the Antimony Mining District; the Yellow Pine Antimony and Silver Dollar Antimony projects located in Idaho; and Lithic lithium and Mustang lithium projects in Nevada. Its projects also comprise Armidale Antimony-Gold project located in New South Wales, Australia; Kiabye gold project in Western Australia; and Fry Lake gold project in Canada. The company was incorporated in 2006 and is based in Subiaco, Australia.",,https://www.redmountainmining.com.au,Australia,Subiaco,WA,0.011,12202905,1109354965,824711039,1789732,2802799,0.946,,-2875169,0.0,0.0,0.0,2131774,72603,0.12047,0.0,,,,,-2662255.0,-2877555.0,-2756045.0,2024,,1820838.0,1968931.0,2497790.0,428406.0,107150.0,2279615.0,2024,-1457166.0,2196901.0,,-2468728.0,,2024,ok,,2026-09-02T10:28:09
RND,RND.AX,Rand Mining Limited,ASX,EQUITY,AUD,AUD,Basic Materials,Gold,gold,"Rand Mining Limited engages in the exploration, development, and production of mineral properties in Australia. It explores for silver and gold deposits. The company holds a 12.25% interest in the East Kundana Joint Venture located to the west northwest of Kalgoorlie and north east of Coolgardie. It also has a 50% interest in the Seven Mile Hill project. The company was formerly known as Rand Mining N.L. Rand Mining Limited was incorporated in 1966 and is based in South Perth, Australia.",,https://www.randmining.com.au,Australia,South Perth,WA,2.3,130814704,56875961,9513162,3324,3576,0.535,43883572,28924852,0.73912,0.54459,0.34750998,3342531,0,0.83278,0.02823,,34760700.0,-400755.0,35161455.0,13318503.0,10335060.0,6662495.0,2024,1033773.0,21344451.0,78389981.0,106501877.0,3169019.0,11482.0,98666235.0,2024,-7745738.0,,,6709046.0,,2024,ok,,2026-09-02T10:28:12
RNU,RNU.AX,Renascor Resources Limited,ASX,EQUITY,AUD,AUD,Basic Materials,Other Industrial Metals & Mining,other-industrial-metals-mining,"Renascor Resources Limited engages in the exploration, development, and evaluation of mineral properties in Australia. It primarily explores for graphite, gold, copper, uranium, and other minerals. The company's flagship project is the Siviour graphite and battery anode material project located in Eyre Peninsula, South Australia. The company was formerly known as Renaissance Uranium Limited and changed its name to Renascor Resources Limited in December 2013. Renascor Resources Limited was incorporated in 2009 and is based in Adelaide, Australia.",,https://renascor.com.au,Australia,Adelaide,SA,0.057,145135552,2546237633,2251167175,1889902,852191,1.761,0,-3494294,0.0,0.0,0.0,97175344,1100861,0.13958,0.0055299997,,,,,-3094016.0,-3231777.0,1829388.0,2025,,68663160.0,69064419.0,175905902.0,15390842.0,793144.0,171391871.0,2025,-9444009.0,72608972.0,,-6551593.0,,2025,ok,,2026-09-02T10:28:14
RNX,RNX.AX,Renegade Exploration Limited,ASX,EQUITY,AUD,AUD,Basic Materials,Other Industrial Metals & Mining,other-industrial-metals-mining,"Renegade Exploration Limited engages in the exploration and development of mineral properties in Australia and North America. The company primarily explores for zinc, gold, germanium, gallium, antimony, silver, copper, rare earth, and vanadium deposits. Its flagship property is the Cloncurry Project located within Queensland's prolific Northwest Minerals Province. The company was formerly known as Overland Resource Limited and changed its name to Renegade Exploration Limited. The company was incorporated in 2005 and is headquartered in Brisbane, Australia.",,https://www.renegadeexploration.com,Australia,Brisbane,QLD,0.002,4139593,2069796757,1340959225,1479561,231702,0.065,719,-1181237,1.0,-1109.8639,0.0,155576,250000,0.39078,0.0,,,,,-1856787.0,-1872702.0,-1140926.0,2024,,3824589.0,4009679.0,6290650.0,1187929.0,,5338044.0,2024,-784177.0,2450000.0,,-1637086.0,,2024,ok,,2026-09-02T10:28:17
RON,RON.AX,Ronin Resources Ltd,ASX,EQUITY,AUD,AUD,Basic Materials,Other Precious Metals & Mining,other-precious-metals-mining,"Ronin Resources Ltd engages in the acquisition, development, evaluation, and exploration of mineral properties in Colombia. It explores for thermal coal, as well as gold and copper deposits. The company holds 100% interest in the Vetas project, which include one mining title and one mining concession located in Norte de Santander in northeast Colombia. In addition, it holds interest in the Santa Rosa project that includes three mining license applications located in the foothills of the Serranía de San Lucas in the municipality of Santa Rosa Sur, Department of Bolivár in northern Colombia; and the La Punilla project covering an area of 23,637 hectares located in San Juan, Argentina. Ronin Resources Ltd was incorporated in 2018 and is based in Melbourne, Australia.",,https://roninresources.com.au,Australia,Melbourne,VIC,0.17,6863752,40375010,20930405,16567,17687,0.499,,,0.0,0.0,0.0,3138909,0,0.47676998,0.0,,,,,-1246267.0,-1246267.0,-1166491.0,2024,,,,3206165.0,3172254.0,,3171046.0,2024,,300000.0,,-728221.0,,2023,ok,,2026-09-02T10:28:19
RR1,RR1.AX,Reach Resources Limited,ASX,EQUITY,AUD,AUD,Basic Materials,Gold,gold,"Reach Resources Limited engages in the exploration and evaluation of mineral resource projects in Australia. It primarily explores for gold, rare earth elements, lithium, niobium, and manganese. The company was formerly known as Cervantes Corporation Limited. Reach Resources Limited was incorporated in 2001 and is based in Perth, Australia.",,https://www.reachresources.com.au,Australia,Perth,WA,0.014,18539788,1324270555,608647940,4359119,3496358,-0.824,,-1036498,0.0,0.0,0.0,1578487,0,0.28862,0.0,,,,,-1284223.0,-1299982.0,1936128.0,2024,,8947964.0,8968744.0,15024534.0,6014564.0,450000.0,14685675.0,2024,-3817165.0,6925199.0,,-4767959.0,,2024,ok,,2026-09-02T10:28:22
RRE,RRE.AX,Right Resources Limited,ASX,EQUITY,AUD,AUD,Basic Materials,Gold,gold,"Right Resources Limited operates as a mineral exploration company in Australia. It primarily explores gold, silver, and copper. The company's flagship project is the Pilot project covering an area of 6.96 square kilometers located in Tumbarumba, New South Wales. The company was incorporated in 2021 and is based in West Perth, Australia.",,https://www.rightresources.com.au,Australia,West Perth,WA,0.09,11559840,128442665,62467502,47189,102915,,2873,,1.0,-963.24774,0.0,7719085,655135,0.68867,0.0,,,,,-1796871.0,-1825059.0,-1814894.0,2025,,2912511.0,2917241.0,3724397.0,442756.0,152981.0,2497296.0,2025,-2046703.0,3429241.0,,-3476640.0,,2025,ok,,2026-09-02T10:28:25
RRL,RRL.AX,Regis Resources Limited,ASX,EQUITY,AUD,AUD,Basic Materials,Gold,gold,"Regis Resources Limited, together with its subsidiaries, engages in the exploration, evaluation, and development of gold projects in Australia. The company owns interest in the Duketon gold project located in the North Eastern Goldfields of Western Australia; and the McPhillamys gold project situated in the Central Western region of New South Wales. It also holds interest in the Tropicana Gold Project located to the north-east of Kalgoorlie in Western Australia. Regis Resources Limited was incorporated in 1986 and is based in Subiaco, Australia.",460,https://www.regisresources.com.au,Australia,Subiaco,WA,8.05,6107506176,758696364,745322938,4824228,3945804,1.415,2349099008,1217447936,0.45548,0.43295,0.30442,1139118976,101685000,0.02734,0.65522003,10,2349099000.0,944280000.0,1404819000.0,1362372000.0,1001958000.0,715106000.0,2026,111436000.0,1640177000.0,3053258000.0,3015798000.0,1139119000.0,101685000.0,2182175000.0,2026,-440688000.0,-7739000.0,,806066000.0,,2026,ok,,2026-09-02T10:28:27
RRR,RRR.AX,Revolver Resources Holdings Ltd,ASX,EQUITY,AUD,AUD,Basic Materials,Copper,copper,"Revolver Resources Holdings Ltd engages in the exploration and evaluation of natural resource projects in Australia. It primarily explores for copper deposits. The company holds a 100% interest in the Osprey project, which covers an area of approximately 765 square kilometers located to the north of the Mount Isa mineral province in North-West Queensland. In addition, it holds interests in the Dianne project, comprising six mining leases and an exploration permit located in the Hodgkinson Province in North Queensland. Revolver Resources Holdings Ltd was incorporated in 2021 and is based in Brisbane, Australia",,https://revolverresources.com.au,Australia,Brisbane,QLD,0.053,17565654,331427448,178979300,304001,454697,1.106,,-645214,0.0,0.0,0.0,489920,2267676,0.39398998,0.01275,,,,,-2073361.0,-2389865.0,-2095084.0,2024,,24473259.0,24536814.0,26145444.0,420732.0,732676.0,25220457.0,2024,-3157013.0,3650000.0,,-4861176.0,,2024,ok,,2026-09-02T10:28:30
RSG,RSG.AX,Resolute Mining Limited,ASX,EQUITY,AUD,USD,Basic Materials,Gold,gold,"Resolute Mining Limited engages in mining, prospecting, and exploration of mineral properties in Africa. The company explores for gold and silver. Its flagship project is the Doropo Gold Project located in Côte d'Ivoire, West Africa. Resolute Mining Limited was formerly known as Resolute Limited and changed its name to Resolute Mining Limited in September 2001. The company was incorporated in 2001 and is based in Perth, Australia.",,https://www.rml.com.au,Australia,Perth,WA,1.367,2921849856,2137417613,1728593746,7871907,8467132,1.325,1002800000,364500000,0.51835,0.40072,0.19765,286100000,24100000,0.13420999,0.83905,5,865600000.0,358700000.0,506900000.0,367900000.0,308500000.0,128800000.0,2025,44792000.0,670300000.0,670300000.0,1178599999.9999,64500000.0,201500000.0,728799999.9999,2024,-130000000.0,0.0,90905000.0,96400000.0,,2025,ok,,2026-09-02T10:28:32
RTG,RTG.AX,RTG Mining Inc.,ASX,EQUITY,AUD,USD,Basic Materials,Other Industrial Metals & Mining,other-industrial-metals-mining,"RTG Mining Inc. engages in the exploration and development of mineral properties. The company explores for copper and gold deposits. Its principal property is the Mabilo project located in the Philippines. RTG Mining Inc. was incorporated in 2012 and is headquartered in Subiaco, Australia.",,https://www.rtgmining.com,Australia,Subiaco,WA,0.041,78707928,1919705411,727510760,316582,195720,0.538,,-4370911,0.0,0.0,0.0,5728709,362186,0.12798999,0.33661997,,0.0,115986.0,-115986.0,-4504188.0,-4838461.0,-4401752.0,2025,,2802875.0,2802875.0,11533388.0,6382578.0,394506.0,11548593.0,2025,-3750.0,12183541.0,-4310675.0,-4314425.0,,2025,ok,,2026-09-02T10:28:34
RTR,RTR.AX,Rumble Resources Limited,ASX,EQUITY,AUD,AUD,Basic Materials,Other Industrial Metals & Mining,other-industrial-metals-mining,"Rumble Resources Limited engages in the acquisition, exploration, and evaluation of base and precious metal projects in Australia. It explores for zinc, lead, copper, silver, tungsten, and gold deposits. The company's flagship project is the Earaheedy project located in Western Australia. Rumble Resources Limited was incorporated in 2011 and is based in West Perth, Australia.",,https://rumbleresources.com.au,Australia,West Perth,WA,0.056,74308552,1326938331,1080772417,2288691,3189626,0.708,,-1410579,0.0,0.0,0.0,5565727,238052,0.18761998,0.14357,1,,,,-3774584.0,-3931586.0,-3750624.0,2024,,57220972.0,57815317.0,59667727.0,2312966.0,67031.0,57387929.0,2024,-8040132.0,10761542.0,,-12104156.0,,2024,ok,,2026-09-02T10:28:37
RVT,RVT.AX,Richmond Vanadium Technology Limited,ASX,EQUITY,AUD,AUD,Basic Materials,Other Industrial Metals & Mining,other-industrial-metals-mining,"Richmond Vanadium Technology Limited engages in the exploration and development of mineral properties in Australia. The company holds 100% interests in the Richmond - Julia Creek vanadium project that consists of five tenements totaling 1,403 square kilometers located in north Queensland. Richmond Vanadium Technology Limited was incorporated in 2017 and is based in Brisbane, Australia.",,https://www.richmondvanadium.com.au,Australia,Brisbane,QLD,0.125,27539388,220315100,47028461,49412,68759,1.793,374785,-1858407,1.0,-6.43026,0.0,6743519,0,0.79319,0.0118700005,,,,,-2711551.0,-2713205.0,-1975531.0,2024,,31140305.0,31142584.0,44719762.0,13312459.0,,43045749.0,2024,-3917182.0,25000000.0,,-5469445.0,,2024,ok,,2026-09-02T10:28:39
RWD,RWD.AX,Reward Minerals Ltd,ASX,EQUITY,AUD,AUD,Basic Materials,Other Industrial Metals & Mining,other-industrial-metals-mining,"Reward Minerals Ltd, together with its subsidiary, engages in the exploration and development of potash mineral properties in Australia and Canada. The company's project includes the Carnarvon Potash Project which covers an area of 219 square kilometers located in Carnarvon in Western Australia. Reward Minerals Ltd was incorporated in 1986 and is headquartered in Nedlands, Australia.",,https://rewardminerals.com,Australia,Nedlands,WA,0.03,8424587,280819570,98132215,89361,63696,0.563,19673,-1486307,1.0,30.39712,0.0,938640,7124422,0.63518,0.0,,,,,-23273048.0,-24046083.0,-23675895.0,2024,,3192814.0,4761672.0,5731431.0,2209603.0,6602209.0,-1297807.0,2024,-3525872.0,2301986.0,,-4520045.0,,2024,ok,,2026-09-02T10:28:42
RXL,RXL.AX,Rox Resources Limited,ASX,EQUITY,AUD,AUD,Basic Materials,Gold,gold,"Rox Resources Limited engages in mineral exploration activities in Australia. It primarily explores for gold and nickel deposits. The company's flagship project is the 100% owned Youanmi Gold Project covering 697 square kilometers located to northeast of Perth. Rox Resources Limited was incorporated in 2003 and is based in West Perth, Australia.",7,https://www.roxresources.com.au,Australia,West Perth,WA,0.58,808385664,1393768440,1036668107,2434889,3078987,0.05,,-35313000,0.0,0.0,0.0,232223008,1463000,0.25882,0.26961002,2,,,,-21212000.0,-22956000.0,-18183000.0,2025,,52706000.0,53588000.0,103739000.0,50478000.0,97000.0,91641000.0,2025,-3530000.0,68070000.0,,-23323000.0,,2025,ok,,2026-09-02T10:28:45
S2R,S2R.AX,S2 Resources Ltd,ASX,EQUITY,AUD,AUD,Basic Materials,Other Industrial Metals & Mining,other-industrial-metals-mining,"S2 Resources Ltd engages in the exploration and evaluation of mineral properties in Australia and Finland. It primarily explores for gold, nickel, copper, base metals, palladium, and platinum-group elements deposits. S2 Resources Ltd was incorporated in 2015 and is based in Darch, Australia.",,https://www.s2resources.com.au,Australia,Darch,WA,0.067,35616288,531586373,398202756,246780,385404,1.249,137189,-5728149,1.0,-35.23865,53.85613,22785946,28147,0.26762,0.21811001,,,,,-6456746.0,-6560858.0,-2589312.0,2025,,1804736.0,1804736.0,10068004.0,3790399.0,56923.0,9119169.0,2025,-2754.0,2890000.0,,-5169246.0,,2025,ok,,2026-09-02T10:28:48
S32,S32.AX,South32 Limited,ASX,EQUITY,AUD,USD,Basic Materials,Other Industrial Metals & Mining,other-industrial-metals-mining,"South32 Limited operates as a diversified metals and mining company. The company operates through Worsley Alumina, Brazil Alumina, Brazil Aluminium, Hillside Aluminium, Mozal Aluminium, Sierra Gorda, Cannington, Hermosa, Australia Manganese, and South Africa Manganese segments. It has a portfolio of assets producing bauxite, alumina, aluminum, copper, silver, lead, zinc, and manganese products. The company has operations in Australia, Bahrain, China, Japan, Italy, Mozambique, South Africa, the Netherlands, Brazil, South Korea, the United States, rest of Middle East, rest of Asia, rest of Europe, rest of North America, and rest of Oceania. South32 Limited was incorporated in 2000 and is headquartered in Perth, Australia.",6867,https://www.south32.net,Australia,Perth,WA,5.085,22788050944,4481425781,4221592714,18243355,14245605,0.691,5939999744,1232000000,0.52222,0.18164,0.183,2134000000,1851000064,0.0046,0.46757,13,5816000000.0,3272000000.0,2544000000.0,2012000000.0,887000000.0,1087000000.0,2026,2577000000.0,7038000000.0,20134000000.0,14491000000.0,2129000000.0,1851000000.0,9700000000.0,2026,-1134000000.0,-5000000.0,1634000000.0,500000000.0,,2026,ok,,2026-09-02T10:28:50
SBM,SBM.AX,St Barbara Limited,ASX,EQUITY,AUD,AUD,Basic Materials,Gold,gold,"St Barbara Limited, together with its subsidiaries, engages in the exploration, development, mining, and sale of gold. The company also explores for silver deposits. It focuses on the Atlantic Projects located in Nova Scotia, Canada. St Barbara Limited was incorporated in 1969 and is based in Perth, Australia.",,https://stbarbara.com.au,Australia,Perth,WA,0.73,895021952,1226057431,1154580778,8400670,14065048,1.756,3625000,-30938000,-1.95586,-8.73738,135.08441,393432000,1991000,0.048249997,0.52889997,2,223603000.0,228126000.0,-4523000.0,-42058000.0,-74600000.0,-53915000.0,2024,,167758000.0,167758000.0,568633000.0,145867000.0,7532000.0,349293000.0,2024,-32834000.0,,,-90246000.0,,2024,ok,,2026-09-02T10:28:53
SBR,SBR.AX,Sabre Resources Limited,ASX,EQUITY,AUD,AUD,Basic Materials,Other Industrial Metals & Mining,other-industrial-metals-mining,"Sabre Resources Limited engages in the exploration and development of mineral properties in Australia and Namibia. The company explores for copper, uranium, nickel sulphide, lithium, uranium-vanadium, cobalt, gold, rare earth elements, and base metal deposits. Its flagship property is the Sherlock Bay project located in northwest Pilbara, Western Australia. The company was incorporated in 1986 and is headquartered in West Perth, Australia.",,https://sabresources.com,Australia,West Perth,WA,0.006,5486772,914461933,44459804,1099712,541089,-0.169,39757,712757,1.0,-4.08114,14.03894,3756737,0,0.46161,0.0,,24730.0,,24730.0,-1837361.0,-1837361.0,-1531585.0,2024,,8526515.0,8526515.0,13306701.0,4399244.0,,15632712.0,2024,-2252348.0,3300000.0,,-3009804.0,,2024,ok,,2026-09-02T10:28:55
SCN,SCN.AX,Scorpion Minerals Limited,ASX,EQUITY,AUD,AUD,Basic Materials,Other Precious Metals & Mining,other-precious-metals-mining,"Scorpion Minerals Limited engages in the exploration and development of mineral resources in Australia. The company explores for lithium, gold, copper, nickel, iron, silver, zinc, tungsten, and platinum-group elements. It holds 100% interest in the Pharos project covering an area of 924 square kilometers located in the Murchison Mineral Field, Western Australia; 70% interest in the Jungar Flats JV project covering an area of 700 square kilometers and comprises eight exploration licenses in the Murchison region, Western Australia; and 100% interest in tenement E57/1422 at Youanmi. The company was formerly known as Pegasus Metals Limited and changed its name to Scorpion Minerals Limited in November 2018. Scorpion Minerals Limited was incorporated in 2005 and is based in West Perth, Australia.",,https://www.scorpionminerals.com.au,Australia,West Perth,WA,0.023,12473618,542331192,334968296,204906,112971,0.71,,-1109105,0.0,0.0,0.0,22470,375469,0.37974998,0.0,,960000.0,,960000.0,-3179041.0,-3185754.0,-3202974.0,2022,,5365342.0,5365342.0,5917385.0,367767.0,719137.0,4245178.0,2024,-104892.0,2795958.0,,-2797284.0,,2023,ok,,2026-09-02T10:28:58
SDV,SDV.AX,SciDev Limited,ASX,EQUITY,AUD,AUD,Basic Materials,Specialty Chemicals,specialty-chemicals,"SciDev Limited engages in the provision of environmental solutions focused on water intensive industries in Australia, the United States, Asia, and internationally. The company operates in two segments, Chemical Services and Water Technologies. It develops, manufactures, and supplies proprietary chemicals, including natural and synthetic polymers for flocculation, filtration, sludge dewatering, friction reduction, shale inhibition, rheology control, and pipe-on-pipe lubrication applications; flocculants and coagulants; and provides services, such as design and engineering, process optimization, specialty chemical fluid formulations, and application equipment, as well as project management services. The company also offers water treatment technologies comprising water treatment for mobile, temporary, and permanent treatment systems; PFAS treatment solutions; onsite liquid waste treatment services; and water quality monitoring systems. It serves its products to mining and minerals processing, wastewater treatment, construction and infrastructure, oil and gas, and remediation markets. The company was formerly known as Intec Limited and changed its name to SciDev Limited in March 2017. SciDev Limited was incorporated in 1973 and is based in Sydney, Australia.",,https://scidevltd.com,Australia,Sydney,NSW,0.145,27562842,190088581,123548073,444517,98504,0.65,85688000,482000,0.30409,-0.01957,-0.0673,8565000,3551000,0.25663,0.31873,1,103230000.0,68842000.0,34388000.0,6021000.0,2689000.0,-878000.0,2025,,11275000.0,23640000.0,75226000.0,9683000.0,6262000.0,50050000.0,2025,-2121000.0,187000.0,,745000.0,,2025,ok,,2026-09-02T10:29:00
SER,SER.AX,Strategic Energy Resources Limited,ASX,EQUITY,AUD,AUD,Basic Materials,Other Industrial Metals & Mining,other-industrial-metals-mining,"Strategic Energy Resources Limited engages in the exploration of mineral properties in Australia. The company primarily explores for copper, gold, nickel, and mineral sands. Strategic Energy Resources Limited was incorporated in 1991 and is based in South Melbourne, Australia.",,https://www.strategicenergy.com.au,Australia,Melbourne,VIC,0.145,10375617,71555987,28583530,54128,49956,2.091,,-2205170,0.0,0.0,0.0,1992498,0,0.58843,0.0026,,213458.0,,213458.0,-1001984.0,-1004642.0,-1458961.0,2024,,5350050.0,5350050.0,8461159.0,2507709.0,,7618417.0,2024,-194007.0,2734000.0,,-1087909.0,,2024,ok,,2026-09-02T10:29:03
SFM,SFM.AX,Santa Fe Minerals Limited,ASX,EQUITY,AUD,AUD,Basic Materials,Gold,gold,"Santa Fe Minerals Limited engages in the exploration of gold and base metals in Australia. The company primarily explores for gold, copper, lead, zinc, nickel, silver, vanadium, iron, and titanium deposits. It holds 7 exploration licenses in Challa South and Challa North projects covering an area of approximately 463 square kilometers in the Windamurra and Narndee Intrusions in Western Australia. The company also holds interest in the Mt Murray project, which covers an area of approximately 29 square kilometers located in Western Australia. The company was formerly known as EZA Corporation Limited and changed its name to Santa Fe Minerals Limited in October 2017. Santa Fe Minerals Limited was incorporated in 2011 and is based in Perth, Australia.",,https://www.santafeminerals.com.au,Australia,Perth,WA,0.23,37448320,162818789,45898617,24037,65902,-1.31,12268,-3738286,1.0,-304.8324,0.0,1050673,0,0.71046996,0.0,,,,,-923554.0,-925797.0,-856269.0,2024,,269967.0,374241.0,2124312.0,1783430.0,,1976367.0,2024,-53610.0,,,-740659.0,,2022,ok,,2026-09-02T10:29:05
SFR,SFR.AX,Sandfire Resources Limited,ASX,EQUITY,AUD,USD,Basic Materials,Copper,copper,"Sandfire Resources Limited engages in the exploration, evaluation, and development of mineral tenements and projects. The company primarily explores for copper, gold, silver, lead, and zinc deposits. It also produces and sells copper, zinc, and lead concentrates. The company was incorporated in 2003 and is based in West Perth, Australia.",1503,https://www.sandfire.com.au,Australia,West Perth,WA,21.99,10268261376,466951378,464899326,1624069,1955504,1.6,1646897024,828956032,0.66884005,0.38917,0.21605,352628992,36432000,0.00902,0.70598,14,1645106000.0,-9207000.0,1654313000.0,870860000.0,563177000.0,355807000.0,2026,83165000.0,2595261000.0,4024566000.0,3198315000.0,352629000.0,36432000.0,2218242000.0,2026,-239908000.0,134890000.0,,506896000.0,,2026,ok,,2026-09-02T10:29:08
SFX,SFX.AX,Sheffield Resources Limited,ASX,EQUITY,AUD,AUD,Basic Materials,Other Industrial Metals & Mining,other-industrial-metals-mining,"Sheffield Resources Limited engages in the evaluation and development of mineral sands in Australia. The company primarily explores for zircon, rutile, ilmenite, leucoxene, anatase, and titanium minerals. Its flagship project is the Thunderbird mineral sands property located in the Canning Basin in northern Western Australia. Sheffield Resources Limited was incorporated in 2007 and is based in West Perth, Australia.",,https://www.sheffieldresources.com.au,Australia,West Perth,WA,0.045,17821812,396040264,266257114,181982,28963,0.462,-113000,,0.0,-17.80488,0.0,1392000,0,0.34138,0.08068,,,,,-22048000.0,-3028000.0,-22050000.0,2025,,3774000.0,3774000.0,116806000.0,7088000.0,,116563000.0,2025,-390000.0,22685000.0,,-2370000.0,,2022,ok,,2026-09-02T10:29:10
SGA,SGA.AX,Sarytogan Graphite Limited,ASX,EQUITY,AUD,AUD,Basic Materials,Other Industrial Metals & Mining,other-industrial-metals-mining,"Sarytogan Graphite Limited engages in the exploration of graphite properties. The company holds 100% interest in the Sarytogan Graphite project located in the Karaganda region of Central Kazakhstan. It also owns interest in the Baynazar Copper project located in Central Kazakhstan; and Kopa Copper Project located in South Kazakhstan. Graphite Limited was incorporated in 2004 and is based in Subiaco, Australia.",,https://www.sarytogangraphite.com.au,Australia,Subiaco,WA,0.072,19065664,264800892,96797590,161546,170697,0.234,30016,,1.0,-88.56623,0.0,1987805,0,0.46451,0.18394,,,,,-3066348.0,-2959203.0,-3072764.0,2024,,18886209.0,18975277.0,22073937.0,2516915.0,833839.0,21853575.0,2024,-3704763.0,13682354.0,,-5230515.0,,2024,ok,,2026-09-02T10:29:12
SGC,SGC.AX,Sinclair Gold Ltd,ASX,EQUITY,AUD,AUD,Basic Materials,Gold,gold,"Sinclair Gold Ltd operates as a mineral exploration company in Sweden. The company explores for gold, zinc, lead, silver, and copper deposits. Its exploration projects include The Mt Henry Gold Project located in western Australia's eastern goldfields; the Falun Copper-Gold project covering an area of 312 square kilometers; and the Sala Zinc-Silver project covering an area of 91 square kilometers, located in the Bergslagen region of Sweden. Sinclair Gold Ltd was formerly known as Alicanto Minerals Limited and changed its name to Sinclair Gold Ltd in July 2026. The company was incorporated in 2011 and is based in West Perth, Australia.",,https://www.sinclairgold.com,Australia,West Perth,WA,1.28,237659152,185671217,72138022,152451,189348,1.528,31794,-4985939,0.0,-212.57442,0.0,15364955,159248,0.38692,0.13177,1,,,,-5455467.0,-5498359.0,-5470225.0,2024,,1864492.0,1930200.0,2944652.0,803773.0,112473.0,2539269.0,2024,-1060.0,3000000.0,,-5006847.0,,2024,ok,,2026-09-02T10:29:15
SGM,SGM.AX,Sims Limited,ASX,EQUITY,AUD,AUD,Basic Materials,Steel,steel,"Sims Limited engages in buying, processing, and selling of ferrous and non-ferrous recycled metals in Australia, India, Thailand, China, Turkey, the United States, and internationally. The company operates through five segments: North America Metal; Australia/New Zealand Metal; Investment in SA Recycling; Sims Lifecycle Services; and Global Trading Operations. It is also involved in the collection, processing, and trading of secondary raw material from iron and steel; and other metal alloys and residues, such as aluminum, lead, copper, zinc, and nickel bearing materials. In addition, the company engages in the provision of IT recycling, repurposing and resale services; Secondary processing and other services comprise stevedoring and other services; and rental of properties. Further, it provides technology infrastructure lifecycle solutions for enterprise and hyperscale customers, including the repurposing and recycling of data centre equipment and components. The company was formerly known as Sims Metal Management Limited and changed its name to Sims Limited in November 2019.Sims Limited was founded in 1917 and is headquartered in Sydney, Australia.",4015,https://www.simsltd.com,Australia,Sydney,NSW,23.94,4625997824,193232991,157828551,850142,1070039,1.23,8031900160,353100000,0.13946,0.03945,0.030539999,197200000,826700032,0.17558001,0.51277,13,8007500000.0,5481000000.0,2526500000.0,679200000.0,298900000.0,245300000.0,2026,198000000.0,1663500000.0,3196500000.0,4742500000.0,177500000.0,826700000.0,2655700000.0,2026,-205600000.0,-14600000.0,,218000000.0,,2026,ok,,2026-09-02T10:29:17
SGQ,SGQ.AX,St George Mining Limited,ASX,EQUITY,AUD,AUD,Basic Materials,Other Industrial Metals & Mining,other-industrial-metals-mining,"St George Mining Limited engages in the exploration for mineral properties in Australia. The company primarily explores for lithium, nickel, copper, and base metal deposits, as well as gold and rare earth elements. St George Mining Limited was incorporated in 2009 and is based in West Perth, Australia.",,https://www.stgm.com.au,Australia,West Perth,WA,0.079,370844224,4694230414,2766739197,15491054,22770822,1.379,102722,-33045092,1.0,-450.94424,0.0,54407076,139584,0.25250998,0.02604,3,,,,-8340436.0,-8451741.0,-8113025.0,2024,,317134.0,508874.0,3057157.0,2520498.0,293155.0,1932842.0,2024,-490606.0,4745063.0,,-8406487.0,,2024,ok,,2026-09-02T10:29:20
SHN,SHN.AX,Sunshine Metals Limited,ASX,EQUITY,AUD,AUD,Basic Materials,Other Industrial Metals & Mining,other-industrial-metals-mining,"Sunshine Metals Limited engages in the exploration and development of mineral projects in Australia. The company explores for copper, gold, zinc, lead, and silver, as well as molybdenite and base metal deposits. It holds 100% interest in the Ravenswood Consolidated Project, which covers approximately 1,760 square kilometers located in Townsville, Australia. The company was formerly known as Sunshine Gold Limited and changed its name to Sunshine Metals Limited in July 2023. Sunshine Metals Limited was incorporated in 1994 and is based in North Ward, Australia.",,https://shnmetals.com.au,Australia,North Ward,QLD,0.036,129531392,3598094435,1843137350,4324473,4468904,3.251,,-2274616,0.0,0.0,0.0,4653905,85693,0.18798,0.094799995,,,,,-6918963.0,-7041168.0,-6928601.0,2024,,13414195.0,13693125.0,17287272.0,3393840.0,86458.0,14710483.0,2024,-6146547.0,7439000.0,,-6859963.0,,2024,ok,,2026-09-02T10:29:22
SKM,SKM.AX,Skylark Minerals Limited,ASX,EQUITY,AUD,AUD,Basic Materials,Other Industrial Metals & Mining,other-industrial-metals-mining,"Skylark Minerals Limited engages in the exploration and development of mineral properties in Australia and Brazil. It explores for gold, copper, lithium, rare earth, and base metals. It holds 80% interest in the Simon-Anderson copper project located in Queensland, Australia; 100% interest in the Perseverance critical minerals project in Brazil; and 100% interest in the Flery Creek project, and 50% interest in the Captains Flat project, which are in New South Wales, Australia. The company was formerly known as Ironbark Zinc Limited and changed its name to Skylark Minerals Limited in January 2025. Skylark Minerals Limited was incorporated in 2006 and is based in Subiaco, Australia.",,https://www.skylarkminerals.com,Australia,Subiaco,WA,0.26,33999388,130766888,63575430,278788,183172,0.811,,-3877864,0.0,0.0,0.0,3007275,0,0.36381,0.02925,2,,,,-1561693.0,-1562468.0,-1572903.0,2024,,156131.0,156131.0,3392360.0,817214.0,,1512371.0,2024,-204825.0,910836.0,,-1313878.0,,2024,ok,,2026-09-02T10:29:25
SKY,SKY.AX,Sky Metals Limited,ASX,EQUITY,AUD,AUD,Basic Materials,Gold,gold,"Sky Metals Limited engages in the exploration and development of mineral resources in Australia. The company explores for gold, copper, tin, tungsten, copper, bismuth, indium, nickel, silver, lead, and zinc deposits. The company was formerly known as Planet Gas Limited and changed its name to Sky Metals Limited in June 2019. Sky Metals Limited was incorporated in 2001 and is based in Orange, Australia.",,https://www.skymetals.com.au,Australia,Orange,NSW,0.18,178619888,992332674,578492267,1596059,2288614,1.664,,-2770079,0.0,0.0,0.0,4701398,234725,0.31715,0.066350006,2,,,,-1948981.0,-2091787.0,-2027828.0,2024,,14818143.0,15243665.0,18417751.0,3255060.0,352466.0,17142260.0,2024,-3243527.0,4212618.0,,-4555271.0,,2024,ok,,2026-09-02T10:29:27
SLA,SLA.AX,Solara Minerals Ltd,ASX,EQUITY,AUD,AUD,Basic Materials,Copper,copper,"Solara Minerals Ltd operates as a mineral exploration company in Australia. It primarily explores for gold, nickel, diamond, copper, cobalt, Niobium, and Lithium elements. Solara Minerals Ltd was formerly known as Lycaon Resources Limited and changed its name to Solara Minerals Ltd in March 2025. Solara Minerals Ltd was incorporated in 2021 and is based in Perth, Australia.",,https://www.solaraminerals.com.au,Australia,Perth,WA,0.12,7108178,59234823,42397917,56003,57703,0.271,,,0.0,0.0,0.0,2903976,0,0.27665,0.0,,,,,-890789.0,-890789.0,-776679.0,2024,,2491886.0,2491886.0,7210582.0,4655331.0,55314000.0,7113457.0,2024,-1126825.0,4000000.0,,-1534925.0,,2024,ok,,2026-09-02T10:29:30
SLB,SLB.AX,Stelar Metals Limited,ASX,EQUITY,AUD,AUD,Basic Materials,Other Industrial Metals & Mining,other-industrial-metals-mining,"Stelar Metals Limited engages in the exploration and development of its lithium, copper, cobalt, gold, and zinc metal projects in Australia. The company primarily focuses on the Baratta Copper Project comprising two licences located in South Australia. Stelar Metals Limited was incorporated in 2021 and is headquartered in Wayville, Australia.",,https://stelarmetals.com.au,Australia,Wayville,SA,0.265,21387382,80707108,30148302,227845,360681,0.562,214922,-834025,-0.20974001,-73.31918,0.0,2041391,0,0.3793,0.0,,,,,-1769393.0,-1823647.0,-1684036.0,2024,,5755207.0,5838736.0,9508172.0,3678464.0,,9124250.0,2024,-1655311.0,2864001.0,,-2393868.0,,2024,ok,,2026-09-02T10:29:33
SLM,SLM.AX,Solis Minerals Ltd.,ASX,EQUITY,AUD,AUD,Basic Materials,Copper,copper,"Solis Minerals Ltd. engages in the acquisition and exploration of mineral properties in Peru and Brazil. It explores for copper, gold, silver, molybdenum, lithium, and iron oxide copper/gold (IOCG) deposits. The company was formerly known as Westminster Resources Ltd. and changed its name to Solis Minerals Ltd. in July 2021. Solis Minerals Ltd. was incorporated in 2005 and is headquartered in West Leederville, Australia.",,https://solisminerals.com,Australia,West Leederville,WA,0.07,10808115,154401655,199120872,4633571,4061507,7.203,3126570,-2730489,0.4786,-0.57507,-0.120670006,4243389,6871,0.26567,0.0,,0.0,16356.0,-16356.0,-2602732.0,-2619088.0,-5800462.0,2025,,7975470.0,8001166.0,12041601.0,3746305.0,14270.0,9296103.0,2025,-2556844.0,4551396.0,-2324898.0,-4881742.0,,2025,ok,,2026-09-02T10:29:35
SLS,SLS.AX,Solstice Minerals Limited,ASX,EQUITY,AUD,AUD,Basic Materials,Other Industrial Metals & Mining,other-industrial-metals-mining,"Solstice Minerals Limited engages in the gold and base metal exploration in Australia. The company also explores for copper and nickel deposits. Solstice Minerals Limited was incorporated in 2011 and is headquartered in Subiaco, Australia.",,https://www.solsticeminerals.com.au,Australia,Subiaco,WA,2.22,382196064,172160386,86863772,600458,1054525,1.164,,-4284066,0.0,0.0,0.0,13372538,219851,0.16049999,0.30912,2,,,,-4263669.0,-4423080.0,4612406.0,2024,,4027124.0,4433321.0,21896835.0,17551112.0,104018.0,20600828.0,2024,-151276.0,17057362.0,,-2492134.0,,2024,ok,,2026-09-02T10:29:37
SLZ,SLZ.AX,Sultan Resources Limited,ASX,EQUITY,AUD,AUD,Basic Materials,Other Industrial Metals & Mining,other-industrial-metals-mining,"Sultan Resources Limited engages in the exploration of mineral properties in Australia. The company explores for gold, copper, nickel, cobalt, silver, zinc, lead, manganese, base metal, and precious metal deposits. It holds interests in the Lachlan Fold Belt projects, which consists of the EL8735, EL9070 and EL8734 tenements covering an area of 165 square kilometers located in Central New South Wales; and the Thaduna project, which consists of the E52/3481 tenement covering an area of 1 block located in the Meekatharra area of Northeast Yilgarn in Western Australia. Sultan Resources Limited was incorporated in 2018 and is based in West Perth, Australia.",,https://www.sultanresources.com.au,Australia,West Perth,WA,0.008,4681296,536320499,3439490,546257,140546,0.979,3287,-951000,1.0,-1850.2894,0.0,400365,75000,0.30976,0.0,,,,,-887849.0,-887849.0,-876680.0,2024,,9173660.0,9173660.0,9816111.0,584697.0,,9576893.0,2024,-582624.0,691550.0,,-1341255.0,,2024,ok,,2026-09-02T10:29:40
SMI,SMI.AX,Santana Minerals Limited,ASX,EQUITY,AUD,AUD,Basic Materials,Other Precious Metals & Mining,other-precious-metals-mining,"Santana Minerals Limited engages in the exploration and evaluation of gold properties in New Zealand, Cambodia, and Mexico. The company explores for gold, silver, and diamond properties. It holds a 100% interest in the Bendigo-Ophir gold project covering an area of 251 square kilometers located in Central Otago, South Island of New Zealand. Santana Minerals Limited was formerly known as Cerro Resources NL, Non-Cerro del Gallo Projects and Interests. The company was incorporated in 2013 and is based in Brisbane, Australia.",,https://www.santanaminerals.com,Australia,Brisbane,QLD,0.497,489923008,985760563,662789816,2433242,2217151,0.928,,,0.0,0.0,0.0,89981920,371430,0.21356001,0.09488,4,,,,-1557009.0,-4824254.0,-1692292.0,2025,,55119005.0,55562831.0,106395874.0,50453388.0,199186.0,102596176.0,2025,-16265404.0,36184183.0,,-18990951.0,,2025,ok,,2026-09-02T10:29:42
SMM,SMM.AX,Somerset Minerals Limited,ASX,EQUITY,AUD,AUD,Basic Materials,Other Industrial Metals & Mining,other-industrial-metals-mining,"Somerset Minerals Limited, together with its subsidiaries, explores and extracts mineral properties in Australia, Canada, and Ecuador. The company explores for copper, silver, zinc, lead, cadmium, gold, chalcocite, bornite, chalcopyrite, precious metal, and base metal deposits. Its flagship projects are the 100% owned Prescott copper and base metals project that consists of 52 licenses covering an area of 624 square kilometers located in the Peel Sound area of the Polaris mineral district of Nunavut, Canada; and the 100% owned Coppermine project that consists of 102 exploration licenses and one exclusive exploration right covering an area of 1,665 square kilometers located in the Kitikmeot region of Nunavut, Canada. The company was formerly known as Tempus Resources Limited and changed its name to Somerset Minerals Limited in June 2024. Somerset Minerals Limited was incorporated in 2018 and is based in Perth, Australia.",,https://somersetminerals.com.au,Australia,Perth,WA,0.012,19255500,1604625050,996626415,4896499,3006952,1.605,141500,-1060767,1.0,-54.74231,0.0,4551500,34744,0.12375,0.12156,,,,,-1901851.0,-1911470.0,-19992741.0,2024,,1820490.0,1820490.0,4006337.0,1435783.0,107890.0,-1472218.0,2024,-758512.0,2440669.0,,-2375791.0,,2024,ok,,2026-09-02T10:29:45
SMR,SMR.AX,Stanmore Resources Limited,ASX,EQUITY,AUD,AUD,Basic Materials,Coking Coal,coking-coal,"Stanmore Resources Limited engages in the exploration, development, production, and sale of metallurgical coal in Australia. It holds a portfolio of 2,000 square kilometers of prospective and granted exploration tenements throughout the Bowen and Surat basins. The company was formerly known as Stanmore Coal Limited and changed its name to Stanmore Resources Limited in May 2021. The company was incorporated in 2008 and is based in Brisbane, Australia. Stanmore Resources Limited operates as a subsidiary of Golden Investments (Australia) Pte. Ltd.",,https://stanmore.au,Australia,Brisbane,QLD,2.875,2591500800,901391634,11321613,1491590,1652040,,300184992,17751000,0.11395001,-0.20781,-0.02711,5041000,29254000,0.69885004,0.20079,3,1881200000.0,317100000.0,1564100000.0,375900000.0,197100000.0,-47200000.0,2025,117800000.0,2274000000.0,2943700000.0,2920800000.0001,211500000.0,531100000.0,1721299999.9999,2025,-110400000.0,503100000.0,,270400000.0,,2025,ok,,2026-09-02T10:29:47
SMS,SMS.AX,Star Minerals Limited,ASX,EQUITY,AUD,AUD,Basic Materials,Gold,gold,"Star Minerals Limited, explores, develops, and evaluates gold, copper, and base metals properties in Australia. Its flagship project is the Tumblegum South Gold Project located south of Meekatharra in Western Australia. Star Minerals Limited was incorporated in 2021 and is based in Leederville, Australia.",,https://www.starminerals.com.au,Australia,Leederville,WA,0.047,12255935,260764593,101267136,306721,537717,1.851,12470,-1848666,0.0,-74.792595,0.0,1259381,0,0.52096003,0.0,,,,,-853077.0,-857628.0,-857628.0,2024,,6125202.0,6135387.0,6594573.0,435164.0,,6456063.0,2024,-67309.0,864000.0,,-1176604.0,,2024,ok,,2026-09-02T10:29:50
SMX,SMX.AX,Strata Minerals Limited,ASX,EQUITY,AUD,,,,,,,,,,,0.019,7599109,399953113,,659947,181564,,,,,,,,,,,,,,,-3303839.0,-3325826.0,-3303959.0,2025,,780163.0,780163.0,2974552.0,2030201.0,12677.0,2873595.0,2025,-64176.0,3384600.0,,-2192258.0,,2025,ok,,2026-09-02T10:29:52
SNG,SNG.AX,Siren Gold Limited,ASX,EQUITY,AUD,AUD,Basic Materials,Gold,gold,"Siren Gold Limited, together with its subsidiaries, engages in the exploration and evaluation of gold properties in Australia and New Zealand. It also explores for silver deposits. The company's flagship project is the Sams Creek gold project, located at the top of New Zealand's South Island in Golden Bay. Siren Gold Limited was incorporated in 2017 and is based in West Perth, Australia.",,https://www.sirengold.com.au,Australia,West Perth,WA,0.046,13800543,300011816,191728551,147397,79968,0.599,,-1486229,0.0,0.0,0.0,3397897,14891,0.53132,0.0,,,,,8140146.0,-1620967.0,8111198.0,2025,,3574243.0,3617195.0,26085553.0,3397897.0,14891.0,25733147.0,2025,-2182395.0,3815262.0,,-3654794.0,,2025,ok,,2026-09-02T10:29:55
SNM,SNM.AX,Sentinel Metals Limited,ASX,EQUITY,AUD,AUD,Basic Materials,Gold,gold,"Sentinel Metals Limited, a mineral exploration company, engages in the exploration and development of gold resources in the United States. The company's flagship property is the Columbia Gold and silver Project covering an area of approximately 1,260 hectares located in central west Montana. Sentinel Metals Limited was incorporated in 2024 and is based in Subiaco, Australia.",,https://www.sentinelmetals.com,Australia,Subiaco,WA,0.55,76577320,139231489,28914896,151336,250218,,30129,,1.0,-69.45547,0.0,6978306,55575,0.77402997,0.15446,,,,,-40249.710812,-40249.710812,-38059.851045,2024,,,,0.0,,,0.0,2023,-186119.316247,,,-183955.946719,,2024,ok,,2026-09-02T10:29:57
SNX,SNX.AX,Sierra Nevada Gold Inc.,ASX,EQUITY,AUD,USD,Basic Materials,Gold,gold,"Sierra Nevada Gold Inc. engages in the acquisition, exploration, and evaluation of mineral properties in the United States. The company primarily explores for gold, silver, and copper deposits. Its flagship project is the Warrior project covering an area of 21 square kilometers that consists of 26,020 acres claims located in Nevada. The company was formerly known as Sierra Nevada Gold (USA) Inc. and changed its name to Sierra Nevada Gold Inc. in October 2021. Sierra Nevada Gold Inc. was incorporated in 2011 and is based in Reno, Nevada.",,https://sngold.com.au,United States,Reno,NV,0.11,54792468,498113349,344333829,1375022,2428266,1.711,,-1018264,0.0,0.0,0.0,5417117,0,0.26584,0.13193,,,,,-796010.0,-1102164.0,-880535.0,2025,,17561825.0,17854871.0,23077065.0,5417117.0,34962.0,22304217.9999,2025,-1365526.0,6252069.0,,-2196020.0,,2025,ok,,2026-09-02T10:30:00
SPD,SPD.AX,Southern Palladium Limited,ASX,EQUITY,AUD,AUD,Basic Materials,Other Precious Metals & Mining,other-precious-metals-mining,"Southern Palladium Limited, together with its subsidiaries, engages in the exploration and development of mineral activities. It primarily explores platinum, palladium, rhodium, ruthenium, iridium, osmium, nickel, chromium, chromite, copper, and gold deposits. The company holds 70% interest in the Bengwenyama Platinum Group Metals project covering an area of 5,280 hectares located in the Eastern Limb of the Bushveld, South Africa. Southern Palladium Limited was incorporated in 2020 and is based in Sydney, Australia.",,https://www.southernpalladium.com,Australia,Sydney,NSW,1.91,252748224,132328911,62768219,112276,97512,-0.409,,,0.0,0.0,0.0,22577624,0,0.48599997,0.093839996,,,,,-7113983.0,-7113983.0,-6725277.0,2024,,,,25112558.0,5431286.0,,24974743.0,2024,,19000000.0,,-894472.0,,2022,ok,,2026-09-02T10:30:02
SPN,SPN.AX,Sparc Technologies Limited,ASX,EQUITY,AUD,AUD,Basic Materials,Specialty Chemicals,specialty-chemicals,"Sparc Technologies Limited develops technologies in graphene additive materials and photocatalytic green hydrogen in Australia. It engages in the development of photocatalytic water splitting technology, an alternative method of producing renewable green hydrogen without electricity; Ecosparc, a graphene-based additive; and Biosparc, a graphene-enhanced polymer technology. The company was incorporated in 1984 and is headquartered in Kent Town, Australia.",,https://sparctechnologies.com.au,Australia,Kent Town,SA,0.185,22792672,123203630,113210166,166452,197021,,1177355,-2334444,1.0,-0.76061994,-2.33741,1471079,1034246,0.26815,0.0684,,,,,-3742056.0,-3953773.0,-2276659.0,2025,,403533.0,938345.0,5334030.0,3294030.0,70938.0,4202270.0,2025,-27311.0,3166224.0,,-2044818.0,,2025,ok,,2026-09-02T10:30:05
SPQ,SPQ.AX,Superior Resources Limited,ASX,EQUITY,AUD,AUD,Basic Materials,Other Industrial Metals & Mining,other-industrial-metals-mining,"Superior Resources Limited engages in the exploration of mineral properties in Australia. It explores for copper, gold, nickel, platinum grade elements, zinc, lead, silver, cobalt, and uranium deposits. The company holds 100% interests in the Greenvale project located in New South Wales; the Nicholson project located in north-west Queensland; and the Victor project comprising four exploration permits covering an area of 438 square kilometers located in north-west Queensland. Superior Resources Limited was incorporated in 2005 and is based in Milton, Australia.",,https://www.superiorresources.com.au,Australia,Milton,QLD,0.004,10562684,2640670820,1804951319,1150456,283428,0.278,,-727595,0.0,0.0,0.0,2007045,0,0.32437,0.0077899997,,,,,-779925.0,-785985.0,-785985.0,2025,,16596960.0,16694526.0,17476038.0,684062.0,146239.0,16953794.0,2025,-1408151.0,2100462.0,,-2162377.0,,2025,ok,,2026-09-02T10:30:08
SQX,SQX.AX,SQX Resources Limited,ASX,EQUITY,AUD,AUD,Basic Materials,Other Industrial Metals & Mining,other-industrial-metals-mining,"SQX Resources Limited operates as a mineral exploration and development company in Australia. The company explores for copper and gold deposits. It also holds interest in Ollenburgs project and Scrub Paddock project located in Queensland. SQX Resources Limited was incorporated in 2022 and is headquartered in Subiaco, Australia.",,https://www.sqxresources.com,Australia,Subiaco,WA,0.046,4594883,99888766,28216200,148159,174536,0.573,,-1599564,0.0,0.0,0.0,2808106,0,0.35216,0.0,,25176.0,,25176.0,-880168.0,-965165.0,-756479.0,2023,,1123962.0,1123962.0,3314114.0,2177876.0,18219.0,3209224.0,2024,-201072.0,4458378.0,,-778977.0,,2024,ok,,2026-09-02T10:30:10
SRK,SRK.AX,Strike Resources Limited,ASX,EQUITY,AUD,AUD,Basic Materials,Other Industrial Metals & Mining,other-industrial-metals-mining,"Strike Resources Limited operates as a mineral exploration company in Australia, Argentina, and Peru. The company primarily explores for iron ore, graphite, and lithium deposits. It holds interest in Apurimac Iron Ore Project covering an area of approximately 72,800 hectares located in the Southern Highlands of Peru. Strike Resources Limited was formerly known as Fast Scout Limited and changed its name to Strike Resources Limited in January 2006. The company was incorporated in 1999 and is based in Perth, Australia.",,https://strikeresources.com.au,Australia,Perth,WA,0.022,6242500,283750000,135448063,142021,164294,0.523,12949344,10191410,1.0,0.91134,0.80660003,2921299,0,0.32037,0.23521,,9642676.0,9473269.0,169407.0,1558529.0,-2809530.0,754523.0,2022,,185761.0,185761.0,8005068.0,6714999.0,10806120.0,6701274.0,2024,-425194.0,1100000.0,,-3259637.0,,2024,ok,,2026-09-02T10:30:13
SRL,SRL.AX,Sunrise Energy Metals Limited,ASX,EQUITY,AUD,AUD,Industrials,Pollution & Treatment Controls,pollution-treatment-controls,"Sunrise Energy Metals Limited engages in the mineral exploration activities in Australia. It explores for scandium, nickel, cobalt, alloys, and limestone deposits. The company was formerly known as Clean TeQ Holdings Limited and changed its name to Sunrise Energy Metals Limited in March 2021. Sunrise Energy Metals Limited was founded in 1990 and is based in Melbourne, Australia.",,https://www.sunriseem.com,Australia,Melbourne,VIC,16.43,2784448768,169473439,75999401,589847,436081,1.422,133000,-7410000,0.0,-68.01667,0.0,47942000,220000,0.39823002,0.11979,1,,,,-6034000.0,-6449000.0,-6206000.0,2025,,327000.0,1047000.0,11541000.0,10714000.0,224000.0,10167000.0,2025,-9000.0,7484000.0,,-5588000.0,,2025,ok,,2026-09-02T10:30:15
SRN,SRN.AX,Surefire Resources NL,ASX,EQUITY,AUD,AUD,Basic Materials,Other Industrial Metals & Mining,other-industrial-metals-mining,"Surefire Resources NL, together with its subsidiaries, explores for and reviews mineral tenement holdings in Western Australia. The company explores for critical mineral, gold, titanium, aluminium, copper, lead, silver, vanadium, iron ore, nickel, and platinum group element deposits. Its flagship project is the Victory Bore vanadium-titanium-iron project, which consists of the Victory Bore and Unaly Hill deposits located in the mid-west of Western Australia. The company was formerly known as Black Ridge Mining NL and changed its name to Surefire Resources NL in December 2016. The company was incorporated in 1998 and is based in South Perth, Australia.",2,https://www.surefireresources.com.au,Australia,South Perth,WA,0.023,4167122,181179212,80252936,218971,160591,-0.474,5572,-2535325,1.0,-29.40021,0.0,766761,1449681,0.50262,0.0,,,,,-3722057.0,-3733373.0,-3068583.0,2024,,12832760.0,12919805.0,14539976.0,1485320.0,115761.0,2151012.0,2024,-1446001.0,3334289.0,,-3123018.0,,2024,ok,,2026-09-02T10:30:18
SRR,SRR.AX,Sarama Resources Ltd,ASX,EQUITY,AUD,USD,Basic Materials,Gold,gold,"Sarama Resources Ltd, an exploration stage company, engages in the sourcing, acquisition, exploration, and development of mineral properties in Australia and Burkina Faso. The company holds 80% interests in the Cosmo gold project, which comprises 7 contiguous exploration tenements covering an area of approximately 580 square kilometers located in Western Australia; and the Mt Venn project covering an area of approximately 420 square kilometers located in the Eastern Goldfields of Western Australia. Sarama Resources Ltd was incorporated in 2010 and is headquartered in Subiaco, Australia.",,https://saramaresources.com,Australia,Subiaco,WA,0.029,14604166,503591948,416707229,404888,111724,1.403,,-2313522,0.0,0.0,0.0,960110,0,0.0746,0.049039997,,0.0,2945.0,-2945.0,-2754938.0,-2555971.0,-2779504.0,2025,,5633.0,391692.0,941611.0,865855.0,487128.0,-1008579.0,2025,-5667.0,1763440.0,-1957857.0,-1963524.0,,2025,ok,,2026-09-02T10:30:20
SRT,SRT.AX,Strata Investment Holdings Plc,ASX,EQUITY,AUD,GBP,Basic Materials,Other Industrial Metals & Mining,other-industrial-metals-mining,"Strata Investment Holdings Plc operates as a resource exploration and development company in the United Kingdom, Europe, the Asia Pacific, the Middle East, Africa, Australasia, and the Americas. The company operates in two segments, Equity Investments and Royalty Investments. It explores gold, copper, silver, cobalt, nickel, lithium, iron ore, zinc resources, and base and precious metals. The company was formerly known as Metal Tiger plc and changed its name to Strata Investment Holdings Plc in April 2023. Strata Investment Holdings Plc was incorporated in 2001 and is headquartered in Wincanton, the United Kingdom.",7,https://www.strataplc.com,United Kingdom,Wincanton,,0.16,27107772,169423576,121566765,0,0,,27013000,25000000,1.0,0.93071,0.9327,30356000,48000,0.0401,0.0,,0.0,,,7951000.0,-1958000.0,6178000.0,2025,,6000.0,,35824000.0,832000.0,50000.0,31807000.0,2025,-165000.0,0.0,-2108000.0,-2108000.0,,2022,ok,,2026-09-02T10:30:23
SRZ,SRZ.AX,Stellar Resources Limited,ASX,EQUITY,AUD,AUD,Basic Materials,Other Industrial Metals & Mining,other-industrial-metals-mining,"Stellar Resources Limited, together with its subsidiaries, engages in the exploration of mineral properties in Australia. The company explores for tin, lithium, gold, and base metal deposits. Its flagship project is the Heemskirk Tin project located in Western Tasmania. It also holds five exploration licenses in NE Tasmania project covering an area of 648 square kilometers located in Tasmania, Australia. The company was incorporated in 2004 and is based in Sydney, Australia.",,https://www.stellarresources.com.au,Australia,Sydney,NSW,0.39,132609192,340023591,177017985,352677,355475,1.141,30249,-9754537,1.0,-155.37097,0.0,13349290,46236,0.33673,0.22614999,2,,,,-2209924.0,-2356935.0,-2251132.0,2024,,146694.0,220186.0,11186797.0,10418113.0,15407.0,10658729.0,2024,-462.0,11931842.0,,-2306303.0,,2023,ok,,2026-09-02T10:30:26
SS1,SS1.AX,Sun Silver Limited,ASX,EQUITY,AUD,AUD,Basic Materials,Other Precious Metals & Mining,other-precious-metals-mining,"Sun Silver Limited engages in the exploration and evaluation of mineral properties in the United States. The company explores for silver and gold deposits. It holds interest in the Maverick Springs project, a silver-gold deposit located in northeast Nevada. The company was formerly known as Green Power Minerals Pty Ltd and changed its name to Sun Silver Limited in March 2024. The company was incorporated in 2023 and is based in East Perth, Australia.",,https://www.sunsilver.com.au,Australia,East Perth,WA,1.125,207013408,184011922,133355280,1440437,2480764,1.423,,-7658194,0.0,0.0,0.0,30215128,296968,0.29984,0.07486,1,,,,-6833232.0,-7676901.0,-6872419.0,2025,,19099289.0,19099289.0,49897462.0,2215129.0,296968.0,49047370.0,2025,-9508632.0,30000000.0,,-11433840.0,,2025,ok,,2026-09-02T10:30:28
STK,STK.AX,Strickland Metals Limited,ASX,EQUITY,AUD,AUD,Basic Materials,Other Precious Metals & Mining,other-precious-metals-mining,"Strickland Metals Limited engages in the exploration of mineral resources in Australia. The company primarily explores for gold, base metal, zinc, lead, silver, and copper deposits. The company owns 100% interest in Rogozna Project comprising four exploration licences covering an area of approximately 184 square kilometres located in the Raka, Southern Republic of Serbia; and the Bryah Basin Project comprises five early-stage exploration licences covering an area of 260 square kilometres, located in the Gascoyne,Western Australia. The company was formerly known as Alloy Resources Limited and changed its name to Strickland Metals Limited in August 2020. Strickland Metals Limited was incorporated in 2004 and is based in Perth, Australia.",58,https://www.stricklandmetals.com.au,Australia,Perth,WA,0.078,205898064,2639718767,1266921590,4736386,7637031,0.427,9544878,1992625,1.0,-1.38551,-0.08809,15410958,606036,0.44007,0.08908,2,,,,-2847451.0,-4507347.0,24546343.0,2024,,36674566.0,37268817.0,86926495.0,24510494.0,207853.0,79624350.0,2024,-15023711.0,6920741.0,,-17928553.0,,2024,ok,,2026-09-02T10:30:31
STM,STM.AX,Sunstone Metals Limited,ASX,EQUITY,AUD,AUD,Basic Materials,Other Industrial Metals & Mining,other-industrial-metals-mining,"Sunstone Metals Limited engages in the exploration and evaluation of gold and copper properties. It holds an 87.5% interest in the Bramaderos project covering an area of 4,959 hectares located in Loja Province, southern Ecuador; and a 74.5% interest in the El Palmar project located in the northern Ecuador. The company was formerly known as Avalon Minerals Limited and changed its name to Sunstone Metals Limited in September 2017. Sunstone Metals Limited was incorporated in 2006 and is headquartered in Melbourne, Australia.",27,https://www.sunstonemetals.com.au,Australia,Melbourne,VIC,0.19,53965424,284028560,167688557,551956,520866,1.587,,-2352669,0.0,0.0,0.0,7921035,0,0.23996,0.044109996,3,,,,-2206522.0,-2242930.0,-2293242.0,2024,,82866040.0,83533734.0,85987442.0,2669044.0,78399.0,83042044.0,2024,-14454559.0,8737776.0,,-15868953.0,,2024,ok,,2026-09-02T10:30:33
STN,STN.AX,Saturn Metals Limited,ASX,EQUITY,AUD,AUD,Basic Materials,Gold,gold,"Saturn Metals Limited engages in the exploration of precious metals in Australia. It primarily explores for gold deposits. The company's flagship property is the Apollo Hill project that comprises 20 prospective gold exploration licenses covering an area of approximately 1,000 square kilometers, including three mining leases and 66 miscellaneous licenses for water and/or infrastructure purposes located in the Eastern Goldfields district, Western Australia. Saturn Metals Limited was incorporated in 2017 and is based in West Perth, Australia.",,https://saturnmetals.com.au,Australia,West Perth,WA,0.535,355375360,664252988,430507957,1566115,2819952,0.683,683731,-6520085,1.0,-4.6107903,0.0,58625132,19161,0.26933,0.23582001,2,,,,-4923991.0,-5414321.0,-5123937.0,2025,,59129709.0,59322172.0,86505801.0,27178806.0,62280.0,83826398.0,2025,-18474582.0,46253362.0,,-21695381.0,,2025,ok,,2026-09-02T10:30:35
SUH,SUH.AX,Southern Hemisphere Mining Limited,ASX,EQUITY,AUD,AUD,Basic Materials,Other Industrial Metals & Mining,other-industrial-metals-mining,"Southern Hemisphere Mining Limited, an exploration stage company, engages in the acquisition and exploration of mineral properties primarily in Chile. It explores for gold, copper, lithium, silver, and manganese deposits. The company's flagship project is the Llahuin Copper-Gold Project located to the north of Santiago. The company is based in Perth, Australia.",,https://www.shmining.com.au,Australia,Perth,WA,0.037,27240882,736240044,452839164,264253,156575,-0.5,,-1511256,0.0,0.0,0.0,940334,0,0.40678,0.21473,,,,,-3457867.0,-3462601.0,-3466646.0,2024,,16399.0,18833.0,4702401.0,4662668.0,350367.0,4009926.0,2024,-19806.0,7186671.0,,-3093695.0,,2022,ok,,2026-09-02T10:30:38
SVG,SVG.AX,Savannah Goldfields Limited,ASX,EQUITY,AUD,AUD,Basic Materials,Gold,gold,"Savannah Goldfields Limited engages in the exploration, evaluation, and development of gold and silver properties in Australia. It holds 100% interest in the Agate Creek gold project covering an area of approximately 1,539 square kilometers located in north Queensland; and Georgetown project located in Queensland. The company was formerly known as Laneway Resources Limited and changed its name to Savannah Goldfields Limited in October 2022. Savannah Goldfields Limited was incorporated in 1986 and is based in Brisbane, Australia.",,https://www.savannahgoldfields.com,Australia,Brisbane,QLD,0.009,19274192,2141577039,1549623730,3472509,1675668,0.526,2345178,-6888472,-1.8080001,-2.00166,0.0,294223,22760640,0.42648,0.0627,1,11597688.0,22701733.0,-11104045.0,-14473749.0,-15129007.0,-20573973.0,2024,,39055571.0,41520468.0,43219499.0,152740.0,25295033.0,3130666.0,2024,-857209.0,3211331.0,,-7533013.0,,2024,ok,,2026-09-02T10:30:41
SVL,SVL.AX,Silver Mines Limited,ASX,EQUITY,AUD,AUD,Consumer Defensive,Farm Products,farm-products,"Silver Mines Limited, together with its subsidiaries, engages in the acquisition, exploration, and development of silver projects in Australia. It operates through two segments, Mining and Exploration Operations; and Agricultural Operations. The company explores for copper, gold, lead, zinc, and polymetallic deposits. Its flagship project is the Bowdens silver project, which covers an area of approximately 2,115 square kilometers located near Mudgee in the Central Tablelands Region of New South Wales. In addition, the company sells livestock and wool. Silver Mines Limited was incorporated in 2004 and is based in Sydney, Australia.",27,https://www.silvermines.com.au,Australia,Sydney,NSW,0.16,355099840,2219374185,2061887398,6578846,10018220,1.149,364794,-3500427,1.66476,-9.56824,0.0,40504316,0,0.041840002,0.2132,1,263129.0,205293.0,57836.0,-1972594.0,-3600571.0,-2217610.0,2024,,124697670.0,126722974.0,138736882.0,10805188.0,3574117.0,137610351.0,2024,-13732886.0,14000003.0,,-16034607.0,,2024,ok,,2026-09-02T10:30:44
SVM,SVM.AX,Sovereign Metals Limited,ASX,EQUITY,AUD,AUD,Basic Materials,Other Industrial Metals & Mining,other-industrial-metals-mining,"Sovereign Metals Limited, together with its subsidiaries, engages in the exploration and development of mineral resource projects in Malawi. The company primary explores rutile and graphite. It holds interest in the Kasiya Rutile-Graphite project located in Malawi. The company was incorporated in 2006 and is based in Perth, Australia.",,https://sovereignmetals.com.au,Australia,Perth,WA,0.515,337820032,655961203,441380400,594888,413148,1.111,,-31399684,0.0,0.0,0.0,33937352,71678,0.31774,0.07796,2,,,,-42004574.0,-42306630.0,-40440339.0,2025,43958.0,6938512.0,7885911.0,63352949.0,54538435.0,89744.0,55387701.0,2025,-1023642.0,59174395.0,,-33902854.0,,2025,ok,,2026-09-02T10:30:46
SVY,SVY.AX,Stavely Minerals Limited,ASX,EQUITY,AUD,AUD,Basic Materials,Other Industrial Metals & Mining,other-industrial-metals-mining,"Stavely Minerals Limited, a mineral resource company, engages in the exploration and development of mineral projects in Australia. The company explores for copper, cobalt, gold, zinc, nickel, and silver deposits. It holds 100% interests in the Stavely project covering an area of approximately 1,000 square kilometers located west Victoria; the Ararat project that covers an area of approximately 26 square kilometers situated in western margin of the Stawell-Bendigo zone; and Hawkstone Project covering an area of approximately 1001 square kilometres located in the West Kimberley. Stavely Minerals Limited was incorporated in 2006 and is headquartered in Nedlands, Australia.",,https://www.stavely.com.au,Australia,Nedlands,WA,0.017,17554414,1032612487,484157668,1144174,749522,0.64,110723,-3375907,1.0,-34.72871,0.0,489289,80811,0.2941,0.058530003,,,,,-5296745.0,-6939764.0,-5594916.0,2024,,5437746.0,6182327.0,9376293.0,3726918.0,209985.0,8479466.0,2024,-124093.0,6880001.0,,-4514800.0,,2024,ok,,2026-09-02T10:30:48
SX2,SX2.AX,Southern Cross Gold Consolidated Ltd.,ASX,EQUITY,AUD,CAD,Basic Materials,Gold,gold,"Southern Cross Gold Consolidated Ltd. engages in the acquisition and exploration of mineral properties in Australia. The company explores for gold, antimony, iron oxide, and copper deposits. Its flagship property is the 100% owned Sunday Creek project covering an area of 19,365 hectares of granted exploration tenements located 60 km north of Melbourne. The company is based in Melbourne, Australia.",,https://www.southerncrossgold.com.au,Australia,Melbourne,VIC,11.33,3055174912,269653562,220848964,250155,252505,,,-9612492,0.0,0.0,0.0,119129504,749650,0.22514999,0.117469996,4,0.0,558697.0,-558697.0,-4851677.0,-9897642.0,-5475812.0,2026,,152024336.0,153022307.0,275562081.0,119129501.0,749650.0,266895186.0,2026,-44817708.0,8115534.0,-2319714.0,-47137422.0,,2026,ok,,2026-09-02T10:30:51
SYR,SYR.AX,Syrah Resources Limited,ASX,EQUITY,AUD,USD,Basic Materials,Other Industrial Metals & Mining,other-industrial-metals-mining,"Syrah Resources Limited, together with its subsidiaries, engages in the exploration, evaluation, and development of mineral properties in Australia, China, Europe, India, the Americas, and internationally. It operates through Balama and Vidalia segments. The company's flagship project is the Balama graphite; and vanadium project located in Cabo Delgado Province, Mozambique. It also involved in the operation and expansion of the Vidalia active anode material facility; construction of the Vidalia Initial Expansion project; and evaluation of the Vidalia Further Expansion project. In addition, it is involved in production, distribution and sale of natural graphite; customer engagement and commercial negotiations, research and development; and treasury, investing activities. Syrah Resources Limited was incorporated in 2007 and is headquartered in Melbourne, Australia.",,https://www.syrahresources.com.au,Australia,Melbourne,VIC,0.107,248446240,2321927497,1251706342,4638852,2903239,0.933,33381000,-66268000,-1.9629401,-1.3541701,0.0,77087000,293233984,0.060100004,0.56544,2,33381000.0,78254000.0,-44873000.0,-41390000.0,-86450000.0,-100663000.0,2025,25021000.0,509390000.0,608790000.0,711185000.0002,77087000.0,293234000.0,329247000.0,2025,-5814000.0,45524000.0,,-62176000.0,,2025,ok,,2026-09-02T10:30:54
T88,T88.AX,Taiton Resources Limited,ASX,EQUITY,AUD,AUD,Basic Materials,Other Precious Metals & Mining,other-precious-metals-mining,"Taiton Resources Limited engages in the exploration, development, and evaluation of mineral properties in Australia. The company explores for molybdenum, quartz, gold, uranium, and rare earth element deposits. Its flagship project is the Kingsgate molybdenum and high purity quartz project that covers an area of 604.1 square kilometers located in the Northern Highlands of New South Wales. The company was formerly known as Syngas Limited and changed its name to Taiton Resources Limited in February 2021. Taiton Resources Limited was incorporated in 1993 and is based in Melbourne, Australia.",,https://www.taiton.com.au,Australia,Melbourne,VIC,0.055,6811682,123848758,22309588,78103,39901,-0.054,32500,-548249,1.0,-428.59738,0.0,629243,0,0.77502996,0.0,,,,,-1719421.0,-1757428.0,-1671748.0,2024,,4143101.0,4203354.0,5386093.0,1160267.0,13860.0,5166219.0,2024,-2303405.0,7004000.0,,-3436969.0,,2024,ok,,2026-09-02T10:30:57
TAM,TAM.AX,Tanami Gold NL,ASX,EQUITY,AUD,AUD,Basic Materials,Gold,gold,"Tanami Gold NL operates as a gold exploration company in Australia. It holds 50% interest in the Central Tanami project covering an area of 2,108 square kilometers located in the Tanami Region of the Northern Territory. Tanami Gold NL was incorporated in 1968 and is based in South Perth, Australia.",,https://www.tanami.com.au,Australia,South Perth,WA,0.069,162163392,2350194092,487148231,1056142,762441,0.932,,-8610500,0.0,0.0,0.0,14439000,63000,0.09882,0.2323,,,,,-8107000.0,-8136000.0,-6147000.0,2024,,11272000.0,11287000.0,51729000.0,25271000.0,6000.0,46371000.0,2024,-124000.0,,,-5920000.0,,2024,ok,,2026-09-02T10:30:59
TAR,TAR.AX,Taruga Minerals Limited,ASX,EQUITY,AUD,AUD,Basic Materials,Other Precious Metals & Mining,other-precious-metals-mining,"Taruga Minerals Limited engages in the mineral exploration and development activities in Australia. The company primarily explores for gold, copper, silver, cobalt, zinc, lead, base, and rare earth element metals deposits. The company was formerly known as Taruga Gold Limited and changed its name to Taruga Minerals Limited in June 2018. Taruga Minerals Limited was incorporated in 2011 and is based in Perth, Australia.",,https://tarugaminerals.com.au,Australia,Perth,WA,0.025,23737794,949511716,483396660,1281446,1588147,1.02,20464,-2334735,1.0,-174.53174,0.0,1765396,0,0.43823,0.0,,82726.0,,82726.0,-10263097.0,-10320562.0,-10298576.0,2024,,160073.0,326422.0,2649368.0,2330422.0,,2411467.0,2024,-513355.0,3500000.0,,-890367.0,,2024,ok,,2026-09-02T10:31:02
TAS,TAS.AX,Tasman Resources Ltd,ASX,EQUITY,AUD,AUD,Basic Materials,Other Industrial Metals & Mining,other-industrial-metals-mining,"Tasman Resources Ltd engages in the exploration of mineral properties in Australia. It also explores for precious and base metals, including gold, silver, copper, cobalt, zinc, lead, nickel, and uranium, as well as iron-oxide. The company holds 100% interests in the Lake Torrens IOCG project; Pernatty IOCG project; and Parkinson Dam Gold, Silver, Lead, Zinc project. Tasman Resources Ltd was incorporated in 1987 and is based in Perth, Australia.",,https://www.tasmanresources.com.au,Australia,Perth,WA,0.032,17708198,553381189,231477406,543678,226469,1.452,21129168,16076225,0.9828,0.88914,0.80736,1460883,15157,0.48828,0.0,,2016640.0,627546.0,1389094.0,-15561961.0,-17086742.0,-13132246.0,2024,,16820955.0,21482693.0,23497605.0,987690.0,14032212.0,6276230.0,2024,-733875.0,1056309.0,,-6195305.0,,2024,ok,,2026-09-02T10:31:05
TAT,TAT.AX,Tartana Minerals Limited,ASX,EQUITY,AUD,AUD,Basic Materials,Other Industrial Metals & Mining,other-industrial-metals-mining,"Tartana Minerals Limited, together with its subsidiaries, engages in the exploration and development of mineral projects in Australia. The company explores for copper, zinc, gold, silver, lead, antimony, tin, and tungsten deposits, as well as rare earths, precious, and base metals. The company was formerly known as R3D Resources Limited and changed its name to Tartana Minerals Limited in April 2024. Tartana Minerals Limited is based in Sydney, Australia.",5,https://www.tartanaminerals.com.au,Australia,Sydney,NSW,0.019,7431776,391146106,172346848,3458631,814124,-0.575,2786863,-1836017,0.11894,-1.04785,-1.22281,10695,2970409,0.36664,0.0,,1763327.0,1650112.0,113215.0,-1836294.0,-2317751.0,-2590843.0,2024,,9815638.0,9815638.0,12439401.0,123200.0,1767253.0,5936723.0,2024,-694543.0,1724717.0,,-1174030.0,,2024,ok,,2026-09-02T10:31:08
TBR,TBR.AX,Tribune Resources Limited,ASX,EQUITY,AUD,AUD,Basic Materials,Gold,gold,"Tribune Resources Limited, together with its subsidiaries, engages in the development, exploration, and production of mineral properties in Australia. It primarily explores for gold and silver deposits. The company holds interests in the East Kundana joint venture and the West Kundana joint venture located in Western Australia; and the Japa project located in Ghana, West Africa. It also holds an interest in Diwalwal Gold Project situated in Davao City Mindanao Island, Philippines. Tribune Resources Limited was incorporated in 1988 and is based in South Perth, Australia.",,https://tribune.com.au,Australia,South Perth,WA,5.4,283327616,52468077,16444020,9191,4780,0.473,166096000,108444584,0.74845004,0.52553004,0.26633,12473038,0,0.69231004,0.06221,,160309625.0,52137437.0,108172188.0,76645469.0,62958228.0,33235836.0,2025,4982404.0,112923752.0,385170117.0,350216612.0,12448796.0,45928.0,258367702.0,2025,-54829427.0,,,16919800.0,,2025,ok,,2026-09-02T10:31:10
TCG,TCG.AX,Turaco Gold Limited,ASX,EQUITY,AUD,AUD,Basic Materials,Gold,gold,"Turaco Gold Limited operates as a gold exploration and development company in Cote d'Ivoire. Its principal project is the Afema gold project comprising central mining permit and three contiguous exploration permits, an exploration permit application, and an option over an additional application covering an area of approximately 1,600 square kilometers located in south-east Côte d'Ivoire. The company was formerly known as Manas Resources Limited and changed its name to Turaco Gold Limited in July 2021. Turaco Gold Limited was incorporated in 2007 and is based in West Perth, Australia.",,https://turacogold.com.au,Australia,West Perth,WA,0.81,875191936,1080483870,769363780,2599818,3539124,2.415,,-34466220,0.0,0.0,0.0,72325176,0,0.26102,0.20736,5,,,,-27129896.0,-35112980.0,-23279255.0,2025,,33777894.0,35109479.0,106371243.0,68078147.0,30518.0,109280271.0,2025,-1237842.0,60463863.0,,-30975472.0,,2025,ok,,2026-09-02T10:31:13
TEM,TEM.AX,Tempest Minerals Limited,ASX,EQUITY,AUD,AUD,Basic Materials,Other Industrial Metals & Mining,other-industrial-metals-mining,"Tempest Minerals Limited engages in mineral exploration and development activities in Australia. It primarily explores for base metals, energy minerals, copper, gold, iron, zinc, lithium, and industrial metal deposits. The company's flagship project is the Yalgoo project covering an area of 1000 square kilometers located in Yalgoo Region, Western Australia. The company was formerly known as Lithium Consolidated Mineral Exploration Limited and changed its name to Tempest Minerals Limited in August 2020. Tempest Minerals Limited was incorporated in 2016 and is headquartered in Mount Hawthorn, Australia.",,https://tempestminerals.com,Australia,Mount Hawthorn,WA,0.004,4407505,1101876292,648619479,292464,372635,-0.304,,-1157081,0.0,0.0,0.0,660849,0,0.42269,0.0,,,,,-1087356.0,-1092836.0,-875216.0,2024,,8803516.0,8831234.0,10833314.0,1465655.0,,10499878.0,2024,-1145973.0,21508.0,,-2098224.0,,2024,ok,,2026-09-02T10:31:15
TG1,TG1.AX,TechGen Metals Ltd,ASX,EQUITY,AUD,AUD,Basic Materials,Other Precious Metals & Mining,other-precious-metals-mining,"TechGen Metals Ltd engages in the exploration of gold and base metal projects in Australia. The company explores for copper, gold, silver, nickel, lead, and zinc deposits. TechGen Metals Ltd incorporated in 2018 and is headquartered in West Perth, Australia.",,https://www.techgenmetals.com.au,Australia,West Perth,WA,0.019,10358775,545198734,303599776,1941745,2770190,2.088,44737,-1174223,1.0,-55.85708,0.0,2646304,0,0.25273,0.0,,,,,-1673854.0,-1673854.0,-1645178.0,2024,,4358904.0,4358904.0,6850000.0,2322190.0,,6719288.0,2024,-945717.0,2798000.0,,-1881371.0,,2024,ok,,2026-09-02T10:31:17
TG6,TG6.AX,TG Metals Limited,ASX,EQUITY,AUD,AUD,Basic Materials,Other Precious Metals & Mining,other-precious-metals-mining,"TG Metals Limited engages in the discovery, exploration, and development of mineral deposits in Western Australia. The company explores for lithium and gold deposits. Its flagship project comprises the Lake Johnston project that includes a tenement area of approximately 414 square kilometers located in the Goldfields-Esperance region of Western Australia. TG Metals Limited was incorporated in 2020 and is headquartered in West Perth, Australia.",,https://www.tgmetals.com.au,Australia,West Perth,WA,0.265,35907248,135499061,50716744,157674,380673,0.435,,-1820076,0.0,0.0,0.0,3592220,106950,0.4314,0.098079994,,,,,-1274950.0,-2011778.0,-1418500.0,2025,,12029347.0,12029347.0,13797847.0,734917.0,133741.0,12373340.0,2025,-5689521.0,10112824.0,,-6742261.0,,2025,ok,,2026-09-02T10:31:20
TGH,TGH.AX,Terragen Holdings Limited,ASX,EQUITY,AUD,AUD,Basic Materials,Agricultural Inputs,agricultural-inputs,"Terragen Holdings Limited engages in the research, development, and commercialization of biological products for the agriculture sector in Australia and New Zealand. The company offers Mylo and Terragen Probiotic for Ruminants, which are animal feed supplement probiotics for cows and calves; and Great Land Plus, a bio-stimulant for the home garden market, supporting soil health, nutrient availability, and plant growth for lawns, gardens, and indoor plants. Terragen Holdings Limited was incorporated in 1996 and is based in Coolum Beach, Australia.",,https://www.terragen.com.au,Australia,Coolum Beach,QLD,0.023,18933576,823198993,207363826,91417,165260,-0.277,2077842,-3570732,0.71944,-1.18954,-1.80541,7388342,275572,0.70088995,0.0061299996,,2137088.0,79645.0,2057443.0,-3515515.0,-3969126.0,-3014078.0,2024,,654937.0,3236801.0,6947134.0,4543013.0,542227.0,5316251.0,2024,-132930.0,3503017.0,,-2454336.0,,2024,ok,,2026-09-02T10:31:22
TGM,TGM.AX,Theta Gold Mines Limited,ASX,EQUITY,AUD,USD,Basic Materials,Gold,gold,"Theta Gold Mines Limited engages in the gold exploration and development business in South Africa. The company's flagship project is the TGME Gold Mine project located in South Africa. The company was formerly known as Stonewall Resources Limited and changed its name to Theta Gold Mines Limited in December 2018. Theta Gold Mines Limited was incorporated in 2008 and is based in Sydney, Australia.",,https://www.thetagoldmines.com,Australia,Sydney,NSW,0.195,260741584,1337136337,668726052,251063,430057,1.132,,2191500,0.0,0.0,0.0,12476000,11630000,0.45221,0.038510002,,,,,-3309000.0,-3726000.0,-6391000.0,2024,,17684000.0,18307000.0,23803000.0,2590000.0,17737000.0,-2119999.9999,2024,-1724000.0,8635000.0,,-6176000.0,,2024,ok,,2026-09-02T10:31:25
TGN,TGN.AX,Tungsten Mining NL,ASX,EQUITY,AUD,AUD,Basic Materials,Other Industrial Metals & Mining,other-industrial-metals-mining,"Tungsten Mining NL engages in the exploration, evaluation, and development of mineral resources in Australia. It primarily explores for tungsten, molybdenum, gold, silver, copper, bismuth deposits, and other minerals. The company's flagship property is the 100% owned Mt Mulgine project located in the Murchison region of Western Australia. Tungsten Mining NL was incorporated in 2011 and is based in West Perth, Australia.",,https://www.tungstenmining.com,Australia,West Perth,WA,0.28,390975264,1396340206,803494841,1293134,3075295,0.03,85495,-5113851,1.0,-3144.3394,0.0,7656343,449232,0.28092,0.00017000001,1,,,,-6415314.0,-8006889.0,-7816888.0,2025,,40042036.0,42298813.0,42897522.0,2520033.0,4560292.0,28562998.0,2025,-3811705.0,-18572.0,,-9345165.0,,2025,ok,,2026-09-02T10:31:28
THR,THR.AX,Thor Energy Plc,ASX,EQUITY,AUD,GBP,Basic Materials,Other Industrial Metals & Mining,other-industrial-metals-mining,"Thor Energy Plc engages in the exploration and development of mineral properties in Australia. It explores for uranium, vanadium, copper, tungsten, molybdenum, gold, lithium, nickel, and other mineral deposits. The company holds interests in the Wedding Bell uranium and the Radium Mountain projects located in Colorado and the Vanadium King project located in south-east Utah. It also holds interests in the Molyhil tungsten-molybdenum project located north-east of Alice Springs in Northern Territory. The Ragged Range gold, copper, lithium, and nickel project situated in Eastern Pilbara Craton, Western Australia and the Alford East copper-gold project located in South Australia. The company was formerly known as Thor Mining PLC and changed its name to Thor Energy Plc in January 2023. Thor Energy Plc was incorporated in 2004 and is headquartered in London, the United Kingdom.",,https://thorenergyplc.com,United Kingdom,London,,0.009,9270653,1030072634,733401415,742134,1437632,0.127,,-1080000,0.0,0.0,0.0,787000,0,0.037609998,0.0,,0.0,,,-487000.0,-711000.0,-520000.0,2023,,12791000.0,200000.0,14473000.0,898000.0,61000.0,14255000.0,2023,-1680000.0,1370000.0,-620000.0,-2300000.0,,2023,ok,,2026-09-02T10:31:30
TIO,TIO.AX,Temas Resources Corp.,ASX,EQUITY,AUD,CAD,Basic Materials,Other Industrial Metals & Mining,other-industrial-metals-mining,"Temas Resources Corp. engages in the acquisition, exploration, and development of mineral properties in Canada. The company explores for iron, titanium, and vanadium deposits. It holds 100% interest in the La Blache property comprising 122 claims covering approximately an area of 7,000 hectares located in Quebec, Canada; and 100% interest in The Lac Brule Property comprising 36 mineral claims covering approximately an area of 2,016 hectares located in Quebec, Canada. The company was formerly known as Clean Earth Chemical Corp. and changed its name to Temas Resources Corp. in August 2019. Temas Resources Corp. was incorporated in 2018 and is headquartered in Vancouver, Canada.",,https://temasresources.com,Canada,Vancouver,BC,0.095,10284716,108260171,91126916,186593,95624,1.28,59681,,0.77489,-36.12481,0.0,3388888,0,0.37175,0.048070002,,0.0,0.0,0.0,-5952768.0,-5933713.0,-5996491.0,2025,,6712173.0,,12249247.0,4704835.0,96406.0,10559603.0,2025,-685308.0,11015801.0,-5606450.0,-6291758.0,,2025,ok,,2026-09-02T10:31:32
TKM,TKM.AX,Trek Metals Limited,ASX,EQUITY,AUD,AUD,Basic Materials,Other Industrial Metals & Mining,other-industrial-metals-mining,"Trek Metals Limited, together with its subsidiaries, explores and evaluates mineral properties in Australia. It explores for gold, manganese, lithium, copper, nickel, base metals, uranium, and rare earth element deposits. The company was formerly known as Zambezi Resources Limited and changed its name to Trek Metals Limited in January 2017. Trek Metals Limited was incorporated in 2007 and is based in Subiaco, Australia.",,https://trekmetals.com.au,Australia,Subiaco,WA,0.058,42408080,731173800,520550146,1874881,1093776,1.619,,-2667196,0.0,0.0,0.0,14507339,39532,0.27798,0.0,,,,,-8314754.0,-6622474.0,-8403415.0,2026,,8277592.0,8302360.0,24736276.0,14496339.0,39532.0,24304657.0,2026,-4295316.0,18486223.0,,-5319886.0,,2026,ok,,2026-09-02T10:31:35
TLG,TLG.AX,Talga Group Ltd,ASX,EQUITY,AUD,AUD,Basic Materials,Other Industrial Metals & Mining,other-industrial-metals-mining,"Talga Group Ltd provides natural graphite battery anode materials in Australia, Sweden, Germany, and the United Kingdom. It operates through Graphite Exploration; Graphite Development; and Research and Development segments. The company explores for lithium, copper, anode, and graphite deposits. It also offers battery materials, such as active anode products under the Talnode brand, as well as advanced materials, including graphitic materials under the Talphite brand. In addition, the company provides graphene additives under the Talga's Talphene brand. Its products are used in the electric vehicle, consumer electronic, energy storage systems, consumer goods, and industrial application markets. The company was formerly known as Talga Resources Limited and changed its name to Talga Group Ltd in November 2020. Talga Group Ltd was incorporated in 2009 and is headquartered in West Perth, Australia.",,https://www.talgagroup.com,Australia,West Perth,WA,0.3,153278048,510926796,455480425,539411,236087,1.157,151883,-20671852,0.0,-123.891174,0.0,28378110,733568,0.09297,0.04022,1,225405.0,,225405.0,-36338221.0,-39646785.0,-38256533.0,2024,10122247.0,29936650.0,38235515.0,46096007.0,14095223.0,1441018.0,40228747.0,2024,-10447000.0,19000000.0,,-42113498.0,,2024,ok,,2026-09-02T10:31:38
TLM,TLM.AX,Talisman Mining Limited,ASX,EQUITY,AUD,AUD,Basic Materials,Other Precious Metals & Mining,other-precious-metals-mining,"Talisman Mining Limited engages in the exploration and development of mineral properties in Australia. The company explores for base metals and other minerals, including copper, gold, and nickel. It owns 100% interest in Yarindury Project located in north-east of Dubbo; Lachlan copper-gold project which covers an area of 6,000 square kilometers located in New South Wales; and Mabel Creek IOCG project covering an area of 1,048 square kilometers located in South Australia. The company was incorporated in 1997 and is based in West Perth, Australia.",,https://www.talismanmining.com.au,Australia,West Perth,WA,0.07,13182425,188320349,125076726,178699,30136,0.991,6149000,-2697000,1.0,-0.18281001,-0.44592997,4031000,40000,0.33583,0.0,,,,,-2712000.0,-12164000.0,-2916000.0,2024,,955000.0,1902000.0,9676000.0,4932000.0,139000.0,7963000.0,2024,-97000.0,156000.0,,-4077000.0,,2024,ok,,2026-09-02T10:31:40
TMB,TMB.AX,Tambourah Metals Limited,ASX,EQUITY,AUD,AUD,Basic Materials,Gold,gold,"Tambourah Metals Limited engages in the exploration, evaluation, and development of mineral properties in Australia. It explores for gold, lithium, nickel, and copper deposits, as well as platinum group elements. The company's flagship property is the Tambourah project that consists of exploration license, four prospecting licenses, and two mining lease applications covering an area of 1,520 hectares located in the Eastern Pilbara region of Western Australia. Tambourah Metals Limited was incorporated in 2020 and is based in Perth, Australia.",,https://tambourahmetals.com.au,Australia,Perth,WA,0.035,8811321,251752009,184232050,456657,205104,2.04,328031,-1110452,1.0,-32.15501,0.0,5960108,119525,0.29418,0.11683,,,,,-2229741.0,-2439945.0,-2308863.0,2024,,5873570.0,5949563.0,8447425.0,2374979.0,89912.0,8144195.0,2024,-2371050.0,3106993.0,,-3115850.0,,2024,ok,,2026-09-02T10:31:42
TMS,TMS.AX,Tennant Minerals Limited,ASX,EQUITY,AUD,AUD,Basic Materials,Other Industrial Metals & Mining,other-industrial-metals-mining,"Tennant Minerals Limited engages in the exploration, development, and mining of minerals. The company explore for gold and copper deposits. Its key assets include the 100% owned Barkly Project that comprises two exploration licenses; and the Babbler project located in the Northern Territory, Australia. The company was formerly known as Tennant Minerals NL and changed its name to Tennant Minerals Limited in December 2021. Tennant Minerals Limited was incorporated in 1999 and is headquartered in West Perth, Australia.",,https://tennantminerals.com,Australia,West Perth,WA,0.009,13469936,1496659634,708987668,3673505,5932478,1.659,,,0.0,0.0,0.0,548328,0,0.24715,0.0,,,,,-3920541.0,-3956677.0,-3920963.0,2024,,,,4682501.0,4469749.0,,4179198.0,2024,,4938708.0,,-4509290.0,,2024,ok,,2026-09-02T10:31:45
TMX,TMX.AX,Terrain Minerals Limited,ASX,EQUITY,AUD,AUD,Basic Materials,Gold,gold,"Terrain Minerals Limited engages in the discovery and exploration of gold, gallium, base metals, rare earth elements targets, copper, lithium, and other mineral resources in Australia. The company holds 100% interests in the Lort River project covering an area of 81 square kilometers located in Western Australia. It also owns 100% interest in the Smokebush gold exploration project located to the east northeast of the Perenjori township and west of Paynes Find within the Yalgoo Mineral Field. Terrain Minerals Limited was incorporated in 2005 and is based in West Perth, Australia.",,https://terrainminerals.com.au,Australia,West Perth,WA,0.003,10007485,3335828173,2021359074,2290732,2353509,0.33,-4127,-1230789,0.0,-511.75574,0.0,2039663,0,0.35033,0.0,,,,,-1290923.0,-1290936.0,-1515601.0,2024,,3207111.0,3207111.0,3678477.0,449506.0,950.0,3519536.0,2024,-1864204.0,1568214.0,,-2546924.0,,2024,ok,,2026-09-02T10:31:48
TNC,TNC.AX,True North Copper Limited,ASX,EQUITY,AUD,AUD,Basic Materials,Copper,copper,"True North Copper Limited engages in mineral exploration and development activities in Australia. It primarily explores copper, cobalt, gold, and silver deposits. The company holds 100% interest in the Cloncurry project located near Cloncurry, Northwest Queensland; and Mount Oxide project located in North-West Queensland. The company was incorporated in 2006 and is based in Cloncurry, Australia.",,https://truenorthcopper.com.au,Australia,Cloncurry,QLD,0.36,67852256,188478484,71955989,308023,806119,0.687,665000,-20676000,0.0,-40.18496,0.0,12814000,0,0.36893,0.1013,2,2386400.0,1888812.0,497588.0,-21530538.0,-22223383.0,-25058522.0,2024,47264.0,78887430.0,79244942.0,111694223.0,15481426.0,25790366.0,45451052.0,2024,-10924342.0,35918808.0,,-34819746.0,,2024,ok,,2026-09-02T10:31:50
TOK,TOK.AX,Tolu Minerals Limited,ASX,EQUITY,AUD,AUD,Basic Materials,Other Precious Metals & Mining,other-precious-metals-mining,"Tolu Minerals Limited engages in the exploration and development of mineral properties in Papua New Guinea. The company primarily explores for gold, silver, and copper deposits. It primarily holds interest in the Tolukuma Gold Mine project that covers an area of approximately 1,800 square kilometers located in the Goilala District of Central Province of Papua New Guinea. Tolu Minerals Limited was incorporated in 2020 and is based in Kangaroo Point, Australia.",224,https://www.toluminerals.com,Australia,Kangaroo Point,QLD,1.247,350389440,280985931,169497807,131284,75622,-0.815,406623,-14402712,1.0,-20.07197,0.0,51192624,6969625,0.35498002,0.38798,,,,,-14003428.0,-14650899.0,-14931841.0,2025,808215.0,71920945.0,72560487.0,127975747.0,51192624.0,6969625.0,115193473.0,2025,-41141969.0,88643143.0,,-50379815.0,,2025,ok,,2026-09-02T10:31:53
TON,TON.AX,Triton Minerals Limited,ASX,EQUITY,AUD,AUD,Basic Materials,Other Industrial Metals & Mining,other-industrial-metals-mining,"Triton Minerals Limited primarily engages in the exploration, evaluation, and development of mineral properties in Mozambique. It primarily explores graphite, copper, and gold. The company's flagship project is the Ancuabe Graphite Project located in Mozambique. Triton Minerals Limited was founded in 2006 and is based in Perth, Australia.",,https://www.tritonminerals.com,Australia,Perth,WA,0.003,4705166,1568388734,780477286,1577363,3126141,0.545,,-2699456,0.0,0.0,0.0,4459413,77515,0.50237,0.0,,66312.0,,66312.0,-2853390.0,-2827847.0,-3577567.0,2022,,78591.0,444859.0,29790629.0,4420425.0,77515.0,17412345.0,2025,-1763692.0,2301.0,,-4743601.0,,2025,ok,,2026-09-02T10:31:56
TOR,TOR.AX,Torque Metals Limited,ASX,EQUITY,AUD,AUD,Basic Materials,Gold,gold,"Torque Metals Limited engages in exploration and evaluation of minerals properties in Australia. It explores for gold, lithium, nickel, and cobalt deposits. Its flagship project is the 100% owned Paris Gold project that covers an area of approximately 1,200 square kilometers located on the Boulder-Lefroy Fault in Western Australia. Torque Metals Limited was incorporated in 2017 and is based in Perth, Australia.",,https://www.torquemetals.com,Australia,Perth,WA,0.232,144983408,624928499,479515438,1281669,2147998,0.02,116538,-6085184,1.0,-10.21642,0.0,16149728,422096,0.24681,0.10329001,2,,,,-4577137.0,-5096580.0,-4681330.0,2024,,20457300.0,20619674.0,22777285.0,2261817.0,19060.0,20110149.0,2024,-5929244.0,8641051.0,,-7903625.0,,2024,ok,,2026-09-02T10:31:59
TR2,TR2.AX,Tali Resources Ltd,ASX,EQUITY,AUD,AUD,Basic Materials,Other Precious Metals & Mining,other-precious-metals-mining,"Tali Resources Ltd operates as a mineral exploration and development company in Western Australia. It primarily explores sediment-hosted copper, iron oxide copper-gold, REE-Nb carbonatites, and orogenic-style gold, as well as critical and precious metals. The company's flagship project is the 100% owned West Arunta Project, covering an area of approximately 4,000 square kilometers, located in Western Australia. The company was formerly known as Tali Resources WA Pty Ltd. Tali Resources Ltd was incorporated in 2023 and is based in Subiaco, Australia.",,https://taliresources.com.au,Australia,Subiaco,WA,0.38,44650000,117500000,23503525,38128,63764,,,,0.0,0.0,0.0,4194694,0,0.66468,0.00445,,,,,-511786.0,,,2025,,,,,,,,,-665745.0,,,-720635.0,,2025,ok,,2026-09-02T10:32:01
TR8,TR8.AX,Tarrina Resources Limited,ASX,EQUITY,AUD,AUD,Consumer Defensive,Packaged Foods,packaged-foods,"Tarrina Resources Limited engages in the exploration of minerals in Australia. It explores gold, copper, cobalt, silver, and rare earth element deposits. The company's flagship project is the Christmas Gift Gold Project located in New South Wales and the Yongala Project and the Walparuta Project situated in South Australia. The company was formerly known as My Foodie Box Limited and changed its name to Tarrina Resources Limited in October 2025. Tarrina Resources Limited was incorporated in 2017 and is based in Victoria Park, Australia.",,https://www.tarrina.com.au,Australia,Victoria Park,WA,0.017,7243406,426082708,225214537,697019,1392797,1.113,,,0.0,0.0,0.0,2227114,0,0.61411,0.0,,5455413.0,3370470.0,2084943.0,-3029642.0,-2872566.0,-3626361.0,2023,,2564265.0,2564265.0,4868856.0,2227114.0,813473.0,4706737.0,2026,-80708.0,5000006.0,,-2540717.0,,2024,ok,,2026-09-02T10:32:03
TRE,TRE.AX,Toubani Resources Limited,ASX,EQUITY,AUD,AUD,Basic Materials,Gold,gold,"Toubani Resources Limited engages in the exploration and development of properties in West Africa. The company primarily explores for gold deposits. It focuses on the Kobada Gold project located in Southern Mali. The company was incorporated in 2002 and is based in West Perth, Australia.",,https://www.toubaniresources.com,Australia,West Perth,WA,0.31,332881280,1073810600,269606534,780193,1078101,1.266,775244,-21496752,1.0,-23.98148,0.0,116981792,0,0.03266,0.71370006,1,0.0,19544.0,-19544.0,-22271997.0,-22432082.0,-22864048.0,2022,6753038.0,8262645.0,8637496.0,126610681.0,116981790.0,,117688200.0,2025,-3781026.0,137123327.0,-3431577.0,-19189640.0,,2025,ok,,2026-09-02T10:32:06
TRM,TRM.AX,Truscott Mining Corporation Limited,ASX,EQUITY,AUD,AUD,Basic Materials,Gold,gold,"Truscott Mining Corporation Limited engages in the exploration and development of gold and base metal properties in Australia. The company holds a 100% interest in the Westminster project, covering an area of 5.96 square kilometers; the North Tennant Creek project, comprising an area of 77.71 square kilometers; and the Barkly project, covering an area of 52 blocks in the Northern Territory. Truscott Mining Corporation Limited was incorporated in 2005 and is based in Nedlands, Australia.",1,https://www.truscottmining.com.au,Australia,Nedlands,WA,0.046,10101074,219588560,56646700,22801,16701,0.49,,-210692,0.0,0.0,0.0,1402139,390500,0.74129,0.0,,,,,-524233.0,-524680.0,-523733.0,2024,1.0,2760111.0,2828795.0,2946810.0,60004.0,450500.0,1024174.0,2022,-158366.0,325028.0,,-325415.0,,2024,ok,,2026-09-02T10:32:09
TSK,TSK.AX,Tusker Minerals Ltd,ASX,EQUITY,AUD,AUD,Basic Materials,Other Industrial Metals & Mining,other-industrial-metals-mining,"Tusker Minerals Ltd engages in the exploration and evaluation of mineral and metal projects in Southern Malawi. The company primarily explores for heavy rare earth elements, niobium, copper, and nickel. It holds 100% interests in the Machinga, Salambidwe, Ngala Hill, Tundulu, Mzimba, and the Karonga projects located in Malawi. Tusker Minerals Ltd was formerly known as DY6 Metals Limited. The company was incorporated in 2022 and is based in Perth, Australia.",,https://tuskerminerals.com,Australia,Perth,WA,0.08,8940754,111759425,41288379,91623,5453,3.771,30813,-3330490,-2.5995498,-40.55658,0.0,2138806,0,0.5794,0.0,,,,,-1621150.0,-1635203.0,-1536145.0,2024,,4829947.0,4829947.0,7506924.0,2586813.0,,7247265.0,2024,-2368819.0,7705353.0,,-3769131.0,,2024,ok,,2026-09-02T10:32:11
TSL,TSL.AX,Titanium Sands Limited,ASX,EQUITY,AUD,AUD,Basic Materials,Other Industrial Metals & Mining,other-industrial-metals-mining,"Titanium Sands Limited engages in the exploration and development of mineral sands project in Sri Lanka. It holds 100% interest in the Mannar Island Heavy Mineral Sands project that consists of five exploration licenses covering an area of approximately 140 square kilometers located in northwest Sri Lanka. The company was formerly known as Windimurra Vanadium Limited and changed its name to Titanium Sands Limited in December 2016. The company was incorporated in 1985 and is based in Perth, Australia.",,https://www.titaniumsands.com.au,Australia,Perth,WA,0.007,16413231,2344747190,864414499,104582,33548,0.215,,-1013321,0.0,0.0,0.0,240481,0,0.53783,0.0,,1101.0,,1101.0,-1388283.0,-1396303.0,-2155055.0,2022,,21564481.0,21564481.0,23345004.0,1172085.0,250000.0,23210829.0,2024,-1026357.0,3921294.0,,-2465319.0,,2024,ok,,2026-09-02T10:32:14
TSO,TSO.AX,Tesoro Gold Ltd,ASX,EQUITY,AUD,AUD,Basic Materials,Gold,gold,"Tesoro Gold Ltd engages in the acquisition, exploration, and development of resource projects in Chile. The company primarily explores for gold deposits. It holds 95.4% interest in the El Zorro Gold project covering an area of approximately 570 square kilometers located in northern Chile. The company was formerly known as Tesoro Resources Limited and changed its name to Tesoro Gold Limited in April 2022. The company was founded in 2017 and is based in Fremantle, Australia.",,https://tesorogold.com.au,Australia,Fremantle,WA,0.97,174344080,179736167,134070077,84148,171004,1.491,320366,-4045626,1.0,-10.14123,0.0,30225804,220194,0.27587,0.3402,3,,,,-5015721.0,-5421587.0,-4977926.0,2025,,55788594.0,55788594.0,87640670.0,22171000.0,220194.0,83815803.0,2025,-13653899.0,45270044.0,,-16510890.0,,2025,ok,,2026-09-02T10:32:16
TSR,TSR.AX,Turnstone Resources Ltd,ASX,EQUITY,AUD,AUD,Basic Materials,Other Industrial Metals & Mining,other-industrial-metals-mining,"Turnstone Resources Ltd engages in the development of potash mining projects in Germany. The company primarily explores potash deposits. Its flagship project Ohmgebirge north-western extent of the South Harz sedimentary basin approximately 30km west of Sondershausen and 65km northwest of the state capital, Erfurt in Germany. The company was formerly known as South Harz Potash Limited and changed its name to Turnstone Resources Ltd in March 2026. Turnstone Resources Ltd is headquartered in West Perth, Australia.",,https://turnstoneresources.com,Australia,West Perth,WA,0.018,3055618,169756577,,112399,78215,,,,0.0,0.0,0.0,471666,0,0.21938999,0.0,,,,,-9080072.0,-9120328.0,-9151019.0,2024,,2071970.0,2071970.0,2580789.0,253632.0,,485816.0,2024,-121584.0,5922892.0,,-8207008.0,,2023,ok,,2026-09-02T10:32:19
TTM,TTM.AX,Titan Minerals Limited,ASX,EQUITY,AUD,USD,Basic Materials,Gold,gold,"Titan Minerals Limited engages in the exploration and development of mineral properties in Ecuador. It explores for gold, silver, and copper deposits. The company's flagship project is the 100% held Dynasty Gold Project that consists of five concessions covering an area of 139 square kilometers located in the Loja Province in southern Ecuador. Titan Minerals Limited is based in Subiaco, Australia.",,https://www.titanminerals.com.au,Australia,Subiaco,WA,0.62,178570256,288016545,228849953,389025,342210,0.914,,-3962000,0.0,0.0,0.0,12138000,0,0.20128,0.25948,2,,,,-3985000.0,-4011000.0,-4110000.0,2025,,60625000.0,60906000.0,73082999.9999,12138000.0,1303000.0,68099000.0,2025,-4793000.0,12465000.0,,-2698000.0,,2024,ok,,2026-09-02T10:32:22
TTT,TTT.AX,Titomic Limited,ASX,EQUITY,AUD,AUD,Industrials,Specialty Industrial Machinery,specialty-industrial-machinery,"Titomic Limited offers manufacturing and technology solutions for high-performance metal additive manufacturing in Australia, the United States, and Europe. It provides cold spray additive manufacturing machines and manufactured products. In addition, the company provides metal coating and repair services. It serves defense, aerospace, oil and gas/maritime, MRO/aviation, transportation, and systems/leasing industries. The company was incorporated in 2014 and is headquartered in Huntsville, Alabama.",83,https://titomic.com,United States,Huntsville,AL,0.13,208978944,1607530316,1169945149,1710143,397277,0.569,10541300,-33628424,-0.32393003,-2.41916,0.0,8926447,12188692,0.23476,0.12442,2,8114049.0,8297785.0,-183736.0,-19406917.0,-21107473.0,-19886876.0,2025,4466339.0,20097562.0,27210470.0,35100038.0,8926447.0,12188692.0,14815047.0,2025,-14903075.0,30109706.0,,-29625290.0,,2025,ok,,2026-09-02T10:32:24
TVN,TVN.AX,Tivan Limited,ASX,EQUITY,AUD,AUD,Basic Materials,Other Industrial Metals & Mining,other-industrial-metals-mining,"Tivan Limited, together with its subsidiaries, engages in the exploration, evaluation, and development of mineral properties in Australia. It explores for critical mineral, fluorite, vanadium, titanium, silver, lead, copper, tungsten, and lithium deposits. The company focuses on the 100% owned Speewah fluorite and vanadium projects located in the Kimberley region of north-east Western Australia. It also develops and commercializes TIVAN+ critical minerals processing technology for the recovery of vanadium. The company holds 30% interest in exploration licence EL22349 and 100% interest in mining leases of ML33904, ML79, ML3905, ML33903 and ML86. The company was formerly known as TNG Limited and changed its name to Tivan Limited in January 2023. Tivan Limited was incorporated in 1970 and is headquartered in Darwin, Australia.",,https://tivan.com.au,Australia,Darwin,NT,0.235,548995264,2336150015,1583310607,2951296,2528064,1.344,-9000,-9062000,0.0,1017.6666,0.0,11923000,535000,0.2386,0.10807,,,,,-3550000.0,-7309000.0,-4907000.0,2025,,35966000.0,36178000.0,43745000.0,6455000.0,666000.0,38789000.0,2025,-8544000.0,26718000.0,,-13285000.0,,2025,ok,,2026-09-02T10:32:27
TXR,TXR.AX,TalonX Resources Limited,ASX,EQUITY,AUD,AUD,Basic Materials,Other Industrial Metals & Mining,other-industrial-metals-mining,"TalonX Resources Limited engages in the exploration and development of mineral resource properties. The company explores for zinc, lead, copper, silver, gallium, germanium, vanadium, and vanadium pentoxide. It holds 100% interest in the Kihabe  Nxuu Zinc/Lead/Silver/Germanium and Vanadium Project covering an area of approximately 1,000 square kilometers located in Western Ngamiland, Botswana. The company was formerly known as Mount Burgess Mining N.L. and changed its name to TalonX Resources Limited in January 2026. The company was incorporated in 1983 and is based in West Perth, Australia.",,https://talonx.au,Australia,West Perth,WA,0.007,6523978,931996901,368687272,695706,906878,0.521,150,,1.0,-18055.146,1668.62,619035,200000,0.56374,0.0,,,,,-395141.0,-400122.0,-464813.0,2024,,3259757.0,3997701.0,3638299.0,367265.0,1617318.0,-1111064.0,2024,-188691.0,939903.0,,-472945.0,,2024,ok,,2026-09-02T10:32:29
TYX,TYX.AX,Tyranna Resources Limited,ASX,EQUITY,AUD,AUD,Basic Materials,Gold,gold,"Tyranna Resources Limited explores for and develops mineral properties in Australia and internationally. The company discovers and develops lithium deposits, and battery and critical minerals. It holds interests in Namibe Lithium Project covering 200 square kilometres located in Angola. The company was formerly known as IronClad Mining Limited and changed its name to Tyranna Resources Limited in July 2015. Tyranna Resources Limited was incorporated in 2007 and is based in Perth, Australia.",,https://www.tyrannaresources.com,Australia,Perth,WA,0.002,7832300,3916149831,1706469150,2019562,2393266,-0.436,86852,-3157884,1.0,-57.709904,0.0,1744163,0,0.45671,0.0,,306.0,,306.0,-42873036.0,-42909949.0,-42471160.0,2023,,379117.0,379117.0,8103746.0,7465698.0,,-1689166.0,2024,-412882.0,14510000.0,,-5929339.0,,2024,ok,,2026-09-02T10:32:32
TZN,TZN.AX,Terramin Australia Limited,ASX,EQUITY,AUD,AUD,Basic Materials,Other Industrial Metals & Mining,other-industrial-metals-mining,"Terramin Australia Limited, together with its subsidiaries, engages in the exploration, evaluation, and development of precious and base metals projects in Australia and Northern Africa. The company primarily explores for zinc, lead, gold, and copper deposits. It holds 49% interests in the Tala Hamza zinc project located in the Mediterranean coast of Algeria. The company was incorporated in 1993 and is based in Strathalbyn, Australia.",,https://www.terramin.com.au,Australia,Strathalbyn,SA,0.025,59691592,2387663574,977748234,197446,6799,0.116,127000,-3449000,-0.15748,-28.08065,0.0,72000,52435000,0.5905,0.0,,126000.0,147000.0,-21000.0,-3946000.0,-3711000.0,-8915000.0,2025,,11962000.0,67381000.0,64343000.0,72000.0,52435000.0,4231000.0,2025,-71000.0,-96000.0,,-3017000.0,,2025,ok,,2026-09-02T10:32:34
UM1,UM1.AX,Unity Metals Limited,ASX,EQUITY,AUD,AUD,Basic Materials,Gold,gold,"Unity Metals Limited engages in the discovery, exploration, and development of gold and base metals in Eastern Cambodia and Northern Thailand. The company explores gold and copper ores. Its flagship project is Ngot Gold Project, which is comprised of one Licence covering an area of 112.4-kilometer square located in Cambodia. The company was incorporated in 2024 and is based in West Perth, Australia.",,https://www.unitymetals.com.au,Australia,West Perth,WA,0.205,34816952,169838802,129211662,282964,213161,,,-2286446,0.0,0.0,0.0,8686808,0,0.44125998,0.10893,,,,,-2724702.0,-2758965.0,-2713329.0,2025,,44526.0,122606.0,8993317.0,8686808.0,,7461276.0,2025,,9541652.0,,-2353455.0,,2025,ok,,2026-09-02T10:32:37
USC,USC.AX,US1 Critical Minerals Limited,ASX,EQUITY,AUD,AUD,Basic Materials,Other Industrial Metals & Mining,other-industrial-metals-mining,"US1 Critical Minerals Limited engages in the acquisition, exploration, evaluation, development, and exploitation of mineral tenements within Tanzania. It primarily explores for uranium deposits. The company holds 100% interest in the Mkuju Project covering an area of approximately 725 square kilometers; the Foxy Project that covers an area of approximately 299 square kilometers; and the Eland Project covering an area of approximately 294 square kilometers. The company was formerly known as Gladiator Resources Limited and changed its name to US1 Critical Minerals Limited in November 2025. US1 Critical Minerals Limited was incorporated in 2002 and is headquartered in Sydney, Australia.",,https://us1cm.com,Australia,Sydney,NSW,0.025,25346486,1013859383,615757095,1030064,902188,2.135,-155073,-1900642,0.0,-136.0629,0.0,1838291,0,0.38953,0.0,,15243.0,,15243.0,-1732031.0,-1732031.0,-2378107.0,2024,,1381050.0,1387742.0,5068811.0,3472659.0,,4943638.0,2024,-944360.0,5214635.0,,-1708368.0,,2024,ok,,2026-09-02T10:32:40
USL,USL.AX,Unico Silver Limited,ASX,EQUITY,AUD,AUD,Basic Materials,Silver,silver,"Unico Silver Limited engages in the exploration and evaluation of mineral deposits in Australia and Argentina. The company explores for gold, and silver deposits. Its flagship property includes the Cerro Leon project located in the Santa Cruz province, Argentina. The company was formerly known as E2 Metals Limited and changed its name to Unico Silver Limited in March 2023. Unico Silver Limited was incorporated in 2005 and is based in Melbourne, Australia.",,https://unicosilver.com.au,Australia,Melbourne,VIC,0.81,520268416,642306714,490077929,2929945,2986324,0.577,,-28162262,0.0,0.0,0.0,66729488,0,0.26017,0.10298,2,,,,-2442876.0,-3560910.0,-2831005.0,2024,,1440758.0,2167678.0,6722811.0,5051917.0,171226.0,4063080.0,2024,-4736.0,6000000.0,,-2584425.0,,2022,ok,,2026-09-02T10:32:43
USM,USM.AX,Union Star Metals Ltd,ASX,EQUITY,AUD,AUD,Basic Materials,Gold,gold,"Union Star Metals Ltd, a mining and exploration company, engages in the exploration and exploitation of mineral properties in Australia, Brazil, and the United States. It primarily explores for gold, gold-silver, and rare earth elements. The company was formerly known as PVW Resources Limited and changed its name to Union Star Metals Ltd in March 2026. The company was incorporated in 2007 and is based in Perth, Australia.",1,https://www.unionstarmetals.com.au,Australia,Perth,WA,0.012,6905820,575485087,216140745,247313,90287,1.633,148200,-2342602,1.0,-10.45162,0.0,1476837,29644,0.42223,0.0,,,,,-1737898.0,-2013667.0,-1832134.0,2024,,84911.0,174902.0,2134389.0,1901166.0,59418.0,1461703.0,2024,-23895.0,9503420.0,,-1910657.0,,2023,ok,,2026-09-02T10:32:45
VAL,VAL.AX,Valiant Gold Limited,ASX,EQUITY,AUD,AUD,Basic Materials,Gold,gold,"Valiant Gold Limited operates as a gold exploration and development company in Australia. The company holds 100% interest in the Reedy Project located in the heart of the Murchison Goldfield in Western Australia; and the Comet Project, a brownfields gold asset located approximately 25km southeast of Cue in Western Australia. Valiant Gold Limited was incorporated in 2025 and is based in Perth, Australia.",,https://www.valiantgold.com.au,Australia,Perth,WA,0.255,,,,1173770,1783304,,,,0.0,0.0,0.0,995754,1000000,0.46730998,0.12519,,,,,,,,,,,,,,,,,,,,,,,ok,,2026-09-02T10:32:48
VAN,VAN.AX,Vantage Metals Limited,ASX,EQUITY,AUD,AUD,Basic Materials,Other Precious Metals & Mining,other-precious-metals-mining,"Vantage Metals Limited engages in the exploration and development of mineral resource projects in Australia. The company explores for zinc, lithium, copper, gold, silver, nickel, and lead deposits. Its flagship project is the Toro-Malambo-Tambo project covering 32,000 hectares located in San Juan province in Argentina. The company was formerly known as Belararox Limited and changed its name to Vantage Metals Limited in July 2026. Vantage Metals Limited was incorporated in 2021 and is based in Perth, Australia.",,https://vantagemetals.com.au,Australia,Perth,WA,0.038,14209930,373945524,177351834,348226,106374,-1.351,,-4748594,0.0,0.0,0.0,7120741,0,0.18084,0.0026699998,,,,,-3246390.0,-3280683.0,-3565418.0,2024,,15085312.0,15085312.0,17288105.0,1630835.0,,13210916.0,2024,-2747587.0,4000601.0,,-5048413.0,,2024,ok,,2026-09-02T10:32:50
VAU,VAU.AX,Vault Minerals Limited,ASX,EQUITY,AUD,AUD,Basic Materials,Gold,gold,"Vault Minerals Limited engages in the exploration, and mine development and operations in Australia and Canada. The company operates through Leonora Operations (King of the Hills and Darlot operations), Mount Monger Operation, Deflector Region (Deflector and Rothsay operations), and Sugar Zone Operation segments. It is involved in sale of gold and gold and copper concentrate. The company was formerly known as Red 5 Limited and changed its name to Vault Minerals Limited in September 2024. Vault Minerals Limited was incorporated in 1995 and is based in South Perth, Australia.",,https://vaultminerals.com,Australia,South Perth,WA,6.545,6771233792,1034565895,978337239,6986269,7233351,1.026,1926606976,952182016,0.36605,0.3975,0.14451,825784000,74347000,0.01991,0.55496,6,1926607000.0,873299000.0,1053308000.0,1017404000.0,642037000.0,278409000.0,2026,110524000.0,1365407000.0,2423518000.0,2668346000.0,825784000.0,74347000.0,2138344000.0,2026,-364465000.0,158904000.0,,523494000.0,,2026,ok,,2026-09-02T10:32:52
VBX,VBX.AX,VBX Limited,ASX,EQUITY,AUD,AUD,Basic Materials,Aluminum,aluminum,"VBX Limited engages in the exploration and evaluation of mineral resources in Australia. The company's flagship project is the Wuudagu Bauxite Project located in the north of Western Australia. VBX Limited was incorporated in 2013 and is headquartered in Leederville, Australia.",,https://www.vbx.limited,Australia,Leederville,WA,0.78,64822192,83105375,25420272,104071,187740,,110305,-9634498,1.0,-76.292145,0.0,1592817,211347,1.2280201,0.18103,1,,,,-2413435.0,-3426053.0,-3464241.0,2025,,,,0.0,,,0.0,2024,,400000.0,,-2356547.0,,2023,ok,,2026-09-02T10:32:55
VHM,VHM.AX,VHM Limited,ASX,EQUITY,AUD,AUD,Basic Materials,Other Industrial Metals & Mining,other-industrial-metals-mining,"VHM Limited engages in the exploration and development of mineral properties in Australia. It primarily explores for rare earths and zircon-titania deposits, as well as mineral sands. The company's flagship project is the Goschen project located in the Loddon-Mallee Region of Victoria. The company was formerly known as VHM Exploration Limited and changed its name to VHM Limited in November 2018. VHM Limited was incorporated in 2014 and is headquartered in Melbourne, Australia.",,https://www.vhmltd.com.au,Australia,Melbourne,VIC,0.2,62354380,311771899,195611747,701509,565841,1.655,5000,-5965000,0.0,-1190.2,0.0,13208000,509000,0.42692003,0.0021,,,,,-5034000.0,-5601000.0,-6429000.0,2025,,65898000.0,67213000.0,74452000.0,8099000.0,1633000.0,64141000.0,2025,-4588000.0,13535000.0,,-9780000.0,,2025,ok,,2026-09-02T10:32:58
VKA,VKA.AX,Viking Mines Limited,ASX,EQUITY,AUD,AUD,Basic Materials,Gold,gold,"Viking Mines Limited operates as a mineral exploration company in Australia. The company explores for vanadium, nickel, copper, cobalt, and gold deposits. It holds 100% in the Canegrass Battery Minerals project that covers 620 kilometers located in the Murchison region, north-east Perth, Western Australia; and the Riverina East Gold project located in Eastern Goldfields of Western Australia. The company was formerly known as Viking Ashanti Limited. The company was incorporated in 2007 and is based in West Perth, Australia.",,https://www.vikingmines.com,Australia,West Perth,WA,0.009,22613786,2512643185,1318791941,5230576,5131269,1.938,503398,-3658315,1.0,-16.62413,0.0,2868729,106197,0.26949,0.0,,23750.0,,23750.0,-3042556.0,-3545854.0,-3122758.0,2025,,5657901.0,5657901.0,8428811.0,2628749.0,135813.0,8057835.0,2025,-3736.0,2765613.0,,-3203204.0,,2023,ok,,2026-09-02T10:33:00
VMC,VMC.AX,Venus Metals Corporation Limited,ASX,EQUITY,AUD,AUD,Basic Materials,Other Industrial Metals & Mining,other-industrial-metals-mining,"Venus Metals Corporation Limited engages in the exploration of mineral tenements and development projects in Western Australia. It explores for gold, base metals, vanadium-titanium, iron, and lithium deposits. The company was incorporated in 2006 and is based in Subiaco, Australia.",,https://www.venusmetals.com.au,Australia,Subiaco,WA,0.36,74259152,206275422,83081552,685515,1806601,0.365,475749,-4239635,1.0,-16.11532,0.0,67087976,30724,0.67001,0.08485,,,,,-4691186.0,-4742461.0,-3163115.0,2026,,140878.0,512506.0,67560157.0,48127974.0,30724.0,55056663.0,2026,-5441.0,446172.0,,-2675566.0,,2026,ok,,2026-09-02T10:33:02
VML,VML.AX,Vital Metals Limited,ASX,EQUITY,AUD,AUD,Basic Materials,Other Industrial Metals & Mining,other-industrial-metals-mining,"Vital Metals Limited engages in mineral exploration and development in Canada. The company explores for rare earth deposits. It owns 100% interest in the Nechalacho project located in Yellowknife, Northwest Territories. The company was incorporated in 2004 and is headquartered in Sydney, Australia.",,https://www.vitalmetals.com.au,Australia,Sydney,NSW,0.099,24540086,247879649,76423859,57964,69570,0.813,-377997,-2049210,0.0,-63.09004,0.0,10556815,690826,0.68794996,0.00213,,2654672.0,1831241.0,823431.0,-3378256.0,-3934333.0,2320099.0,2024,12825003.0,55758841.0,57390662.0,60517762.0,3532597.0,1247117.0,58080520.0,2022,-3889681.0,5889172.0,,-4462962.0,,2024,ok,,2026-09-02T10:33:05
VMM,VMM.AX,Viridis Mining and Minerals Limited,ASX,EQUITY,AUD,AUD,Basic Materials,Other Industrial Metals & Mining,other-industrial-metals-mining,"Viridis Mining and Minerals Limited engages in the acquisition, development, exploration, and evaluation of mineral properties in Australia, Canada, and Brazil. The company explores for gold, copper, nickel, copper, platinum, kaolin, and halloysite deposits, as well as rare earth elements. Its flagship project is the Colossus project covering an area of 228.62 square kilometres located in the State of Minas Gerais, Brazil. The company was formerly known as Aus Asia Minerals Limited and changed its name to Viridis Mining and Minerals Limited in July 2021. Viridis Mining and Minerals Limited was incorporated in 2006 and is headquartered in Perth, Australia.",,https://viridismining.com.au,Australia,Perth,WA,3.56,573526272,161102873,88258211,999686,1602861,0.553,500,-3632465,1.0,-3924.2842,0.0,15157626,222340,0.20107001,0.04895,3,,,,-8249538.0,-7000797.0,-8314168.0,2024,,16213876.0,16331352.0,21678166.0,5231182.0,293996.0,20698548.0,2024,-11044539.0,17124694.0,,-12875939.0,,2024,ok,,2026-09-02T10:33:08
VMS,VMS.AX,Venari Minerals NL,ASX,EQUITY,AUD,AUD,Basic Materials,Other Industrial Metals & Mining,other-industrial-metals-mining,"Venari Minerals NL engages in the exploration and development of mineral resource properties in Australia and the United States. The company explores for critical and precious metals, silver, lithium, and gold deposits. Its flagship project is Red Mountain Lithium Project located in Nevada. Venari Minerals NL was formerly known as Astute Metals NL and changed its name to Venari Minerals NL in September 2025. Venari Minerals NL was incorporated in 1988 and is based in Sydney, Australia.",,https://venariminerals.com,Australia,Sydney,NSW,0.078,10157678,130226637,56041640,37558,8974,-0.115,6849,-2362061,1.0,-559.12,0.0,2605209,61480,0.38627,0.0,,,,,-4086974.0,-4165439.0,-4015795.0,2024,,17953034.0,18339220.0,18845652.0,354618.0,37733.0,18142393.0,2024,-4662151.0,3267433.0,,-6014254.0,,2024,ok,,2026-09-02T10:33:10
VR8,VR8.AX,Vanadium Resources Limited,ASX,EQUITY,AUD,AUD,Basic Materials,Other Industrial Metals & Mining,other-industrial-metals-mining,"Vanadium Resources Limited, engages in the exploration and development of mineral projects in Australia and South Africa. The company explores for vanadium deposits. It holds 100% interest in the Quartz Bore project that consists of a single exploration permit covering an area of approximately 15 square kilometers located in the West Pilbara province, Western Australia; and 86.49% interests in the Steelpoortdrift Vanadium project that includes a single granted permit covering an area of approximately 24.6 square kilometers located in Limpopo province, South Africa. Vanadium Resources Limited was formerly known as Tando Resources Limited and changed its name to Vanadium Resources Limited in July 2019. Vanadium Resources Limited was incorporated in 2017 and is based in Victoria Park, Australia.",,https://vr8.global,Australia,Victoria Park,WA,0.018,12054901,669716705,339114969,533135,714068,0.268,55985,-807171,1.0,-1.59566,0.0,420719,180556,0.43808997,0.0,,,,,-2135627.0,-2147563.0,-1958979.0,2024,,28150357.0,28169380.0,30231418.0,1915118.0,165564.0,29825239.0,2024,-2199429.0,2998.0,,-3792124.0,,2024,ok,,2026-09-02T10:33:13
VRC,VRC.AX,Volt Resources Limited,ASX,EQUITY,AUD,AUD,Basic Materials,Other Industrial Metals & Mining,other-industrial-metals-mining,"Volt Resources Limited operates as critical minerals and battery material company. The company is involved in graphite production and natural graphite anode related business. Volt Resources Limited was formerly known as Mozambi Resources Limited and changed its name to Volt Resources Limited in April 2016. The company was incorporated in 2003 is headquartered in Perth, Australia.",,https://www.voltresources.com,Australia,Perth,WA,0.005,26230320,5246064114,3074422693,0,0,-0.25,92989,,1.0,-138.12024,0.0,830032,506413,0.41358003,0.0,,,,,-4028434.0,-3858384.0,-4116287.0,2024,,26052485.0,26212265.0,26185515.0,84634.0,184974.0,19846169.0,2024,-1597120.0,1479004.0,,-4200814.0,,2024,ok,,2026-09-02T10:33:15
VRL,VRL.AX,Verity Resources Limited,ASX,EQUITY,AUD,AUD,Basic Materials,Other Industrial Metals & Mining,other-industrial-metals-mining,"Verity Resources Limited, together with its subsidiaries, engages in the acquisition, exploration, and development of mineral resources in Australia and Botswana. The company primarily explores for nickel, copper, cobalt, gold, silver, platinum group, and rare earth elements. Its flagship project, the Monument gold project, comprises approximately 195 square kilometers of prospective tenure located in the Laverton Gold District in Western Australia. The company was formerly known as SI6 Metals Limited and changed its name to Verity Resources Limited in November 2024. Verity Resources Limited was incorporated in 2007 and is based in Kew East, Australia.",,https://www.verityresources.com.au,Australia,Kew East,VIC,0.014,6873481,490962913,274059795,494156,418934,0.648,31023,-4240954,1.0,-381.4703,0.0,860292,0,0.32583,0.028199999,,,,,-4452834.0,-4477573.0,-4487500.0,2024,,1409008.0,1409008.0,1751423.0,271116.0,,1461859.0,2024,-267170.0,4477802.0,,-4593877.0,,2024,ok,,2026-09-02T10:33:18
VRX,VRX.AX,VRX Silica Limited,ASX,EQUITY,AUD,AUD,Basic Materials,Other Industrial Metals & Mining,other-industrial-metals-mining,"VRX Silica Limited, together with its subsidiaries, engages in the exploration and development of mineral properties in Australia. The company explores for silica. It owns 100% interests in the Arrowsmith and the Muchea silica sand projects located to the north of Perth in Western Australia; and the Boyatup silica sand project located to the east of the port town of Esperance. The company was formerly known as Ventnor Resources Limited and changed its name to VRX Silica Limited in December 2018. VRX Silica Limited was incorporated in 2010 and is headquartered in West Perth, Australia.",,https://vrxsilica.com.au,Australia,West Perth,WA,0.038,37403684,984307483,577731374,470842,315823,1.414,129953,-3384704,1.0,-48.432632,0.0,3854550,199182,0.25854,0.13662,,,,,-4122473.0,-3982927.0,-4264285.0,2024,2482601.0,16471492.0,16916343.0,19171123.0,2313067.0,337222.0,18071601.0,2024,-1287681.0,5218243.0,,-4852484.0,,2024,ok,,2026-09-02T10:33:20
VSL,VSL.AX,Vulcan Steel Limited,ASX,EQUITY,AUD,NZD,Basic Materials,Steel,steel,"Vulcan Steel Limited, together with its subsidiaries, engages in the sale and distribution of steel and metal products in New Zealand and Australia. It operates through Steel and Metals segments. The company sells steel hollows; merchant products, including bars, beams, angles, channels, and unprocessed coils and plates; stainless steel products, such as fittings and sheets; and high-performance steel and metal products. It also offers processing services including cutting, drilling, tapping, countersinking, and folding of plates, as well as sheeting and slitting services. In addition, the company distributes aluminium sheets, plates, and coils. Further, it is involved in the fabrication and sale of roofing and roofing-related products. Vulcan Steel Limited was incorporated in 1995 and is based in Auckland, New Zealand.",1669,https://www.vulcan.co,New Zealand,Auckland,,5.62,823498304,146529960,77945147,121951,444299,1.042,1158807040,90696000,0.33247003,0.06102,0.01783,30701000,631364992,0.46668997,0.12214,5,1158807000.0,773544000.0,385263000.0,147537000.0,-35311000.0,20658000.0,2026,2990000.0,460999000.0,834265000.0,1132627000.0,30701000.0,631365000.0,299208000.0,2026,-26606000.0,93824000.0,,46398000.0,,2026,ok,,2026-09-02T10:33:23
VTA,VTA.AX,Vita Resources NL,ASX,EQUITY,AUD,AUD,Basic Materials,Other Precious Metals & Mining,other-precious-metals-mining,"Vita Resources NL engages in the exploration and evaluation of mineral properties in Australia, Chile, Sweden, and Canada. The company explores for copper, gold, and rare earth elements. It holds 100% interest in the Battery Metals Projects; and Morrissey project located in the western Australia. It holds ICE project located in Yukon, Canada; Ninnis project situated in Northern Goldfields in Western Australia; Gyttorp located in the Bergslagen district of Sweden; and Harley and Mariner projects. Vita Resources NL was formerly known as Bastion Minerals Limited and changed its name to Vita Resources NL in January 2026. Vita Resources NL was incorporated in 2010 and is based in Wembley, Australia.",,https://vitaresources.au,Australia,Wembley,WA,0.019,1819126,95743520,47036976,195830,214702,0.745,34010,-1063576,1.0,156.79045,0.0,310283,235414,0.38639,0.0,,,,,-1254053.0,-1339993.0,-1368955.0,2025,,2993789.0,2993789.0,3321584.0,310283.0,235414.0,2541808.0,2025,-636245.0,1279430.0,,-1726494.0,,2025,ok,,2026-09-02T10:33:26
VTM,VTM.AX,Victory Metals Limited,ASX,EQUITY,AUD,AUD,Basic Materials,Other Industrial Metals & Mining,other-industrial-metals-mining,"Victory Metals Limited engages in the exploration and development of mineral properties in Australia. The company explores for rare earth elements and gold deposits. Its flagship project is the North Stanmore heavy rare earth elements, scandium, hafnium, and gallium project located on the north of Cue Region, Western Australia. The company was formerly known as Victory Goldfields Limited and changed its name to Victory Metals Limited in November 2022. Victory Metals Limited is based in Subiaco, Australia.",,https://www.victorymetalsaustralia.com,Australia,Subiaco,WA,1.445,190510768,131841358,87971794,137289,102648,1.514,14279,-4142655,1.0,-3.10694,0.0,13563450,157958,0.30808002,0.00445,,,,,-1699562.0,-2845239.0,-1909804.0,2024,,7946831.0,8294903.0,11024823.0,2888746.0,387856.0,10485700.0,2024,-3208956.0,3395228.0,,-3488388.0,,2024,ok,,2026-09-02T10:33:29
VTX,VTX.AX,Vertex Minerals Limited,ASX,EQUITY,AUD,AUD,Basic Materials,Gold,gold,"Vertex Minerals Limited engages in exploration, development, and advancement of mineral projects in Australia. It explores for gold, lithium, and nickel. The company's flagship project is the Hill End Gold Project comprises of five exploration licences, one gold lease, and ten mining leases covering an area of 155 square kilometers located in the Central Tablelands of New South Wales. Vertex Minerals Limited was incorporated in 2021 and is based in Hill End, Australia.",,https://www.vertexminerals.com.au,Australia,Hill End,NSW,0.13,38374500,295188496,225878762,456754,380321,0.455,1447694,-7417804,-1.4733299,-4.06035,0.0,1497999,9126684,0.21707001,0.0,,,,,-1048004.0,-1123092.0,-1075495.0,2024,2699360.0,10787920.0,11149893.0,13202900.0,2107783.0,381704.0,12084623.0,2024,-3089374.0,5402383.0,,-4260479.0,,2024,ok,,2026-09-02T10:33:32
VUL,VUL.AX,Vulcan Energy Resources Limited,ASX,EQUITY,AUD,EUR,Basic Materials,Other Industrial Metals & Mining,other-industrial-metals-mining,"Vulcan Energy Resources Limited engages in the geothermal energy, and lithium exploration and production activities in Europe, Germany, and Australia. The company is involved in exploration and development of battery materials and geothermal lithium; and provision of engineering services. It holds interests in the Phase One Lionheart Project. The company was formerly known as Koppar Resources Limited and changed its name to Vulcan Energy Resources Limited in September 2019. Vulcan Energy Resources Limited was incorporated in 2018 and is based in Perth, Australia.",,https://www.v-er.eu,Australia,Perth,WA,2.57,1230158080,478660737,349457240,2207978,1859125,1.591,7350000,-43412000,0.59796,-9.54773,0.0,517839008,40831000,0.23195,0.36216998,3,7350000.0,2955000.0,4395000.0,-52885000.0,-91648000.0,-69575000.0,2025,42434000.0,367606000.0,394710000.0,957011000.0001,517839000.0,30612000.0,856946000.0,2025,-50228000.0,586187000.0,,-97962000.0,,2025,ok,,2026-09-02T10:33:34
VYS,VYS.AX,Vysarn Limited,ASX,EQUITY,AUD,AUD,Industrials,Engineering & Construction,engineering-construction,"Vysarn Limited engages in hydrogeological drilling in Australia. The company operates through Industrial, Technology, Advisory, and Other segments. It offers specialized water management consulting services in hydrogeology, hydrology, and environmental planning; groundwater management services; and managed aquifer recharge and hydraulic engineering solutions. The company is also involved in hydrogeological drilling and dewatering business; investment in water, infrastructure asset, and associated opportunities; and water infrastructure engineering consultancy. In addition, it designs, constructs, and operates custom wastewater treatment plants. Vysarn Limited was incorporated in 2007 and is based in West Perth, Australia.",,https://www.vysarn.com.au,Australia,West Perth,WA,1.027,605577472,589656791,354158105,884786,979680,1.487,140061840,23505096,0.32776,0.11964,0.107889995,12126852,7307256,0.34662,0.07299,2,75885416.0,48933093.0,26952323.0,16289105.0,10943561.0,7960510.0,2024,2218204.0,34132390.0,53916826.0,65722895.0,3731180.0,3422042.0,41057576.0,2023,-7274703.0,540000.0,,2938678.0,,2024,ok,,2026-09-02T10:33:37
WA1,WA1.AX,WA1 Resources Ltd,ASX,EQUITY,AUD,AUD,Basic Materials,Copper,copper,"WA1 Resources Ltd engages in the exploration and development of mineral resources in Western Australia and Northern territory. It explores for iron oxide, copper, gold, nickel, and luni-niobium deposits. The company's flagship project is the Linu Niobium project located approximately 490 kilometers south of Halls Creek in Western Australia. WA1 Resources Ltd was incorporated in 2021 and is based in Subiaco, Australia.",,https://www.wa1.com.au,Australia,Subiaco,WA,10.94,813327424,74344379,36915095,185756,184431,3.109,,-8134695,0.0,0.0,0.0,138532976,1190000,0.36242,0.27251,3,261117.0,,261117.0,-4679052.0,-8296800.0,-4801980.0,2023,,55939694.0,55939694.0,130263122.0,72796590.0,17283.0,125943398.0,2025,-29249544.0,60855004.0,,-31304313.0,,2025,ok,,2026-09-02T10:33:40
WAF,WAF.AX,West African Resources Limited,ASX,EQUITY,AUD,AUD,Basic Materials,Gold,gold,"West African Resources Limited engages in the mining, mineral processing, acquisition, exploration, and project development of gold projects in West Africa. The company has 85% interests in the Sanbrado Gold and Kiaka Gold projects located in Burkina Faso. It also holds interests in the Toega Gold Project located in Burkina Faso. The company was incorporated in 2006 and is based in Subiaco, Australia.",,https://www.westafricanresources.com,Australia,Subiaco,WA,3.685,4214729472,1143753008,921779416,4445511,5349136,1.097,1543000064,915299968,0.57032,0.53914,0.30712998,584099968,453100000,0.17075,0.65846,4,1533800000.0,561000000.0,972800000.0,940000000.0,810300000.0,473900000.0,2025,47900000.0,1724100000.0,2139300000.0,2715600000.0,592000000.0,453100000.0,1720000000.0,2025,-431300000.0,150232000.0,,358400000.0,,2025,ok,,2026-09-02T10:33:42
WAK,WAK.AX,WA Kaolin Limited,ASX,EQUITY,AUD,AUD,Basic Materials,Other Industrial Metals & Mining,other-industrial-metals-mining,"WA Kaolin Limited explores and develops a mineral resource of kaolinized granite in Australia. The company holds interest in the Wickepin Kaolin project that comprises four retention licenses and a single mining lease covering an area of approximately 10,000 hectares located in Wickepin, Western Australia. WA Kaolin Limited was incorporated in 1998 and is based in East Rockingham, Australia.",,https://www.wakaolin.com.au,Australia,East Rockingham,WA,0.006,8378141,1396356838,106417624,393718,0,-0.044,8795572,-7421128,-0.02437,-0.82203,-1.06477,774215,27591752,0.87259,0.00184,,2575821.0,3874828.0,-1299007.0,-11195906.0,-12926877.0,-13580685.0,2024,,30136013.0,40628021.0,36628639.0,751880.0,25448515.0,5970497.0,2024,-2867818.0,9746620.0,,-13564352.0,,2024,ok,,2026-09-02T10:33:45
WAU,WAU.AX,WA Gold Limited,ASX,EQUITY,AUD,AUD,Basic Materials,Other Industrial Metals & Mining,other-industrial-metals-mining,"WA Gold Limited, a mineral exploration company, engages in the exploration and development of mineral resource projects in Australia. The company primarily explores for gold and lithium deposits. Its flagship project is the Abercromby gold project located in the Agnew-Wiluna Greenstone Belt, Western Australia. The company was formerly known as BMG Resources Limited and changed its name to WA Gold Limited in April 2026. The company is based in West Perth, Australia.",,https://www.wagold.com.au,Australia,West Perth,WA,0.015,18946554,1263103607,746664459,4711109,4119944,0.896,7131,,1.0,-44.423874,0.0,2372018,0,0.27681,0.0,,,,,-7199703.0,-7201350.0,-7187648.0,2024,,14576088.0,14576088.0,15067289.0,474698.0,,14895595.0,2024,-789132.0,500000.0,,-2076160.0,,2024,ok,,2026-09-02T10:33:47
WC1,WC1.AX,West Cobar Metals Limited,ASX,EQUITY,AUD,AUD,Basic Materials,Gold,gold,"West Cobar Metals Limited, together with its subsidiaries, engages in the exploration, evaluation, and development of mineral resources in Australia. It explores for critical minerals, gold, copper, rare earth element, titanium dioxide, scandium, alumina, antimony, and silver deposits. West Cobar Metals Limited was incorporated in 2021 and is based in Subiaco, Australia.",,https://www.westcobarmetals.com.au,Australia,Subiaco,WA,0.018,7486611,415922838,275517991,1031376,1541516,0.238,162587,-1633282,1.0,-6.83636,0.0,1651182,0,0.23793,0.0,,51465.0,,51465.0,-3116577.0,-3149553.0,-3149553.0,2024,,11503916.0,11562958.0,12022075.0,255918.0,,11130781.0,2024,-3073588.0,978666.0,,-3695900.0,,2024,ok,,2026-09-02T10:33:50
WC8,WC8.AX,Wildcat Resources Limited,ASX,EQUITY,AUD,AUD,Basic Materials,Gold,gold,"Wildcat Resources Limited operates as a mineral exploration company in Australia. The company explores for gold, lithium, copper, and tantalum deposits. It holds an interest in its flagship project, the Tabba Tabba Lithium and tantalum development project located in Western Australia. Wildcat Resources Limited was formerly known as Fraser Range Metals Group Limited and changed its name to Wildcat Resources Limited in July 2020. The company was incorporated in 2001 and is based in West Perth, Australia.",,https://www.wildcatresources.com.au,Australia,West Perth,WA,0.382,538689664,1410182421,895049549,5039694,8839642,-0.716,1611433,-8235428,1.0,-40.006622,0.0,48495084,403973,0.31217,0.054419998,5,,,,-12519560.0,-12695815.0,-8203822.0,2025,,199998395.0,200530712.0,257546169.0,55089039.0,458998.0,253094029.0,2025,-19391082.0,986000.0,,-22145488.0,,2025,ok,,2026-09-02T10:33:52
WCE,WCE.AX,West Coast Silver Limited,ASX,EQUITY,AUD,AUD,Basic Materials,Other Precious Metals & Mining,other-precious-metals-mining,"West Coast Silver Limited engages in mineral exploration and project development in Australia. The company explores for graphite, lithium, nickel, copper, gold, silver, and rare earth elements. It holds a 70% interest in the Elizabeth Hill Silver Project located in Western Australia. The company was incorporated in 2012 and is based in West Perth, Australia.",,https://www.errawarra.com,Australia,West Perth,WA,0.1,37342636,373426356,211967647,944408,1004924,0.926,,-11361613,0.0,0.0,0.0,3475044,0,0.2751,0.01643,,,,,-2765011.0,-2777346.0,-2813405.0,2024,,157258.0,208561.0,2339248.0,1545240.0,70015.0,2109543.0,2024,-102792.0,4250353.0,,-3123609.0,,2024,ok,,2026-09-02T10:33:55
WCN,WCN.AX,White Cliff Minerals Limited,ASX,EQUITY,AUD,AUD,Basic Materials,Gold,gold,"White Cliff Minerals Limited engages in the exploration of mineral properties in Australia and Canada. It explores for lithium, rare earth elements, gold, copper, silver, nickel, uranium, iron oxide, lead, and cobalt deposits. The company was formerly known as White Cliff Nickel Limited and changed its name to White Cliff Minerals Limited in November 2011. White Cliff Minerals Limited was incorporated in 2007 and is based in Perth, Australia.",,https://www.wcminerals.com.au,Australia,Perth,WA,0.017,56183084,3304886923,1732292928,12676911,5897713,0.061,,-23110622,0.0,0.0,0.0,5859155,0,0.28377,0.0,1,,,,-9182931.0,-9191283.0,-13506178.0,2024,,1007606.0,1007606.0,5567245.0,2958993.0,,5256847.0,2024,-66841.0,5429051.0,,-4816118.0,,2024,ok,,2026-09-02T10:33:58
WGN,WGN.AX,Wagners Holding Company Limited,ASX,EQUITY,AUD,AUD,Basic Materials,Building Materials,building-materials,"Wagners Holding Company Limited engages in the production and sale of construction materials and related building materials in Australia, the United States, New Zealand, the United Kingdom, and Malaysia. It operates through three segments: Construction Materials (CM), Project Services (Projects), and Composite Fibre Technology (CFT). The CF segment provides cement, flyash, ready-mix concrete, precast concrete products, aggregates, and reinforcing steel, as well as mobile concrete, crushing, and haulage services through medium to long-term contracts. This segment serves customers in the construction, infrastructure, and resources industries. The Projects segment supplies a range of project services. The CFT segment offers new generation building materials and CFT, as well as ancillary services. Wagners Holding Company Limited was founded in 1989 and is headquartered in Wellcamp, Australia.",,https://www.wagner.com.au,Australia,Wellcamp,QLD,4.11,820864960,199723828,133008980,544465,689717,0.637,503919008,78329000,0.3643,0.10993,0.08048,20612000,148311008,0.39924,0.12932,1,503919000.0,265035000.0,238884000.0,83917000.0,61364000.0,40557000.0,2026,38817000.0,313654000.0,522631000.0,457409000.0,20612000.0,148311000.0,217603000.0,2026,-51166000.0,28683000.0,,11915000.0,,2026,ok,,2026-09-02T10:34:00
WGR,WGR.AX,Western Gold Resources Limited,ASX,EQUITY,AUD,AUD,Basic Materials,Gold,gold,"Western Gold Resources Limited engages in the exploration and evaluation of mineral resources in Australia and Sweden. The company explores for gold, lithium, caesium, tantalum, and graphite deposits. It holds 100% interest in Gold Duke Gold Project covering an area of 85.8 square kilometers located in Wiluna, Western Australia. The company was incorporated in 2009 and is based in West Perth, Australia.",,https://westerngoldresources.com.au,Australia,West Perth,WA,0.078,23110194,296284558,201621958,539289,882226,1.486,34160,-6364993,1.0,-2255.4524,0.0,5431354,3000000,0.44210997,0.0,,,,,-3101395.0,-3119751.0,-3107436.0,2024,,1204518.0,1211442.0,2068695.0,751317.0,1000000.0,1327889.0,2024,-24193.0,2037500.0,,-2240627.0,,2024,ok,,2026-09-02T10:34:02
WGX,WGX.AX,Westgold Resources Limited,ASX,EQUITY,AUD,AUD,Basic Materials,Gold,gold,"Westgold Resources Limited engages in the exploration, development, and operation of gold mines in Western Australia. The company operates Murchison and Southern Goldfields that covers 2,500 square kilometers in Western Australia. Westgold Resources Limited was incorporated in 1987 and is based in Perth, Australia.",1744,https://www.westgold.com.au,Australia,Perth,WA,6.005,5669271552,944091836,934273815,3349033,3616893,1.21,2440892928,1061619008,0.36227,0.29023,0.18168,739782016,138984000,0.0074699996,0.65014,6,716472565.0,516571714.0,199900851.0,185501465.0,129444456.0,95231530.0,2024,89668177.0,719874719.0,1827753516.0,1052499899.0,236039162.0,54609452.0,691801106.0,2024,-273083139.0,100800000.0,,78654909.0,,2024,ok,,2026-09-02T10:34:05
WIA,WIA.AX,WIA Gold Limited,ASX,EQUITY,AUD,AUD,Basic Materials,Gold,gold,"WIA Gold Limited, together with its subsidiaries, engages in the exploration and evaluation of mineral properties in Namibia and Côte d'Ivoire. The company explores for gold and base metal deposits. The company was formerly known as Tanga Resources Limited and changed its name to WIA Gold Limited in November 2021. WIA Gold Limited was incorporated in 2010 and is headquartered in Subiaco, Australia.",,https://wiagold.com.au,Australia,Subiaco,WA,0.46,782862208,1701874264,779671231,1946331,3491089,-0.03,,-5087594,0.0,0.0,0.0,45839748,0,0.47139,0.21249,3,,,,-3649129.0,-3687389.0,-3615624.0,2024,,27426504.0,27628923.0,43766296.0,15051079.0,,41426791.0,2024,-10598762.0,27048128.0,,-11920121.0,,2024,ok,,2026-09-02T10:34:07
WIN,WIN.AX,WIN Metals Ltd,ASX,EQUITY,AUD,AUD,Basic Materials,Other Industrial Metals & Mining,other-industrial-metals-mining,"WIN Metals Ltd operates as a mineral exploration and development company in Australia. The company explores for gold, lithium, and nickel deposits. Its properties include the 100% owned Mt Edwards nickel and lithium project that covers an area of 240 square kilometers located in Western Australia; the Faraday-Trainline lithium project located in Widgiemooltha, Western Australia; and Butchers Creek Gold Project located in Western Australia. The company was formerly known as Widgie Nickel Limited and changed its name to WIN Metals Ltd in July 2024. WIN Metals Ltd was incorporated in 2021 and is based in Perth, Australia.",,https://winmetals.com.au,Australia,Perth,WA,0.017,14604281,859075350,745429738,1106767,1682703,1.631,1217,-3851142,0.0,-98.31766,0.0,5934378,87067,0.25833,0.0,,,,,-1953927.0,-2444117.0,-2300384.0,2024,,40239267.0,41170630.0,42777212.0,1691180.0,113070.0,41536383.0,2024,-372897.0,848926.0,,-10996973.0,,2024,ok,,2026-09-02T10:34:10
WMG,WMG.AX,Western Mines Group Ltd,ASX,EQUITY,AUD,AUD,Basic Materials,Gold,gold,"Western Mines Group Ltd, a mineral exploration company, engages in the exploration and development of mineral properties in Australia. The company explores for nickel sulphide, copper, lithium, platinum group elements, and gold deposits. Its flagship project is the Mulga Tank Ni-Cu-PGE project comprising exploration license E39/2132, E39/2134, and E39/2223, and exploration license application E39/2299 covering an area approximately 425 square kilometers located in the east-northeast of Kalgoorlie, Western Australia. The company was incorporated in 2020 and is based in Subiaco, Australia.",,https://www.westernmines.com.au,Australia,Subiaco,WA,0.16,20859442,130371522,86471491,77225,155482,1.069,10369,-2943719,1.0,-295.90628,0.0,3138268,68864,0.25889,0.106079996,,,,,-1386895.0,-1436260.0,-1376054.0,2024,,9272336.0,9332134.0,11738016.0,2126090.0,,9652570.0,2024,-4481038.0,4131955.0,,-5452038.0,,2024,ok,,2026-09-02T10:34:13
WRX,WRX.AX,Western Ridge Resources Limited,ASX,EQUITY,AUD,AUD,Basic Materials,Other Precious Metals & Mining,other-precious-metals-mining,"Western Ridge Resources Limited, together with its subsidiaries, engages in the acquisition, exploration, and development of battery and critical mineral projects in Brazil, Canada, and Australia. The company explores for niobium, tantalum, rare earth elements, uranium, and lithium pegmatite deposits. Its flagship projects are the Equador Niobium Project and the Juazerinho Niobium Project, located in the Borborema Pegmatitic Province of northeastern Brazil. The company was formerly known as Summit Minerals Limited and changed its name to Western Ridge Resources Limited in February 2026. Western Ridge Resources Limited was incorporated in 2021 and is based in Peppermint Grove, Australia.",,https://www.westernridgeresources.com,Australia,Peppermint Grove,WA,0.028,5373314,191904072,93799390,356905,582432,-0.669,67964,-6164407,1.0,-241.28139,0.0,2109481,0,0.25421,0.0,,,,,-5155933.0,-5155933.0,-4823555.0,2024,,8397257.0,8397257.0,13347298.0,2230842.0,,13141370.0,2024,-2934530.0,3279500.0,,-3820717.0,,2024,ok,,2026-09-02T10:34:15
WSI,WSI.AX,WestStar Industrial Limited,ASX,EQUITY,AUD,AUD,Industrials,Engineering & Construction,engineering-construction,"WestStar Industrial Limited, an industrial services company, provides engineering, fabrication, construction, and maintenance services to resources, energy, oil and gas, petrochemical, water, defence, and infrastructure sectors in Australia. It operates through SIMPEC, Alltype, and Watmar segments. The company's services include structural and mechanical piping, and electrical and instrumentation; fluid system equipment services, maintenance, and technical solutions; pipe plate and structural steel fabrication; non-process infrastructure; rotating equipment installation; asset management; maintenance shutdowns and turnarounds; OEM equipment, technical support, parts, and services; design and construct/EPC projects; and multidiscipline turnkey projects. It also provides multidiscipline construction contracting, fabrication, and project and construction services. The company was formerly known as Precast Australia Pty Ltd. WestStar Industrial Limited was incorporated in 2006 and is based in Naval Base, Australia.",,https://www.weststarindustrial.com.au,Australia,Naval Base,WA,0.09,12488871,138765239,49476755,150886,748806,0.896,129297136,-3805051,0.13156,-0.03313,-0.011829999,10440210,7636534,0.54624003,0.0,,205599451.0,180970191.0,24629260.0,7719260.0,2717728.0,3293761.0,2024,,8128261.0,17264590.0,73266350.0,13678160.0,3647906.0,29984147.0,2024,-838490.0,4150000.0,,-327959.0,,2024,ok,,2026-09-02T10:34:18
WSR,WSR.AX,Westar Resources Limited,ASX,EQUITY,AUD,AUD,Basic Materials,Gold,gold,"Westar Resources Limited, together with its subsidiaries, explores and develops mineral tenements in Western Australia. The company explores for gold, silver, copper, zinc, and other base metal deposits. Westar Resources Limited was incorporated in 2019 and is based in West Perth, Australia.",,https://westar.net.au,Australia,West Perth,WA,0.006,3219201,536533534,338248574,406598,566799,-0.467,,-3514912,0.0,0.0,0.0,1104434,0,0.36589,0.00495,,,,,-1355079.0,-1406938.0,-1301928.0,2025,,2353299.0,2411040.0,3643680.0,1203427.0,,3538537.0,2025,-475563.0,1229207.0,,-1722369.0,,2025,ok,,2026-09-02T10:34:21
WTM,WTM.AX,Waratah Minerals Limited,ASX,EQUITY,AUD,AUD,Basic Materials,Other Industrial Metals & Mining,other-industrial-metals-mining,"Waratah Minerals Limited operates as a diversified minerals exploration company. It explores for copper, gold, and nickel deposits. The company holds a 100% interest in the Spur Project, consisting of EL5238 located in Central Western New South Wales; Stavely-Stawell Project comprising a single exploration license, EL6871 located in Western Victoria, Australia; and the Azura Project that consists of three granted exploration licenses, E80/4944, E80/5116, and E80/5347, and one application license, E80/5348, covering an area of approximately 258 square kilometers located in Western Australia. It is also involved in investing activities in Australia. The company was formerly known as Battery Minerals Limited and changed its name to Waratah Minerals Limited in December 2023. Waratah Minerals Limited was incorporated in 2011 and is based in Orange, Australia.",,https://waratahminerals.com,Australia,Orange,NSW,0.57,221303824,388252326,308588811,929281,1111221,2.264,,-39743924,0.0,0.0,0.0,57862208,311593,0.27853,0.13439,1,7449.0,,7449.0,-17358885.0,-17463821.0,-17085863.0,2023,,6449902.0,6690262.0,35925515.0,28631917.0,39230.0,34072362.0,2025,-468048.0,39353979.0,,-12583504.0,,2025,ok,,2026-09-02T10:34:23
WWI,WWI.AX,West Wits Mining Limited,ASX,EQUITY,AUD,AUD,Basic Materials,Gold,gold,"West Wits Mining Limited, together with its subsidiaries, engages in the exploration, evaluation, extraction, development, and production of mineral properties in South Africa and Australia. The company explores for gold, uranium, base metals, and precious metals deposits. Its flagship project is the Qala Shallows gold project located in Central Rand, Gauteng Province in South Africa. West Wits Mining Limited was incorporated in 2007 and is based in Melbourne, Australia.",,https://westwitsmining.com,Australia,Melbourne,VIC,0.415,180478512,434888012,297856060,921926,1175379,1.379,122000,-4308000,1.0,-29.94175,0.0,22563000,17695000,0.23743,0.00029,,,,,-1680000.0,-1830000.0,-1683000.0,2024,,26728000.0,26976000.0,28229000.0,1410000.0,68000.0,32528000.0,2024,-1398000.0,2900000.0,,-2924000.0,,2024,ok,,2026-09-02T10:34:26
WYX,WYX.AX,Western Yilgarn NL,ASX,EQUITY,AUD,AUD,Basic Materials,Other Industrial Metals & Mining,other-industrial-metals-mining,"Western Yilgarn NL engages in mineral exploration business in Western Australia. The company explores for nickel, copper, cobalt, PGE, gold, and lithium deposits. Its flagship project is the Julimar West Bauxite Project covers 349 square kilometers within the Darling Ranges approximately 75km northeast of Perth. The company was formerly known as Pacific Bauxite Limited and changed its name to Western Yilgarn NL in July 2022. Western Yilgarn NL was incorporated in 2005 and is headquartered in West Perth, Australia.",,https://westernyilgarn.com.au,Australia,West Perth,WA,0.035,6020084,172002414,114262551,80808,57391,1.059,49225,-1345135,1.0,-19.52153,0.0,606749,0,0.46714002,0.0,,,,,-1286210.0,-1426283.0,-1375189.0,2024,,3021688.0,3059938.0,4301195.0,994794.0,152286.0,3946982.0,2024,-55600.0,1150800.0,,-2131515.0,,2024,ok,,2026-09-02T10:34:29
XPD,XPD.AX,Xpedra Resources Limited,ASX,EQUITY,AUD,AUD,Basic Materials,Other Precious Metals & Mining,other-precious-metals-mining,"Xpedra Resources Limited, together with its subsidiaries, engages in the acquisition and exploration of mineral resource properties in Peru and Canada. The company explores for uranium, lithium, copper, antimony-gold, silver, precious mineral, and rare earth element deposits. The company was formerly known as Thunderbird Resources Limited and changed its name to Xpedra Resources Limited in December 2025. Xpedra Resources Limited was incorporated in 1996 and is based in Subiaco, Australia.",,https://xpedraresources.com,Australia,Subiaco,WA,0.023,17168864,746472361,440613480,2520905,3943810,1.416,312362,-1391852,1.0,-52.27092,0.0,1573928,0,0.25344,0.0,,,,,-490977.0,-2110996.0,-499850.0,2024,,13040420.0,13040420.0,17225856.0,728443.0,,14746486.0,2024,-840695.0,1000000.0,,-2283271.0,,2024,ok,,2026-09-02T10:34:31
XRA,XRA.AX,Xenora Minerals Limited,ASX,EQUITY,AUD,AUD,Basic Materials,Other Industrial Metals & Mining,other-industrial-metals-mining,"Xenora Minerals Limited engages in exploration and evaluation of mineral resources in Australia and Canada. It explores for gold, uranium, lithium, copper, zinc, lead, nickel, base, and precious metals deposits. The company was formerly known as Trinex Minerals Limited and changed its name to Xenora Minerals Limited in September 2025. Xenora Minerals Limited was incorporated in 2014 and is based in Subiaco, Australia.",,https://www.xenoraminerals.com.au,Australia,Subiaco,WA,0.245,14920590,60900366,30503225,55585,31183,0.811,171600,2582002,1.0,-10.54151,0.0,2684484,75293,0.45740002,0.02093,,,,,-4808808.0,-5019690.0,-4927010.0,2024,,13376303.0,13532907.0,16788279.0,2803274.0,154113.0,15233181.0,2024,-1749091.0,6050000.0,,-5323038.0,,2024,ok,,2026-09-02T10:34:34
YAR,YAR.AX,Yari Resources Ltd,ASX,EQUITY,AUD,AUD,Energy,Thermal Coal,thermal-coal,"Yari Resources Ltd engages in the exploration and development of minerals. It primarily explores lithium, zinc-lead-silver, and copper-lead-silver base metals. The company holds 100% interest in the South Wodgina and Marble Bar Lithium Projects in the Pilbara. It also holds interest in the Plomosas Mine in Mexico. The company was formerly known as Yari Minerals Limited and changed its name to Yari Resources Limited in May 2026. Yari Minerals Limited was incorporated in 2006 and is based in Subiaco, Australia.",,https://yariresources.com.au,Australia,Subiaco,WA,0.004,3357855,839463804,579333916,979310,2265507,0.434,690865,-1536888,0.82109,-1.332,-0.78775,262868,3833139,0.43512002,0.0,,10574780.53804,11455927.52648,-881146.98844,-3770278.0,-3777272.0,-3797736.0,2021,,43980.0,50974.0,1571179.0,1274808.0,126376.0,1001185.0,2025,-5415.0,1509000.0,,-2358843.0,,2025,ok,,2026-09-02T10:34:37
YRL,YRL.AX,Yandal Resources Limited,ASX,EQUITY,AUD,AUD,Basic Materials,Gold,gold,"Yandal Resources Limited engages in the discovery, exploration, and development of gold properties in Western Australia. The company holds 100% interests in the Ironstone Well and Barwidgee gold projects covering 401 square kilometers; Mt McClure gold and the Arrakis project in Western Australia. The company was formerly known as Orex Mining Pty Ltd and changed its name to Yandal Resources Limited in March 2018. Yandal Resources Limited was incorporated in 2004 and is based in West Perth, Australia.",1,https://www.yandalresources.com.au,Australia,West Perth,WA,0.175,66961976,382639886,121374547,175806,179979,-0.293,3917716,-6973215,1.0,-0.55522996,-1.8022599,17362836,164306,0.53691,0.19217,1,,,,-5323975.0,-5404034.0,-5247117.0,2024,,194186.0,423930.0,6296315.0,5828509.0,19724.0,5105954.0,2024,-23955.0,6646517.0,,-4517549.0,,2024,ok,,2026-09-02T10:34:39
YUG,YUG.AX,Yugo Metals Limited,ASX,EQUITY,AUD,AUD,Basic Materials,Other Industrial Metals & Mining,other-industrial-metals-mining,"Yugo Metals Limited explores and develops mineral properties in Bosnia and Herzegovina. The company explores for nickel, cobalt, gold, silver, antimony, copper, zinc, lead, iron, barite, base metal, and precious metal deposits. It owns 100% interests in the Sinjakovo project, which consists of the Sinjakovo and Jezero tenements covering an area of approximately 80.8 square kilometers; the Sockovac project covering an area of approximately 29 square kilometers; and the Cajnice project covering an area of approximately 49.5 square kilometers. The company was formerly known as Lykos Metals Limited and changed its name to Yugo Metals Limited in June 2025. Yugo Metals Limited was incorporated in 2021 and is headquartered in Perth, Australia.",,https://www.yugometals.com,Australia,Perth,WA,0.054,22307432,413100586,197175657,391516,159973,0.171,372841,-1947927,1.0,-3.46514,0.0,3228153,58019,0.47759998,0.0,,,,,-2219664.0,-2351162.0,-2324099.0,2024,,416857.0,588637.0,2626719.0,1995066.0,102483.0,2422628.0,2024,-5500.0,2200667.0,,-1969749.0,,2024,ok,,2026-09-02T10:34:42
ZAG,ZAG.AX,Zuleika Gold Limited,ASX,EQUITY,AUD,AUD,Basic Materials,Gold,gold,"Zuleika Gold Limited engages in the exploration, acquisition, development, and evaluation of gold properties in Australia. Its flagship project is the 100% owned Zuleika gold project that covers an area of approximately 230 square kilometers located on the Zuleika Shear in the Kalgoorlie-Menzies goldfields. The company was formerly known as Dampier Gold Limited and changed its name to Zuleika Gold Limited in February 2021. Zuleika Gold Limited was incorporated in 2010 and is based in West Perth, Australia.",,https://zuleikagold.com.au,Australia,West Perth,WA,0.037,38476848,1039914822,157931071,324962,389779,0.564,71217,45692592,1.0,1037.8495,544.6428,14633479,0,0.73943,0.0,,,,,-867825.0,-875183.0,198182.0,2024,,8627746.0,8627746.0,11409544.0,2691321.0,14748.0,11217163.0,2024,-1140392.0,3000000.0,,-1129606.0,,2024,ok,,2026-09-02T10:34:44
ZEO,ZEO.AX,Zeotech Limited,ASX,EQUITY,AUD,AUD,Basic Materials,Other Industrial Metals & Mining,other-industrial-metals-mining,"Zeotech Limited engages in the exploration and evaluation of mineral properties in Australia. It primarily explores for kaolin deposits. The company also holds interests in the Abercorn project that comprises 50 sub-blocks situated in central Queensland; and the Toondoon project covering an area of approximately 20kilometers from the south of Munduberra, Queensland. In addition, it holds proprietary mineral processing technology for production of synthetic zeolites processes and safeguarding intellectual property through a combination of patent protection and trade-secret protocols. The company was formerly known as Metalsearch Limited and changed its name to Zeotech Limited in December 2020. Zeotech Limited was incorporated in 2009 and is based in Brisbane, Australia.",,https://zeotech.com.au,Australia,Brisbane,QLD,0.081,166642976,2057320690,1169957130,1126872,947236,0.226,1239528,-6445116,1.0,-2.6574302,0.0,12317663,208620,0.47794998,0.0,,,,,-5284105.0,-6220498.0,-5528679.0,2024,,8280463.0,8654207.0,12836596.0,2267531.0,816770.0,11538282.0,2024,-104941.0,267771.0,,-2662799.0,,2024,ok,,2026-09-02T10:34:47
ZIM,ZIM.AX,Zimplats Holdings Limited,ASX,EQUITY,AUD,USD,Basic Materials,Other Precious Metals & Mining,other-precious-metals-mining,"Zimplats Holdings Limited engages in the production and sales of platinum group and associated metals in Zimbabwe. It produces platinum, palladium, rhodium, iridium, and ruthenium, as well as nickel, gold, copper, cobalt, and silver deposits. The company was formerly known as Zimbabwe Platinum Mines Limited. The company was incorporated in 1998 and is based in Saint Peter Port, Guernsey. Zimplats Holdings Limited is a subsidiary of Impala Platinum BV.",,https://www.zimplats.com,Guernsey,Saint Peter Port,,16.48,1773868416,107637649,13242684,17744,20700,,1298828032,559523008,0.33718,0.32156,0.21302,58337000,35387000,0.87768996,0.03469,,826589000.0,292803000.0,533786000.0,198160000.0,88853000.0,40498000.0,2025,334362000.0,1967703000.0,2891849000.0,2625868000.0,99271000.0,100220000.0,1828948000.0,2025,-144591000.0,,,-17417000.0,,2025,ok,,2026-09-02T10:34:49
ZMI,ZMI.AX,Zinc of Ireland Limited,ASX,EQUITY,AUD,AUD,Basic Materials,Other Industrial Metals & Mining,other-industrial-metals-mining,"Zinc of Ireland Limited operates as a mineral exploration and development company in the Republic of Ireland, Canada, and Western Australia. It primarily explores for zinc, lead, copper, and gold deposits. The company's flagship project is the Kildare project comprising contiguous prospecting licenses covering an area of approximately 240 square kilometers located southwest of Dublin. Zinc of Ireland Limited was incorporated in 2007 and is headquartered in Subiaco, Australia.",,https://www.zincofireland.com.au,Australia,Subiaco,WA,0.021,26985224,1285010693,954645632,1928948,919072,,35016,,1.0,-23.14828,0.0,318685,0,0.27933002,0.0,,,,,-1671658.0,-1672443.0,-1670735.0,2024,,8508458.0,8508458.0,8919187.0,331913.0,,8573678.0,2024,-881110.0,400000.0,,-1268534.0,,2024,ok,,2026-09-02T10:34:52
ZNC,ZNC.AX,Zenith Minerals Limited,ASX,EQUITY,AUD,AUD,Basic Materials,Other Industrial Metals & Mining,other-industrial-metals-mining,"Zenith Minerals Limited, together with its subsidiaries, engages in the exploration of mineral properties in Australia. It explores for gold, lithium, base metal, caesium, manganese, tantalum, zinc, lead, and silver deposits. The company was formerly known as Zinc Co Australia Limited and changed its name to Zenith Minerals Limited in November 2010. Zenith Minerals Limited was incorporated in 2006 and is based in West Perth, Australia.",,https://www.zenithminerals.com.au,Australia,West Perth,WA,0.082,52507880,640339962,65687300,1441490,173337,1.163,293002,-1524229,1.0,-458.34802,0.0,8449262,170372,0.83362997,0.0,,,,,-3633491.0,-3655783.0,-4473522.0,2024,,9626367.0,9815950.0,14472404.0,1138489.0,,14036974.0,2024,-2517058.0,273680.0,,-3355225.0,,2024,ok,,2026-09-02T10:34:54
ZNO,ZNO.AX,Zoono Group Limited,ASX,EQUITY,AUD,NZD,Consumer Defensive,Household & Personal Products,household-personal-products,"Zoono Group Limited, together with its subsidiaries, engages in the research, development, and sale of a range of antimicrobial products in New Zealand, Australasia, Asia, the United States, India, the United Kingdom, and Europe. It offers hand and surface sanitisers, textile applicator, and mould remediation products. Zoono Group Limited was founded in 2007 and is headquartered in Auckland, New Zealand.",,https://www.zoono.co.nz,New Zealand,Auckland,,0.047,19091952,406211764,177843572,68582,45840,1.211,1723819,-1373737,0.73908997,-0.31792998,-1.07004,268120,363586,0.61983,0.0053100004,,960301.089,709230.3468,251070.7422,-7888101.0341,-3717557.4265,-8317346.0236,2024,,1128222.751,1480675.3912,9005709.7098,1794897.044,726634.941,6244689.3017,2024,-21675.6854,4124282.9688,,-2894595.955,,2022,ok,,2026-09-02T10:34:57
